tipo,vendor,producto,cantidad_cves,v31_score_promedio,v31_score_maximo
Sistema Operativo,microsoft,windows_server_2008,163,7.92,10.0
Sistema Operativo,microsoft,windows_server_2012,158,7.86,10.0
Sistema Operativo,microsoft,windows_7,149,7.9,9.8
Sistema Operativo,microsoft,windows_8.1,148,7.92,9.8
Sistema Operativo,microsoft,windows_rt_8.1,131,7.83,9.8
Sistema Operativo,debian,debian_linux,129,8.24,10.0
Sistema Operativo,microsoft,windows_server_2016,127,7.75,10.0
Sistema Operativo,microsoft,windows_10_1507,123,7.77,9.8
Sistema Operativo,microsoft,windows_10_1607,122,7.74,9.8
Sistema Operativo,microsoft,windows_server_2019,107,7.59,10.0
Sistema Operativo,microsoft,windows_10_1809,103,7.66,9.8
Aplicación,joomla,joomla\!,102,6.97,9.8
Sistema Operativo,fedoraproject,fedora,93,8.05,10.0
Sistema Operativo,microsoft,windows,81,8.38,9.8
Sistema Operativo,linux,linux_kernel,67,7.93,9.8
Sistema Operativo,apple,macos,66,8.36,9.8
Sistema Operativo,apple,mac_os_x,66,7.85,9.8
Sistema Operativo,microsoft,windows_vista,64,7.97,9.8
Sistema Operativo,apple,iphone_os,63,8.04,9.8
Sistema Operativo,redhat,enterprise_linux_server,60,8.65,9.8
Sistema Operativo,microsoft,windows_10_1803,59,7.86,9.8
Sistema Operativo,redhat,enterprise_linux_workstation,58,8.65,9.8
Sistema Operativo,microsoft,windows_10_20h2,58,7.51,9.8
Sistema Operativo,redhat,enterprise_linux_desktop,57,8.63,9.8
Sistema Operativo,microsoft,windows_10_1909,53,7.74,10.0
Sistema Operativo,canonical,ubuntu_linux,52,8.01,10.0
Sistema Operativo,microsoft,windows_10_1709,52,7.83,9.8
Aplicación,google,chrome,51,8.65,9.8
Sistema Operativo,opensuse,opensuse,46,8.69,9.8
Sistema Operativo,apple,ipados,46,8.03,9.8
Sistema Operativo,microsoft,windows_10_21h1,44,7.35,8.8
Sistema Operativo,microsoft,windows_server_2022,41,7.5,8.8
Aplicación,microsoft,internet_explorer,41,8.0,9.8
Sistema Operativo,microsoft,windows_10_1703,40,7.9,9.8
Sistema Operativo,cisco,ios,38,7.29,9.8
Sistema Operativo,redhat,enterprise_linux_eus,37,8.29,9.8
Sistema Operativo,redhat,enterprise_linux_server_aus,37,8.55,9.8
Sistema Operativo,microsoft,windows_11_21h2,37,7.4,8.8
Sistema Operativo,microsoft,windows_server_20h2,36,7.52,9.8
Aplicación,adobe,flash_player,36,8.8,9.8
Sistema Operativo,microsoft,windows_10_1903,35,7.91,10.0
Sistema Operativo,suse,linux_enterprise_desktop,35,8.89,9.8
Sistema Operativo,microsoft,windows_10_1511,34,7.91,9.8
Sistema Operativo,microsoft,windows_10_21h2,34,7.5,8.8
Sistema Operativo,microsoft,windows_10_2004,33,7.54,9.8
Aplicación,microsoft,office,33,8.13,9.8
Sistema Operativo,microsoft,windows_8,32,8.51,9.8
Sistema Operativo,microsoft,windows_server_2003,30,8.44,9.8
Sistema Operativo,microsoft,windows_server_1803,29,7.87,8.8
Sistema Operativo,apple,watchos,29,7.73,8.8
Sistema Operativo,microsoft,windows_server_2004,27,7.46,9.8
Aplicación,wordpress,wordpress,27,6.52,9.8
Sistema Operativo,cisco,ios_xe,26,6.9,10.0
Sistema Operativo,google,android,26,7.54,9.8
Sistema Operativo,microsoft,windows_server_1903,25,7.89,10.0
Sistema Operativo,microsoft,windows_rt,24,8.37,9.8
Aplicación,oracle,weblogic_server,24,9.01,9.8
Sistema Operativo,redhat,enterprise_linux,23,8.46,9.8
Aplicación,microsoft,exchange_server,23,8.16,9.8
Aplicación,adobe,acrobat,22,8.36,9.8
Sistema Operativo,opensuse,leap,22,8.05,9.8
Sistema Operativo,apple,tvos,22,8.11,8.8
Sistema Operativo,redhat,enterprise_linux_server_tus,21,8.4,9.8
Aplicación,adobe,acrobat_reader,20,8.37,9.8
Sistema Operativo,microsoft,windows_xp,20,8.34,9.8
Aplicación,rukovoditel,rukovoditel,19,5.4,5.4
Sistema Operativo,fortinet,fortios,19,8.38,9.8
Sistema Operativo,suse,linux_enterprise_server,19,8.33,9.8
Aplicación,apache,struts,18,9.59,9.8
Sistema Operativo,microsoft,windows_11_22h2,18,7.35,8.8
Sistema Operativo,redhat,enterprise_linux_for_ibm_z_systems,17,8.42,9.8
Sistema Operativo,microsoft,windows_10_22h2,17,7.32,8.8
Aplicación,adobe,coldfusion,16,8.63,9.8
Aplicación,oracle,retail_xstore_point_of_service,15,8.2,9.8
Aplicación,apple,safari,15,8.57,8.8
Aplicación,microweber,microweber,15,6.25,7.5
Sistema Operativo,microsoft,windows_server_1909,15,7.88,10.0
Aplicación,domainmod,domainmod,14,5.4,5.4
Sistema Operativo,redhat,enterprise_linux_for_power_big_endian,14,8.24,9.8
Aplicación,atlassian,jira_server,14,6.33,9.8
Sistema Operativo,redhat,enterprise_linux_for_ibm_z_systems_eus,14,7.44,9.8
Aplicación,microsoft,office_compatibility_pack,14,8.08,8.8
Aplicación,cuppacms,cuppacms,13,7.82,9.8
Aplicación,joomla,joomla,13,,
Sistema Operativo,suse,linux_enterprise_workstation_extension,13,8.51,9.8
Sistema Operativo,google,chrome_os,13,8.72,9.8
Aplicación,vmware,cloud_foundation,13,8.96,9.8
Aplicación,oracle,jre,13,9.26,9.8
Sistema Operativo,redhat,enterprise_linux_for_power_little_endian_eus,13,7.62,9.8
Aplicación,synacor,zimbra_collaboration_suite,13,8.2,9.8
Sistema Operativo,redhat,enterprise_linux_for_power_little_endian,13,8.02,9.8
Aplicación,mozilla,firefox,13,9.27,10.0
Sistema Operativo,qnap,qts,12,9.5,10.0
Aplicación,rconfig,rconfig,12,8.52,9.8
Sistema Operativo,microsoft,windows_10,12,8.27,9.8
Sistema Operativo,suse,linux_enterprise_software_development_kit,12,8.06,9.8
Hardware,cisco,1100_integrated_services_router,11,7.21,9.8
Hardware,cisco,1120_integrated_services_router,11,7.21,9.8
Sistema Operativo,redhat,enterprise_linux_for_power_big_endian_eus,11,7.68,9.8
Hardware,cisco,1100-8p_integrated_services_router,11,7.21,9.8
Sistema Operativo,microsoft,windows_server_1709,11,7.86,8.8
Hardware,cisco,asr_1002-hx,11,7.41,9.8
Hardware,cisco,asr_1002-x,11,7.41,9.8
Hardware,cisco,asr_1001-hx,11,7.41,9.8
Hardware,cisco,asr_1001-x,11,7.41,9.8
Hardware,cisco,1101-4p_integrated_services_router,11,7.21,9.8
Hardware,cisco,1101_integrated_services_router,11,7.21,9.8
Aplicación,apache,tomcat,11,7.4,9.8
Hardware,cisco,1100-4g_integrated_services_router,11,7.21,9.8
Hardware,cisco,1131_integrated_services_router,11,7.21,9.8
Sistema Operativo,oracle,solaris,11,7.71,10.0
Aplicación,mozilla,thunderbird,11,9.26,10.0
Aplicación,nagios,nagios_xi,11,7.54,8.8
Sistema Operativo,redhat,enterprise_linux_server_eus,11,8.69,9.8
Aplicación,gitlab,gitlab,11,8.18,10.0
Hardware,cisco,1160_integrated_services_router,11,7.21,9.8
Hardware,cisco,1921_integrated_services_router,10,7.15,9.8
Hardware,cisco,1100-4p_integrated_services_router,10,7.28,9.8
Hardware,cisco,1100-lte_integrated_services_router,10,7.15,9.8
Hardware,cisco,1100-6g_integrated_services_router,10,7.28,9.8
Aplicación,xstream,xstream,10,7.87,9.8
Hardware,cisco,1801_integrated_service_router,10,7.15,9.8
Hardware,cisco,1100-4gltena_integrated_services_router,10,7.15,9.8
Aplicación,ivanti,connect_secure,10,8.2,10.0
Hardware,cisco,asr_1013,10,7.29,9.8
Hardware,cisco,asr_1004,10,7.29,9.8
Hardware,cisco,asr_1006,10,7.29,9.8
Hardware,cisco,1802_integrated_service_router,10,7.15,9.8
Hardware,cisco,1811_integrated_service_router,10,7.15,9.8
Hardware,cisco,1941_integrated_services_router,10,7.15,9.8
Hardware,cisco,asr_1006-x,10,7.29,9.8
Aplicación,microsoft,edge,10,8.32,9.8
Aplicación,oracle,instantis_enterprisetrack,10,9.07,9.8
Aplicación,oracle,mysql_enterprise_monitor,10,9.18,9.8
Aplicación,oracle,communications_cloud_native_core_policy,10,8.38,9.8
Aplicación,netapp,active_iq_unified_manager,10,8.25,10.0
Aplicación,microsoft,sharepoint_server,10,8.22,9.8
Aplicación,netapp,oncommand_insight,10,8.25,10.0
Sistema Operativo,samsung,android,10,5.34,7.3
Hardware,cisco,1941w_integrated_services_router,10,7.15,9.8
Hardware,cisco,1803_integrated_service_router,10,7.15,9.8
Hardware,cisco,1100-4gltegb_integrated_services_router,10,7.15,9.8
Aplicación,apache,http_server,10,8.52,9.8
Hardware,cisco,1861_integrated_service_router,10,7.15,9.8
Hardware,cisco,1812_integrated_service_router,10,7.15,9.8
Hardware,cisco,1841_integrated_service_router,10,7.15,9.8
Hardware,cisco,asr_1009-x,10,7.29,9.8
Hardware,cisco,1905_integrated_services_router,10,7.15,9.8
Hardware,cisco,1906c_integrated_services_router,10,7.15,9.8
Aplicación,atlassian,jira,10,5.67,7.5
Aplicación,atlassian,confluence_server,10,8.88,9.8
Aplicación,f5,big-ip_global_traffic_manager,9,9.21,9.8
Aplicación,f5,big-ip_link_controller,9,9.21,9.8
Aplicación,f5,big-ip_local_traffic_manager,9,9.21,9.8
Aplicación,f5,big-ip_policy_enforcement_manager,9,9.21,9.8
Aplicación,redhat,openshift_container_platform,9,8.77,10.0
Aplicación,f5,big-ip_analytics,9,9.21,9.8
Aplicación,f5,big-ip_advanced_firewall_manager,9,9.26,9.8
Aplicación,f5,big-ip_application_acceleration_manager,9,9.21,9.8
Aplicación,f5,big-ip_application_security_manager,9,9.21,9.8
Aplicación,f5,big-ip_access_policy_manager,9,9.21,9.8
Aplicación,microsoft,word,9,8.02,8.8
Aplicación,netapp,cloud_backup,9,8.3,9.8
Hardware,cisco,asr_1001-x_r,9,7.14,9.8
Hardware,cisco,asr_1001,9,7.14,9.8
Hardware,cisco,asr_1002-x_r,9,7.14,9.8
Hardware,cisco,asr_1002-hx_r,9,7.14,9.8
Hardware,cisco,8201,9,7.14,9.8
Hardware,cisco,asr_1000,9,7.14,9.8
Sistema Operativo,cisco,adaptive_security_appliance_software,9,5.11,9.1
Hardware,cisco,8202,9,7.14,9.8
Sistema Operativo,cisco,ios_xr,9,7.33,8.8
Hardware,cisco,asr_1023,9,7.14,9.8
Hardware,cisco,1109-2p_integrated_services_router,9,7.14,9.8
Sistema Operativo,redhat,enterprise_linux_server_from_rhui,9,8.15,9.8
Aplicación,oracle,communications_cloud_native_core_binding_support_function,9,8.33,10.0
Aplicación,netsweeper,netsweeper,9,6.83,9.8
Sistema Operativo,redhat,enterprise_linux_for_scientific_computing,9,8.22,9.8
Hardware,cisco,4000_integrated_services_router,9,7.14,9.8
Hardware,cisco,1109_integrated_services_router,9,7.14,9.8
Hardware,cisco,1109-4p_integrated_services_router,9,7.14,9.8
Hardware,cisco,1111x-8p_integrated_services_router,9,7.14,9.8
Hardware,cisco,1000_integrated_services_router,9,7.11,9.8
Sistema Operativo,opensuse,evergreen,9,9.47,9.8
Hardware,cisco,4221_integrated_services_router,9,7.14,9.8
Aplicación,drupal,drupal,9,8.1,9.8
Hardware,cisco,1100-4g\/6g_integrated_services_router,9,6.86,7.5
Hardware,cisco,asr_1001-hx_r,9,7.14,9.8
Sistema Operativo,paloaltonetworks,pan-os,8,8.64,10.0
Hardware,cisco,111x_integrated_services_router,8,7.1,9.8
Aplicación,apache,ofbiz,8,8.09,9.8
Aplicación,trendmicro,apex_one,8,8.38,9.8
Aplicación,vmware,vcenter_server,8,8.15,9.8
Hardware,cisco,1111x_integrated_services_router,8,7.1,9.8
Sistema Operativo,zyxel,vpn50_firmware,8,9.8,9.8
Aplicación,adobe,flash_player_desktop_runtime,8,9.05,9.8
Aplicación,oracle,communications_unified_inventory_management,8,7.71,9.8
Aplicación,oracle,communications_cloud_native_core_automated_test_suite,8,8.95,9.8
Aplicación,oracle,business_activity_monitoring,8,7.13,8.5
Aplicación,oracle,banking_platform,8,7.18,9.8
Aplicación,oracle,communications_policy_management,8,7.82,9.8
Aplicación,oracle,jdk,8,9.72,9.8
Aplicación,oracle,webcenter_portal,8,7.57,9.8
Sistema Operativo,zyxel,vpn300_firmware,8,9.8,9.8
Sistema Operativo,zyxel,vpn100_firmware,8,9.8,9.8
Sistema Operativo,netapp,h410c_firmware,8,7.68,8.4
Hardware,zyxel,atp500,8,9.8,9.8
Hardware,zyxel,vpn100,8,9.8,9.8
Hardware,cisco,8208,8,7.06,9.8
Hardware,zyxel,atp800,8,9.8,9.8
Hardware,cisco,8212,8,7.06,9.8
Hardware,cisco,4431_integrated_services_router,8,6.95,8.6
Hardware,cisco,4331_integrated_services_router,8,6.95,8.6
Hardware,cisco,4321_integrated_services_router,8,6.95,8.6
Hardware,cisco,8218,8,7.06,9.8
Hardware,cisco,4451-x_integrated_services_router,8,6.95,8.6
Aplicación,atlassian,confluence_data_center,8,8.89,9.8
Hardware,zyxel,vpn300,8,9.8,9.8
Hardware,zyxel,vpn50,8,9.8,9.8
Hardware,zyxel,atp200,8,9.8,9.8
Hardware,cisco,catalyst_8540msr,8,6.81,7.8
Hardware,cisco,catalyst_8540csr,8,6.81,7.8
Hardware,cisco,asr_1002,8,7.1,9.8
Hardware,cisco,8101-32h,8,7.22,9.8
Hardware,cisco,asr_1000-x,8,7.1,9.8
Aplicación,citrix,netscaler_sd-wan,8,9.47,9.8
Hardware,cisco,8201-32fh,8,7.22,9.8
Hardware,cisco,8818,8,7.22,9.8
Hardware,cisco,8831,8,7.51,9.8
Hardware,cisco,8804,8,7.22,9.8
Hardware,cisco,8101-32fh,8,7.22,9.8
Hardware,cisco,8812,8,7.22,9.8
Hardware,cisco,8808,8,7.22,9.8
Hardware,cisco,8102-64h,8,7.22,9.8
Hardware,cisco,catalyst_8510msr,8,6.81,7.8
Hardware,netapp,h410c,8,7.68,8.4
Aplicación,grafana,grafana,8,7.74,9.8
Hardware,cisco,catalyst_8200,8,6.81,7.8
Hardware,cisco,catalyst_ie3300_rugged_switch,8,6.9,7.5
Hardware,cisco,catalyst_8300,8,6.81,7.8
Hardware,cisco,catalyst_8300-1n1s-4t2x,8,6.81,7.8
Hardware,cisco,catalyst_8300-2n2s-4t2x,8,6.81,7.8
Hardware,cisco,catalyst_8300-1n1s-6t,8,6.81,7.8
Hardware,cisco,catalyst_8500-4qc,8,6.81,7.8
Hardware,cisco,catalyst_8500l,8,6.81,7.8
Hardware,cisco,catalyst_8300-2n2s-6t,8,6.81,7.8
Hardware,cisco,catalyst_8500,8,6.81,7.8
Hardware,cisco,catalyst_8510csr,8,6.81,7.8
Sistema Operativo,zyxel,atp800_firmware,8,9.8,9.8
Sistema Operativo,zyxel,atp200_firmware,8,9.8,9.8
Sistema Operativo,zyxel,atp500_firmware,8,9.8,9.8
Aplicación,fortinet,fortiproxy,7,7.8,9.8
Aplicación,apache,activemq,7,7.01,9.8
Sistema Operativo,qualcomm,wcn3950_firmware,7,7.91,8.4
Sistema Operativo,qualcomm,wcn3910_firmware,7,7.91,8.4
Sistema Operativo,qualcomm,wcn3680b_firmware,7,7.91,8.4
Sistema Operativo,qualcomm,wcn3660b_firmware,7,7.91,8.4
Sistema Operativo,qualcomm,wcn3615_firmware,7,7.91,8.4
Sistema Operativo,qualcomm,wcd9385_firmware,7,7.91,8.4
Sistema Operativo,qualcomm,wcd9380_firmware,7,7.91,8.4
Sistema Operativo,qualcomm,wcd9375_firmware,7,7.91,8.4
Sistema Operativo,qualcomm,wcd9370_firmware,7,7.91,8.4
Sistema Operativo,qualcomm,wcn3988_firmware,7,7.91,8.4
Sistema Operativo,qualcomm,wcn3980_firmware,7,7.91,8.4
Hardware,netapp,h300s,7,7.66,8.4
Hardware,netapp,h700s,7,7.66,8.4
Hardware,netapp,h500s,7,7.66,8.4
Hardware,netapp,h410s,7,7.66,8.4
Hardware,qualcomm,csra6640,7,7.91,8.4
Hardware,qualcomm,csra6620,7,7.91,8.4
Hardware,qualcomm,ar8035,7,7.91,8.4
Hardware,qualcomm,qca6174a,7,7.91,8.4
Hardware,qualcomm,qca6595au,7,7.91,8.4
Hardware,qualcomm,qca6574au,7,7.91,8.4
Hardware,qualcomm,qca6574a,7,7.91,8.4
Hardware,qualcomm,qca6574,7,7.91,8.4
Hardware,qualcomm,qca6436,7,7.91,8.4
Hardware,qualcomm,qca6426,7,7.91,8.4
Hardware,qualcomm,qca6391,7,7.91,8.4
Aplicación,car_rental_management_system_project,car_rental_management_system,7,7.31,9.8
Hardware,cisco,esr-6300-ncp-k9,7,6.81,7.5
Hardware,cisco,esr-6300-con-k9,7,6.81,7.5
Hardware,cisco,rv345p,7,8.66,10.0
Hardware,cisco,rv345,7,8.66,10.0
Hardware,cisco,rv340w,7,8.66,10.0
Hardware,cisco,rv340,7,8.66,10.0
Sistema Operativo,qualcomm,wsa8835_firmware,7,7.91,8.4
Sistema Operativo,qualcomm,wsa8830_firmware,7,7.91,8.4
Aplicación,opencats,opencats,7,6.0,6.1
Aplicación,oracle,communications_diameter_signaling_router,7,8.68,9.8
Aplicación,oracle,communications_instant_messaging_server,7,9.16,9.8
Aplicación,oracle,jd_edwards_enterpriseone_tools,7,9.11,9.8
Aplicación,oracle,webcenter_sites,7,7.38,8.1
Sistema Operativo,qualcomm,qcs4290_firmware,7,7.91,8.4
Sistema Operativo,qualcomm,qcs410_firmware,7,7.91,8.4
Sistema Operativo,qualcomm,qcs2290_firmware,7,7.91,8.4
Sistema Operativo,qualcomm,sa8155p_firmware,7,7.91,8.4
Sistema Operativo,qualcomm,sa6155p_firmware,7,7.91,8.4
Sistema Operativo,qualcomm,sm4125_firmware,7,7.91,8.4
Sistema Operativo,qualcomm,sm7250p_firmware,7,7.91,8.4
Sistema Operativo,qualcomm,wcd9341_firmware,7,7.91,8.4
Sistema Operativo,qualcomm,wcd9335_firmware,7,7.91,8.4
Sistema Operativo,qualcomm,wcd9326_firmware,7,7.91,8.4
Aplicación,apache,airflow,7,9.07,9.8
Aplicación,redhat,jboss_enterprise_application_platform,7,8.8,9.8
Aplicación,sap,netweaver_application_server_java,7,8.66,10.0
Aplicación,spotweb_project,spotweb,7,6.1,6.1
Sistema Operativo,qualcomm,qca6574au_firmware,7,7.91,8.4
Sistema Operativo,qualcomm,qca6574a_firmware,7,7.91,8.4
Sistema Operativo,qualcomm,qca6574_firmware,7,7.91,8.4
Sistema Operativo,qualcomm,qca6436_firmware,7,7.91,8.4
Sistema Operativo,qualcomm,qca6426_firmware,7,7.91,8.4
Sistema Operativo,qualcomm,qca6391_firmware,7,7.91,8.4
Sistema Operativo,qualcomm,qca9377_firmware,7,7.91,8.4
Sistema Operativo,qualcomm,qca8337_firmware,7,7.91,8.4
Sistema Operativo,qualcomm,qca6696_firmware,7,7.91,8.4
Sistema Operativo,qualcomm,qca6595au_firmware,7,7.91,8.4
Sistema Operativo,qualcomm,qcm4290_firmware,7,7.91,8.4
Sistema Operativo,qualcomm,qcm2290_firmware,7,7.91,8.4
Sistema Operativo,qualcomm,qcs610_firmware,7,7.91,8.4
Sistema Operativo,netapp,h410s_firmware,7,7.66,8.4
Sistema Operativo,netapp,h300s_firmware,7,7.66,8.4
Sistema Operativo,oracle,linux,7,8.21,9.8
Sistema Operativo,qualcomm,csra6640_firmware,7,7.91,8.4
Sistema Operativo,qualcomm,csra6620_firmware,7,7.91,8.4
Sistema Operativo,qualcomm,ar8035_firmware,7,7.91,8.4
Sistema Operativo,qualcomm,qca6174a_firmware,7,7.91,8.4
Sistema Operativo,netapp,h700s_firmware,7,7.66,8.4
Sistema Operativo,netapp,h500s_firmware,7,7.66,8.4
Hardware,cisco,4321\/k9-rf_integrated_services_router,7,6.71,7.8
Hardware,cisco,4461_integrated_services_router,7,6.71,7.8
Hardware,cisco,4451_integrated_services_router,7,6.71,7.8
Sistema Operativo,cisco,rv345p_firmware,7,8.66,10.0
Sistema Operativo,cisco,rv345_firmware,7,8.66,10.0
Hardware,cisco,catalyst_3850-48xs,7,7.33,9.8
Hardware,cisco,catalyst_3850-48u-s,7,7.33,9.8
Hardware,cisco,catalyst_3850-48u-l,7,7.33,9.8
Hardware,cisco,catalyst_3850-48u-e,7,7.33,9.8
Hardware,cisco,catalyst_3850-48u,7,7.33,9.8
Hardware,cisco,catalyst_3850-48t-s,7,7.33,9.8
Hardware,cisco,catalyst_3850-48t-l,7,7.33,9.8
Hardware,cisco,catalyst_3850-48t-e,7,7.33,9.8
Hardware,cisco,catalyst_3850-48pw-s,7,7.33,9.8
Hardware,cisco,catalyst_3850-48p-s,7,7.33,9.8
Hardware,cisco,catalyst_3850-48p-l,7,7.33,9.8
Hardware,cisco,catalyst_3850-nm-8-10g,7,7.33,9.8
Sistema Operativo,cisco,rv340w_firmware,7,8.66,10.0
Sistema Operativo,cisco,rv340_firmware,7,8.66,10.0
Sistema Operativo,citrix,gateway_firmware,7,7.07,9.8
Sistema Operativo,citrix,application_delivery_controller_firmware,7,8.33,9.8
Hardware,cisco,4351\/k9_integrated_services_router,7,6.71,7.8
Hardware,cisco,4351\/k9-ws_integrated_services_router,7,6.71,7.8
Hardware,cisco,4351\/k9-rf_integrated_services_router,7,6.71,7.8
Hardware,cisco,4331\/k9_integrated_services_router,7,6.71,7.8
Hardware,cisco,4331\/k9-ws_integrated_services_router,7,6.71,7.8
Hardware,cisco,4331\/k9-rf_integrated_services_router,7,6.71,7.8
Hardware,cisco,4321\/k9_integrated_services_router,7,6.71,7.8
Hardware,cisco,4321\/k9-ws_integrated_services_router,7,6.71,7.8
Hardware,zyxel,atp100,7,9.8,9.8
Hardware,cisco,catalyst_3850-32xs-e,7,7.33,9.8
Hardware,cisco,catalyst_3850-24xu-s,7,7.33,9.8
Hardware,cisco,catalyst_3850-24xu-l,7,7.33,9.8
Hardware,cisco,catalyst_3850-24xu-e,7,7.33,9.8
Hardware,cisco,catalyst_3850-24xu,7,7.33,9.8
Hardware,cisco,catalyst_3850-24xs-s,7,7.33,9.8
Hardware,cisco,catalyst_3850-24xs-e,7,7.33,9.8
Hardware,cisco,catalyst_3850-24xs,7,7.33,9.8
Hardware,cisco,catalyst_3850-24u-s,7,7.33,9.8
Hardware,cisco,catalyst_3850-24u-l,7,7.33,9.8
Hardware,cisco,catalyst_3850-24u-e,7,7.33,9.8
Hardware,cisco,catalyst_3850-nm-2-40g,7,7.33,9.8
Hardware,cisco,catalyst_3850-48xs-s,7,7.33,9.8
Hardware,cisco,catalyst_3850-48xs-f-s,7,7.33,9.8
Hardware,cisco,catalyst_3850-48xs-f-e,7,7.33,9.8
Hardware,cisco,catalyst_3850-48xs-e,7,7.33,9.8
Hardware,cisco,catalyst_3850-24s-e,7,7.33,9.8
Hardware,cisco,catalyst_3850-24pw-s,7,7.33,9.8
Hardware,cisco,catalyst_3850-24p-s,7,7.33,9.8
Hardware,cisco,catalyst_3850-24p-l,7,7.33,9.8
Hardware,cisco,catalyst_3850-24p-e,7,7.33,9.8
Hardware,cisco,catalyst_3850-16xs-s,7,7.33,9.8
Hardware,cisco,catalyst_3850-16xs-e,7,7.33,9.8
Hardware,cisco,catalyst_3850-12xs-s,7,7.33,9.8
Hardware,cisco,catalyst_3850-12xs-e,7,7.33,9.8
Hardware,cisco,catalyst_3850-12x48u,7,7.33,9.8
Hardware,cisco,catalyst_3850-12s-s,7,7.33,9.8
Hardware,cisco,catalyst_3850-48p-e,7,7.33,9.8
Hardware,cisco,catalyst_3850-48f-s,7,7.33,9.8
Hardware,cisco,catalyst_3850-48f-l,7,7.33,9.8
Hardware,cisco,catalyst_3850-48f-e,7,7.33,9.8
Hardware,cisco,catalyst_3850-32xs-s,7,7.33,9.8
Hardware,cisco,catalyst_3850-12s-e,7,7.33,9.8
Hardware,cisco,catalyst_3850,7,7.33,9.8
Hardware,cisco,catalyst_3850-24u,7,7.33,9.8
Hardware,cisco,catalyst_3850-24t-s,7,7.33,9.8
Hardware,cisco,catalyst_3850-24t-l,7,7.33,9.8
Hardware,cisco,catalyst_3850-24t-e,7,7.33,9.8
Hardware,cisco,catalyst_3850-24s-s,7,7.33,9.8
Aplicación,citrix,sd-wan,7,9.3,9.8
Hardware,zyxel,vpn1000,7,9.8,9.8
Hardware,qualcomm,wsa8830,7,7.91,8.4
Hardware,qualcomm,wsa8815,7,7.91,8.4
Hardware,qualcomm,wsa8810,7,7.91,8.4
Hardware,cisco,8800_8-slot,7,7.14,9.8
Hardware,cisco,8800_4-slot,7,7.14,9.8
Hardware,cisco,8800_18-slot,7,7.14,9.8
Hardware,cisco,8800_12-slot,7,7.14,9.8
Hardware,cisco,asr_1000-esp200-x,7,7.0,9.8
Hardware,cisco,asr_1000-esp100-x,7,7.0,9.8
Hardware,cisco,asr_1000-esp100,7,7.0,9.8
Hardware,qualcomm,wcd9370,7,7.91,8.4
Hardware,qualcomm,wcd9341,7,7.91,8.4
Hardware,qualcomm,wcd9335,7,7.91,8.4
Hardware,qualcomm,wcd9326,7,7.91,8.4
Hardware,qualcomm,wcn3988,7,7.91,8.4
Hardware,qualcomm,wcn3980,7,7.91,8.4
Hardware,qualcomm,wcn3950,7,7.91,8.4
Hardware,qualcomm,wcn3910,7,7.91,8.4
Hardware,qualcomm,wcn3680b,7,7.91,8.4
Hardware,qualcomm,wcn3660b,7,7.91,8.4
Hardware,qualcomm,wcn3615,7,7.91,8.4
Hardware,qualcomm,wcd9385,7,7.91,8.4
Hardware,qualcomm,wcd9380,7,7.91,8.4
Hardware,qualcomm,wsa8835,7,7.91,8.4
Hardware,qualcomm,qcm4290,7,7.91,8.4
Hardware,qualcomm,qcm2290,7,7.91,8.4
Hardware,qualcomm,qcs610,7,7.91,8.4
Hardware,qualcomm,qcs4290,7,7.91,8.4
Hardware,qualcomm,qcs410,7,7.91,8.4
Hardware,qualcomm,qcs2290,7,7.91,8.4
Hardware,qualcomm,sa8155p,7,7.91,8.4
Hardware,qualcomm,sa6155p,7,7.91,8.4
Hardware,qualcomm,sm4125,7,7.91,8.4
Hardware,qualcomm,sm7250p,7,7.91,8.4
Hardware,qualcomm,wcd9375,7,7.91,8.4
Sistema Operativo,zyxel,vpn1000_firmware,7,9.8,9.8
Aplicación,netapp,oncommand_balance,7,8.53,9.8
Sistema Operativo,qualcomm,wsa8815_firmware,7,7.91,8.4
Sistema Operativo,qualcomm,wsa8810_firmware,7,7.91,8.4
Hardware,qualcomm,qca9377,7,7.91,8.4
Hardware,qualcomm,qca8337,7,7.91,8.4
Hardware,qualcomm,qca6696,7,7.91,8.4
Aplicación,keking,kkfileview,7,7.03,9.8
Aplicación,microsoft,excel_viewer,7,8.24,8.8
Sistema Operativo,zyxel,atp100_firmware,7,9.8,9.8
Aplicación,adobe,acrobat_dc,6,8.24,8.8
Aplicación,adobe,acrobat_reader_dc,6,8.24,8.8
Aplicación,74cms,74cms,6,9.42,9.8
Sistema Operativo,zyxel,atp100w_firmware,6,9.8,9.8
Sistema Operativo,zyxel,atp700_firmware,6,9.8,9.8
Aplicación,f5,big-ip_domain_name_system,6,9.43,9.8
Aplicación,f5,big-ip_fraud_protection_service,6,9.43,9.8
Aplicación,microsoft,excel,6,8.3,8.8
Aplicación,jenkins,jenkins,6,7.58,9.8
Aplicación,bloofox,bloofoxcms,6,9.8,9.8
Sistema Operativo,siemens,syngo_sc2000_firmware,6,8.47,8.8
Sistema Operativo,siemens,tissue_preparation_system_firmware,6,8.47,8.8
Sistema Operativo,siemens,versant_kpcr_molecular_system_firmware,6,8.47,8.8
Sistema Operativo,siemens,versant_kpcr_sample_prep_firmware,6,8.47,8.8
Sistema Operativo,siemens,acuson_p300_firmware,6,8.47,8.8
Sistema Operativo,siemens,acuson_p500_firmware,6,8.47,8.8
Sistema Operativo,siemens,acuson_sc2000_firmware,6,8.47,8.8
Sistema Operativo,siemens,acuson_x700_firmware,6,8.47,8.8
Sistema Operativo,zyxel,usg_flex_200_firmware,6,9.8,9.8
Sistema Operativo,zyxel,usg_flex_100w_firmware,6,9.8,9.8
Sistema Operativo,zyxel,usg_flex_700_firmware,6,9.8,9.8
Sistema Operativo,zyxel,usg_flex_500_firmware,6,9.8,9.8
Hardware,cisco,catalyst_3650-12x48uq,6,7.3,9.8
Hardware,cisco,catalyst_3650-12x48uq-e,6,7.3,9.8
Hardware,cisco,catalyst_3650-12x48uq-l,6,7.3,9.8
Hardware,cisco,catalyst_3650-12x48uq-s,6,7.3,9.8
Hardware,cisco,catalyst_3650-12x48ur,6,7.3,9.8
Hardware,cisco,catalyst_3650-12x48ur-e,6,7.3,9.8
Hardware,cisco,catalyst_3650-12x48ur-l,6,7.3,9.8
Hardware,cisco,catalyst_3650-12x48ur-s,6,7.3,9.8
Hardware,cisco,catalyst_3650-12x48uz,6,7.3,9.8
Hardware,cisco,catalyst_3650-12x48uz-e,6,7.3,9.8
Hardware,cisco,catalyst_3650-12x48uz-l,6,7.3,9.8
Hardware,cisco,catalyst_3650-12x48uz-s,6,7.3,9.8
Hardware,qualcomm,sdx55,6,7.83,8.4
Hardware,cisco,catalyst_3650-24pdm,6,7.3,9.8
Hardware,cisco,catalyst_3650-24pdm-e,6,7.3,9.8
Hardware,cisco,catalyst_3650-24pdm-l,6,7.3,9.8
Hardware,cisco,catalyst_3650-24pdm-s,6,7.3,9.8
Hardware,cisco,catalyst_3650-24ps-e,6,7.3,9.8
Hardware,cisco,catalyst_3650-24ps-l,6,7.3,9.8
Hardware,cisco,catalyst_3650-24ps-s,6,7.3,9.8
Hardware,cisco,catalyst_3650-24td-e,6,7.3,9.8
Hardware,cisco,catalyst_3650-24td-l,6,7.3,9.8
Hardware,cisco,catalyst_3650-24td-s,6,7.3,9.8
Hardware,cisco,catalyst_3650-24ts-e,6,7.3,9.8
Hardware,cisco,catalyst_3650-24ts-l,6,7.3,9.8
Hardware,cisco,catalyst_3650-24ts-s,6,7.3,9.8
Hardware,cisco,catalyst_3650-48fd-e,6,7.3,9.8
Hardware,cisco,catalyst_3650-12x48fd-l,6,7.3,9.8
Hardware,cisco,catalyst_3650-12x48fd-s,6,7.3,9.8
Hardware,qualcomm,sd855,6,7.83,8.4
Hardware,qualcomm,sd660,6,7.83,8.4
Hardware,qualcomm,sa6145p,6,7.83,8.4
Hardware,qualcomm,sa8195p,6,7.93,8.4
Hardware,cisco,catalyst_3650-24pd,6,7.3,9.8
Hardware,cisco,catalyst_3650-24pd-e,6,7.3,9.8
Hardware,cisco,catalyst_3650,6,7.3,9.8
Hardware,cisco,catalyst_3650-12x48fd-e,6,7.3,9.8
Hardware,cisco,asr_9922,6,8.68,9.8
Hardware,cisco,asr_9904,6,8.68,9.8
Hardware,cisco,asr_9906,6,8.68,9.8
Hardware,cisco,asr_9910,6,8.68,9.8
Hardware,cisco,asr_9912,6,8.68,9.8
Hardware,cisco,asr_9010,6,8.51,9.8
Hardware,cisco,asr_9001,6,8.68,9.8
Hardware,cisco,asr_9006,6,8.68,9.8
Hardware,qualcomm,wcn6740,6,7.83,8.4
Hardware,cisco,catalyst_3650-48fq,6,7.3,9.8
Hardware,cisco,catalyst_3650-48fq-e,6,7.3,9.8
Hardware,cisco,catalyst_3650-48fq-l,6,7.3,9.8
Hardware,cisco,catalyst_3650-48fq-s,6,7.3,9.8
Hardware,cisco,catalyst_3650-48fqm,6,7.3,9.8
Hardware,cisco,catalyst_3650-48fqm-e,6,7.3,9.8
Hardware,cisco,catalyst_3650-48fqm-l,6,7.3,9.8
Hardware,cisco,catalyst_3650-48fqm-s,6,7.3,9.8
Hardware,cisco,catalyst_3650-48fs-e,6,7.3,9.8
Hardware,cisco,catalyst_3650-48fs-l,6,7.3,9.8
Hardware,cisco,catalyst_3650-48fs-s,6,7.3,9.8
Hardware,cisco,catalyst_3650-48pd-e,6,7.3,9.8
Hardware,cisco,catalyst_3650-48pd-l,6,7.3,9.8
Hardware,cisco,catalyst_3650-48pd-s,6,7.3,9.8
Hardware,cisco,catalyst_3650-24pd-l,6,7.3,9.8
Hardware,cisco,catalyst_3650-24pd-s,6,7.3,9.8
Hardware,qualcomm,wcn3990,6,7.83,8.4
Hardware,zyxel,atp100w,6,9.8,9.8
Hardware,zyxel,atp700,6,9.8,9.8
Hardware,siemens,syngo_sc2000,6,8.47,8.8
Hardware,siemens,tissue_preparation_system,6,8.47,8.8
Hardware,siemens,versant_kpcr_molecular_system,6,8.47,8.8
Hardware,siemens,versant_kpcr_sample_prep,6,8.47,8.8
Hardware,siemens,acuson_p300,6,8.47,8.8
Hardware,siemens,acuson_p500,6,8.47,8.8
Hardware,siemens,acuson_sc2000,6,8.47,8.8
Hardware,siemens,acuson_x700,6,8.47,8.8
Hardware,zyxel,usg_flex_100w,6,9.8,9.8
Hardware,zyxel,usg_flex_200,6,9.8,9.8
Hardware,zyxel,usg_flex_500,6,9.8,9.8
Hardware,cisco,catalyst_3650-48ps-e,6,7.3,9.8
Hardware,cisco,catalyst_3650-48ps-l,6,7.3,9.8
Hardware,cisco,catalyst_3650-48ps-s,6,7.3,9.8
Hardware,cisco,catalyst_3650-48td-e,6,7.3,9.8
Hardware,cisco,catalyst_3650-48td-l,6,7.3,9.8
Hardware,cisco,catalyst_3650-48td-s,6,7.3,9.8
Hardware,cisco,catalyst_3650-48tq-e,6,7.3,9.8
Hardware,cisco,catalyst_3650-48tq-l,6,7.3,9.8
Hardware,cisco,catalyst_3650-48tq-s,6,7.3,9.8
Hardware,cisco,catalyst_3650-48ts-e,6,7.3,9.8
Hardware,cisco,catalyst_3650-48ts-l,6,7.3,9.8
Hardware,cisco,catalyst_3650-48ts-s,6,7.3,9.8
Hardware,cisco,catalyst_3650-8x24pd-e,6,7.3,9.8
Hardware,cisco,catalyst_3650-48fd-l,6,7.3,9.8
Hardware,cisco,catalyst_3650-48fd-s,6,7.3,9.8
Hardware,cisco,catalyst_3650-8x24pd-l,6,7.3,9.8
Hardware,cisco,catalyst_3650-8x24pd-s,6,7.3,9.8
Hardware,cisco,catalyst_3650-8x24uq,6,7.3,9.8
Hardware,cisco,catalyst_3650-8x24uq-e,6,7.3,9.8
Hardware,cisco,catalyst_3650-8x24uq-l,6,7.3,9.8
Hardware,cisco,catalyst_3650-8x24uq-s,6,7.3,9.8
Hardware,cisco,catalyst_3650-48pq-e,6,7.3,9.8
Hardware,cisco,catalyst_3650-48pq-l,6,7.3,9.8
Hardware,cisco,catalyst_3650-48pq-s,6,7.3,9.8
Hardware,zyxel,usg_flex_700,6,9.8,9.8
Hardware,cisco,4351_integrated_services_router,6,7.3,8.6
Sistema Operativo,citrix,netscaler_gateway_firmware,6,7.68,9.8
Hardware,cisco,catalyst_9200,6,6.7,7.5
Hardware,cisco,catalyst_9200cx,6,6.7,7.5
Hardware,cisco,catalyst_9200l,6,6.7,7.5
Aplicación,cisco,firepower_threat_defense,6,5.67,10.0
Aplicación,arm,bifrost_gpu_kernel_driver,6,7.87,8.8
Aplicación,arm,midgard_gpu_kernel_driver,6,7.72,8.8
Aplicación,arm,valhall_gpu_kernel_driver,6,7.87,8.8
Hardware,cisco,44461_integrated_services_router,6,6.53,7.5
Hardware,cisco,422_integrated_services_router,6,6.92,9.8
Sistema Operativo,qualcomm,ar8031_firmware,6,7.83,8.4
Hardware,cisco,catalyst_9300,6,6.7,7.5
Hardware,cisco,catalyst_9300-24p-a,6,6.7,7.5
Hardware,cisco,catalyst_9300-24p-e,6,6.7,7.5
Hardware,cisco,catalyst_9300-24s-a,6,6.7,7.5
Hardware,cisco,catalyst_9300-24s-e,6,6.7,7.5
Hardware,cisco,catalyst_9300-24t-a,6,6.7,7.5
Hardware,cisco,catalyst_9300-24t-e,6,6.7,7.5
Hardware,cisco,catalyst_9300-24u-a,6,6.7,7.5
Hardware,cisco,catalyst_9300-24u-e,6,6.7,7.5
Hardware,cisco,catalyst_9300-24ux-a,6,6.7,7.5
Hardware,cisco,catalyst_9300-24ux-e,6,6.7,7.5
Hardware,cisco,catalyst_9300-48p-a,6,6.7,7.5
Hardware,cisco,catalyst_9300-48p-e,6,6.7,7.5
Hardware,cisco,catalyst_9300-48s-a,6,6.7,7.5
Hardware,cisco,catalyst_9300-48s-e,6,6.7,7.5
Hardware,cisco,catalyst_9300-48t-a,6,6.7,7.5
Aplicación,doctor_appointment_system_project,doctor_appointment_system,6,7.72,9.8
Aplicación,zohocorp,manageengine_opmanager,6,8.78,9.8
Aplicación,zohocorp,manageengine_adselfservice_plus,6,7.38,9.8
Aplicación,webkitgtk,webkitgtk,6,8.8,9.8
Aplicación,vmware,identity_manager,6,9.34,9.8
Aplicación,vbulletin,vbulletin,6,9.8,9.8
Aplicación,trendmicro,officescan,6,8.54,9.8
Aplicación,thedigitalcraft,atomcms,6,9.07,9.8
Aplicación,suse,linux_enterprise_debuginfo,6,7.46,9.8
Aplicación,rubyonrails,rails,6,7.02,8.8
Hardware,cisco,catalyst_9300-48t-e,6,6.7,7.5
Hardware,cisco,catalyst_9300-48u-a,6,6.7,7.5
Hardware,cisco,catalyst_9300-48u-e,6,6.7,7.5
Hardware,cisco,catalyst_9300-48un-a,6,6.7,7.5
Hardware,cisco,catalyst_9300-48un-e,6,6.7,7.5
Hardware,cisco,catalyst_9300-48uxm-a,6,6.7,7.5
Hardware,cisco,catalyst_9300-48uxm-e,6,6.7,7.5
Hardware,cisco,catalyst_9300l,6,6.7,7.5
Hardware,cisco,catalyst_9300l-24p-4g-a,6,6.7,7.5
Hardware,cisco,catalyst_9300l-24p-4g-e,6,6.7,7.5
Hardware,cisco,catalyst_9300l-24p-4x-a,6,6.7,7.5
Hardware,cisco,catalyst_9300l-24p-4x-e,6,6.7,7.5
Hardware,cisco,catalyst_9300l-24t-4g-a,6,6.7,7.5
Hardware,cisco,catalyst_9300l-24t-4g-e,6,6.7,7.5
Hardware,cisco,catalyst_9300l-24t-4x-a,6,6.7,7.5
Hardware,cisco,catalyst_9300l-24t-4x-e,6,6.7,7.5
Sistema Operativo,qualcomm,sdx55_firmware,6,7.83,8.4
Sistema Operativo,qualcomm,sd855_firmware,6,7.83,8.4
Sistema Operativo,qualcomm,sd660_firmware,6,7.83,8.4
Sistema Operativo,qualcomm,sa6145p_firmware,6,7.83,8.4
Sistema Operativo,qualcomm,sa8195p_firmware,6,7.93,8.4
Aplicación,pureftpd,pure-ftpd,6,7.5,7.5
Aplicación,phpmyadmin,phpmyadmin,6,8.12,9.8
Aplicación,oracle,fusion_middleware,6,8.36,9.8
Aplicación,oracle,communications_session_route_manager,6,7.62,9.8
Aplicación,oracle,enterprise_manager_ops_center,6,7.32,9.8
Aplicación,oracle,communications_element_manager,6,7.78,9.8
Aplicación,oracle,communications_billing_and_revenue_management_elastic_charging_engine,6,7.92,8.5
Aplicación,oracle,agile_plm,6,8.85,9.8
Aplicación,online_fire_reporting_system_project,online_fire_reporting_system,6,8.5,9.8
Aplicación,netapp,snapmanager,6,8.25,8.5
Aplicación,netapp,solidfire,6,7.33,8.3
Hardware,cisco,catalyst_9800-cl,6,6.7,7.5
Hardware,cisco,catalyst_9800-l,6,6.7,7.5
Hardware,cisco,catalyst_9800-l-c,6,6.7,7.5
Hardware,cisco,catalyst_9800-l-f,6,6.7,7.5
Hardware,cisco,catalyst_9300l-48p-4g-a,6,6.7,7.5
Hardware,cisco,catalyst_9300l-48p-4g-e,6,6.7,7.5
Hardware,cisco,catalyst_9300l-48p-4x-a,6,6.7,7.5
Hardware,cisco,catalyst_9300l-48p-4x-e,6,6.7,7.5
Hardware,cisco,catalyst_9300l-48t-4g-a,6,6.7,7.5
Hardware,cisco,catalyst_9300l-48t-4g-e,6,6.7,7.5
Hardware,cisco,catalyst_9300l-48t-4x-a,6,6.7,7.5
Hardware,cisco,catalyst_9300l-48t-4x-e,6,6.7,7.5
Hardware,cisco,catalyst_9300l_stack,6,6.7,7.5
Hardware,cisco,catalyst_9300lm,6,6.7,7.5
Hardware,cisco,catalyst_9300x,6,6.7,7.5
Hardware,cisco,catalyst_9500,6,6.7,7.5
Hardware,cisco,integrated_services_virtual_router,6,6.53,7.5
Hardware,cisco,cloud_services_router_1000v,6,6.72,8.6
Hardware,cisco,catalyst_ie3200_rugged_switch,6,7.23,7.5
Hardware,cisco,catalyst_ie3400_heavy_duty_switch,6,6.97,7.5
Hardware,cisco,catalyst_ie3400_rugged_switch,6,6.97,7.5
Hardware,cisco,catalyst_9500h,6,6.7,7.5
Hardware,cisco,catalyst_9600,6,6.7,7.5
Hardware,cisco,catalyst_9600x,6,6.7,7.5
Hardware,cisco,catalyst_9800,6,6.7,7.5
Hardware,qualcomm,ar8031,6,7.83,8.4
Sistema Operativo,qualcomm,wcn3990_firmware,6,7.83,8.4
Sistema Operativo,qualcomm,wcn6740_firmware,6,7.83,8.4
Aplicación,advantech,r-seenet,6,6.72,9.8
Aplicación,adobe,air,6,8.25,8.8
Sistema Operativo,qualcomm,qca6564au_firmware,5,7.72,8.4
Aplicación,exim,exim,5,9.4,9.8
Aplicación,dnnsoftware,dotnetnuke,5,7.93,8.8
Aplicación,apache,solr,5,8.57,9.8
Hardware,zyxel,usg310,5,9.8,9.8
Sistema Operativo,qualcomm,qcm6125_firmware,5,7.72,8.4
Sistema Operativo,qualcomm,qca6320_firmware,5,7.72,8.4
Sistema Operativo,qualcomm,qca6335_firmware,5,7.72,8.4
Sistema Operativo,qualcomm,qca6390_firmware,5,7.72,8.4
Sistema Operativo,qualcomm,sm6250_firmware,5,7.72,8.4
Hardware,zyxel,usg210,5,9.8,9.8
Hardware,cisco,9800-40,5,7.64,9.8
Hardware,cisco,9800-80,5,7.64,9.8
Hardware,cisco,9800-cl,5,7.64,9.8
Hardware,cisco,9800-l,5,7.64,9.8
Aplicación,oracle,utilities_framework,5,8.7,9.8
Sistema Operativo,qualcomm,qcs6125_firmware,5,7.72,8.4
Aplicación,dedecms,dedecms,5,5.9,7.5
Sistema Operativo,qualcomm,sdm429w_firmware,5,7.72,8.4
Aplicación,microsoft,sharepoint_enterprise_server,5,8.17,9.8
Aplicación,microsoft,server_message_block,5,8.66,8.8
Sistema Operativo,qualcomm,qca6420_firmware,5,7.72,8.4
Aplicación,vmware,vrealize_suite_lifecycle_manager,5,9.4,9.8
Sistema Operativo,qualcomm,wcd9371_firmware,5,7.72,8.4
Hardware,zyxel,usg20-vpn,5,9.8,9.8
Hardware,zyxel,usg1900,5,9.8,9.8
Hardware,zyxel,usg1100,5,9.8,9.8
Hardware,zyxel,usg110,5,9.8,9.8
Sistema Operativo,qualcomm,qca6310_firmware,5,7.72,8.4
Hardware,qualcomm,sa8155,5,7.72,8.4
Hardware,qualcomm,sa8150p,5,7.84,8.4
Aplicación,vehicle_service_management_system_project,vehicle_service_management_system,5,4.8,4.8
Aplicación,netapp,hci_management_node,5,7.4,8.3
Sistema Operativo,qualcomm,wcd9340_firmware,5,7.72,8.4
Hardware,zyxel,usg_flex_100,5,9.8,9.8
Hardware,totolink,a3002ru,5,8.4,9.8
Hardware,qualcomm,sa6155,5,7.72,8.4
Hardware,qualcomm,sa6150p,5,7.84,8.4
Aplicación,wso2,api_manager,5,5.64,9.8
Sistema Operativo,qualcomm,qca6430_firmware,5,7.72,8.4
Hardware,qualcomm,sm6250,5,7.72,8.4
Aplicación,webmin,webmin,5,9.47,9.8
Sistema Operativo,qualcomm,qca6564_firmware,5,7.72,8.4
Aplicación,microsoft,office_word_viewer,5,8.13,8.8
Hardware,qualcomm,mdm9650,5,7.72,8.4
Hardware,qualcomm,wcd9340,5,7.72,8.4
Hardware,qualcomm,wcn3680,5,7.72,8.4
Sistema Operativo,qualcomm,sa8155_firmware,5,7.72,8.4
Sistema Operativo,qualcomm,sa8150p_firmware,5,7.84,8.4
Aplicación,inspireui,mstore_api,5,9.8,9.8
Sistema Operativo,qualcomm,sa6155_firmware,5,7.72,8.4
Sistema Operativo,qualcomm,sa6150p_firmware,5,7.84,8.4
Hardware,qualcomm,wcn3620,5,7.72,8.4
Hardware,qualcomm,wcn3610,5,7.72,8.4
Aplicación,microsoft,word_viewer,5,8.2,8.8
Hardware,cisco,catalyst_9800-80,5,6.54,7.5
Hardware,cisco,catalyst_9400,5,6.54,7.5
Hardware,cisco,catalyst_9407r,5,6.54,7.5
Hardware,cisco,catalyst_9410r,5,6.54,7.5
Hardware,qualcomm,apq8017,5,7.72,8.4
Hardware,citrix,5100-wo,5,5.98,6.5
Hardware,citrix,5000-wo,5,5.98,6.5
Hardware,citrix,4100-wo,5,5.98,6.5
Hardware,citrix,4000-wo,5,5.98,6.5
Aplicación,netapp,e-series_performance_analyzer,5,6.84,8.2
Hardware,cisco,catalyst_9800-40,5,6.54,7.5
Aplicación,osticket,osticket,5,9.8,9.8
Hardware,rockwellautomation,allen-bradley_stratix_5700,5,8.52,8.8
Hardware,rockwellautomation,allen-bradley_stratix_5410,5,8.52,8.8
Hardware,rockwellautomation,allen-bradley_stratix_5400,5,8.52,8.8
Hardware,rockwellautomation,allen-bradley_armorstratix_5700,5,8.52,8.8
Hardware,rockwellautomation,allen-bradley_stratix_8000,5,8.52,8.8
Sistema Operativo,qualcomm,sd675_firmware,5,7.72,8.4
Sistema Operativo,qualcomm,sd670_firmware,5,7.72,8.4
Sistema Operativo,qualcomm,sd888_firmware,5,7.84,8.4
Aplicación,oracle,commerce_guided_search,5,8.8,10.0
Sistema Operativo,qualcomm,sd730_firmware,5,7.72,8.4
Sistema Operativo,qualcomm,sd835_firmware,5,7.72,8.4
Aplicación,control-webpanel,webpanel,5,9.8,9.8
Hardware,cisco,asr_9901,5,8.66,9.8
Aplicación,prestashop,prestashop,5,8.3,9.8
Aplicación,oracle,communications_session_report_manager,5,7.85,9.8
Aplicación,proftpd,proftpd,5,7.76,9.8
Hardware,qualcomm,wcn3998,5,7.72,8.4
Hardware,qualcomm,wcn3991,5,7.72,8.4
Hardware,qualcomm,aqt1000,5,7.72,8.4
Aplicación,opensuse,backports_sle,5,9.26,9.8
Hardware,qualcomm,wcd9371,5,7.72,8.4
Sistema Operativo,qualcomm,sd865_5g_firmware,5,8.16,8.4
Hardware,qualcomm,sd675,5,7.72,8.4
Hardware,qualcomm,sd730,5,7.72,8.4
Sistema Operativo,qualcomm,wcn3991_firmware,5,7.72,8.4
Sistema Operativo,qualcomm,wcn3998_firmware,5,7.72,8.4
Hardware,qualcomm,qcm6125,5,7.72,8.4
Sistema Operativo,opengroup,unix,5,8.42,9.8
Aplicación,magmi_project,magmi,5,9.3,9.8
Hardware,qualcomm,sd865_5g,5,8.16,8.4
Aplicación,netapp,snap_creator_framework,5,6.82,9.8
Hardware,qualcomm,qca6420,5,7.72,8.4
Hardware,qualcomm,qca6430,5,7.72,8.4
Aplicación,sonicwall,email_security,5,8.18,10.0
Hardware,qualcomm,qca6564,5,7.72,8.4
Aplicación,filezilla-project,filezilla_server,5,7.5,7.5
Aplicación,genetechsolutions,pie_register,5,7.35,9.8
Sistema Operativo,qualcomm,mdm9650_firmware,5,7.72,8.4
Aplicación,agentejo,cockpit,5,9.06,9.8
Aplicación,netapp,snapcenter,5,8.26,10.0
Sistema Operativo,totolink,a3002ru_firmware,5,8.4,9.8
Sistema Operativo,citrix,sd-wan_wanop,5,5.98,6.5
Hardware,qualcomm,qcs6125,5,7.72,8.4
Hardware,qualcomm,sd835,5,7.72,8.4
Aplicación,adobe,air_sdk_\&_compiler,5,9.0,9.8
Aplicación,adobe,air_sdk,5,9.0,9.8
Aplicación,atlassian,jira_data_center,5,6.2,9.8
Hardware,qualcomm,sd888,5,7.84,8.4
Aplicación,redhat,software_collections,5,8.1,9.0
Aplicación,std42,elfinder,5,9.2,9.8
Sistema Operativo,qualcomm,apq8017_firmware,5,7.72,8.4
Hardware,qualcomm,qca6564au,5,7.72,8.4
Sistema Operativo,zyxel,usg_flex_100_firmware,5,9.8,9.8
Sistema Operativo,qualcomm,wcn3610_firmware,5,7.72,8.4
Sistema Operativo,qualcomm,wcn3620_firmware,5,7.72,8.4
Sistema Operativo,qualcomm,aqt1000_firmware,5,7.72,8.4
Sistema Operativo,qualcomm,wcn3680_firmware,5,7.72,8.4
Aplicación,oracle,hospitality_guest_access,5,8.68,9.8
Sistema Operativo,zyxel,usg1100_firmware,5,9.8,9.8
Sistema Operativo,zyxel,usg110_firmware,5,9.8,9.8
Hardware,qualcomm,sdm429w,5,7.72,8.4
Sistema Operativo,zyxel,usg1900_firmware,5,9.8,9.8
Sistema Operativo,zyxel,usg20-vpn_firmware,5,9.8,9.8
Sistema Operativo,zyxel,usg210_firmware,5,9.8,9.8
Aplicación,roundcube,webmail,5,7.84,9.8
Hardware,qualcomm,qca6390,5,7.72,8.4
Sistema Operativo,zyxel,usg310_firmware,5,9.8,9.8
Hardware,qualcomm,qca6335,5,7.72,8.4
Hardware,qualcomm,qca6320,5,7.72,8.4
Aplicación,redhat,gluster_storage_server_for_on-premise,5,8.94,9.8
Hardware,qualcomm,sd670,5,7.72,8.4
Hardware,qualcomm,qca6310,5,7.72,8.4
Sistema Operativo,qualcomm,msm8909w_firmware,4,7.7,8.4
Sistema Operativo,qualcomm,csrb31024_firmware,4,7.55,8.4
Hardware,qualcomm,wcn6850,4,7.7,8.4
Hardware,citrix,application_delivery_controller,4,8.05,9.8
Hardware,qualcomm,wcn6851,4,7.7,8.4
Aplicación,auieo,candidats,4,6.1,6.1
Aplicación,oracle,banking_credit_facilities_process_management,4,7.79,9.8
Hardware,qualcomm,wcn6856,4,7.7,8.4
Aplicación,oracle,enterprise_manager_base_platform,4,9.38,9.8
Aplicación,oracle,banking_corporate_lending_process_management,4,7.79,9.8
Aplicación,phpgurukul,hospital_management_system,4,7.12,8.8
Sistema Operativo,qualcomm,qsm8250_firmware,4,8.1,8.4
Aplicación,oracle,business_intelligence,4,8.4,9.8
Hardware,dlink,dir-820l,4,9.8,9.8
Sistema Operativo,qualcomm,qrb5165m_firmware,4,8.25,8.4
Aplicación,igniterealtime,openfire,4,8.66,9.8
Aplicación,microsoft,azure_sentinel,4,8.1,9.8
Aplicación,microsoft,azure_security_center,4,8.1,9.8
Aplicación,mingsoft,mcms,4,8.93,9.8
Sistema Operativo,microsoft,windows_2000,4,7.8,7.8
Aplicación,oracle,banking_virtual_account_management,4,6.74,9.8
Aplicación,microsoft,azure_open_management_infrastructure,4,8.1,9.8
Hardware,qualcomm,msm8909w,4,7.7,8.4
Hardware,qualcomm,apq8053,4,7.7,8.4
Aplicación,microsoft,azure_diagnostics_\(lad\),4,8.1,9.8
Hardware,qualcomm,msm8953,4,7.7,8.4
Hardware,qualcomm,qcs405,4,7.7,8.4
Sistema Operativo,qualcomm,apq8064au_firmware,4,7.7,8.4
Aplicación,oracle,communications_cloud_native_core_security_edge_protection_proxy,4,9.08,10.0
Aplicación,microsoft,azure_stack_hub,4,8.1,9.8
Aplicación,microsoft,azure_automation_update_management,4,8.1,9.8
Hardware,qualcomm,apq8064au,4,7.7,8.4
Hardware,qualcomm,apq8009,4,7.55,8.4
Aplicación,microsoft,azure_automation_state_configuration,4,8.1,9.8
Aplicación,enhancesoft,osticket,4,5.68,6.5
Hardware,qualcomm,csrb31024,4,7.55,8.4
Hardware,qualcomm,wcn3999,4,7.7,8.4
Hardware,qualcomm,msm8996au,4,7.7,8.4
Aplicación,oracle,banking_trade_finance_process_management,4,7.86,9.8
Aplicación,oracle,tape_library_acsls,4,8.83,9.8
Aplicación,oracle,transportation_management,4,8.94,9.8
Hardware,wavlink,wn535g3,4,7.15,7.5
Aplicación,microsoft,system_center_operations_manager,4,8.1,9.8
Hardware,wavlink,wl-wn530hg4,4,7.52,9.8
Hardware,qualcomm,qca8081,4,8.25,8.4
Hardware,qualcomm,qcm6490,4,8.25,8.4
Sistema Operativo,qualcomm,qca6564a_firmware,4,7.7,8.4
Sistema Operativo,qualcomm,qca6431_firmware,4,8.1,8.4
Hardware,totolink,n300rt,4,8.4,9.8
Hardware,totolink,n301rt,4,8.4,9.8
Hardware,totolink,n302r,4,8.4,9.8
Hardware,zyxel,usg60,4,9.8,9.8
Hardware,zyxel,usg60w,4,9.8,9.8
Sistema Operativo,qualcomm,qrb5165n_firmware,4,8.25,8.4
Aplicación,oracle,primavera_unifier,4,8.65,9.8
Aplicación,oracle,secure_global_desktop,4,7.07,9.0
Hardware,zyxel,usg_flex_50w,4,9.8,9.8
Aplicación,oracle,primavera_gateway,4,6.93,9.8
Aplicación,f5,big-ip_webaccelerator,4,8.37,9.8
Aplicación,microsoft,open_xml_file_format_converter,4,7.8,7.8
Aplicación,f5,big-ip_edge_gateway,4,8.37,9.8
Aplicación,microsoft,container_monitoring_solution,4,8.1,9.8
Aplicación,microsoft,outlook,4,8.62,9.8
Aplicación,microsoft,powerpoint,4,8.6,8.8
Aplicación,microsoft,log_analytics_agent,4,8.1,9.8
Hardware,zyxel,usg20w-vpn,4,9.8,9.8
Aplicación,awesomemotive,duplicator,4,7.52,9.8
Aplicación,oracle,peoplesoft_enterprise_peopletools,4,8.48,9.8
Aplicación,oracle,retail_order_broker,4,7.11,8.1
Aplicación,oracle,rapid_planning,4,8.83,9.8
Hardware,rockwellautomation,allen-bradley_stratix_8300,4,8.65,8.8
Sistema Operativo,qualcomm,apq8053_firmware,4,7.7,8.4
Aplicación,artica,pandora_fms,4,7.05,8.8
Hardware,qualcomm,qcs6490,4,8.25,8.4
Hardware,totolink,a702r,4,8.4,9.8
Hardware,totolink,n100re,4,8.4,9.8
Hardware,totolink,n150rt,4,8.4,9.8
Hardware,totolink,n200re,4,8.4,9.8
Hardware,sonicwall,sma_410,4,8.98,9.8
Sistema Operativo,qualcomm,msm8953_firmware,4,7.7,8.4
Sistema Operativo,qualcomm,msm8996au_firmware,4,7.7,8.4
Sistema Operativo,qualcomm,qcs6490_firmware,4,8.25,8.4
Aplicación,oracle,financial_services_analytical_applications_infrastructure,4,9.52,9.8
Sistema Operativo,dlink,dir-820l_firmware,4,9.8,9.8
Aplicación,oracle,storagetek_tape_analytics_sw_tool,4,9.08,9.8
Aplicación,oracle,utilities_testing_accelerator,4,8.5,8.5
Aplicación,microsoft,silverlight,4,7.48,8.8
Aplicación,oracle,zfs_storage_appliance_kit,4,8.02,9.8
Hardware,qualcomm,qca6564a,4,7.7,8.4
Sistema Operativo,qualcomm,qcs405_firmware,4,7.7,8.4
Aplicación,os4ed,opensis,4,8.05,9.8
Hardware,sonicwall,sma_210,4,8.98,9.8
Sistema Operativo,qualcomm,qca6421_firmware,4,8.1,8.4
Hardware,qualcomm,qca6431,4,8.1,8.4
Hardware,qualcomm,qca6421,4,8.1,8.4
Sistema Operativo,qualcomm,qca8081_firmware,4,8.25,8.4
Sistema Operativo,qualcomm,qcm6490_firmware,4,8.25,8.4
Aplicación,microsoft,.net_framework,4,8.38,9.8
Hardware,zyxel,usg40,4,9.8,9.8
Hardware,zyxel,usg40w,4,9.8,9.8
Aplicación,microsoft,365_apps,4,8.18,9.8
Hardware,qualcomm,qrb5165n,4,8.25,8.4
Aplicación,digitaldruid,hoteldruid,4,5.87,6.1
Aplicación,wbce,wbce_cms,4,6.5,9.8
Hardware,qualcomm,qsm8250,4,8.1,8.4
Aplicación,eclipse,jetty,4,5.3,5.3
Aplicación,wpewebkit,wpe_webkit,4,8.55,8.8
Aplicación,gigabyte,oc_guru_ii,4,8.3,9.8
Aplicación,gigabyte,xtreme_gaming_engine,4,8.3,9.8
Aplicación,newstatpress_project,newstatpress,4,6.1,6.1
Aplicación,f5,enterprise_manager,4,7.65,9.8
Hardware,cisco,asr_901-12c-ft-d,4,7.68,9.8
Aplicación,wso2,identity_server,4,5.37,9.8
Aplicación,wso2,enterprise_integrator,4,5.46,9.8
Aplicación,xwiki,xwiki,4,5.07,5.4
Aplicación,trendmicro,worry-free_business_security,4,8.51,8.8
Aplicación,netapp,oncommand_workflow_automation,4,8.95,9.8
Aplicación,veronalabs,wp_statistics,4,9.23,9.8
Aplicación,vsftpd_project,vsftpd,4,8.65,9.8
Sistema Operativo,qualcomm,wcn6851_firmware,4,7.7,8.4
Aplicación,vmware,workspace_one_access,4,9.3,9.8
Sistema Operativo,qualcomm,wcn6856_firmware,4,7.7,8.4
Aplicación,gigabyte,aorus_graphics_engine,4,8.3,9.8
Hardware,qualcomm,sm7325p,4,8.25,8.4
Hardware,cisco,asr_901-12c-f-d,4,7.68,9.8
Sistema Operativo,qualcomm,sdx20m_firmware,4,7.7,8.4
Hardware,cisco,asr_9000v,4,8.68,9.8
Aplicación,eyesofnetwork,eyesofnetwork,4,9.05,9.8
Sistema Operativo,qualcomm,sdx55m_firmware,4,7.7,8.4
Hardware,cisco,asa_5512-x,4,8.3,9.1
Hardware,cisco,asa_5510,4,8.3,9.1
Hardware,cisco,asa_5505,4,8.3,9.1
Sistema Operativo,qualcomm,sm7325p_firmware,4,8.25,8.4
Aplicación,qnap,photo_station,4,9.85,10.0
Hardware,qualcomm,qrb5165m,4,8.25,8.4
Hardware,cisco,asa_5580,4,8.3,9.1
Hardware,cisco,asa_5555-x,4,8.3,9.1
Hardware,cisco,asa_5550,4,8.3,9.1
Hardware,cisco,asa_5545-x,4,8.3,9.1
Hardware,cisco,asa_5540,4,8.3,9.1
Aplicación,zabbix,zabbix,4,5.05,9.1
Aplicación,gogs,gogs,4,7.1,8.8
Hardware,qualcomm,sdx20m,4,7.7,8.4
Sistema Operativo,qualcomm,apq8009_firmware,4,7.55,8.4
Aplicación,open-emr,openemr,4,6.78,8.8
Aplicación,zzzcms,zzzphp,4,9.3,9.8
Hardware,cisco,asa_5585-x,4,8.3,9.1
Sistema Operativo,totolink,n150rt_firmware,4,8.4,9.8
Sistema Operativo,totolink,n200re_firmware,4,8.4,9.8
Sistema Operativo,suse,linux_enterprise,4,8.02,8.8
Hardware,qualcomm,sd439,4,7.7,8.4
Aplicación,sigb,pmb,4,6.1,6.1
Sistema Operativo,zyxel,usg40_firmware,4,9.8,9.8
Sistema Operativo,zyxel,usg60w_firmware,4,9.8,9.8
Sistema Operativo,wavlink,wn535g3_firmware,4,7.15,7.5
Sistema Operativo,zyxel,usg60_firmware,4,9.8,9.8
Sistema Operativo,zyxel,usg40w_firmware,4,9.8,9.8
Aplicación,vmware,vrealize_automation,4,9.4,9.8
Sistema Operativo,vmware,esxi,4,9.78,9.8
Sistema Operativo,wavlink,wl-wn530hg4_firmware,4,7.52,9.8
Sistema Operativo,totolink,n300rt_firmware,4,8.4,9.8
Sistema Operativo,totolink,n301rt_firmware,4,8.4,9.8
Sistema Operativo,totolink,n302r_firmware,4,8.4,9.8
Hardware,qualcomm,sd460,4,7.7,8.4
Aplicación,saltstack,salt,4,9.25,9.8
Aplicación,reprisesoftware,reprise_license_manager,4,6.82,9.8
Sistema Operativo,zyxel,usg20w-vpn_firmware,4,9.8,9.8
Hardware,qualcomm,sd662,4,7.7,8.4
Aplicación,accellion,fta,4,9.3,9.8
Sistema Operativo,zyxel,usg_flex_50w_firmware,4,9.8,9.8
Aplicación,suse,manager_proxy,4,7.15,9.8
Sistema Operativo,redhat,enterprise_linux_for_arm_64,4,8.32,9.0
Aplicación,sygnoos,popup_builder,4,7.8,9.8
Hardware,qualcomm,sdx55m,4,7.7,8.4
Hardware,qualcomm,sd765,4,7.7,8.4
Aplicación,redhat,fuse,4,9.38,9.8
Hardware,qualcomm,sd750g,4,7.7,8.4
Sistema Operativo,qualcomm,wcn3999_firmware,4,7.7,8.4
Hardware,qualcomm,sd765g,4,7.7,8.4
Sistema Operativo,qualcomm,wcn6850_firmware,4,7.7,8.4
Sistema Operativo,totolink,n100re_firmware,4,8.4,9.8
Aplicación,tshirtecommerce,custom_product_designer,4,8.65,9.8
Sistema Operativo,sonicwall,sma_210_firmware,4,9.25,9.8
Sistema Operativo,sonicwall,sma_410_firmware,4,9.25,9.8
Aplicación,netapp,storage_automation_store,4,9.8,9.8
Sistema Operativo,redhat,enterprise_linux_server_for_power_little_endian_update_services_for_sap_solutions,4,8.52,9.0
Sistema Operativo,redhat,enterprise_linux_server_update_services_for_sap_solutions,4,8.24,9.0
Aplicación,southrivertech,titan_ftp_server,4,8.8,8.8
Aplicación,south_river_technologies,titan_ftp_server,4,,
Aplicación,redhat,virtualization,4,8.72,9.8
Sistema Operativo,redhat,enterprise_linux_eus_compute_node,4,7.65,8.7
Sistema Operativo,totolink,a702r_firmware,4,8.4,9.8
Hardware,qualcomm,sd768g,4,7.7,8.4
Hardware,cisco,asr_9903,4,8.68,9.8
Hardware,cisco,asa_5515-x,4,8.3,9.1
Hardware,cisco,asa_5520,4,8.3,9.1
Hardware,cisco,asr_901-6cz-ft-d,4,7.68,9.8
Aplicación,ibm,data_risk_manager,4,9.11,9.8
Sistema Operativo,qualcomm,sd750g_firmware,4,7.7,8.4
Sistema Operativo,qualcomm,sd662_firmware,4,7.7,8.4
Aplicación,zohocorp,manageengine_servicedesk_plus,4,9.38,9.8
Aplicación,churchcrm,churchcrm,4,5.58,6.1
Aplicación,circontrol,circarlife_scada,4,7.55,9.8
Sistema Operativo,qualcomm,sd439_firmware,4,7.7,8.4
Hardware,cisco,asa_5525-x,4,8.3,9.1
Sistema Operativo,qualcomm,sd460_firmware,4,7.7,8.4
Aplicación,complete_online_job_search_system_project,complete_online_job_search_system,4,7.85,9.8
Aplicación,cacti,cacti,4,7.25,9.8
Hardware,qualcomm,qualcomm215,4,7.7,8.4
Hardware,cisco,asr_901-6cz-ft-a,4,7.68,9.8
Aplicación,oracle,autovue_for_agile_product_lifecycle_management,4,7.55,9.8
Hardware,cisco,asr_901-4c-f-d,4,7.68,9.8
Hardware,cisco,catalyst_ie9300,4,7.5,7.5
Aplicación,properfraction,profilepress,4,8.88,9.8
Sistema Operativo,qualcomm,sd768g_firmware,4,7.7,8.4
Sistema Operativo,qualcomm,sd765g_firmware,4,7.7,8.4
Aplicación,icewarp,mail_server,4,6.1,6.1
Aplicación,oracle,banking_supply_chain_finance,4,7.86,9.8
Hardware,cisco,asr_901-6cz-f-a,4,7.68,9.8
Hardware,cisco,asr_901-6cz-f-d,4,7.68,9.8
Aplicación,netapp,oncommand_shift,4,8.95,9.8
Hardware,citrix,gateway,4,8.05,9.8
Sistema Operativo,qualcomm,qualcomm215_firmware,4,7.7,8.4
Sistema Operativo,qualcomm,sd765_firmware,4,7.7,8.4
Hardware,cisco,catalyst_9600_supervisor_engine-1,4,7.1,7.5
Aplicación,hp,system_management_homepage,4,9.3,9.8
Hardware,cisco,asr_901-4c-ft-d,4,7.68,9.8
Hardware,qualcomm,qtc800h,3,7.47,8.4
Hardware,qualcomm,sd429,3,7.47,8.4
Hardware,qualcomm,qdm2307,3,7.47,8.4
Hardware,qualcomm,qtm525,3,7.47,8.4
Hardware,qualcomm,qtm527,3,7.47,8.4
Hardware,qualcomm,qfe4373fc,3,7.47,8.4
Aplicación,oracle,communications_services_gatekeeper,3,6.67,7.2
Hardware,qualcomm,qpm2630,3,7.47,8.4
Hardware,qualcomm,qpm4621,3,7.47,8.4
Hardware,qualcomm,qpm4630,3,7.47,8.4
Hardware,qualcomm,qpm4640,3,7.47,8.4
Hardware,qualcomm,qpm4641,3,7.47,8.4
Aplicación,oracle,communications_network_integrity,3,8.7,9.8
Hardware,qualcomm,qdm2308,3,7.47,8.4
Hardware,qualcomm,qpm5620,3,7.47,8.4
Hardware,qualcomm,qpm5579,3,7.47,8.4
Hardware,qualcomm,qtc410s,3,7.47,8.4
Hardware,qualcomm,sd205,3,7.47,8.4
Hardware,qualcomm,qpm5577,3,7.47,8.4
Hardware,qualcomm,sd210,3,7.47,8.4
Hardware,qualcomm,qpm4650,3,7.47,8.4
Aplicación,oracle,communications_pricing_design_center,3,8.98,9.8
Hardware,qualcomm,qpm6325,3,7.47,8.4
Hardware,qualcomm,qpm6375,3,7.47,8.4
Hardware,qualcomm,qsw8573,3,7.47,8.4
Hardware,qualcomm,qsw6310,3,7.47,8.4
Hardware,qualcomm,qpm6582,3,7.47,8.4
Hardware,qualcomm,qpm6585,3,7.47,8.4
Hardware,qualcomm,qpa6560,3,7.47,8.4
Hardware,qualcomm,qpa8673,3,7.47,8.4
Hardware,qualcomm,qfe3340,3,7.47,8.4
Hardware,qualcomm,qpa8675,3,7.47,8.4
Hardware,qualcomm,qet5100m,3,7.47,8.4
Hardware,qualcomm,sd480,3,7.67,8.4
Hardware,qualcomm,qpa8686,3,7.47,8.4
Hardware,qualcomm,qpa8801,3,7.47,8.4
Aplicación,oracle,endeca_information_discovery_studio,3,9.2,9.8
Hardware,qualcomm,qpa8802,3,7.47,8.4
Aplicación,oracle,banking_enterprise_default_management,3,5.9,6.5
Hardware,qualcomm,qet6100,3,7.47,8.4
Hardware,qualcomm,qpm5541,3,7.47,8.4
Hardware,qualcomm,qln4640,3,7.47,8.4
Hardware,qualcomm,qdm2305,3,7.47,8.4
Hardware,qualcomm,qdm2302,3,7.47,8.4
Hardware,qualcomm,qdm2301,3,7.47,8.4
Hardware,qualcomm,qfe4301,3,7.47,8.4
Hardware,qualcomm,qfe2550,3,7.47,8.4
Hardware,qualcomm,qln4642,3,7.47,8.4
Hardware,qualcomm,qet6110,3,7.47,8.4
Hardware,qualcomm,qln4650,3,7.47,8.4
Hardware,qualcomm,qfe2520,3,7.47,8.4
Hardware,qualcomm,sd450,3,7.47,8.4
Hardware,qualcomm,qpm5677,3,7.47,8.4
Hardware,qualcomm,qpm5679,3,7.47,8.4
Hardware,qualcomm,qfe2101,3,7.47,8.4
Hardware,qualcomm,qpm5870,3,7.47,8.4
Hardware,qualcomm,qpm5875,3,7.47,8.4
Hardware,qualcomm,qsw8574,3,7.47,8.4
Hardware,qualcomm,qfe4302,3,7.47,8.4
Hardware,qualcomm,qpa5581,3,7.47,8.4
Hardware,qualcomm,qpa5580,3,7.47,8.4
Hardware,qualcomm,qpa5461,3,7.47,8.4
Aplicación,oracle,banking_cash_management,3,8.04,9.8
Hardware,qualcomm,qpm8870,3,7.47,8.4
Hardware,qualcomm,rgr7640au,3,7.47,8.4
Hardware,qualcomm,qdm5671,3,7.47,8.4
Hardware,qualcomm,qpa5460,3,7.47,8.4
Hardware,qualcomm,qpa5373,3,7.47,8.4
Hardware,qualcomm,qsm7250,3,7.47,8.4
Hardware,qualcomm,qpa4361,3,7.47,8.4
Hardware,qualcomm,qpa4360,3,7.47,8.4
Hardware,qualcomm,qpa4340,3,7.47,8.4
Aplicación,oracle,communications_cloud_native_core_network_exposure_function,3,9.87,10.0
Aplicación,oracle,communications_cloud_native_core_network_function_cloud_native_environment,3,9.83,10.0
Hardware,qualcomm,qpm8895,3,7.47,8.4
Hardware,qualcomm,qfe4309,3,7.47,8.4
Hardware,qualcomm,qfe4320,3,7.47,8.4
Aplicación,oracle,communications_interactive_session_recorder,3,9.22,9.8
Hardware,qualcomm,qfe4308,3,7.47,8.4
Hardware,qualcomm,sa4150p,3,8.2,8.4
Hardware,qualcomm,sa4155p,3,8.2,8.4
Hardware,qualcomm,qpm6621,3,7.47,8.4
Hardware,qualcomm,qpm8830,3,7.47,8.4
Hardware,qualcomm,qln5020,3,7.47,8.4
Hardware,qualcomm,qln5030,3,7.47,8.4
Hardware,qualcomm,qfe4305,3,7.47,8.4
Hardware,qualcomm,qfe4303,3,7.47,8.4
Hardware,qualcomm,qln5040,3,7.47,8.4
Aplicación,oracle,communications_cloud_native_core_console,3,9.84,10.0
Hardware,qualcomm,qpm6670,3,7.47,8.4
Hardware,qualcomm,qpm8820,3,7.47,8.4
Hardware,qualcomm,rsw8577,3,7.47,8.4
Hardware,qualcomm,qet4101,3,7.47,8.4
Hardware,qualcomm,qet4100,3,7.47,8.4
Hardware,qualcomm,qdm5679,3,7.47,8.4
Hardware,qualcomm,qdm5677,3,7.47,8.4
Hardware,qualcomm,qpa8821,3,7.47,8.4
Hardware,qualcomm,qpm5621,3,7.47,8.4
Hardware,qualcomm,qln1030,3,7.47,8.4
Aplicación,oracle,communications_cloud_native_core_network_repository_function,3,9.9,10.0
Hardware,qualcomm,qtc800t,3,7.47,8.4
Hardware,qualcomm,qpa8842,3,7.47,8.4
Hardware,qualcomm,qln1020,3,7.47,8.4
Hardware,qualcomm,qtc801s,3,7.47,8.4
Hardware,qualcomm,qfs2630,3,7.47,8.4
Hardware,qualcomm,qfs2608,3,7.47,8.4
Hardware,qualcomm,qfs2580,3,7.47,8.4
Hardware,qualcomm,qfs2530,3,7.47,8.4
Hardware,qualcomm,qtc800s,3,7.47,8.4
Hardware,qualcomm,qpm5670,3,7.47,8.4
Aplicación,oracle,communications_cloud_native_core_network_slice_selection_function,3,9.86,10.0
Hardware,qualcomm,qpm5658,3,7.47,8.4
Hardware,qualcomm,qpa2625,3,7.47,8.4
Aplicación,oracle,communications_cloud_native_core_unified_data_repository,3,8.9,9.8
Hardware,qualcomm,sa8145p,3,8.2,8.4
Hardware,qualcomm,qet5100,3,7.47,8.4
Hardware,qualcomm,sa9000p,3,8.2,8.4
Hardware,qualcomm,sa8255p,3,8.2,8.4
Hardware,qualcomm,sa8295p,3,8.2,8.4
Hardware,qualcomm,sa8770p,3,8.2,8.4
Hardware,qualcomm,sa8775p,3,8.2,8.4
Hardware,qualcomm,qpm5657,3,7.47,8.4
Hardware,qualcomm,qpm5641,3,7.47,8.4
Aplicación,oracle,agile_engineering_data_management,3,9.24,9.8
Hardware,qualcomm,qpa8803,3,7.47,8.4
Aplicación,oracle,application_testing_suite,3,6.72,9.8
Hardware,ibm,storwize_v5000,3,9.8,9.8
Hardware,ibm,storwize_v3500,3,9.8,9.8
Hardware,cisco,hyperflex_hx240c,3,8.3,9.8
Hardware,cisco,hyperflex_hx220c_m5,3,8.3,9.8
Hardware,cisco,hyperflex_hx220c_edge_m5,3,8.3,9.8
Hardware,cisco,hyperflex_hx220c_all_nvme_m5,3,8.3,9.8
Hardware,cisco,hyperflex_hx220c_af_m5,3,8.3,9.8
Hardware,cisco,ncs_5516,3,7.97,8.8
Hardware,cisco,ncs_5508,3,7.97,8.8
Hardware,cisco,rv160,3,8.43,10.0
Hardware,cisco,rv325,3,7.07,7.5
Hardware,cisco,rv320,3,7.07,7.5
Hardware,cisco,rv260w,3,8.43,10.0
Hardware,cisco,rv260p,3,8.43,10.0
Hardware,qualcomm,sd632,3,7.47,8.4
Hardware,cisco,rv160w,3,8.43,10.0
Hardware,citrix,netscaler_gateway,3,7.47,9.8
Aplicación,cisco,unified_communications_manager,3,10.0,10.0
Aplicación,chamilo,chamilo,3,9.8,9.8
Aplicación,posimyth,the_plus_addons_for_elementor,3,7.33,9.8
Hardware,cisco,catalyst_9400_supervisor_engine-1,3,6.97,7.5
Hardware,cisco,hyperflex_hx240c_m5,3,8.3,9.8
Hardware,cisco,hyperflex_hx240c_af_m5,3,8.3,9.8
Hardware,cisco,asr_902,3,7.73,9.8
Hardware,cisco,asr_901s-4sg-f-d,3,7.73,9.8
Hardware,cisco,asr_901s-3sg-f-d,3,7.73,9.8
Hardware,cisco,asr_901s-3sg-f-ah,3,7.73,9.8
Hardware,cisco,asr_901s-2sg-f-d,3,7.73,9.8
Hardware,cisco,asr_901s-2sg-f-ah,3,7.73,9.8
Hardware,cisco,asr_9920,3,8.7,9.8
Hardware,cisco,rv260,3,8.43,10.0
Hardware,qualcomm,pm7250b,3,7.47,8.4
Hardware,qualcomm,ar8151,3,7.47,8.4
Hardware,qualcomm,apq8096au,3,7.47,8.4
Hardware,qualcomm,fsm10056,3,7.47,8.4
Hardware,qualcomm,fsm10055,3,7.47,8.4
Hardware,qualcomm,flight_rb5_5g_platform,3,8.2,8.4
Hardware,qualcomm,msm8917,3,7.47,8.4
Aplicación,phpipam,phpipam,3,5.83,6.1
Hardware,qualcomm,pm640l,3,7.47,8.4
Hardware,qualcomm,pm640a,3,7.47,8.4
Hardware,qualcomm,pm6350,3,7.47,8.4
Hardware,qualcomm,pm6250,3,7.47,8.4
Hardware,intelbras,tip200lite,3,6.07,7.5
Hardware,intelbras,tip200,3,6.07,7.5
Hardware,ibm,storwize_v7000,3,9.8,9.8
Hardware,netapp,h700e,3,7.7,8.4
Hardware,netapp,h610s,3,7.97,8.3
Hardware,netapp,h500e,3,7.7,8.4
Hardware,nortekcontrol,emerge_e3,3,8.03,9.8
Hardware,nortekcontrol,linear_emerge_essential,3,7.8,9.8
Hardware,nortekcontrol,linear_emerge_elite,3,7.8,9.8
Hardware,qualcomm,apq8009w,3,7.47,8.4
Aplicación,bitrix24,bitrix24,3,7.8,9.8
Hardware,contec,sv-cpt-mc310,3,7.8,9.8
Hardware,contec,solarview_compact,3,9.57,9.8
Hardware,dlink,dir-615,3,9.8,9.8
Hardware,fatpipeinc,warp,3,8.3,9.8
Hardware,fatpipeinc,mpvpn,3,8.3,9.8
Hardware,fatpipeinc,ipvpn,3,8.3,9.8
Hardware,hongdian,h8922,3,6.93,8.8
Hardware,netapp,h300e,3,7.7,8.4
Aplicación,redhat,satellite,3,8.3,9.8
Aplicación,vmware,vrealize_log_insight,3,8.3,9.8
Aplicación,webkitgtk,webkitgtk\+,3,8.03,8.8
Aplicación,suse,openstack_cloud,3,6.93,9.8
Aplicación,suse,manager,3,6.93,9.8
Aplicación,sysaid,sysaid,3,6.1,6.1
Aplicación,telerik,ui_for_asp.net_ajax,3,9.8,9.8
Aplicación,redhat,keycloak,3,5.97,6.5
Aplicación,redhat,jboss_enterprise_web_server,3,8.44,9.8
Aplicación,redhat,jboss_core_services,3,8.4,9.0
Aplicación,thinkphp,thinkphp,3,8.7,9.8
Aplicación,thimpress,learnpress,3,8.43,9.9
Aplicación,transposh,transposh_wordpress_translation,3,5.57,6.1
Aplicación,tiki,tikiwiki_cms\/groupware,3,7.95,9.8
Aplicación,codepress,visitor_statistics,3,9.3,9.8
Aplicación,sonicwall,email_security_virtual_appliance,3,7.3,9.8
Aplicación,solarwinds,serv-u,3,7.76,9.0
Aplicación,softwarepublico,i3geo,3,7.33,9.8
Aplicación,redhat,storage,3,9.03,9.8
Aplicación,sonicwall,hosted_email_security,3,7.3,9.8
Aplicación,strangerstudios,paid_memberships_pro,3,8.57,9.8
Aplicación,squirrelmail,squirrelmail,3,,
Aplicación,sugarcrm,sugarcrm,3,8.8,8.8
Aplicación,simplefilelist,simple-file-list,3,7.8,9.8
Aplicación,roxy-wi,roxy-wi,3,10.0,10.0
Aplicación,samba,samba,3,7.65,9.8
Aplicación,school_dormitory_management_system_project,school_dormitory_management_system,3,7.33,9.8
Aplicación,siemens,operation_scheduler,3,9.6,10.0
Aplicación,siemens,siveillance_identity,3,9.6,10.0
Aplicación,siemens,sipass_integrated,3,9.6,10.0
Aplicación,strapi,strapi,3,9.75,9.8
Hardware,cisco,asr_901-6cz-fs-d,3,7.73,9.8
Hardware,cisco,asr_901-6cz-fs-a,3,7.73,9.8
Hardware,cisco,asr_9000,3,8.7,9.8
Hardware,cisco,asr_900,3,7.73,9.8
Hardware,cisco,asr_902u,3,7.73,9.8
Aplicación,couchbase,couchbase_server,3,9.51,9.8
Aplicación,youphptube,youphptube_encoder,3,9.8,9.8
Aplicación,zerof,web_server,3,8.57,9.8
Aplicación,zeit,next.js,3,4.4,4.4
Aplicación,zohocorp,manageengine_desktop_central,3,8.68,9.8
Aplicación,zohocorp,manageengine_access_manager_plus,3,9.8,9.8
Aplicación,zohocorp,manageengine_password_manager_pro,3,9.8,9.8
Aplicación,zohocorp,manageengine_pam360,3,9.8,9.8
Hardware,buffalo,wsr-2533dhpl2-bk,3,8.7,9.8
Aplicación,elastic,elasticsearch,3,8.13,9.8
Hardware,cisco,1100_terminal_services_gateways,3,7.5,7.5
Aplicación,diagrams,drawio,3,7.5,7.5
Aplicación,webtareas_project,webtareas,3,8.33,9.8
Aplicación,webnus,modern_events_calendar_lite,3,8.17,9.8
Aplicación,wpengine,wpgraphql,3,,
Aplicación,wso2,api_microgateway,3,6.6,9.1
Aplicación,wso2,identity_server_as_key_manager,3,5.75,9.8
Aplicación,redhat,cloudforms,3,7.5,7.5
Aplicación,wso2,identity_server_analytics,3,7.28,9.8
Aplicación,wwbn,avideo,3,6.1,6.1
Aplicación,veritas,backup_exec,3,8.37,8.8
Aplicación,veeam,veeam_backup_\&_replication,3,8.76,9.8
Aplicación,vmware,spring_cloud_config,3,6.83,7.5
Aplicación,w3eden,download_manager,3,6.2,6.3
Aplicación,elementor,website_builder,3,6.53,8.8
Hardware,buffalo,wsr-2533dhp3-bk,3,8.7,9.8
Hardware,qualcomm,qca6797aq,3,8.2,8.4
Hardware,qualcomm,qca6698aq,3,8.2,8.4
Hardware,qualcomm,qbt2000,3,7.47,8.4
Aplicación,oracle,rest_data_services,3,6.44,6.9
Hardware,qualcomm,qbt1500,3,7.47,8.4
Hardware,qualcomm,qbt1000,3,7.47,8.4
Hardware,qualcomm,qat5568,3,7.47,8.4
Hardware,qualcomm,qat5533,3,7.47,8.4
Hardware,qualcomm,qat5522,3,7.47,8.4
Hardware,qualcomm,qat5516,3,7.47,8.4
Hardware,qualcomm,qat5515,3,7.47,8.4
Hardware,qualcomm,qat3519,3,7.47,8.4
Hardware,qualcomm,qat3518,3,7.47,8.4
Hardware,qualcomm,qat3516,3,7.47,8.4
Hardware,qualcomm,pm8004,3,7.47,8.4
Hardware,qualcomm,qam8775p,3,8.2,8.4
Aplicación,oracle,retail_merchandising_system,3,8.98,9.8
Aplicación,oracle,retail_integration_bus,3,7.39,9.8
Hardware,qualcomm,qam8650p,3,8.2,8.4
Hardware,qualcomm,qam8295p,3,8.2,8.4
Hardware,qualcomm,qam8255p,3,8.2,8.4
Hardware,qualcomm,pmx55,3,7.47,8.4
Hardware,qualcomm,pmx50,3,7.47,8.4
Hardware,qualcomm,pmx24,3,7.47,8.4
Hardware,qualcomm,pmx20,3,7.47,8.4
Hardware,qualcomm,pm8909,3,7.47,8.4
Hardware,qualcomm,pmr735b,3,7.47,8.4
Hardware,qualcomm,pmr735a,3,7.47,8.4
Hardware,qualcomm,pmr525,3,7.47,8.4
Hardware,qualcomm,pmm8996au,3,7.47,8.4
Hardware,qualcomm,qat3514,3,7.47,8.4
Aplicación,etoilewebdesign,ultimate_faq,3,6.57,7.5
Hardware,qualcomm,qcs605,3,7.47,8.4
Hardware,qualcomm,qcs603,3,7.47,8.4
Hardware,qualcomm,qcs5430,3,8.2,8.4
Hardware,qualcomm,qcs4490,3,8.2,8.4
Hardware,qualcomm,qdm5670,3,7.47,8.4
Hardware,qualcomm,qdm5652,3,7.47,8.4
Hardware,qualcomm,qdm5650,3,7.47,8.4
Hardware,qualcomm,qdm5621,3,7.47,8.4
Hardware,qualcomm,qdm5620,3,7.47,8.4
Hardware,qualcomm,qdm4650,3,7.47,8.4
Hardware,qualcomm,qdm4643,3,7.47,8.4
Hardware,qualcomm,qdm3301,3,7.47,8.4
Hardware,qualcomm,qdm2310,3,7.47,8.4
Aplicación,boldgrid,w3_total_cache,3,6.57,7.5
Hardware,qualcomm,qcm4490,3,8.2,8.4
Hardware,qualcomm,qcm4325,3,8.2,8.4
Hardware,qualcomm,qcn9024,3,8.2,8.4
Hardware,qualcomm,qcn9012,3,8.2,8.4
Aplicación,oracle,jd_edwards_enterpriseone_orchestrator,3,8.83,9.8
Hardware,qualcomm,qcn9011,3,8.2,8.4
Hardware,qualcomm,qcn6024,3,8.2,8.4
Hardware,qualcomm,qcs8550,3,8.2,8.4
Hardware,qualcomm,qcs8250,3,8.2,8.4
Hardware,qualcomm,qcs7230,3,8.2,8.4
Aplicación,oracle,financial_services_crime_and_compliance_management_studio,3,7.43,9.8
Aplicación,oracle,financial_services_behavior_detection_platform,3,9.8,9.8
Hardware,qualcomm,qca6595,3,8.2,8.4
Hardware,qualcomm,qca6584au,3,7.47,8.4
Aplicación,oracle,http_server,3,8.28,9.0
Hardware,qualcomm,qcm5430,3,8.2,8.4
Hardware,qualcomm,pm8150l,3,7.47,8.4
Hardware,qualcomm,pm8150c,3,7.47,8.4
Hardware,qualcomm,pm7250,3,7.47,8.4
Hardware,qualcomm,pm7150l,3,7.47,8.4
Aplicación,papercut,papercut_mf,3,8.57,9.8
Aplicación,paessler,prtg_network_monitor,3,7.43,9.8
Hardware,qualcomm,pm7150a,3,7.47,8.4
Hardware,qualcomm,pm670l,3,7.47,8.4
Hardware,qualcomm,pm670a,3,7.47,8.4
Hardware,qualcomm,pm670,3,7.47,8.4
Hardware,qualcomm,pm660l,3,7.47,8.4
Hardware,qualcomm,pm660a,3,7.47,8.4
Hardware,qualcomm,pm660,3,7.47,8.4
Hardware,qualcomm,pm640p,3,7.47,8.4
Hardware,qualcomm,pmm855au,3,7.47,8.4
Hardware,qualcomm,pm855l,3,7.47,8.4
Hardware,qualcomm,pm855b,3,7.47,8.4
Hardware,qualcomm,pm6150l,3,7.47,8.4
Hardware,qualcomm,pm6150a,3,7.47,8.4
Hardware,qualcomm,pm6150,3,7.47,8.4
Hardware,qualcomm,pm6125,3,7.47,8.4
Aplicación,php,php,3,9.25,9.8
Hardware,qualcomm,pm456,3,7.47,8.4
Hardware,qualcomm,pm439,3,7.47,8.4
Hardware,qualcomm,pm4125,3,7.47,8.4
Hardware,qualcomm,pm3003a,3,7.47,8.4
Hardware,qualcomm,pm215,3,7.47,8.4
Hardware,qualcomm,pm8009,3,7.47,8.4
Hardware,qualcomm,pm8008,3,7.47,8.4
Hardware,qualcomm,pm8005,3,7.47,8.4
Hardware,qualcomm,pm855p,3,7.47,8.4
Hardware,qualcomm,pmm8155au,3,7.47,8.4
Hardware,qualcomm,pmm6155au,3,7.47,8.4
Hardware,qualcomm,pmk8350,3,7.47,8.4
Hardware,qualcomm,pmk8003,3,7.47,8.4
Hardware,qualcomm,pmk8002,3,7.47,8.4
Hardware,qualcomm,pmi8998,3,7.47,8.4
Hardware,qualcomm,qat3555,3,7.47,8.4
Hardware,qualcomm,qat3550,3,7.47,8.4
Hardware,qualcomm,qat3522,3,7.47,8.4
Hardware,qualcomm,pm8150b,3,7.47,8.4
Hardware,qualcomm,pm8150a,3,7.47,8.4
Hardware,qualcomm,pm8150,3,7.47,8.4
Hardware,qualcomm,pmi8952,3,7.47,8.4
Hardware,qualcomm,pmi8937,3,7.47,8.4
Hardware,qualcomm,pmi632,3,7.47,8.4
Hardware,qualcomm,pm8250,3,7.47,8.4
Hardware,qualcomm,pmd9655,3,7.47,8.4
Hardware,qualcomm,pmc1000h,3,7.47,8.4
Hardware,qualcomm,pm8998,3,7.47,8.4
Hardware,qualcomm,pm8953,3,7.47,8.4
Hardware,qualcomm,pm8937,3,7.47,8.4
Hardware,qualcomm,pm8916,3,7.47,8.4
Hardware,qualcomm,pm855a,3,7.47,8.4
Hardware,qualcomm,pm855,3,7.47,8.4
Hardware,qualcomm,pm8350c,3,7.47,8.4
Hardware,qualcomm,pm8350bh,3,7.47,8.4
Aplicación,oracle,siebel_ui_framework,3,9.24,9.8
Aplicación,oracle,workload_manager,3,8.36,9.8
Aplicación,papercut,papercut_ng,3,8.57,9.8
Hardware,qualcomm,pm8350b,3,7.47,8.4
Hardware,qualcomm,pm8350,3,7.47,8.4
Hardware,qualcomm,pme605,3,7.47,8.4
Sistema Operativo,qualcomm,qpm5541_firmware,3,7.47,8.4
Sistema Operativo,qualcomm,qpm4650_firmware,3,7.47,8.4
Sistema Operativo,qualcomm,qpm4641_firmware,3,7.47,8.4
Sistema Operativo,qualcomm,qsw8573_firmware,3,7.47,8.4
Sistema Operativo,qualcomm,qsw6310_firmware,3,7.47,8.4
Sistema Operativo,qualcomm,qsm7250_firmware,3,7.47,8.4
Sistema Operativo,qualcomm,qpm8895_firmware,3,7.47,8.4
Sistema Operativo,qualcomm,qpm8870_firmware,3,7.47,8.4
Sistema Operativo,qualcomm,qpm8830_firmware,3,7.47,8.4
Sistema Operativo,qualcomm,qpa8675_firmware,3,7.47,8.4
Sistema Operativo,qualcomm,qpa8673_firmware,3,7.47,8.4
Sistema Operativo,qualcomm,qpa6560_firmware,3,7.47,8.4
Sistema Operativo,qualcomm,qpa5581_firmware,3,7.47,8.4
Sistema Operativo,qualcomm,qpa5580_firmware,3,7.47,8.4
Sistema Operativo,qualcomm,qpa5461_firmware,3,7.47,8.4
Aplicación,sitecore,cms,3,9.3,9.8
Sistema Operativo,qualcomm,qpm4621_firmware,3,7.47,8.4
Sistema Operativo,qualcomm,qpm4630_firmware,3,7.47,8.4
Sistema Operativo,qualcomm,qpm4640_firmware,3,7.47,8.4
Sistema Operativo,qualcomm,qln1030_firmware,3,7.47,8.4
Sistema Operativo,qualcomm,qln4640_firmware,3,7.47,8.4
Sistema Operativo,qualcomm,qln4642_firmware,3,7.47,8.4
Sistema Operativo,qualcomm,qln4650_firmware,3,7.47,8.4
Sistema Operativo,qualcomm,qpm6325_firmware,3,7.47,8.4
Sistema Operativo,qualcomm,qpm5641_firmware,3,7.47,8.4
Sistema Operativo,qualcomm,qpm5657_firmware,3,7.47,8.4
Sistema Operativo,qualcomm,qpm5658_firmware,3,7.47,8.4
Sistema Operativo,qualcomm,qpm5670_firmware,3,7.47,8.4
Sistema Operativo,qualcomm,qpm5677_firmware,3,7.47,8.4
Sistema Operativo,qualcomm,qpm5679_firmware,3,7.47,8.4
Sistema Operativo,qualcomm,qpm5870_firmware,3,7.47,8.4
Sistema Operativo,qualcomm,qpm5875_firmware,3,7.47,8.4
Sistema Operativo,qualcomm,qln5020_firmware,3,7.47,8.4
Sistema Operativo,qualcomm,qpm8820_firmware,3,7.47,8.4
Sistema Operativo,qualcomm,sd632_firmware,3,7.47,8.4
Sistema Operativo,qualcomm,sa4150p_firmware,3,8.2,8.4
Sistema Operativo,qualcomm,sa4155p_firmware,3,8.2,8.4
Sistema Operativo,qualcomm,sa515m_firmware,3,7.47,8.4
Sistema Operativo,qualcomm,sa8145p_firmware,3,8.2,8.4
Sistema Operativo,qualcomm,sa8255p_firmware,3,8.2,8.4
Sistema Operativo,qualcomm,qpm5577_firmware,3,7.47,8.4
Sistema Operativo,qualcomm,qsw8574_firmware,3,7.47,8.4
Sistema Operativo,qualcomm,qtc410s_firmware,3,7.47,8.4
Sistema Operativo,qualcomm,sa8770p_firmware,3,8.2,8.4
Sistema Operativo,qualcomm,sa8775p_firmware,3,8.2,8.4
Sistema Operativo,qualcomm,sa9000p_firmware,3,8.2,8.4
Sistema Operativo,qualcomm,sd205_firmware,3,7.47,8.4
Sistema Operativo,qualcomm,sd210_firmware,3,7.47,8.4
Sistema Operativo,qualcomm,sd429_firmware,3,7.47,8.4
Sistema Operativo,qualcomm,sa8295p_firmware,3,8.2,8.4
Sistema Operativo,qualcomm,qpm5579_firmware,3,7.47,8.4
Sistema Operativo,qualcomm,qpm5620_firmware,3,7.47,8.4
Sistema Operativo,qualcomm,qpm5621_firmware,3,7.47,8.4
Sistema Operativo,qualcomm,qtc800h_firmware,3,7.47,8.4
Sistema Operativo,qualcomm,qtc800s_firmware,3,7.47,8.4
Sistema Operativo,qualcomm,qtc800t_firmware,3,7.47,8.4
Sistema Operativo,qualcomm,qtc801s_firmware,3,7.47,8.4
Sistema Operativo,qualcomm,qpm6670_firmware,3,7.47,8.4
Sistema Operativo,qualcomm,qtm527_firmware,3,7.47,8.4
Aplicación,imagemagick,imagemagick,3,6.47,8.4
Sistema Operativo,qualcomm,rgr7640au_firmware,3,7.47,8.4
Sistema Operativo,qualcomm,rsw8577_firmware,3,7.47,8.4
Sistema Operativo,qualcomm,qpm6375_firmware,3,7.47,8.4
Sistema Operativo,qualcomm,qpm6582_firmware,3,7.47,8.4
Sistema Operativo,qualcomm,qpm6585_firmware,3,7.47,8.4
Sistema Operativo,qualcomm,qpm6621_firmware,3,7.47,8.4
Sistema Operativo,qualcomm,qtm525_firmware,3,7.47,8.4
Sistema Operativo,qualcomm,qfs2530_firmware,3,7.47,8.4
Sistema Operativo,qualcomm,qfe4373fc_firmware,3,7.47,8.4
Aplicación,ivanti,policy_secure,3,7.2,7.2
Sistema Operativo,qualcomm,qfe4320_firmware,3,7.47,8.4
Sistema Operativo,qualcomm,qdm3301_firmware,3,7.47,8.4
Sistema Operativo,qualcomm,qdm2310_firmware,3,7.47,8.4
Sistema Operativo,qualcomm,qdm2308_firmware,3,7.47,8.4
Sistema Operativo,qualcomm,qdm2307_firmware,3,7.47,8.4
Sistema Operativo,qualcomm,qdm2305_firmware,3,7.47,8.4
Sistema Operativo,qualcomm,qdm2302_firmware,3,7.47,8.4
Sistema Operativo,qualcomm,qdm2301_firmware,3,7.47,8.4
Sistema Operativo,qualcomm,qcs8550_firmware,3,8.2,8.4
Sistema Operativo,qualcomm,qcs8250_firmware,3,8.2,8.4
Sistema Operativo,qualcomm,qfe2550_firmware,3,7.47,8.4
Sistema Operativo,qualcomm,qfe2520_firmware,3,7.47,8.4
Sistema Operativo,qualcomm,qpm2630_firmware,3,7.47,8.4
Sistema Operativo,qualcomm,qdm4650_firmware,3,7.47,8.4
Sistema Operativo,qualcomm,qdm5620_firmware,3,7.47,8.4
Sistema Operativo,qualcomm,qdm5621_firmware,3,7.47,8.4
Sistema Operativo,qualcomm,qcs4490_firmware,3,8.2,8.4
Sistema Operativo,qualcomm,qcs5430_firmware,3,8.2,8.4
Sistema Operativo,qualcomm,qcs603_firmware,3,7.47,8.4
Sistema Operativo,qualcomm,qcs605_firmware,3,7.47,8.4
Sistema Operativo,qualcomm,qfe2101_firmware,3,7.47,8.4
Aplicación,apache,log4j,3,9.53,10.0
Sistema Operativo,qualcomm,qcn6024_firmware,3,8.2,8.4
Sistema Operativo,qualcomm,qcn9011_firmware,3,8.2,8.4
Sistema Operativo,qualcomm,qcn9012_firmware,3,8.2,8.4
Sistema Operativo,qualcomm,qet5100_firmware,3,7.47,8.4
Sistema Operativo,qualcomm,qet5100m_firmware,3,7.47,8.4
Sistema Operativo,qualcomm,qet6100_firmware,3,7.47,8.4
Sistema Operativo,qualcomm,qet6110_firmware,3,7.47,8.4
Sistema Operativo,qualcomm,qcs7230_firmware,3,8.2,8.4
Sistema Operativo,qualcomm,qpa4361_firmware,3,7.47,8.4
Sistema Operativo,qualcomm,qpa5373_firmware,3,7.47,8.4
Sistema Operativo,qualcomm,qpa5460_firmware,3,7.47,8.4
Sistema Operativo,qualcomm,qfe3340_firmware,3,7.47,8.4
Sistema Operativo,qualcomm,qfe4301_firmware,3,7.47,8.4
Sistema Operativo,qualcomm,qfe4302_firmware,3,7.47,8.4
Sistema Operativo,qualcomm,qfe4303_firmware,3,7.47,8.4
Sistema Operativo,qualcomm,qfs2580_firmware,3,7.47,8.4
Sistema Operativo,qualcomm,qfe4308_firmware,3,7.47,8.4
Sistema Operativo,qualcomm,qfe4309_firmware,3,7.47,8.4
Sistema Operativo,qualcomm,qpa8686_firmware,3,7.47,8.4
Sistema Operativo,qualcomm,qpa8801_firmware,3,7.47,8.4
Sistema Operativo,qualcomm,qpa8802_firmware,3,7.47,8.4
Sistema Operativo,qualcomm,qpa8803_firmware,3,7.47,8.4
Sistema Operativo,qualcomm,qpa8821_firmware,3,7.47,8.4
Sistema Operativo,qualcomm,qpa8842_firmware,3,7.47,8.4
Sistema Operativo,qualcomm,qfe4305_firmware,3,7.47,8.4
Sistema Operativo,qualcomm,qfs2608_firmware,3,7.47,8.4
Sistema Operativo,qualcomm,qfs2630_firmware,3,7.47,8.4
Sistema Operativo,qualcomm,qln1020_firmware,3,7.47,8.4
Sistema Operativo,qualcomm,qdm5650_firmware,3,7.47,8.4
Sistema Operativo,qualcomm,qdm5652_firmware,3,7.47,8.4
Sistema Operativo,qualcomm,qdm5670_firmware,3,7.47,8.4
Sistema Operativo,qualcomm,qdm5671_firmware,3,7.47,8.4
Sistema Operativo,qualcomm,qpa4360_firmware,3,7.47,8.4
Sistema Operativo,qualcomm,qdm5679_firmware,3,7.47,8.4
Sistema Operativo,qualcomm,qet4100_firmware,3,7.47,8.4
Sistema Operativo,qualcomm,qet4101_firmware,3,7.47,8.4
Sistema Operativo,qualcomm,qln5030_firmware,3,7.47,8.4
Sistema Operativo,qualcomm,qln5040_firmware,3,7.47,8.4
Aplicación,jeesns,jeesns,3,6.1,6.1
Sistema Operativo,qualcomm,qpa2625_firmware,3,7.47,8.4
Sistema Operativo,qualcomm,qpa4340_firmware,3,7.47,8.4
Sistema Operativo,qualcomm,qdm5677_firmware,3,7.47,8.4
Sistema Operativo,qualcomm,wtr3925_firmware,3,7.47,8.4
Sistema Operativo,qualcomm,wtr2965_firmware,3,7.47,8.4
Sistema Operativo,qualcomm,wtr2955_firmware,3,7.47,8.4
Sistema Operativo,qualcomm,wsa8845h_firmware,3,8.2,8.4
Sistema Operativo,qualcomm,wsa8845_firmware,3,8.2,8.4
Sistema Operativo,qualcomm,wsa8840_firmware,3,8.2,8.4
Sistema Operativo,qualcomm,wsa8832_firmware,3,8.2,8.4
Sistema Operativo,qualcomm,wgr7640_firmware,3,7.47,8.4
Sistema Operativo,redhat,enterprise_linux_for_arm_64_eus,3,8.38,9.0
Sistema Operativo,qualcomm,sxr2230p_firmware,3,8.2,8.4
Sistema Operativo,qualcomm,sxr2130_firmware,3,8.2,8.4
Sistema Operativo,qualcomm,sxr1230p_firmware,3,8.2,8.4
Sistema Operativo,qualcomm,wcn3660_firmware,3,7.47,8.4
Sistema Operativo,qualcomm,wcd9395_firmware,3,8.2,8.4
Aplicación,gigabyte,app_center,3,7.8,7.8
Sistema Operativo,qualcomm,sd450_firmware,3,7.47,8.4
Sistema Operativo,qualcomm,video_collaboration_vc3_platform_firmware,3,8.2,8.4
Sistema Operativo,qualcomm,video_collaboration_vc5_platform_firmware,3,8.2,8.4
Sistema Operativo,qualcomm,wcd9360_firmware,3,7.47,8.4
Aplicación,f5,big-ip_advanced_web_application_firewall,3,9.8,9.8
Aplicación,gitea,gitea,3,6.47,7.2
Aplicación,givewp,givewp,3,5.83,6.1
Aplicación,glpi-project,glpi,3,7.07,9.8
Aplicación,ghost,ghost,3,6.53,7.5
Sistema Operativo,qualcomm,snapdragon_x12_lte_modem_firmware,3,8.2,8.4
Sistema Operativo,qualcomm,snapdragon_x55_5g_modem-rf_system_firmware,3,8.2,8.4
Sistema Operativo,qualcomm,snapdragon_x65_5g_modem-rf_system_firmware,3,8.2,8.4
Sistema Operativo,qualcomm,snapdragon_xr2\+_gen_1_platform_firmware,3,8.2,8.4
Sistema Operativo,qualcomm,snapdragon_xr2_5g_platform_firmware,3,8.2,8.4
Sistema Operativo,qualcomm,ssg2115p_firmware,3,8.2,8.4
Sistema Operativo,qualcomm,wcn6855_firmware,3,7.67,8.4
Sistema Operativo,qualcomm,wcd9390_firmware,3,8.2,8.4
Aplicación,gnu,bash,3,8.87,9.8
Sistema Operativo,sonicwall,email_security_appliance_9000_firmware,3,7.3,9.8
Sistema Operativo,terra-master,tos,3,8.3,9.8
Sistema Operativo,wavlink,wn533a8_firmware,3,7.03,7.5
Sistema Operativo,wavlink,wn579x3_firmware,3,7.33,9.8
Aplicación,filemanagerpro,file_manager,3,8.75,10.0
Aplicación,flatpress,flatpress,3,6.87,9.8
Sistema Operativo,wavlink,wl-wn535k2_firmware,3,8.0,8.0
Sistema Operativo,qualcomm,wcn6750_firmware,3,8.0,8.4
Sistema Operativo,zyxel,zywall_310_firmware,3,9.8,9.8
Sistema Operativo,zyxel,zywall_110_firmware,3,9.8,9.8
Sistema Operativo,zyxel,zywall_1100_firmware,3,9.8,9.8
Aplicación,f5,big-iq_cloud,3,8.37,9.8
Aplicación,f5,big-iq_centralized_management,3,7.65,9.8
Sistema Operativo,zyxel,usg2200-vpn_firmware,3,,
Sistema Operativo,zyxel,usg_flex_50_firmware,3,9.8,9.8
Aplicación,10web,photo_gallery,3,8.57,9.8
Sistema Operativo,wavlink,wl-wn535k3_firmware,3,8.0,8.0
Sistema Operativo,sonicwall,sma_100_firmware,3,8.27,9.8
Sistema Operativo,sonicwall,sma_200_firmware,3,9.14,9.8
Sistema Operativo,sonicwall,sma_400_firmware,3,9.14,9.8
Sistema Operativo,sonicwall,email_security_appliance_3300_firmware,3,7.3,9.8
Sistema Operativo,sonicwall,email_security_appliance_4300_firmware,3,7.3,9.8
Sistema Operativo,sonicwall,email_security_appliance_5000_firmware,3,7.3,9.8
Aplicación,adobe,air_desktop_runtime,3,9.13,9.8
Aplicación,adobe,experience_manager,3,7.5,7.5
Sistema Operativo,qualcomm,wtr5975_firmware,3,7.47,8.4
Sistema Operativo,qualcomm,wtr6955_firmware,3,7.47,8.4
Aplicación,fedoraproject,extra_packages_for_enterprise_linux,3,7.58,8.8
Sistema Operativo,suse,linux_enterprise_java,3,9.8,9.8
Sistema Operativo,sonicwall,email_security_appliance_5050_firmware,3,7.3,9.8
Sistema Operativo,sonicwall,email_security_appliance_7000_firmware,3,7.3,9.8
Sistema Operativo,sonicwall,email_security_appliance_7050_firmware,3,7.3,9.8
Sistema Operativo,sonicwall,email_security_appliance_8300_firmware,3,7.3,9.8
Sistema Operativo,qualcomm,wtr4905_firmware,3,7.47,8.4
Sistema Operativo,qualcomm,sdw3100_firmware,3,7.47,8.4
Sistema Operativo,qualcomm,sdx20_firmware,3,7.47,8.4
Sistema Operativo,qualcomm,sdx24_firmware,3,7.47,8.4
Sistema Operativo,qualcomm,sdx50m_firmware,3,7.47,8.4
Sistema Operativo,qualcomm,sd_675_firmware,3,8.0,8.4
Sistema Operativo,qualcomm,sda429w_firmware,3,7.47,8.4
Sistema Operativo,qualcomm,sdm630_firmware,3,7.47,8.4
Sistema Operativo,qualcomm,video_collaboration_vc1_platform_firmware,3,8.2,8.4
Sistema Operativo,qualcomm,smb1396_firmware,3,7.47,8.4
Sistema Operativo,qualcomm,smb1398_firmware,3,7.47,8.4
Sistema Operativo,qualcomm,smb231_firmware,3,7.47,8.4
Sistema Operativo,qualcomm,smb2351_firmware,3,7.47,8.4
Sistema Operativo,qualcomm,sm8550p_firmware,3,8.2,8.4
Sistema Operativo,qualcomm,smb1350_firmware,3,7.47,8.4
Aplicación,gvectors,wpforo_forum,3,6.1,6.1
Sistema Operativo,qualcomm,sm6250p_firmware,3,7.47,8.4
Sistema Operativo,qualcomm,sdm830_firmware,3,7.47,8.4
Sistema Operativo,qualcomm,sd480_firmware,3,7.67,8.4
Sistema Operativo,qualcomm,sdr051_firmware,3,7.47,8.4
Sistema Operativo,qualcomm,sdr052_firmware,3,7.47,8.4
Sistema Operativo,qualcomm,sdr425_firmware,3,7.47,8.4
Sistema Operativo,qualcomm,sdr660_firmware,3,7.47,8.4
Sistema Operativo,qualcomm,sdr660g_firmware,3,7.47,8.4
Aplicación,hospital_management_system_project,hospital_management_system,3,8.93,9.8
Sistema Operativo,qualcomm,sdr865_firmware,3,7.47,8.4
Sistema Operativo,qualcomm,sd870_firmware,3,7.67,8.4
Sistema Operativo,qualcomm,sd665_firmware,3,7.47,8.4
Sistema Operativo,qualcomm,sd710_firmware,3,7.47,8.4
Sistema Operativo,qualcomm,sd720g_firmware,3,7.47,8.4
Sistema Operativo,qualcomm,sdr735_firmware,3,7.47,8.4
Sistema Operativo,qualcomm,sdr735g_firmware,3,7.47,8.4
Sistema Operativo,qualcomm,sdr8150_firmware,3,7.47,8.4
Sistema Operativo,qualcomm,sdr8250_firmware,3,7.47,8.4
Sistema Operativo,qualcomm,sd845_firmware,3,7.47,8.4
Sistema Operativo,qualcomm,smb1381_firmware,3,7.47,8.4
Sistema Operativo,qualcomm,smb1390_firmware,3,7.47,8.4
Sistema Operativo,qualcomm,smb1395_firmware,3,7.47,8.4
Sistema Operativo,qualcomm,ssg2125p_firmware,3,8.2,8.4
Sistema Operativo,qualcomm,sw5100_firmware,3,8.2,8.4
Sistema Operativo,qualcomm,sw5100p_firmware,3,8.2,8.4
Sistema Operativo,qualcomm,snapdragon_8\+_gen_2_mobile_platform_firmware,3,8.2,8.4
Sistema Operativo,qualcomm,sm7315_firmware,3,8.2,8.4
Sistema Operativo,qualcomm,snapdragon_ar2_gen_1_platform_firmware,3,8.2,8.4
Sistema Operativo,qualcomm,snapdragon_auto_5g_modem-rf_firmware,3,8.2,8.4
Sistema Operativo,qualcomm,snapdragon_w5\+_gen_1_wearable_platform_firmware,3,8.2,8.4
Aplicación,f5,big-iq_device,3,8.37,9.8
Aplicación,f5,big-iq_security,3,8.37,9.8
Aplicación,f5,ssl_orchestrator,3,9.8,9.8
Aplicación,f5,traffix_signaling_delivery_controller,3,9.8,9.8
Sistema Operativo,qualcomm,snapdragon_7c\+_gen_3_compute_firmware,3,8.2,8.4
Sistema Operativo,qualcomm,snapdragon_8_gen_2_mobile_platform_firmware,3,8.2,8.4
Sistema Operativo,qualcomm,sdxr1_firmware,3,7.47,8.4
Sistema Operativo,qualcomm,sdxr2_5g_firmware,3,8.2,8.4
Sistema Operativo,qualcomm,sg4150p_firmware,3,8.2,8.4
Sistema Operativo,qualcomm,sg8275p_firmware,3,8.2,8.4
Sistema Operativo,qualcomm,sdr675_firmware,3,7.47,8.4
Sistema Operativo,qualcomm,snapdragon_662_mobile_platform_firmware,3,8.2,8.4
Sistema Operativo,qualcomm,smr525_firmware,3,7.47,8.4
Sistema Operativo,qualcomm,smb1380_firmware,3,7.47,8.4
Sistema Operativo,qualcomm,snapdragon_439_mobile_platform_firmware,3,8.2,8.4
Sistema Operativo,qualcomm,snapdragon_4_gen_2_mobile_platform_firmware,3,8.2,8.4
Sistema Operativo,qualcomm,smb1351_firmware,3,7.47,8.4
Sistema Operativo,qualcomm,smb1354_firmware,3,7.47,8.4
Sistema Operativo,qualcomm,smb1355_firmware,3,7.47,8.4
Sistema Operativo,qualcomm,smb1357_firmware,3,7.47,8.4
Sistema Operativo,qualcomm,smb1358_firmware,3,7.47,8.4
Sistema Operativo,qualcomm,smb1360_firmware,3,7.47,8.4
Sistema Operativo,qualcomm,smr526_firmware,3,7.47,8.4
Aplicación,montala,resourcespace,3,6.3,6.5
Hardware,qualcomm,wcn6855,3,7.67,8.4
Hardware,qualcomm,wcn6750,3,8.0,8.4
Hardware,qualcomm,wtr6955,3,7.47,8.4
Hardware,qualcomm,wtr5975,3,7.47,8.4
Hardware,qualcomm,wtr4905,3,7.47,8.4
Hardware,qualcomm,wtr3925,3,7.47,8.4
Hardware,qualcomm,wtr2965,3,7.47,8.4
Hardware,qualcomm,wtr2955,3,7.47,8.4
Hardware,qualcomm,wsa8845h,3,8.2,8.4
Hardware,qualcomm,wcd9360,3,7.47,8.4
Hardware,qualcomm,video_collaboration_vc5_platform,3,8.2,8.4
Hardware,qualcomm,video_collaboration_vc3_platform,3,8.2,8.4
Hardware,qualcomm,video_collaboration_vc1_platform,3,8.2,8.4
Hardware,qualcomm,wcn3660,3,7.47,8.4
Sistema Operativo,qualcomm,qdm4643_firmware,3,7.47,8.4
Hardware,qualcomm,ssg2115p,3,8.2,8.4
Hardware,qualcomm,ssg2125p,3,8.2,8.4
Hardware,qualcomm,sw5100,3,8.2,8.4
Hardware,qualcomm,sw5100p,3,8.2,8.4
Aplicación,myeventon,eventon,3,5.57,6.1
Hardware,qualcomm,sxr1230p,3,8.2,8.4
Hardware,qualcomm,sxr2130,3,8.2,8.4
Hardware,qualcomm,wcd9395,3,8.2,8.4
Hardware,qualcomm,snapdragon_8\+_gen_2_mobile_platform,3,8.2,8.4
Hardware,qualcomm,snapdragon_8_gen_2_mobile_platform,3,8.2,8.4
Hardware,qualcomm,snapdragon_ar2_gen_1_platform,3,8.2,8.4
Hardware,qualcomm,snapdragon_auto_5g_modem-rf,3,8.2,8.4
Aplicación,moodle,moodle,3,6.14,6.5
Aplicación,minio,minio,3,8.0,8.8
Hardware,qualcomm,wgr7640,3,7.47,8.4
Hardware,qualcomm,wcd9390,3,8.2,8.4
Hardware,qualcomm,sxr2230p,3,8.2,8.4
Hardware,wavlink,wn579x3,3,7.33,9.8
Hardware,wavlink,wl-wn535k2,3,8.0,8.0
Hardware,wavlink,wl-wn535k3,3,8.0,8.0
Hardware,wavlink,wn533a8,3,7.03,7.5
Hardware,zyxel,zywall_310,3,9.8,9.8
Hardware,zyxel,usg_flex_50,3,9.8,9.8
Sistema Operativo,cisco,rv260p_firmware,3,8.43,10.0
Hardware,sonicwall,email_security_appliance_5000,3,7.3,9.8
Sistema Operativo,cisco,rv320_firmware,3,7.18,7.5
Sistema Operativo,cisco,hyperflex_hx_data_platform,3,8.3,9.8
Sistema Operativo,buffalo,wsr-2533dhp3-bk_firmware,3,8.7,9.8
Sistema Operativo,buffalo,wsr-2533dhpl2-bk_firmware,3,8.7,9.8
Aplicación,f5,big-ip_ddos_hybrid_defender,3,9.8,9.8
Aplicación,f5,big-ip_protocol_security_module,3,8.37,9.8
Aplicación,f5,big-ip_wan_optimization_manager,3,8.37,9.8
Hardware,zyxel,zywall_110,3,9.8,9.8
Sistema Operativo,cisco,rv260w_firmware,3,8.43,10.0
Hardware,sonicwall,email_security_appliance_5050,3,7.3,9.8
Hardware,sonicwall,email_security_appliance_7000,3,7.3,9.8
Hardware,sonicwall,email_security_appliance_7050,3,7.3,9.8
Hardware,sonicwall,email_security_appliance_8300,3,7.3,9.8
Hardware,sonicwall,email_security_appliance_9000,3,7.3,9.8
Aplicación,mitel,mivoice_connect,3,7.8,9.8
Hardware,qualcomm,wsa8832,3,8.2,8.4
Aplicación,microsoft,office_web_apps,3,7.8,7.8
Hardware,qualcomm,wsa8845,3,8.2,8.4
Aplicación,microstrategy,microstrategy_web,3,7.5,7.5
Hardware,sonicwall,sma_100,3,8.27,9.8
Hardware,sonicwall,sma_200,3,8.7,9.8
Hardware,sonicwall,sma_400,3,8.7,9.8
Hardware,sonicwall,email_security_appliance_3300,3,7.3,9.8
Hardware,sonicwall,email_security_appliance_4300,3,7.3,9.8
Hardware,zyxel,usg2200-vpn,3,,
Hardware,qualcomm,wsa8840,3,8.2,8.4
Hardware,qualcomm,sdx20,3,7.47,8.4
Hardware,qualcomm,sdw3100,3,7.47,8.4
Hardware,qualcomm,sdr865,3,7.47,8.4
Hardware,qualcomm,sdr8250,3,7.47,8.4
Hardware,qualcomm,sdr8150,3,7.47,8.4
Hardware,qualcomm,sm6250p,3,7.47,8.4
Hardware,qualcomm,sg8275p,3,8.2,8.4
Hardware,qualcomm,sg4150p,3,8.2,8.4
Hardware,qualcomm,sdxr2_5g,3,8.2,8.4
Aplicación,netapp,ontap_select_deploy_administration_utility,3,8.13,9.6
Hardware,qualcomm,sdr735g,3,7.47,8.4
Hardware,qualcomm,sdr735,3,7.47,8.4
Hardware,qualcomm,sdr675,3,7.47,8.4
Hardware,qualcomm,sdr660g,3,7.47,8.4
Hardware,qualcomm,sdr660,3,7.47,8.4
Hardware,qualcomm,snapdragon_xr2_5g_platform,3,8.2,8.4
Hardware,qualcomm,sd665,3,7.47,8.4
Hardware,qualcomm,sa515m,3,7.47,8.4
Aplicación,odoo,odoo,3,6.1,6.1
Hardware,qualcomm,sd845,3,7.47,8.4
Hardware,qualcomm,sd870,3,7.67,8.4
Hardware,qualcomm,sd_675,3,8.0,8.4
Aplicación,netapp,storagegrid,3,9.4,9.8
Hardware,qualcomm,sdr425,3,7.47,8.4
Hardware,qualcomm,sd710,3,7.47,8.4
Hardware,qualcomm,sd720g,3,7.47,8.4
Hardware,qualcomm,sdxr1,3,7.47,8.4
Hardware,qualcomm,sda429w,3,7.47,8.4
Hardware,qualcomm,sdm630,3,7.47,8.4
Hardware,qualcomm,sdm830,3,7.47,8.4
Hardware,qualcomm,sdr051,3,7.47,8.4
Hardware,qualcomm,sdr052,3,7.47,8.4
Aplicación,netfortris,trixbox,3,7.65,8.8
Hardware,qualcomm,snapdragon_7c\+_gen_3_compute,3,8.2,8.4
Hardware,qualcomm,snapdragon_662_mobile_platform,3,8.2,8.4
Hardware,qualcomm,snapdragon_439_mobile_platform,3,8.2,8.4
Hardware,qualcomm,snapdragon_4_gen_2_mobile_platform,3,8.2,8.4
Aplicación,netapp,cloud_manager,3,7.5,10.0
Aplicación,netapp,e-series_santricity_os_controller,3,6.13,7.8
Aplicación,netapp,e-series_santricity_web_services,3,6.8,9.8
Hardware,qualcomm,sdx24,3,7.47,8.4
Hardware,qualcomm,smb1358,3,7.47,8.4
Hardware,qualcomm,smb1360,3,7.47,8.4
Hardware,qualcomm,smb1380,3,7.47,8.4
Hardware,qualcomm,smb1381,3,7.47,8.4
Hardware,qualcomm,smb1390,3,7.47,8.4
Hardware,qualcomm,snapdragon_x55_5g_modem-rf_system,3,8.2,8.4
Hardware,qualcomm,snapdragon_x65_5g_modem-rf_system,3,8.2,8.4
Hardware,qualcomm,snapdragon_xr2\+_gen_1_platform,3,8.2,8.4
Hardware,qualcomm,smb1357,3,7.47,8.4
Hardware,qualcomm,sdx50m,3,7.47,8.4
Hardware,qualcomm,smb1395,3,7.47,8.4
Hardware,qualcomm,smb1396,3,7.47,8.4
Hardware,qualcomm,smb1398,3,7.47,8.4
Hardware,qualcomm,smb231,3,7.47,8.4
Hardware,qualcomm,smb2351,3,7.47,8.4
Aplicación,netapp,oncommand_unified_manager,3,9.05,9.8
Hardware,qualcomm,snapdragon_x12_lte_modem,3,8.2,8.4
Hardware,qualcomm,smr526,3,7.47,8.4
Hardware,qualcomm,sm8550p,3,8.2,8.4
Hardware,qualcomm,smb1350,3,7.47,8.4
Hardware,qualcomm,smb1351,3,7.47,8.4
Hardware,qualcomm,smb1354,3,7.47,8.4
Hardware,qualcomm,smb1355,3,7.47,8.4
Hardware,qualcomm,sm7315,3,8.2,8.4
Hardware,qualcomm,snapdragon_w5\+_gen_1_wearable_platform,3,8.2,8.4
Hardware,qualcomm,smr525,3,7.47,8.4
Sistema Operativo,qualcomm,pm855b_firmware,3,7.47,8.4
Sistema Operativo,qualcomm,pmm8996au_firmware,3,7.47,8.4
Aplicación,lfprojects,mlflow,3,8.87,9.8
Sistema Operativo,qualcomm,pmm855au_firmware,3,7.47,8.4
Sistema Operativo,qualcomm,pmm8155au_firmware,3,7.47,8.4
Sistema Operativo,qualcomm,pmm6155au_firmware,3,7.47,8.4
Sistema Operativo,qualcomm,pmk8350_firmware,3,7.47,8.4
Sistema Operativo,qualcomm,pmk8003_firmware,3,7.47,8.4
Sistema Operativo,qualcomm,pmk8002_firmware,3,7.47,8.4
Sistema Operativo,qualcomm,pmi8998_firmware,3,7.47,8.4
Sistema Operativo,qualcomm,pmi8952_firmware,3,7.47,8.4
Sistema Operativo,qualcomm,pmi8937_firmware,3,7.47,8.4
Sistema Operativo,qualcomm,qat3519_firmware,3,7.47,8.4
Sistema Operativo,qualcomm,qat3518_firmware,3,7.47,8.4
Aplicación,labkey,labkey_server,3,6.57,7.5
Hardware,zyxel,zywall_1100,3,9.8,9.8
Sistema Operativo,qualcomm,pm660_firmware,3,7.47,8.4
Sistema Operativo,qualcomm,pm855p_firmware,3,7.47,8.4
Sistema Operativo,qualcomm,pm8909_firmware,3,7.47,8.4
Sistema Operativo,qualcomm,pm8916_firmware,3,7.47,8.4
Sistema Operativo,qualcomm,pm8937_firmware,3,7.47,8.4
Sistema Operativo,qualcomm,pm8953_firmware,3,7.47,8.4
Sistema Operativo,qualcomm,pm8998_firmware,3,7.47,8.4
Sistema Operativo,qualcomm,pm8150a_firmware,3,7.47,8.4
Sistema Operativo,qualcomm,pmd9655_firmware,3,7.47,8.4
Aplicación,laravel,laravel,3,8.95,9.8
Sistema Operativo,qualcomm,pme605_firmware,3,7.47,8.4
Sistema Operativo,qualcomm,pmi632_firmware,3,7.47,8.4
Sistema Operativo,qualcomm,pm8005_firmware,3,7.47,8.4
Sistema Operativo,qualcomm,pm8008_firmware,3,7.47,8.4
Sistema Operativo,qualcomm,pm8009_firmware,3,7.47,8.4
Sistema Operativo,qualcomm,pm8150_firmware,3,7.47,8.4
Sistema Operativo,qualcomm,pmc1000h_firmware,3,7.47,8.4
Sistema Operativo,qualcomm,qat3555_firmware,3,7.47,8.4
Sistema Operativo,qualcomm,qat5515_firmware,3,7.47,8.4
Aplicación,apache,spark,3,9.3,9.8
Sistema Operativo,qualcomm,qat5516_firmware,3,7.47,8.4
Sistema Operativo,qualcomm,qat5522_firmware,3,7.47,8.4
Sistema Operativo,qualcomm,qat5533_firmware,3,7.47,8.4
Sistema Operativo,qualcomm,qat5568_firmware,3,7.47,8.4
Sistema Operativo,qualcomm,pm855l_firmware,3,7.47,8.4
Sistema Operativo,qualcomm,qcn9024_firmware,3,8.2,8.4
Sistema Operativo,qualcomm,qcm4325_firmware,3,8.2,8.4
Sistema Operativo,qualcomm,qcm4490_firmware,3,8.2,8.4
Sistema Operativo,qualcomm,qcm5430_firmware,3,8.2,8.4
Sistema Operativo,qualcomm,qca6584au_firmware,3,7.47,8.4
Sistema Operativo,qualcomm,qca6595_firmware,3,8.2,8.4
Sistema Operativo,qualcomm,qca6698aq_firmware,3,8.2,8.4
Sistema Operativo,qualcomm,qca6797aq_firmware,3,8.2,8.4
Sistema Operativo,qualcomm,qbt1000_firmware,3,7.47,8.4
Sistema Operativo,qualcomm,qbt1500_firmware,3,7.47,8.4
Sistema Operativo,qualcomm,qbt2000_firmware,3,7.47,8.4
Sistema Operativo,qualcomm,pmr525_firmware,3,7.47,8.4
Sistema Operativo,qualcomm,pmr735a_firmware,3,7.47,8.4
Sistema Operativo,qualcomm,pmr735b_firmware,3,7.47,8.4
Sistema Operativo,qualcomm,pmx20_firmware,3,7.47,8.4
Sistema Operativo,qualcomm,pmx24_firmware,3,7.47,8.4
Sistema Operativo,qualcomm,qat3550_firmware,3,7.47,8.4
Sistema Operativo,qualcomm,pmx55_firmware,3,7.47,8.4
Sistema Operativo,qualcomm,qam8255p_firmware,3,8.2,8.4
Sistema Operativo,qualcomm,qam8295p_firmware,3,8.2,8.4
Sistema Operativo,qualcomm,qam8650p_firmware,3,8.2,8.4
Sistema Operativo,qualcomm,qam8775p_firmware,3,8.2,8.4
Sistema Operativo,qualcomm,qat3514_firmware,3,7.47,8.4
Sistema Operativo,qualcomm,qat3516_firmware,3,7.47,8.4
Sistema Operativo,qualcomm,qat3522_firmware,3,7.47,8.4
Sistema Operativo,qualcomm,pmx50_firmware,3,7.47,8.4
Sistema Operativo,ibm,storwize_v5000_firmware,3,9.8,9.8
Sistema Operativo,qualcomm,apq8096au_firmware,3,7.47,8.4
Sistema Operativo,qualcomm,ar8151_firmware,3,7.47,8.4
Sistema Operativo,qualcomm,apq8009w_firmware,3,7.47,8.4
Sistema Operativo,nortekcontrol,emerge_e3_firmware,3,8.03,9.8
Sistema Operativo,nortekcontrol,linear_emerge_elite_firmware,3,7.8,9.8
Sistema Operativo,nortekcontrol,linear_emerge_essential_firmware,3,7.8,9.8
Sistema Operativo,qualcomm,pm640p_firmware,3,7.47,8.4
Sistema Operativo,netapp,h500e_firmware,3,7.7,8.4
Sistema Operativo,netapp,h610s_firmware,3,7.97,8.3
Sistema Operativo,netapp,h700e_firmware,3,7.7,8.4
Sistema Operativo,microsoft,windows_2003_server,3,8.3,8.8
Sistema Operativo,qualcomm,pm439_firmware,3,7.47,8.4
Sistema Operativo,qualcomm,pm456_firmware,3,7.47,8.4
Sistema Operativo,qualcomm,pm6125_firmware,3,7.47,8.4
Sistema Operativo,qualcomm,pm6150_firmware,3,7.47,8.4
Sistema Operativo,netapp,h300e_firmware,3,7.7,8.4
Sistema Operativo,ibm,storwize_v7000_firmware,3,9.8,9.8
Sistema Operativo,hongdian,h8922_firmware,3,6.93,8.8
Sistema Operativo,fatpipeinc,ipvpn_firmware,3,8.3,9.8
Sistema Operativo,fatpipeinc,mpvpn_firmware,3,8.3,9.8
Sistema Operativo,fatpipeinc,warp_firmware,3,8.3,9.8
Sistema Operativo,dlink,dir-615_firmware,3,9.8,9.8
Sistema Operativo,contec,solarview_compact_firmware,3,9.57,9.8
Sistema Operativo,ibm,storwize_v3500_firmware,3,9.8,9.8
Sistema Operativo,cisco,rv325_firmware,3,7.18,7.5
Sistema Operativo,cisco,rv160_firmware,3,8.43,10.0
Sistema Operativo,cisco,rv160w_firmware,3,8.43,10.0
Sistema Operativo,cisco,rv260_firmware,3,8.43,10.0
Aplicación,atlassian,data_center,3,5.3,5.3
Sistema Operativo,intelbras,tip200_firmware,3,6.07,7.5
Sistema Operativo,intelbras,tip200lite_firmware,3,6.07,7.5
Aplicación,metinfo,metinfo,3,7.2,7.2
Sistema Operativo,contec,sv-cpt-mc310_firmware,3,7.8,9.8
Sistema Operativo,qualcomm,pm215_firmware,3,7.47,8.4
Sistema Operativo,qualcomm,pm3003a_firmware,3,7.47,8.4
Sistema Operativo,qualcomm,pm4125_firmware,3,7.47,8.4
Sistema Operativo,qualcomm,pm8150b_firmware,3,7.47,8.4
Sistema Operativo,qualcomm,pm8150c_firmware,3,7.47,8.4
Sistema Operativo,qualcomm,pm8150l_firmware,3,7.47,8.4
Sistema Operativo,qualcomm,pm8250_firmware,3,7.47,8.4
Sistema Operativo,qualcomm,pm6150a_firmware,3,7.47,8.4
Sistema Operativo,qualcomm,pm8350b_firmware,3,7.47,8.4
Sistema Operativo,qualcomm,pm8350bh_firmware,3,7.47,8.4
Sistema Operativo,qualcomm,pm8350c_firmware,3,7.47,8.4
Sistema Operativo,qualcomm,pm855_firmware,3,7.47,8.4
Sistema Operativo,qualcomm,pm855a_firmware,3,7.47,8.4
Sistema Operativo,qualcomm,pm6350_firmware,3,7.47,8.4
Sistema Operativo,qualcomm,pm640a_firmware,3,7.47,8.4
Sistema Operativo,qualcomm,pm640l_firmware,3,7.47,8.4
Sistema Operativo,qualcomm,pm8350_firmware,3,7.47,8.4
Sistema Operativo,qualcomm,pm6150l_firmware,3,7.47,8.4
Sistema Operativo,qualcomm,pm6250_firmware,3,7.47,8.4
Sistema Operativo,qualcomm,msm8917_firmware,3,7.47,8.4
Sistema Operativo,qualcomm,flight_rb5_5g_platform_firmware,3,8.2,8.4
Sistema Operativo,qualcomm,fsm10055_firmware,3,7.47,8.4
Sistema Operativo,qualcomm,fsm10056_firmware,3,7.47,8.4
Sistema Operativo,qualcomm,pm660a_firmware,3,7.47,8.4
Sistema Operativo,qualcomm,pm8004_firmware,3,7.47,8.4
Sistema Operativo,qualcomm,pm670_firmware,3,7.47,8.4
Sistema Operativo,qualcomm,pm670a_firmware,3,7.47,8.4
Sistema Operativo,qualcomm,pm670l_firmware,3,7.47,8.4
Sistema Operativo,qualcomm,pm7150a_firmware,3,7.47,8.4
Sistema Operativo,qualcomm,pm7150l_firmware,3,7.47,8.4
Sistema Operativo,qualcomm,pm7250_firmware,3,7.47,8.4
Sistema Operativo,qualcomm,pm7250b_firmware,3,7.47,8.4
Aplicación,lsoft,listserv,3,6.1,6.1
Sistema Operativo,qualcomm,pm660l_firmware,3,7.47,8.4
Aplicación,kramerav,viaware,2,9.8,9.8
Aplicación,kentico,xperience,2,9.8,9.8
Aplicación,kevinlab,4st_l-bems,2,8.5,9.8
Hardware,siemens,6bk1602-0aa52-0tp0,2,9.5,10.0
Hardware,siemens,6bk1602-0aa42-0tp0,2,9.5,10.0
Hardware,siemens,6bk1602-0aa32-0tp0,2,9.5,10.0
Hardware,siemens,6bk1602-0aa22-0tp0,2,9.5,10.0
Hardware,hiwifi,max-c300n,2,7.5,7.5
Hardware,cisco,asr_920-10sz-pd_r,2,8.65,9.8
Sistema Operativo,qualcomm,sm4350_firmware,2,7.8,7.8
Hardware,cisco,asr_914,2,8.65,9.8
Hardware,cisco,asr_907,2,8.65,9.8
Hardware,cisco,asr_903,2,8.65,9.8
Hardware,cisco,asr_920-24tz-m,2,8.65,9.8
Sistema Operativo,qualcomm,pmk7350_firmware,2,7.0,7.8
Hardware,siemens,6bk1602-0aa12-0tp0,2,9.5,10.0
Aplicación,apache,unomi,2,9.8,9.8
Aplicación,cozmoslabs,profile_builder,2,7.95,9.8
Aplicación,apache,cassandra,2,9.57,9.8
Hardware,cisco,asr_920-10sz-pd,2,8.65,9.8
Hardware,cisco,asr_920-4sz-d_r,2,8.65,9.8
Hardware,cisco,asr_920-4sz-a_r,2,8.65,9.8
Hardware,cisco,asr_920-4sz-a,2,8.65,9.8
Hardware,cisco,asr_920-24tz-m_r,2,8.65,9.8
Hardware,siemens,scalance_lpe9403,2,7.8,7.8
Sistema Operativo,qualcomm,pmm8195au_firmware,2,7.3,8.4
Aplicación,lg,supersign_cms,2,,
Aplicación,liferay,liferay_portal,2,7.95,9.8
Hardware,cisco,asr_920-12cz-d_r,2,8.65,9.8
Hardware,cisco,asr_920-12sz-im,2,8.65,9.8
Hardware,cisco,asr_920-12cz-a_r,2,8.65,9.8
Hardware,cisco,asr_920-12cz-a,2,8.65,9.8
Hardware,cisco,asr_9902,2,8.65,9.8
Hardware,cisco,asr_920u-12sz-im,2,8.65,9.8
Hardware,cisco,asr_920-24sz-m_r,2,8.65,9.8
Hardware,cisco,asr_920-24sz-m,2,8.65,9.8
Hardware,cisco,asr_920-24sz-im_r,2,8.65,9.8
Hardware,cisco,asr_920-24sz-im,2,8.65,9.8
Hardware,cisco,asr_920-12sz-im_r,2,8.65,9.8
Hardware,cisco,asr_920-12cz-d,2,8.65,9.8
Hardware,cisco,asa_5500,2,8.3,8.8
Sistema Operativo,qualcomm,qca9367_firmware,2,7.3,8.4
Sistema Operativo,qualcomm,qca9379_firmware,2,8.1,8.4
Hardware,huawei,honor_view_20,2,7.8,7.8
Hardware,huawei,jakarta-al00a,2,7.8,7.8
Aplicación,qdpm,qdpm,2,6.1,6.1
Sistema Operativo,qualcomm,qcc1110_firmware,2,8.1,8.4
Aplicación,kaseya,virtual_system_administrator,2,9.8,9.8
Hardware,huawei,columbia-l29d,2,7.8,7.8
Sistema Operativo,qualcomm,qca4020_firmware,2,8.1,8.4
Hardware,cisco,asa_5508-x,2,8.3,8.8
Aplicación,apache,kylin,2,6.12,8.8
Hardware,huawei,nova_3,2,7.8,7.8
Sistema Operativo,qualcomm,qcm8550_firmware,2,8.4,8.4
Aplicación,apache,couchdb,2,9.8,9.8
Aplicación,apache,druid,2,7.65,8.8
Aplicación,apache,flink,2,7.5,7.5
Aplicación,apache,geode,2,8.8,9.8
Aplicación,apache,jmeter,2,5.6,5.8
Aplicación,kaswara_project,kaswara,2,8.55,9.8
Aplicación,pulsesecure,pulse_policy_secure,2,7.2,7.2
Sistema Operativo,qualcomm,pmw3100_firmware,2,8.1,8.4
Aplicación,kunalnagar,custom_404_pro,2,6.1,6.1
Aplicación,apache,superset,2,7.7,8.9
Hardware,cisco,asa_5516-x,2,8.3,8.8
Aplicación,cridio,listingpro,2,7.55,9.8
Hardware,huawei,cornell-tl10b,2,7.8,7.8
Hardware,sapido,gr297n,2,7.5,7.5
Hardware,huawei,dura-al00a,2,7.8,7.8
Hardware,cisco,asa_5500-x,2,8.3,8.8
Hardware,samsung,exynos_980,2,6.1,6.1
Hardware,samsung,exynos_2100,2,6.1,6.1
Hardware,huawei,berkeley-l09,2,7.8,7.8
Aplicación,cybelsoft,thinvnc,2,9.9,10.0
Aplicación,cybelesoft,thinfinity_virtualui,2,7.55,9.8
Hardware,cisco,asa_5506w-x,2,8.3,8.8
Hardware,cisco,asa_5506h-x,2,8.3,8.8
Hardware,cisco,asa_5506-x,2,8.3,8.8
Hardware,cisco,asa_5500_csc-ssm,2,8.3,8.8
Hardware,samsung,exynos_9830,2,6.1,6.1
Aplicación,mantisbt,mantisbt,2,7.45,8.8
Hardware,cisco,catalyst_2960xr-48lpd-i,2,8.65,9.8
Hardware,cisco,catalyst_2960xr-48fps-i,2,8.65,9.8
Hardware,cisco,catalyst_2960xr-48fpd-i,2,8.65,9.8
Hardware,cisco,catalyst_2960xr-24ts-i,2,8.65,9.8
Hardware,cisco,catalyst_2960s-48fpd-l,2,8.65,9.8
Hardware,cisco,catalyst_2960s-24ts-s,2,8.65,9.8
Hardware,cisco,catalyst_2960s-24ts-l,2,8.65,9.8
Hardware,cisco,catalyst_2960s-24td-l,2,8.65,9.8
Sistema Operativo,qualcomm,pmd9607_firmware,2,7.3,8.4
Hardware,cisco,catalyst_2960x-48ts-ll,2,8.65,9.8
Hardware,cisco,catalyst_2960x-48ts-l,2,8.65,9.8
Hardware,cisco,catalyst_2960x-48td-l,2,8.65,9.8
Hardware,cisco,catalyst_2960x-48lps-l,2,8.65,9.8
Hardware,cisco,catalyst_2960x-48lpd-l,2,8.65,9.8
Hardware,cisco,catalyst_2960x-48fps-l,2,8.65,9.8
Hardware,cisco,catalyst_2960x-48fpd-l,2,8.65,9.8
Hardware,cisco,catalyst_2960x-24ts-ll,2,8.65,9.8
Hardware,cisco,catalyst_2960x-24ts-l,2,8.65,9.8
Hardware,cisco,catalyst_2960s-24ps-l,2,8.65,9.8
Hardware,cisco,catalyst_2960xr-48td-i,2,8.65,9.8
Aplicación,microsoft,visual_foxpro,2,8.8,8.8
Sistema Operativo,qualcomm,pm7350c_firmware,2,7.0,7.8
Hardware,cisco,catalyst_3560cpd-8pt-s,2,8.65,9.8
Hardware,cisco,catalyst_3560cg-8tc-s,2,8.65,9.8
Hardware,cisco,catalyst_3560cg-8pc-s,2,8.65,9.8
Hardware,cisco,catalyst_3560c-8pc-s,2,8.65,9.8
Hardware,cisco,catalyst_3560c-12pc-s,2,8.65,9.8
Hardware,cisco,catalyst_2960xr-24td-i,2,8.65,9.8
Hardware,cisco,catalyst_2960xr-48lps-i,2,8.65,9.8
Hardware,cisco,catalyst_2960xr-24pd-i,2,8.65,9.8
Sistema Operativo,qualcomm,pm4250_firmware,2,7.3,8.4
Aplicación,mcafee,epolicy_orchestrator,2,6.66,7.0
Aplicación,limit_login_attempts_project,limit_login_attempts,2,7.95,9.8
Aplicación,linux,linux_kernel,2,9.8,9.8
Hardware,cisco,catalyst_2960x-24ps-l,2,8.65,9.8
Hardware,cisco,catalyst_2960x-24pd-l,2,8.65,9.8
Hardware,cisco,catalyst_2960s-f48ts-s,2,8.65,9.8
Hardware,cisco,catalyst_2960s-f48ts-l,2,8.65,9.8
Hardware,cisco,catalyst_2960xr-24ps-i,2,8.65,9.8
Hardware,cisco,catalyst_2960l-48ts-ll,2,8.05,9.8
Hardware,cisco,catalyst_2960l-48ps-ll,2,8.05,9.8
Hardware,cisco,catalyst_2960l-24ts-ll,2,8.05,9.8
Hardware,cisco,catalyst_2960l-24ps-ll,2,8.05,9.8
Sistema Operativo,qualcomm,pm8350bhs_firmware,2,7.0,7.8
Hardware,cisco,catalyst_2960cpd-8tt-l,2,8.65,9.8
Hardware,cisco,catalyst_2960cpd-8pt-l,2,8.65,9.8
Hardware,cisco,catalyst_2960cg-8tc-l,2,8.65,9.8
Hardware,cisco,catalyst_2960c-8tc-s,2,8.65,9.8
Hardware,cisco,catalyst_2960x-24td-l,2,8.65,9.8
Hardware,cisco,catalyst_2960c-8pc-l,2,8.65,9.8
Hardware,cisco,catalyst_2960c-12pc-l,2,8.65,9.8
Hardware,cisco,catalyst_2960-plus_48tc-s,2,8.65,9.8
Aplicación,mageewp,onetone,2,5.7,6.1
Hardware,cisco,catalyst_2960-plus_24pc-s,2,8.65,9.8
Hardware,cisco,catalyst_2960-plus_24pc-l,2,8.65,9.8
Hardware,cisco,catalyst_2960-plus_24lc-s,2,8.65,9.8
Hardware,cisco,catalyst_2960-plus_24lc-l,2,8.65,9.8
Aplicación,kubernetes,kubernetes,2,8.19,8.2
Hardware,cisco,catalyst_2960c-8tc-l,2,8.65,9.8
Hardware,cisco,catalyst_2960l-16ts-ll,2,8.05,9.8
Hardware,cisco,catalyst_2960l-16ps-ll,2,8.05,9.8
Hardware,cisco,catalyst_2960s-f48lps-l,2,8.65,9.8
Hardware,cisco,catalyst_2960s-f48fps-l,2,8.65,9.8
Hardware,cisco,catalyst_2960s-f24ts-s,2,8.65,9.8
Hardware,cisco,catalyst_2960s-f24ts-l,2,8.65,9.8
Hardware,cisco,catalyst_2960s-f24ps-l,2,8.65,9.8
Hardware,cisco,catalyst_2960s-48ts-s,2,8.65,9.8
Hardware,cisco,catalyst_2960s-48ts-l,2,8.65,9.8
Hardware,cisco,catalyst_2960l-8ps-ll,2,8.05,9.8
Hardware,cisco,catalyst_2960s-48lps-l,2,8.65,9.8
Hardware,cisco,catalyst_2960s-48lpd-l,2,8.65,9.8
Hardware,cisco,catalyst_2960s-48fps-l,2,8.65,9.8
Hardware,cisco,catalyst_2960-plus_48tc-l,2,8.65,9.8
Hardware,cisco,catalyst_2960-plus_48pst-s,2,8.65,9.8
Hardware,cisco,catalyst_2960-plus_48pst-l,2,8.65,9.8
Hardware,cisco,catalyst_2960-plus_24tc-s,2,8.65,9.8
Hardware,cisco,catalyst_2960-plus_24tc-l,2,8.65,9.8
Hardware,cisco,catalyst_2960s-24pd-l,2,8.65,9.8
Hardware,cisco,catalyst_2960l-8ts-ll,2,8.05,9.8
Hardware,cisco,catalyst_2960s-48td-l,2,8.65,9.8
Aplicación,hp,systems_insight_manager,2,9.3,9.8
Hardware,qualcomm,wcd9330,2,7.3,8.4
Sistema Operativo,qualcomm,sd455_firmware,2,7.3,8.4
Sistema Operativo,qualcomm,sd626_firmware,2,8.1,8.4
Sistema Operativo,qualcomm,sd636_firmware,2,7.3,8.4
Sistema Operativo,qualcomm,sa2150p_firmware,2,7.3,8.4
Sistema Operativo,qualcomm,sa415m_firmware,2,7.0,7.8
Aplicación,ibm,workload_deployer,2,9.8,9.8
Aplicación,icegram,email_subscribers_\&_newsletters,2,7.05,8.8
Sistema Operativo,qualcomm,qdm5579_firmware,2,7.0,7.8
Aplicación,bigantsoft,bigant_server,2,6.4,7.5
Sistema Operativo,qualcomm,sd6905g_firmware,2,7.3,8.4
Sistema Operativo,qualcomm,sd690_5g_firmware,2,8.1,8.4
Aplicación,zzcms,zzcms,2,5.35,5.4
Aplicación,ibm,pureapplication_system,2,9.8,9.8
Aplicación,ibm,qradar_risk_manager,2,9.8,9.8
Aplicación,ibm,qradar_security_information_and_event_manager,2,9.8,9.8
Aplicación,ibm,qradar_vulnerability_manager,2,9.8,9.8
Aplicación,ibm,smartcloud_entry_appliance,2,9.8,9.8
Aplicación,icewarp,icewarp_server,2,6.1,6.1
Aplicación,intel,datacenter_manager,2,9.5,10.0
Hardware,qualcomm,vision_intelligence_400_platform,2,8.1,8.4
Hardware,qualcomm,vision_intelligence_300_platform,2,8.1,8.4
Hardware,kctvjeju,wireless_ap,2,7.5,7.5
Aplicación,iqonic,kivicare,2,7.95,9.8
Aplicación,ithemes,backupbuddy,2,6.8,7.5
Aplicación,monstra,monstra_cms,2,5.4,5.4
Aplicación,monstra,monstra,2,,
Aplicación,mongo-express_project,mongo-express,2,9.85,9.9
Aplicación,ibm,starter_kit_for_cloud,2,9.8,9.8
Sistema Operativo,qualcomm,robotics_rb5_platform_firmware,2,8.4,8.4
Aplicación,modoboa,modoboa,2,9.45,9.8
Sistema Operativo,qualcomm,qrb5165_firmware,2,8.1,8.4
Aplicación,ibm,infosphere_guardium_database_activity_monitoring,2,9.8,9.8
Aplicación,mozilla,thunderbird_esr,2,7.65,8.8
Aplicación,mozilla,firefox_focus,2,9.2,9.6
Aplicación,impresscms,impresscms,2,7.55,9.8
Aplicación,ibm,smartcloud_provisioning,2,9.8,9.8
Aplicación,ibm,software_defined_network_for_virtual_environments,2,9.8,9.8
Sistema Operativo,qualcomm,qualcomm_215_mobile_platform_firmware,2,8.4,8.4
Aplicación,yellowpencil,visual_css_style_editor,2,6.1,6.1
Hardware,qualcomm,snapdragon_xr1_platform,2,8.1,8.4
Aplicación,hp,version_control_repository_manager,2,9.47,9.8
Hardware,qualcomm,snapdragon_750g_5g_mobile_platform,2,8.4,8.4
Hardware,qualcomm,snapdragon_wear_4100\+_platform,2,8.1,8.4
Sistema Operativo,qualcomm,sd_8_gen1_5g_firmware,2,8.4,8.4
Hardware,qualcomm,snapdragon_auto_4g_modem,2,8.1,8.4
Hardware,qualcomm,snapdragon_8_gen_1_mobile_platform,2,8.4,8.4
Hardware,qualcomm,snapdragon_8\+_gen_1_mobile_platform,2,8.4,8.4
Aplicación,zohocorp,manageengine_supportcenter_plus,2,9.8,9.8
Hardware,qualcomm,snapdragon_888\+_5g_mobile_platform,2,8.4,8.4
Aplicación,xceedium,xsuite,2,,
Hardware,qualcomm,snapdragon_870_5g_mobile_platform,2,8.4,8.4
Aplicación,netapp,7-mode_transition_tool,2,8.95,9.8
Aplicación,hdw-tube_project,hdw-tube,2,,
Aplicación,heateor,sassy_social_share,2,6.1,6.1
Hardware,qualcomm,snapdragon_660_mobile_platform,2,8.4,8.4
Hardware,qualcomm,snapdragon_865_5g_mobile_platform,2,8.4,8.4
Hardware,qualcomm,snapdragon_865\+_5g_mobile_platform,2,8.4,8.4
Hardware,qualcomm,snapdragon_888_5g_mobile_platform,2,8.4,8.4
Aplicación,zohocorp,manageengine_servicedesk_plus_msp,2,9.8,9.8
Hardware,qualcomm,snapdragon_x50_5g_modem-rf_system,2,8.1,8.4
Hardware,qualcomm,snapdragon_x24_lte_modem,2,8.1,8.4
Aplicación,zohocorp,manageengine_oputils,2,7.43,7.5
Aplicación,hitachi,vantara_pentaho_business_analytics_server,2,8.7,8.8
Aplicación,zohocorp,manageengine_network_configuration_manager,2,7.43,7.5
Aplicación,zohocorp,manageengine_netflow_analyzer,2,7.43,7.5
Aplicación,home-assistant,home-assistant,2,7.65,10.0
Sistema Operativo,qualcomm,sd8655g_firmware,2,7.3,8.4
Hardware,qualcomm,sxr1120,2,8.1,8.4
Sistema Operativo,qualcomm,sd888_5g_firmware,2,8.1,8.4
Aplicación,zohocorp,manageengine_firewall_analyzer,2,7.5,7.5
Sistema Operativo,qualcomm,sd8c_firmware,2,7.3,8.4
Sistema Operativo,qualcomm,sd8cx_firmware,2,7.3,8.4
Sistema Operativo,qualcomm,sd678_firmware,2,7.3,8.4
Aplicación,zohocorp,manageengine_admanager_plus,2,8.39,9.8
Aplicación,zohocorp,manageengine_adaudit_plus,2,9.8,9.8
Aplicación,najeebmedia,frontend_file_manager,2,7.55,9.8
Aplicación,myfactory,fms,2,6.1,6.1
Sistema Operativo,qualcomm,sd8885g_firmware,2,7.3,8.4
Hardware,ibm,stn7800,2,9.8,9.8
Hardware,ibm,storwize_v3700,2,9.8,9.8
Aplicación,dlink,central_wifimanager,2,9.8,9.8
Aplicación,djangoproject,django,2,,
Hardware,razer,sila,2,8.65,9.8
Hardware,cisco,1117-4pmwe,2,7.5,7.5
Hardware,cisco,1117-4pmlteeawe,2,7.5,7.5
Hardware,cisco,1117-4plteeawe,2,7.5,7.5
Hardware,cisco,1116-4pwe,2,7.5,7.5
Aplicación,jeecg,jeecg_boot,2,8.63,9.8
Hardware,cisco,1116-4plteeawe,2,7.5,7.5
Hardware,cisco,1113-8pwe,2,7.5,7.5
Hardware,cisco,1113-8pmwe,2,7.5,7.5
Hardware,cisco,1113-8plteeawe,2,7.5,7.5
Hardware,cisco,1111x-8p,2,7.5,7.5
Hardware,cisco,1111-8pwb,2,7.5,7.5
Hardware,cisco,1111-4pwe,2,7.5,7.5
Hardware,cisco,1109-4p,2,7.5,7.5
Hardware,cisco,1109-2p,2,7.5,7.5
Hardware,cisco,3945e_integrated_services_router,2,5.9,5.9
Aplicación,csphere,clansphere,2,6.1,6.1
Sistema Operativo,qualcomm,qcn9074_firmware,2,8.1,8.4
Hardware,rockwellautomation,allen-bradley_stratix_5900,2,8.7,8.8
Hardware,huawei,sydney-al00,2,7.8,7.8
Hardware,huawei,sydney-tl00,2,7.8,7.8
Aplicación,jquery_file_upload_project,jquery_file_upload,2,9.8,9.8
Hardware,huawei,sydneym-al00,2,7.8,7.8
Aplicación,jsmol2wp_project,jsmol2wp,2,,
Hardware,huawei,tony-al00b,2,7.8,7.8
Hardware,ibm,stn6800,2,9.8,9.8
Hardware,cisco,3945_integrated_services_router,2,5.9,5.9
Hardware,cisco,3925e_integrated_services_router,2,5.9,5.9
Hardware,cisco,3925_integrated_services_router,2,5.9,5.9
Hardware,huawei,princeton-al10b,2,7.8,7.8
Hardware,realtek,rtk_11n_ap,2,7.5,7.5
Hardware,ibm,flex_system_v7000,2,9.8,9.8
Hardware,ibm,san_volume_controller,2,9.8,9.8
Sistema Operativo,qualcomm,qdm3302_firmware,2,7.0,7.8
Hardware,ibm,stn6500,2,9.8,9.8
Hardware,huawei,tony-tl00b,2,7.8,7.8
Hardware,cisco,1100-4p,2,7.5,7.5
Hardware,huawei,yale-al00a,2,7.8,7.8
Hardware,huawei,yale-l21a,2,7.8,7.8
Hardware,kyocera,d-copia253mf_plus,2,6.2,7.5
Aplicación,quest,kace_system_management_appliance,2,9.8,9.8
Aplicación,redhat,enterprise_linux_server_update_services_for_sap_solutions,2,7.98,8.1
Aplicación,intel,genomics_kernel_library,2,9.5,10.0
Aplicación,intel,secure_device_onboard,2,9.5,10.0
Aplicación,intel,system_studio,2,9.5,10.0
Aplicación,jellyfin,jellyfin,2,6.75,7.7
Aplicación,jenkins,script_security,2,9.35,9.9
Hardware,reolink,rlc-410w,2,7.2,7.2
Aplicación,jfrog,artifactory,2,9.8,9.8
Hardware,reolink,e1_zoom,2,6.7,7.5
Aplicación,raspap,raspap,2,9.8,9.8
Aplicación,rankmath,seo,2,7.95,9.8
Sistema Operativo,qualcomm,qln1031_firmware,2,7.0,7.8
Sistema Operativo,qualcomm,qln1036aq_firmware,2,7.0,7.8
Aplicación,jeecg,jeecg,2,7.5,7.5
Hardware,chiyu-tech,bf-431,2,5.95,6.5
Hardware,cisco,1120_connected_grid_router,2,7.5,7.5
Hardware,cisco,1120,2,7.5,7.5
Hardware,cisco,1117-4pwe,2,7.5,7.5
Aplicación,digitalzoomstudio,zoomsounds,2,8.65,9.8
Sistema Operativo,qualcomm,qet6105_firmware,2,7.3,8.4
Sistema Operativo,qualcomm,qcs8155_firmware,2,8.1,8.4
Aplicación,draytek,vigorconnect,2,7.5,7.5
Aplicación,draftpress,header_footer_code_manager,2,6.65,7.2
Aplicación,dotcms,dotcms,2,9.8,9.8
Hardware,cisco,1100-8p,2,7.5,7.5
Hardware,chiyu-tech,bf-450m,2,5.95,6.5
Hardware,chiyu-tech,bf-430,2,5.95,6.5
Aplicación,ivanti,avalanche,2,8.65,9.8
Hardware,intelbras,tip300,2,5.35,5.4
Hardware,carel,pcoweb_card,2,7.5,7.5
Aplicación,ivanti,endpoint_manager_mobile,2,8.5,9.8
Hardware,rockwellautomation,allen-bradley_stratix_8300_industrial_managed_ethernet_switch,2,8.3,8.6
Sistema Operativo,qualcomm,qln1021aq_firmware,2,7.0,7.8
Hardware,iodata,wn-ac1167r,2,7.5,7.5
Hardware,cisco,1101-4p,2,7.5,7.5
Hardware,ciktel,mesh_router,2,7.5,7.5
Hardware,zyxel,zywall110,2,9.8,9.8
Hardware,dlink,dns-320,2,9.8,9.8
Hardware,dlink,dir-825,2,9.8,9.8
Hardware,dlink,dir-826l,2,9.8,9.8
Hardware,dlink,dir-830l,2,9.8,9.8
Hardware,dlink,dir-836l,2,9.8,9.8
Hardware,draytek,vigor300b,2,9.8,9.8
Hardware,draytek,vigor3900,2,9.8,9.8
Sistema Operativo,huawei,berkeley-l09_firmware,2,7.8,7.8
Sistema Operativo,qualcomm,mdm9607_firmware,2,7.3,8.4
Hardware,ecoa,riskbuster,2,7.5,7.5
Hardware,dlink,dir-868l,2,9.8,9.8
Hardware,zyxel,uag2100,2,,
Hardware,dlink,dir-880l,2,9.8,9.8
Hardware,zyxel,usg_60w,2,9.8,9.8
Hardware,zyxel,usg_60,2,9.8,9.8
Hardware,zyxel,usg_40w,2,9.8,9.8
Hardware,zyxel,usg_40,2,9.8,9.8
Hardware,zyxel,usg_20w-vpn,2,9.8,9.8
Hardware,ecoa,ecs_router_controller-ecs,2,7.5,7.5
Hardware,cisco,pix_firewall_506e,2,8.3,8.8
Hardware,cisco,pix_firewall_506,2,8.3,8.8
Hardware,cisco,pix_firewall_501,2,8.3,8.8
Hardware,cisco,ncs_6008,2,8.7,8.8
Hardware,cisco,ncs_560,2,8.7,8.8
Hardware,dlink,dir-605l,2,9.23,9.8
Hardware,cisco,ncs_5502-se,2,7.65,8.8
Hardware,dlink,dir-610,2,8.15,8.8
Hardware,cisco,ncs_5502,2,8.67,8.8
Hardware,dlink,dir-816l,2,6.8,7.5
Hardware,cisco,ncs_5501,2,8.67,8.8
Sistema Operativo,arista,eos,2,9.8,9.8
Sistema Operativo,hiwifi,max-c300n_firmware,2,7.5,7.5
Hardware,dlink,dir-865l,2,9.8,9.8
Hardware,zyxel,zywall310,2,9.8,9.8
Hardware,zyxel,zywall1100,2,9.8,9.8
Hardware,cisco,ncs_5002,2,7.55,8.6
Hardware,cisco,ncs_5001,2,7.55,8.6
Hardware,dlink,dir-810l,2,9.8,9.8
Hardware,cisco,ncs_5501-se,2,7.65,8.8
Sistema Operativo,huawei,princeton-al10b_firmware,2,7.8,7.8
Hardware,fg-products,fgn-r2,2,7.5,7.5
Aplicación,microsoft,visio,2,8.13,8.8
Aplicación,microsoft,system_center_endpoint_protection,2,7.8,7.8
Sistema Operativo,ibm,storwize_v3700_firmware,2,9.8,9.8
Hardware,zyxel,nas542,2,9.8,9.8
Hardware,zyxel,nas540,2,9.8,9.8
Sistema Operativo,huawei,sydney-al00_firmware,2,7.8,7.8
Sistema Operativo,huawei,sydney-tl00_firmware,2,7.8,7.8
Sistema Operativo,huawei,columbia-l29d_firmware,2,7.8,7.8
Sistema Operativo,huawei,tony-al00b_firmware,2,7.8,7.8
Sistema Operativo,huawei,tony-tl00b_firmware,2,7.8,7.8
Hardware,zyxel,nas326,2,9.8,9.8
Sistema Operativo,huawei,yale-l21a_firmware,2,7.8,7.8
Sistema Operativo,ibm,flex_system_v7000_firmware,2,9.8,9.8
Sistema Operativo,ibm,san_volume_controller_firmware,2,9.8,9.8
Sistema Operativo,ibm,security_access_manager_for_mobile_8.0_firmware,2,9.8,9.8
Hardware,cisco,esr6300,2,7.5,7.5
Sistema Operativo,ibm,security_access_manager_for_web_7.0_firmware,2,9.8,9.8
Sistema Operativo,huawei,sydneym-al00_firmware,2,7.8,7.8
Aplicación,pivotal_software,spring_data_rest,2,9.8,9.8
Sistema Operativo,huawei,cornell-tl10b_firmware,2,7.8,7.8
Sistema Operativo,huawei,dura-al00a_firmware,2,7.8,7.8
Hardware,dlink,dwr-111,2,8.15,8.8
Hardware,dlink,dwr-116,2,8.15,8.8
Hardware,dlink,dwr-512,2,8.15,8.8
Hardware,dlink,dwr-921,2,8.15,8.8
Hardware,draytek,vigor2960,2,9.8,9.8
Aplicación,microsoft,office_web_components,2,8.8,8.8
Hardware,f5,arx,2,9.8,9.8
Sistema Operativo,huawei,jakarta-al00a_firmware,2,7.8,7.8
Aplicación,phpmyfaq,phpmyfaq,2,6.1,6.1
Aplicación,phppgadmin,phppgadmin,2,,
Aplicación,backdropcms,backdrop_cms,2,4.8,4.8
Hardware,zyxel,uag4100,2,,
Hardware,zyxel,usg2200,2,9.8,9.8
Hardware,zyxel,uag5100,2,,
Sistema Operativo,huawei,nova_3_firmware,2,7.8,7.8
Sistema Operativo,huawei,yale-al00a_firmware,2,7.8,7.8
Sistema Operativo,huawei,honor_view_20_firmware,2,7.8,7.8
Sistema Operativo,dlink,dir-865l_firmware,2,9.8,9.8
Sistema Operativo,dlink,dir-605l_firmware,2,8.65,9.8
Sistema Operativo,dlink,dir-816l_firmware,2,6.57,7.5
Sistema Operativo,dlink,dir-810l_firmware,2,9.8,9.8
Sistema Operativo,dlink,dcs-4703e_firmware,2,8.15,8.8
Sistema Operativo,dlink,dcs-4701e_firmware,2,8.15,8.8
Sistema Operativo,dlink,dcs-4622_firmware,2,8.15,8.8
Sistema Operativo,dlink,dcs-4603_firmware,2,8.15,8.8
Sistema Operativo,dlink,dcs-2670l_firmware,2,8.15,8.8
Hardware,cisco,pix_firewall_515,2,8.3,8.8
Sistema Operativo,dlink,dir-610_firmware,2,8.15,8.8
Sistema Operativo,dahuasecurity,vto-75x95x_firmware,2,9.8,9.8
Sistema Operativo,dahuasecurity,vto-65xxx_firmware,2,9.8,9.8
Sistema Operativo,dahuasecurity,vth-542xh_firmware,2,9.8,9.8
Sistema Operativo,dlink,dcs-p703_firmware,2,8.15,8.8
Sistema Operativo,dlink,dcs-4802e_firmware,2,8.15,8.8
Sistema Operativo,dlink,dcs-4705e_firmware,2,8.15,8.8
Sistema Operativo,dahuasecurity,ipc-hx5xxx_firmware,2,9.8,9.8
Sistema Operativo,dahuasecurity,ipc-hx3xxx_firmware,2,9.8,9.8
Sistema Operativo,dlink,dcs-2530l_firmware,2,8.15,8.8
Sistema Operativo,fg-products,fgn-r2_firmware,2,7.5,7.5
Sistema Operativo,f5,arx_firmware,2,9.8,9.8
Sistema Operativo,draytek,vigor300b_firmware,2,9.8,9.8
Aplicación,evilmartians,imgproxy,2,5.35,5.4
Sistema Operativo,draytek,vigor2960_firmware,2,9.8,9.8
Aplicación,microsoft,edge_chromium,2,9.2,9.6
Sistema Operativo,dlink,dwr-912_firmware,2,8.15,8.8
Sistema Operativo,dlink,dwr-512_firmware,2,8.15,8.8
Sistema Operativo,dlink,dwr-116_firmware,2,8.15,8.8
Sistema Operativo,dlink,dir-868l_firmware,2,9.8,9.8
Sistema Operativo,dlink,dir-880l_firmware,2,9.8,9.8
Sistema Operativo,ecoa,riskbuster_firmware,2,7.5,7.5
Sistema Operativo,ecoa,ecs_router_controller-ecs_firmware,2,7.5,7.5
Sistema Operativo,draytek,vigor3900_firmware,2,9.8,9.8
Sistema Operativo,dlink,dir-836l_firmware,2,9.8,9.8
Sistema Operativo,dlink,dir-830l_firmware,2,9.8,9.8
Sistema Operativo,dlink,dir-826l_firmware,2,9.8,9.8
Sistema Operativo,dlink,dns-320_firmware,2,9.8,9.8
Sistema Operativo,hcn_max-c300n_project,hcn_max-c300n_firmware,2,7.5,7.5
Sistema Operativo,dlink,dwr-111_firmware,2,8.15,8.8
Sistema Operativo,chiyu-tech,bf-431_firmware,2,5.95,6.5
Sistema Operativo,chiyu-tech,bf-430_firmware,2,5.95,6.5
Aplicación,atmail,atmail,2,6.1,6.1
Hardware,dlink,dcs-4802e,2,8.15,8.8
Hardware,dlink,dcs-p703,2,8.15,8.8
Hardware,cisco,pix_firewall_535,2,8.3,8.8
Hardware,cisco,pix_firewall_525,2,8.3,8.8
Hardware,dlink,dcs-2530l,2,8.15,8.8
Hardware,cisco,rv134w,2,9.8,9.8
Sistema Operativo,dasannetworks,gpon_router_firmware,2,9.8,9.8
Hardware,dlink,dcs-2670l,2,8.15,8.8
Hardware,dlink,dcs-4603,2,8.15,8.8
Hardware,dlink,dcs-4622,2,8.15,8.8
Hardware,dlink,dcs-4701e,2,8.15,8.8
Hardware,dlink,dcs-4703e,2,8.15,8.8
Hardware,dlink,dcs-4705e,2,8.15,8.8
Aplicación,plugins360,all-in-one_video_gallery,2,7.35,7.5
Hardware,cisco,pix_firewall_520,2,8.3,8.8
Hardware,cisco,pix_firewall_515e,2,8.3,8.8
Hardware,cisco,rv132w,2,9.8,9.8
Sistema Operativo,coship,emta_ap_firmwre,2,7.5,7.5
Sistema Operativo,citrix,netscaler_sdx_firmware,2,9.8,9.8
Sistema Operativo,dahuasecurity,ipc-hum7xxx_firmware,2,9.8,9.8
Hardware,dasannetworks,gpon_router,2,9.8,9.8
Sistema Operativo,cisco,rv134w_firmware,2,9.8,9.8
Sistema Operativo,cisco,rv132w_firmware,2,9.8,9.8
Sistema Operativo,carel,pcoweb_card_firmware,2,7.5,7.5
Hardware,dahuasecurity,ipc-hx5xxx,2,9.8,9.8
Hardware,dahuasecurity,ipc-hx3xxx,2,9.8,9.8
Sistema Operativo,chiyu-tech,bf-450m_firmware,2,5.95,6.5
Hardware,dahuasecurity,vto-75x95x,2,9.8,9.8
Hardware,dahuasecurity,vto-65xxx,2,9.8,9.8
Hardware,dahuasecurity,vth-542xh,2,9.8,9.8
Aplicación,microsoft,commerce_server,2,8.8,8.8
Aplicación,microsoft,office_365_proplus,2,8.8,8.8
Hardware,coship,emta_ap,2,7.5,7.5
Aplicación,microsoft,lync,2,7.8,7.8
Hardware,citrix,netscaler_sdx,2,9.8,9.8
Aplicación,awstats,awstats,2,,
Sistema Operativo,ciktel,mesh_router_firmware,2,7.5,7.5
Hardware,dahuasecurity,ipc-hum7xxx,2,9.8,9.8
Hardware,cisco,catalyst_3750x-24t-e,2,8.65,9.8
Hardware,cisco,catalyst_3750x-24s-s,2,8.65,9.8
Hardware,cisco,catalyst_3750x-24s-e,2,8.65,9.8
Hardware,cisco,catalyst_3750x-24p-s,2,8.65,9.8
Hardware,cisco,catalyst_3750x-24p-l,2,8.65,9.8
Hardware,cisco,catalyst_3750x-24p-e,2,8.65,9.8
Sistema Operativo,niceforyou,linear_emerge_e3_access_control_firmware,2,7.81,9.8
Sistema Operativo,novell,open_enterprise_server,2,9.8,9.8
Aplicación,microsoft,xml_core_services,2,8.34,8.8
Sistema Operativo,ibm,security_access_manager_for_web_8.0_firmware,2,9.8,9.8
Aplicación,microsoft,windows_defender,2,7.8,7.8
Aplicación,microfocus,operations_bridge_manager,2,9.37,9.8
Sistema Operativo,qualcomm,315_5g_iot_modem_firmware,2,8.1,8.4
Hardware,sonicwall,sma_500v,2,9.8,9.8
Aplicación,microsoft,sql_server,2,8.8,8.8
Aplicación,microsoft,sharepoint_foundation,2,9.2,9.8
Aplicación,microsoft,security_essentials,2,7.8,7.8
Hardware,sonicwall,sma1000,2,7.65,7.8
Aplicación,microfocus,application_performance_management,2,9.3,9.8
Aplicación,citrix,sharefile_storagezones_controller,2,7.88,9.8
Hardware,cisco,catalyst_3750x-48p-e,2,8.65,9.8
Hardware,cisco,catalyst_3750x-24u-s,2,8.65,9.8
Hardware,cisco,catalyst_3750x-24u-l,2,8.65,9.8
Hardware,cisco,catalyst_3750x-48p-s,2,8.65,9.8
Hardware,cisco,catalyst_3750x-12s-s,2,8.65,9.8
Hardware,cisco,catalyst_3750x-12s-e,2,8.65,9.8
Sistema Operativo,netgear,r6700_firmware,2,8.8,8.8
Sistema Operativo,netgear,r6900_firmware,2,8.8,8.8
Hardware,cisco,catalyst_3750x-48u-s,2,8.65,9.8
Hardware,cisco,catalyst_3750x-24t-l,2,8.65,9.8
Hardware,cisco,catalyst_3750x-48u-e,2,8.65,9.8
Hardware,cisco,catalyst_3750x-48t-s,2,8.65,9.8
Hardware,cisco,catalyst_3750x-48t-l,2,8.65,9.8
Hardware,cisco,catalyst_3750x-48t-e,2,8.65,9.8
Hardware,cisco,catalyst_3750x-48pf-s,2,8.65,9.8
Hardware,cisco,catalyst_3750x-48pf-l,2,8.65,9.8
Hardware,cisco,catalyst_3750x-48pf-e,2,8.65,9.8
Hardware,cisco,catalyst_3750x-24u-e,2,8.65,9.8
Hardware,cisco,catalyst_3750x-24t-s,2,8.65,9.8
Hardware,cisco,catalyst_3750x-48u-l,2,8.65,9.8
Hardware,cisco,catalyst_3560x-48t-l,2,8.65,9.8
Hardware,cisco,catalyst_3560x-48t-e,2,8.65,9.8
Hardware,cisco,catalyst_3560x-48pf-s,2,8.65,9.8
Hardware,cisco,catalyst_3560x-48pf-l,2,8.65,9.8
Hardware,cisco,catalyst_3560x-48pf-e,2,8.65,9.8
Hardware,cisco,catalyst_3560x-48p-s,2,8.65,9.8
Aplicación,mitel,micollab,2,8.27,9.8
Hardware,cisco,catalyst_3560x-24u-e,2,8.65,9.8
Hardware,cisco,catalyst_3560x-24t-s,2,8.65,9.8
Aplicación,codemenschen,gift_vouchers,2,9.8,9.8
Hardware,cisco,catalyst_3560x-24t-e,2,8.65,9.8
Hardware,cisco,catalyst_3560x-24p-s,2,8.65,9.8
Hardware,cisco,catalyst_3560x-24p-l,2,8.65,9.8
Hardware,cisco,catalyst_3560x-24p-e,2,8.65,9.8
Hardware,siemens,sppa-t3000_ses3000,2,9.5,10.0
Sistema Operativo,qualcomm,mdm9150_firmware,2,7.3,8.4
Sistema Operativo,qualcomm,mdm9206_firmware,2,7.3,8.4
Sistema Operativo,qualcomm,mdm9250_firmware,2,7.3,8.4
Hardware,cisco,catalyst_2960xr-48ts-i,2,8.65,9.8
Hardware,cisco,catalyst_3560x-24t-l,2,8.65,9.8
Aplicación,codedropz,drag_and_drop_multiple_file_upload_-_contact_form_7,2,7.6,9.8
Aplicación,codecabin,wp_go_maps,2,7.95,9.8
Hardware,cisco,catalyst_3560x-24u-l,2,8.65,9.8
Sistema Operativo,qualcomm,c-v2x_9150_firmware,2,8.1,8.4
Sistema Operativo,qnap,quts_hero,2,9.85,10.0
Sistema Operativo,qualcomm,fastconnect_6200_firmware,2,8.4,8.4
Sistema Operativo,qualcomm,fastconnect_6700_firmware,2,8.4,8.4
Aplicación,contribsys,sidekiq,2,7.85,9.6
Sistema Operativo,qualcomm,fastconnect_6800_firmware,2,8.4,8.4
Hardware,cisco,catalyst_3560x-48t-s,2,8.65,9.8
Sistema Operativo,qualcomm,fastconnect_7800_firmware,2,8.4,8.4
Hardware,cisco,catalyst_3560x-48p-l,2,8.65,9.8
Hardware,cisco,catalyst_3560x-48p-e,2,8.65,9.8
Hardware,cisco,catalyst_3560x-24u-s,2,8.65,9.8
Sistema Operativo,qualcomm,mdm9626_firmware,2,7.3,8.4
Sistema Operativo,qualcomm,mdm9628_firmware,2,7.3,8.4
Hardware,cisco,catalyst_3560x-48u-s,2,8.65,9.8
Hardware,cisco,catalyst_3560x-48u-l,2,8.65,9.8
Hardware,cisco,catalyst_3560x-48u-e,2,8.65,9.8
Sistema Operativo,qualcomm,fastconnect_6900_firmware,2,8.4,8.4
Sistema Operativo,kctvjeju,wireless_ap_firmware,2,7.5,7.5
Sistema Operativo,kyocera,d-copia253mf_plus_firmware,2,6.2,7.5
Hardware,cisco,embedded_service_2020_ncp_b,2,8.65,9.8
Hardware,cisco,embedded_service_2020_ncp,2,8.65,9.8
Hardware,cisco,embedded_service_2020_con_b,2,8.65,9.8
Hardware,cisco,embedded_service_2020_con,2,8.65,9.8
Hardware,trendnet,tew-827dru,2,7.55,9.8
Hardware,cisco,catalyst_9800_embedded_wireless_controller,2,7.5,7.5
Hardware,cisco,catalyst_9800-80_wireless_controller,2,7.5,7.5
Hardware,cisco,catalyst_3750x-48p-l,2,8.65,9.8
Hardware,tp-link,tl-wr841n,2,8.15,8.8
Sistema Operativo,iodata,wn-ac1167r_firmwre,2,7.5,7.5
Aplicación,carrcommunications,rsvpmaker,2,9.8,9.8
Hardware,tp-link,tl-wr840n,2,9.8,9.8
Aplicación,canto,canto,2,7.55,9.8
Hardware,tp-link,tl-wr740n,2,8.37,8.8
Aplicación,powerjob,powerjob,2,5.3,5.3
Hardware,hcn_max-c300n_project,hcn_max-c300n,2,7.5,7.5
Aplicación,polkit_project,polkit,2,7.8,7.8
Hardware,cisco,catalyst_9800-40_wireless_controller,2,7.5,7.5
Sistema Operativo,ibm,stn6500_firmware,2,9.8,9.8
Sistema Operativo,ibm,stn6800_firmware,2,9.8,9.8
Sistema Operativo,ibm,stn7800_firmware,2,9.8,9.8
Aplicación,microsoft,office_web_apps_server,2,7.8,7.8
Hardware,cisco,embedded_service_2020_24tc_ncp_b,2,8.65,9.8
Hardware,cisco,embedded_service_2020_24tc_ncp,2,8.65,9.8
Hardware,cisco,embedded_service_2020_24tc_con_b,2,8.65,9.8
Hardware,cisco,embedded_service_2020_24tc_con,2,8.65,9.8
Aplicación,microsoft,office_long_term_servicing_channel,2,8.47,9.8
Sistema Operativo,juniper,junos,2,7.81,8.8
Hardware,cisco,crs-x,2,8.7,8.8
Aplicación,microsoft,visual_basic,2,8.8,8.8
Sistema Operativo,intelbras,tip300_firmware,2,5.35,5.4
Hardware,wavlink,wn530h4,2,8.65,9.8
Aplicación,microsoft,chakracore,2,5.85,7.5
Aplicación,metagauss,registrationmagic,2,8.5,9.8
Hardware,wavlink,wl-wn531g3,2,7.5,7.5
Aplicación,metersphere,metersphere,2,7.9,8.6
Aplicación,mf_gig_calendar_project,mf_gig_calendar,2,6.1,6.1
Aplicación,microsoft,office_excel_viewer,2,8.3,8.8
Hardware,cisco,catalyst_6509-neb-a,2,7.65,8.8
Hardware,cisco,catalyst_6509-e,2,7.65,8.8
Hardware,cisco,catalyst_6506-e,2,7.65,8.8
Hardware,cisco,catalyst_6504-e,2,7.65,8.8
Hardware,cisco,catalyst_6503-e,2,7.65,8.8
Hardware,telesquare,tlr-2005ksh,2,9.45,9.8
Hardware,cisco,catalyst_6500-e,2,7.65,8.8
Hardware,tbroad,gn-866ac,2,7.5,7.5
Aplicación,apple,icloud,2,8.3,8.8
Aplicación,chyrp,chyrp,2,,
Aplicación,apple,xcode,2,10.0,10.0
Hardware,cisco,catalyst_4900m,2,8.65,9.8
Sistema Operativo,netgear,d6400_firmware,2,8.45,8.8
Sistema Operativo,netgear,dgn2200_firmware,2,9.8,9.8
Hardware,cisco,catalyst_4500_supervisor_engine_6l-e,2,8.65,9.8
Hardware,cisco,catalyst_4500_supervisor_engine_6-e,2,8.65,9.8
Sistema Operativo,netgear,r6220_firmware,2,9.3,9.8
Aplicación,cisco,cx_cloud_agent,2,9.9,10.0
Sistema Operativo,netgear,d6220_firmware,2,8.45,8.8
Aplicación,apple,itunes,2,8.3,8.8
Aplicación,arcserve,udp,2,9.33,9.8
Aplicación,checkpoint,security_gateway,2,9.8,9.8
Sistema Operativo,loytec,lgate-902_firmware,2,,
Sistema Operativo,mageia,mageia,2,9.8,9.8
Aplicación,articatech,web_proxy,2,9.3,9.8
Aplicación,artisanworkshop,japanized_for_woocommerce,2,6.1,6.1
Aplicación,cisco,catalyst_sd-wan_manager,2,7.51,7.8
Hardware,telesquare,tlr-2855ks6,2,8.3,9.1
Aplicación,cisco,anyconnect_secure_mobility_client,2,7.15,7.8
Hardware,cisco,catalyst_6509-v-e,2,7.65,8.8
Hardware,sophos,xg_firewall,2,9.8,9.8
Sistema Operativo,microsoft,windows_nt,2,7.8,7.8
Aplicación,articatech,artica_proxy,2,6.8,7.5
Aplicación,apache,shenyu,2,9.45,9.8
Aplicación,cisco,evolved_programmable_network_manager,2,10.0,10.0
Hardware,cisco,catalyst_6500,2,7.65,8.8
Sistema Operativo,netapp,c400_firmware,2,7.45,8.3
Sistema Operativo,netapp,clustered_data_ontap,2,6.1,6.1
Hardware,cisco,catalyst_6513-e,2,7.65,8.8
Hardware,cisco,catalyst_6513,2,7.65,8.8
Sistema Operativo,mikrotik,routeros,2,9.75,9.8
Hardware,qualcomm,sdr845,2,8.1,8.4
Sistema Operativo,zyxel,nas540_firmware,2,9.8,9.8
Sistema Operativo,zyxel,nas542_firmware,2,9.8,9.8
Hardware,qualcomm,sdw2500,2,8.1,8.4
Aplicación,oracle,iplanet_web_server,2,6.15,7.5
Aplicación,vmware,aria_operations_for_networks,2,9.8,9.8
Aplicación,sitecore,experience_platform,2,9.8,9.8
Aplicación,oracle,micros_retail_xbri_loss_prevention,2,8.95,9.8
Aplicación,roundupwp,registrations_for_the_events_calendar,2,7.95,9.8
Aplicación,rosariosis,rosariosis,2,7.95,9.8
Hardware,netgear,r6900,2,8.8,8.8
Hardware,qualcomm,qdm3302,2,7.0,7.8
Hardware,qualcomm,sm4350,2,7.8,7.8
Hardware,qualcomm,sm7350,2,7.0,7.8
Aplicación,siemens,siveillance_command,2,9.5,10.0
Aplicación,siemens,siveillance_control_pro,2,9.5,10.0
Aplicación,apache,apisix,2,8.15,9.8
Aplicación,siemens,siveillance_vantage,2,9.5,10.0
Aplicación,siemens,siveillance_viewpoint,2,9.5,10.0
Aplicación,siemens,solid_edge_cam_pro,2,9.5,10.0
Aplicación,siemens,solid_edge_harness_design,2,9.5,10.0
Hardware,netgear,r6220,2,9.3,9.8
Aplicación,gibbonedu,gibbon,2,7.95,9.8
Aplicación,vmware,spring_cloud_netflix,2,7.65,8.8
Aplicación,vmware,spring_framework,2,7.85,9.8
Aplicación,netapp,snapprotect,2,7.0,7.0
Aplicación,siemens,spectrum_power_4,2,9.5,10.0
Aplicación,siemens,spectrum_power_7,2,9.5,10.0
Hardware,qualcomm,qdm5579,2,7.0,7.8
Aplicación,siemens,opcenter_intelligence,2,9.5,10.0
Hardware,qualcomm,robotics_rb5_platform,2,8.4,8.4
Aplicación,netapp,ontap_tools,2,8.9,10.0
Aplicación,tunasite,adning_advertising,2,8.15,9.8
Aplicación,schneider-electric,u.motion_builder,2,9.8,9.8
Aplicación,scadabr,scadabr,2,7.1,8.8
Aplicación,oracle,global_lifecycle_management_opatch,2,9.8,9.8
Aplicación,oracle,glassfish_server,2,,
Aplicación,philips,intellispace_portal,2,8.3,8.8
Hardware,qualcomm,qca4020,2,8.1,8.4
Aplicación,phpgurukul,dairy_farm_shop_management_system,2,9.8,9.8
Aplicación,netapp,santricity_cloud_connector,2,5.3,5.3
Aplicación,netapp,service_processor,2,7.8,7.8
Aplicación,eprints,eprints,2,6.1,6.1
Aplicación,netapp,snapcenter_plug-in,2,5.3,5.3
Hardware,qualcomm,sd8655g,2,7.3,8.4
Hardware,qualcomm,sd8885g,2,7.3,8.4
Hardware,qualcomm,sd888_5g,2,8.1,8.4
Hardware,niceforyou,linear_emerge_e3_access_control,2,7.95,9.8
Hardware,qualcomm,sd8c,2,7.3,8.4
Aplicación,ultimatemember,ultimate_member,2,9.9,10.0
Aplicación,expresstech,quiz_and_survey_master,2,8.0,9.9
Aplicación,siemens,siguard_dsa,2,9.25,10.0
Sistema Operativo,zyxel,nas326_firmware,2,9.8,9.8
Aplicación,sap,solution_manager,2,7.95,9.8
Sistema Operativo,trendnet,tew-827dru_firmware,2,7.55,9.8
Aplicación,php,archive_tar,2,7.65,7.8
Aplicación,thedaylightstudio,fuel_cms,2,9.8,9.8
Aplicación,siemens,sentron_powermanager,2,9.5,10.0
Aplicación,vmware,identity_manager_connector,2,9.5,9.8
Sistema Operativo,qualcomm,snapdragon_888\+_5g_mobile_platform_firmware,2,8.4,8.4
Aplicación,vmware,one_access,2,9.45,9.8
Sistema Operativo,qualcomm,snapdragon_870_5g_mobile_platform_firmware,2,8.4,8.4
Sistema Operativo,qualcomm,snapdragon_865_5g_mobile_platform_firmware,2,8.4,8.4
Sistema Operativo,qualcomm,snapdragon_865\+_5g_mobile_platform_firmware,2,8.4,8.4
Aplicación,vmware,vcenter_server_appliance,2,9.8,9.8
Hardware,netgear,dgn2200,2,9.8,9.8
Aplicación,oracle,insurance_rules_palette,2,7.85,9.8
Aplicación,sap,netweaver,2,9.9,9.9
Aplicación,forgerock,openam,2,8.65,9.8
Aplicación,ejs,ejs,2,9.8,9.8
Aplicación,vmware,vrealize_network_insight,2,8.15,8.8
Aplicación,oracle,sd-wan_edge,2,9.8,9.8
Hardware,cisco,asr_920-4sz-d,2,8.65,9.8
Aplicación,oracle,e-business_suite,2,8.65,9.8
Sistema Operativo,qualcomm,sxr1120_firmware,2,8.1,8.4
Sistema Operativo,qualcomm,snapdragon_xr1_platform_firmware,2,8.1,8.4
Sistema Operativo,qualcomm,snapdragon_x50_5g_modem-rf_system_firmware,2,8.1,8.4
Aplicación,voipmonitor,voipmonitor,2,9.8,9.8
Sistema Operativo,qualcomm,snapdragon_x24_lte_modem_firmware,2,8.1,8.4
Sistema Operativo,qualcomm,snapdragon_wear_4100\+_platform_firmware,2,8.1,8.4
Hardware,netgear,d6400,2,8.45,8.8
Aplicación,realtek,rtl819x_jungle_software_development_kit,2,9.8,9.8
Hardware,qualcomm,qet6105,2,7.3,8.4
Aplicación,elastic,kibana,2,10.0,10.0
Aplicación,sonicwall,analytics,2,8.65,9.8
Hardware,netgear,r6700,2,8.8,8.8
Hardware,qualcomm,pm4250,2,7.3,8.4
Aplicación,tenable,tenable.sc,2,8.85,9.0
Hardware,qualcomm,qrb5165,2,8.1,8.4
Hardware,qualcomm,mdm9206,2,7.3,8.4
Hardware,qualcomm,mdm9250,2,7.3,8.4
Hardware,qualcomm,mdm9607,2,7.3,8.4
Aplicación,tecrail,responsive_filemanager,2,,
Hardware,qualcomm,mdm9626,2,7.3,8.4
Aplicación,fasterxml,jackson-databind,2,9.8,9.8
Hardware,qualcomm,mdm9628,2,7.3,8.4
Sistema Operativo,tp-link,tl-wr840n_firmware,2,9.8,9.8
Aplicación,oracle,retail_returns_management,2,7.37,8.1
Sistema Operativo,tp-link,tl-wr740n_firmware,2,8.15,8.8
Aplicación,oracle,commerce_platform,2,9.8,9.8
Aplicación,ecoa,riskterminator,2,7.5,7.5
Aplicación,oracle,business_intelligence_publisher,2,7.2,7.2
Aplicación,supportcandy,supportcandy,2,7.95,9.8
Hardware,qualcomm,pmk7350,2,7.0,7.8
Aplicación,vmware,application_remote_collector,2,8.15,9.8
Aplicación,oracle,access_manager,2,9.8,9.8
Aplicación,siemens,xpedition_enterprise,2,9.5,10.0
Aplicación,faculty_evaluation_system_project,faculty_evaluation_system,2,7.2,7.2
Sistema Operativo,siemens,6bk1602-0aa12-0tp0_firmware,2,9.5,10.0
Aplicación,siemens,xpedition_package_integrator,2,9.5,10.0
Sistema Operativo,qualcomm,wcd9330_firmware,2,7.3,8.4
Sistema Operativo,qualcomm,vision_intelligence_400_platform_firmware,2,8.1,8.4
Hardware,qualcomm,pm7350c,2,7.0,7.8
Sistema Operativo,qualcomm,vision_intelligence_300_platform_firmware,2,8.1,8.4
Hardware,qualcomm,smart_audio_400_platform,2,8.4,8.4
Aplicación,supsystic,popup,2,5.7,6.1
Aplicación,siemens,energy_engage,2,9.5,10.0
Aplicación,siemens,energyip,2,9.5,10.0
Aplicación,siemens,energyip_prepay,2,9.33,10.0
Aplicación,siemens,gma-manager,2,9.5,10.0
Aplicación,netapp,vasa_provider_for_clustered_data_ontap,2,7.55,9.8
Aplicación,netapp,virtual_storage_console,2,7.55,9.8
Aplicación,siemens,head-end_system_universal_device_integration_system,2,9.5,10.0
Hardware,qualcomm,sd6905g,2,7.3,8.4
Hardware,qualcomm,315_5g_iot_modem,2,8.1,8.4
Hardware,qualcomm,sd690_5g,2,8.1,8.4
Aplicación,blackberry,workspaces_server,2,8.7,9.8
Sistema Operativo,reolink,rlc-410w_firmware,2,7.2,7.2
Sistema Operativo,reolink,e1_zoom_firmware,2,6.7,7.5
Aplicación,siemens,nx,2,9.5,10.0
Sistema Operativo,redhat,enterprise_linux_update_services_for_sap_solutions,2,8.4,9.0
Aplicación,thrivethemes,rise,2,7.2,9.1
Aplicación,thrivethemes,squared,2,7.2,9.1
Aplicación,thrivethemes,storied,2,7.2,9.1
Aplicación,phpgurukul,bank_locker_management_system,2,5.4,7.3
Sistema Operativo,realtek,rtk_11n_ap_firmware,2,7.5,7.5
Sistema Operativo,razer,sila_firmware,2,8.65,9.8
Hardware,qualcomm,sd455,2,7.3,8.4
Hardware,qualcomm,sd626,2,8.1,8.4
Hardware,qualcomm,sd636,2,7.3,8.4
Sistema Operativo,redhat,enterprise_linux_hpc_node_eus,2,5.5,5.5
Sistema Operativo,redhat,enterprise_linux_hpc_node,2,5.5,5.5
Sistema Operativo,redhat,enterprise_linux_for_real_time_tus,2,7.8,7.8
Sistema Operativo,redhat,enterprise_linux_for_real_time_for_nfv_tus,2,7.8,7.8
Aplicación,nodejs,node.js,2,,
Sistema Operativo,tp-link,tl-wr841n_firmware,2,8.15,8.8
Sistema Operativo,wavlink,wn530h4_firmware,2,8.65,9.8
Hardware,qualcomm,qualcomm_215_mobile_platform,2,8.4,8.4
Aplicación,oracle,hyperion_infrastructure_technology,2,9.8,9.8
Sistema Operativo,siemens,6bk1602-0aa22-0tp0_firmware,2,9.5,10.0
Aplicación,revive-adserver,revive_adserver,2,6.1,6.1
Aplicación,octobercms,october,2,7.87,8.2
Sistema Operativo,siemens,6bk1602-0aa32-0tp0_firmware,2,9.5,10.0
Sistema Operativo,siemens,6bk1602-0aa42-0tp0_firmware,2,9.5,10.0
Sistema Operativo,siemens,6bk1602-0aa52-0tp0_firmware,2,9.5,10.0
Sistema Operativo,securepoint,unified_threat_management,2,7.0,7.5
Sistema Operativo,seagate,nas_os,2,,
Sistema Operativo,wavlink,wl-wn531g3_firmware,2,7.5,7.5
Sistema Operativo,sapido,gr297n_firmware,2,7.5,7.5
Aplicación,novell,zenworks_configuration_management,2,9.8,9.8
Sistema Operativo,watchguard,fireware,2,9.38,9.8
Aplicación,oracle,financial_services_enterprise_case_management,2,9.8,9.8
Aplicación,oracle,financial_services_data_integration_hub,2,9.8,9.8
Aplicación,redhat,jboss_enterprise_web_server_text-only_advisories,2,8.1,8.1
Sistema Operativo,redhat,enterprise_linux_server_supplementary_eus,2,5.5,5.5
Aplicación,oracle,product_lifecycle_analytics,2,9.8,9.8
Aplicación,servicenow,servicenow,2,6.1,6.1
Aplicación,oracle,retail_advanced_inventory_planning,2,8.67,9.8
Aplicación,nevma,adaptive_images,2,7.5,7.5
Aplicación,oracle,retail_back_office,2,7.0,8.1
Aplicación,siemens,desigo_cc_info_center,2,9.5,10.0
Aplicación,siemens,e-car_operation_center,2,9.5,10.0
Hardware,qualcomm,fastconnect_6800,2,8.4,8.4
Hardware,qualcomm,qcs8155,2,8.1,8.4
Aplicación,oracle,fmw_platform,2,7.55,8.1
Hardware,qualcomm,sd678,2,7.3,8.4
Aplicación,oracle,retail_eftlink,2,7.4,8.1
Aplicación,oracle,retail_customer_management_and_segmentation_foundation,2,9.15,9.8
Aplicación,ninjaforms,ninja_forms,2,6.1,6.1
Aplicación,themepunch,showbiz_pro,2,9.8,9.8
Aplicación,alibaba,nacos,2,8.6,8.6
Aplicación,themeisle,visualizer,2,8.05,10.0
Sistema Operativo,vmware,esx,2,9.8,9.8
Hardware,qualcomm,mdm9150,2,7.3,8.4
Sistema Operativo,siemens,scalance_lpe9403_firmware,2,7.8,7.8
Hardware,qualcomm,fastconnect_6900,2,8.4,8.4
Hardware,qualcomm,pmw3100,2,8.1,8.4
Aplicación,themeum,tutor_lms,2,6.3,6.5
Aplicación,siemens,teamcenter,2,9.5,10.0
Hardware,qualcomm,qca9379,2,8.1,8.4
Aplicación,siemens,vesys,2,9.6,10.0
Hardware,qualcomm,fastconnect_7800,2,8.4,8.4
Aplicación,thrivethemes,voice,2,7.2,9.1
Aplicación,siemens,industrial_edge_management,2,9.5,10.0
Aplicación,siemens,industrial_edge_management_hub,2,9.5,10.0
Aplicación,netapp,steelstore_cloud_integrated_storage,2,7.8,7.8
Aplicación,trendmicro,officescan_business_security,2,8.3,8.8
Aplicación,siemens,logo\!_soft_comfort,2,9.5,10.0
Hardware,qualcomm,sa2150p,2,7.3,8.4
Aplicación,siemens,mendix,2,9.5,10.0
Aplicación,siemens,mindsphere,2,9.5,10.0
Aplicación,siemens,navigator,2,9.5,10.0
Sistema Operativo,unraid,unraid,2,8.65,9.8
Aplicación,oracle,retail_central_office,2,7.0,8.1
Aplicación,thenewsletterplugin,newsletter,2,6.1,6.1
Sistema Operativo,redhat,enterprise_linux_for_real_time_for_nfv,2,7.8,7.8
Aplicación,tibco,jasperreports_server,2,8.17,8.8
Aplicación,siemens,sinema_remote_connect_server,2,8.03,9.0
Aplicación,tibco,jaspersoft,2,7.65,8.8
Hardware,qualcomm,qca9367,2,7.3,8.4
Aplicación,tibco,jaspersoft_reporting_and_analytics,2,7.65,8.8
Sistema Operativo,redhat,enterprise_linux_for_real_time,2,7.8,7.8
Aplicación,oracle,retail_open_commerce_platform,2,7.85,9.8
Hardware,qualcomm,sa415m,2,7.0,7.8
Hardware,qualcomm,c-v2x_9150,2,8.1,8.4
Aplicación,online_event_booking_and_reservation_system_project,online_event_booking_and_reservation_system,2,7.05,9.8
Hardware,qualcomm,sd_8_gen1_5g,2,8.4,8.4
Hardware,qualcomm,fastconnect_6700,2,8.4,8.4
Aplicación,tielabs,jannah,2,6.1,6.1
Aplicación,adobe,adobe_air,2,8.8,8.8
Aplicación,online-shopping-system-advanced_project,online-shopping-system-advanced,2,8.65,9.8
Hardware,qualcomm,sd8cx,2,7.3,8.4
Aplicación,thrivethemes,focusblog,2,7.2,9.1
Aplicación,thrivethemes,ignition,2,7.2,9.1
Aplicación,thrivethemes,luxe,2,7.2,9.1
Aplicación,thrivethemes,minus,2,7.2,9.1
Aplicación,siemens,comos,2,9.5,10.0
Aplicación,thrivethemes,performag,2,7.2,9.1
Aplicación,opsview,opsview,2,,
Aplicación,thrivethemes,pressive,2,7.2,9.1
Aplicación,siemens,desigo_cc_advanced_reports,2,9.55,10.0
Hardware,qualcomm,fastconnect_6200,2,8.4,8.4
Aplicación,osgeo,geoserver,2,8.65,9.8
Aplicación,stagil,stagil_navigation,2,7.5,7.5
Sistema Operativo,sonicwall,sma1000_firmware,2,7.65,7.8
Hardware,qualcomm,qcm8550,2,8.4,8.4
Sistema Operativo,sonicwall,sma_500v_firmware,2,9.8,9.8
Aplicación,oracle,communications_performance_intelligence_center,2,6.85,7.8
Sistema Operativo,qualcomm,snapdragon_429_mobile_platform_firmware,2,8.1,8.4
Hardware,qualcomm,qcc1110,2,8.1,8.4
Sistema Operativo,sonicwall,sonicos,2,8.57,9.8
Sistema Operativo,qualcomm,snapdragon_425_mobile_platform_firmware,2,8.1,8.4
Hardware,qualcomm,pm8350bhs,2,7.0,7.8
Sistema Operativo,qualcomm,snapdragon_212_mobile_platform_firmware,2,8.1,8.4
Sistema Operativo,zeroshell,zeroshell,2,9.8,9.8
Aplicación,spip,spip,2,9.8,9.8
Aplicación,2code,wpqa_builder,2,5.7,6.1
Hardware,qualcomm,qln1021aq,2,7.0,7.8
Sistema Operativo,qualcomm,sm7350_firmware,2,7.0,7.8
Hardware,netgear,d6220,2,8.45,8.8
Sistema Operativo,qualcomm,smb358s_firmware,2,7.3,8.4
Sistema Operativo,qualcomm,smb1394_firmware,2,7.0,7.8
Aplicación,wp-ecommerce,easy_wp_smtp,2,8.65,9.8
Hardware,qualcomm,pmd9607,2,7.3,8.4
Hardware,qualcomm,snapdragon_212_mobile_platform,2,8.1,8.4
Hardware,qualcomm,snapdragon_425_mobile_platform,2,8.1,8.4
Aplicación,sonicwall,sma_500v,2,8.15,9.8
Hardware,qualcomm,qln1031,2,7.0,7.8
Aplicación,oracle,retail_predictive_application_server,2,6.68,9.8
Sistema Operativo,qualcomm,snapdragon_210_processor_firmware,2,8.1,8.4
Aplicación,fortinet,fortiwlm,2,9.8,9.8
Aplicación,f5,big-iq_cloud_and_orchestration,2,5.5,5.5
Aplicación,netapp,element_plug-in_for_vcenter_server,2,5.3,5.3
Sistema Operativo,siemens,sppa-t3000_ses3000_firmware,2,9.5,10.0
Aplicación,splunk,splunk,2,7.5,7.5
Sistema Operativo,qualcomm,snapdragon_660_mobile_platform_firmware,2,8.4,8.4
Sistema Operativo,qualcomm,snapdragon_632_mobile_platform_firmware,2,8.1,8.4
Aplicación,strategy11,formidable_form_builder,2,6.8,8.3
Aplicación,hashicorp,consul,2,6.8,7.5
Sistema Operativo,zyxel,zywall1100_firmware,2,9.8,9.8
Sistema Operativo,zyxel,zywall110_firmware,2,9.8,9.8
Sistema Operativo,zyxel,zywall310_firmware,2,9.8,9.8
Aplicación,paytm,payment_gateway,2,7.7,8.2
Sistema Operativo,qualcomm,snapdragon_460_mobile_platform_firmware,2,8.4,8.4
Hardware,netapp,c400,2,7.45,8.3
Hardware,qualcomm,snapdragon_632_mobile_platform,2,8.1,8.4
Aplicación,suse,studio_onsite,2,9.8,9.8
Hardware,qualcomm,smb1394,2,7.0,7.8
Aplicación,welcart,welcart_e-commerce,2,7.5,7.5
Hardware,qualcomm,smb358s,2,7.3,8.4
Sistema Operativo,qualcomm,snapdragon_625_mobile_platform_firmware,2,8.1,8.4
Aplicación,suse,manager_server,2,7.65,7.8
Sistema Operativo,qualcomm,snapdragon_4_gen_1_mobile_platform_firmware,2,8.4,8.4
Aplicación,suse,linux_enterprise_module_for_legacy,2,7.55,9.8
Aplicación,whatsapp,whatsapp,2,9.27,9.8
Sistema Operativo,qualcomm,snapdragon_480_5g_mobile_platform_firmware,2,8.4,8.4
Sistema Operativo,qualcomm,snapdragon_480\+_5g_mobile_platform_firmware,2,8.4,8.4
Aplicación,boa,boa,2,7.5,7.5
Aplicación,oracle,banking_digital_experience,2,8.68,9.8
Sistema Operativo,suse,linux_enterprise_high_availability_extension,2,8.8,9.8
Aplicación,redhat,codeready_linux_builder,2,8.3,8.8
Sistema Operativo,zyxel,usg_40w_firmware,2,9.8,9.8
Aplicación,accela,civic_platform,2,6.1,6.1
Hardware,qualcomm,smr546,2,7.3,8.4
Sistema Operativo,zyxel,usg_60_firmware,2,9.8,9.8
Aplicación,gvectors,wpdiscuz,2,9.9,10.0
Hardware,qualcomm,snapdragon_210_processor,2,8.1,8.4
Aplicación,wso2,micro_integrator,2,5.35,6.1
Hardware,qualcomm,snapdragon_765_5g_mobile_platform,2,8.4,8.4
Hardware,qualcomm,snapdragon_765g_5g_mobile_platform,2,8.4,8.4
Hardware,qualcomm,snapdragon_768g_5g_mobile_platform,2,8.4,8.4
Hardware,qualcomm,snapdragon_429_mobile_platform,2,8.1,8.4
Sistema Operativo,qualcomm,sdw2500_firmware,2,8.1,8.4
Sistema Operativo,qualcomm,sdr845_firmware,2,8.1,8.4
Hardware,qualcomm,snapdragon_778g\+_5g_mobile_platform,2,8.4,8.4
Hardware,qualcomm,qcn9074,2,8.1,8.4
Hardware,qualcomm,snapdragon_778g_5g_mobile_platform,2,8.4,8.4
Aplicación,oracle,health_sciences_empirica_inspections,2,8.95,9.8
Hardware,qualcomm,snapdragon_780g_5g_mobile_platform,2,8.4,8.4
Hardware,qualcomm,snapdragon_782g_mobile_platform,2,8.4,8.4
Sistema Operativo,sophos,sfos,2,9.8,9.8
Sistema Operativo,zyxel,uag2100_firmware,2,,
Sistema Operativo,zyxel,uag4100_firmware,2,,
Aplicación,wso2,data_analytics_server,2,4.7,4.8
Sistema Operativo,zyxel,uag5100_firmware,2,,
Sistema Operativo,zyxel,usg_60w_firmware,2,9.8,9.8
Hardware,qualcomm,snapdragon_460_mobile_platform,2,8.4,8.4
Hardware,qualcomm,qln1036aq,2,7.0,7.8
Hardware,qualcomm,snapdragon_480\+_5g_mobile_platform,2,8.4,8.4
Aplicación,ourphp,ourphp,2,6.1,6.1
Aplicación,wpserveur,wps_hide_login,2,7.5,7.5
Hardware,qualcomm,snapdragon_480_5g_mobile_platform,2,8.4,8.4
Hardware,qualcomm,snapdragon_4_gen_1_mobile_platform,2,8.4,8.4
Hardware,qualcomm,snapdragon_625_mobile_platform,2,8.1,8.4
Sistema Operativo,zyxel,usg2200_firmware,2,9.8,9.8
Aplicación,oracle,communications_converged_application_server,2,8.83,9.8
Aplicación,wpchill,download_monitor,2,6.25,7.2
Aplicación,helpsystems,cobalt_strike,2,7.95,9.8
Aplicación,netapp,clustered_data_ontap,2,9.4,9.8
Aplicación,oracle,communications_application_session_controller,2,9.8,9.8
Aplicación,wpwax,directorist,2,4.0,5.3
Sistema Operativo,suse,linux_enterprise_real_time_extension,2,7.8,7.8
Sistema Operativo,zyxel,usg_20w-vpn_firmware,2,9.8,9.8
Aplicación,oracle,communications_contacts_server,2,9.8,9.8
Aplicación,netapp,data_availability_services,2,8.8,9.8
Aplicación,wso2,api_manager_analytics,2,5.35,6.1
Hardware,qualcomm,snapdragon_675_mobile_platform,2,8.1,8.4
Sistema Operativo,zyxel,usg_40_firmware,2,9.8,9.8
Hardware,qualcomm,snapdragon_680_4g_mobile_platform,2,8.4,8.4
Hardware,qualcomm,snapdragon_685_4g_mobile_platform,2,8.4,8.4
Hardware,qualcomm,snapdragon_690_5g_mobile_platform,2,8.4,8.4
Aplicación,rocket.chat,rocket.chat,2,8.68,9.8
Aplicación,oracle,communications_cloud_native_core_service_communication_proxy,2,7.65,10.0
Hardware,qualcomm,snapdragon_695_5g_mobile_platform,2,8.4,8.4
Sistema Operativo,qualcomm,smart_audio_400_platform_firmware,2,8.4,8.4
Aplicación,dolibarr,dolibarr_erp\/crm,2,7.5,7.5
Aplicación,oracle,enterprise_manager_for_mysql_database,2,8.95,9.8
Aplicación,blocksera,cryptocurrency_widgets_pack,2,9.85,9.9
Aplicación,wordpress,sniplets_plugin,2,,
Sistema Operativo,qualcomm,smr545_firmware,2,7.3,8.4
Aplicación,fit2cloud,kubepi,2,8.55,9.8
Aplicación,oracle,communications_network_charging_and_control,2,9.8,9.8
Aplicación,oracle,retail_convenience_and_fuel_pos_software,2,8.95,9.8
Sistema Operativo,suse,suse_linux_enterprise_server,2,6.47,8.4
Sistema Operativo,qualcomm,snapdragon_695_5g_mobile_platform_firmware,2,8.4,8.4
Aplicación,oracle,insurance_calculation_engine,2,7.2,9.8
Aplicación,oracle,retail_customer_insights,2,6.7,7.5
Hardware,qualcomm,smr545,2,7.3,8.4
Aplicación,adminer,adminer,2,7.35,7.5
Sistema Operativo,qualcomm,snapdragon_888_5g_mobile_platform_firmware,2,8.4,8.4
Sistema Operativo,qualcomm,snapdragon_690_5g_mobile_platform_firmware,2,8.4,8.4
Hardware,qualcomm,pmm8195au,2,7.3,8.4
Aplicación,optergy,enterprise,2,6.1,6.1
Aplicación,sun,jre,2,9.8,9.8
Sistema Operativo,telesquare,tlr-2855ks6_firmware,2,8.3,9.1
Sistema Operativo,qualcomm,snapdragon_778g\+_5g_mobile_platform_firmware,2,8.4,8.4
Sistema Operativo,qualcomm,snapdragon_778g_5g_mobile_platform_firmware,2,8.4,8.4
Sistema Operativo,qualcomm,snapdragon_780g_5g_mobile_platform_firmware,2,8.4,8.4
Sistema Operativo,qualcomm,snapdragon_782g_mobile_platform_firmware,2,8.4,8.4
Aplicación,redhat,virtualization_host,2,7.8,7.8
Aplicación,oracle,bi_publisher,2,9.8,9.8
Sistema Operativo,qualcomm,smr546_firmware,2,7.3,8.4
Sistema Operativo,qualcomm,snapdragon_765g_5g_mobile_platform_firmware,2,8.4,8.4
Sistema Operativo,qualcomm,snapdragon_765_5g_mobile_platform_firmware,2,8.4,8.4
Sistema Operativo,telesquare,tlr-2005ksh_firmware,2,9.45,9.8
Sistema Operativo,qualcomm,snapdragon_750g_5g_mobile_platform_firmware,2,8.4,8.4
Aplicación,finecms,finecms,2,,
Aplicación,wipro,holmes,2,7.5,7.5
Aplicación,oracle,communications_evolved_communications_application_server,2,9.8,9.8
Sistema Operativo,tbroad,gn-866ac_firmware,2,7.5,7.5
Aplicación,tagdiv,newspaper,2,7.95,9.8
Sistema Operativo,qualcomm,snapdragon_768g_5g_mobile_platform_firmware,2,8.4,8.4
Sistema Operativo,qualcomm,snapdragon_675_mobile_platform_firmware,2,8.1,8.4
Hardware,loytec,lgate-902,2,,
Aplicación,fudforum,fudforum,2,6.1,6.1
Sistema Operativo,qualcomm,snapdragon_680_4g_mobile_platform_firmware,2,8.4,8.4
Sistema Operativo,qualcomm,snapdragon_685_4g_mobile_platform_firmware,2,8.4,8.4
Aplicación,parallels,h-sphere,2,6.1,6.1
Aplicación,weaver,e-office,2,5.8,6.3
Aplicación,optergy,proton,2,6.1,6.1
Aplicación,netapp,oncommand_performance_manager,2,8.4,9.8
Aplicación,sonicwall,global_management_system,2,8.65,9.8
Aplicación,netapp,oncommand_system_manager,2,8.35,9.8
Aplicación,pascom,cloud_phone_system,2,8.65,9.8
Sistema Operativo,qualcomm,snapdragon_auto_4g_modem_firmware,2,8.1,8.4
Sistema Operativo,qualcomm,snapdragon_8_gen_1_mobile_platform_firmware,2,8.4,8.4
Sistema Operativo,qualcomm,snapdragon_8\+_gen_1_mobile_platform_firmware,2,8.4,8.4
Aplicación,elasticsearch,elasticsearch,2,,
Hardware,tp-link,tl-wa855re,1,8.8,8.8
Sistema Operativo,arm,trusted_firmware-m,1,5.5,5.5
Aplicación,oracle,enterprise_data_quality,1,9.8,9.8
Aplicación,oracle,financial_services_revenue_management_and_billing_analytics,1,6.9,6.9
Hardware,wavlink,wn551k1,1,7.5,7.5
Aplicación,oracle,financial_services_regulatory_reporting_with_agilereporter,1,9.8,9.8
Hardware,zte,f660,1,,
Hardware,tp-link,archer_c9,1,7.5,7.5
Hardware,qualcomm,qfe3100,1,8.4,8.4
Hardware,western_digital,my_cloud_ex4100,1,,
Hardware,western_digital,my_cloud_ex4,1,,
Aplicación,erxes,erxes,1,6.1,6.1
Hardware,tp-link,archer_c8,1,7.5,7.5
Hardware,tp-link,archer_c7,1,7.5,7.5
Hardware,western_digital,my_cloud_ex2_ultra,1,,
Sistema Operativo,apsystems,energy_communication_unit_firmware,1,9.8,9.8
Hardware,totolink,a950rg,1,9.8,9.8
Hardware,qualcomm,qcn5152,1,7.8,7.8
Aplicación,oracle,flexcube_investor_servicing,1,9.8,9.8
Hardware,tp-link,tl-wr741nd,1,7.5,7.5
Aplicación,microsoft,office_powerpoint,1,8.8,8.8
Hardware,thermofisher,dt80_dex,1,9.8,9.8
Hardware,qualcomm,qcn5122,1,7.8,7.8
Aplicación,microsoft,office_online_server,1,7.8,7.8
Aplicación,microsoft,office_sharepoint_server,1,7.8,7.8
Hardware,wavlink,wl-wn533a8,1,7.5,7.5
Hardware,zte,mf971r,1,4.3,4.3
Sistema Operativo,arraynetworks,arrayos_ag,1,9.8,9.8
Aplicación,oracle,communications_brm_-_elastic_charging_engine,1,7.5,7.5
Sistema Operativo,alliedtelesis,at-gs950\/8_firmware,1,7.5,7.5
Hardware,zyxel,emg2926,1,8.8,8.8
Hardware,tp-link,tl-wdr4300,1,7.5,7.5
Hardware,tp-link,tl-wdr3600,1,7.5,7.5
Hardware,terra-master,f4-422,1,7.5,7.5
Hardware,tp-link,tl-wdr3500,1,7.5,7.5
Sistema Operativo,arris,bgw210_firmware,1,7.5,7.5
Hardware,terra-master,t12-450,1,7.5,7.5
Hardware,terra-master,f5-422,1,7.5,7.5
Sistema Operativo,aterm,wg1200hp2_firmware,1,9.8,9.8
Sistema Operativo,aterm,wg1200hp3_firmware,1,9.8,9.8
Sistema Operativo,amcrest,ip8m-t2499ew_firmware,1,8.8,8.8
Aplicación,oracle,financial_services_market_risk_measurement_and_management,1,9.8,9.8
Aplicación,oracle,financial_services_profitability_management,1,9.8,9.8
Aplicación,oracle,communications_calendar_server,1,9.8,9.8
Hardware,western_digital,my_cloud_ex2100,1,,
Sistema Operativo,amcrest,ipm-721s_firmware,1,,
Hardware,western_digital,my_cloud_dl2100,1,,
Sistema Operativo,amcrest,ipm-hx1_firmware,1,8.8,8.8
Hardware,qualcomm,qcn5124,1,7.8,7.8
Hardware,qualcomm,qcn5052,1,7.8,7.8
Hardware,wavlink,wn575a4,1,9.8,9.8
Hardware,terra-master,t12-423,1,7.5,7.5
Aplicación,oracle,financial_services_regulatory_reporting_for_de_nederlandsche_bank,1,6.9,6.9
Aplicación,oracle,database,1,7.0,7.0
Sistema Operativo,amcrest,ipm-721_firmware,1,8.8,8.8
Aplicación,esafenet,electronic_document_security_management_system,1,,
Aplicación,oracle,enterprise_communications_broker,1,7.2,7.2
Hardware,western_digital,my_cloud_ex2,1,,
Sistema Operativo,amcrest,amdv10814-h5_firmware,1,8.8,8.8
Hardware,western_digital,my_cloud_dl4100,1,,
Aplicación,oracle,enterprise_manager_for_oracle_database,1,9.8,9.8
Hardware,wavlink,wn530hg4,1,7.5,7.5
Sistema Operativo,apsystems,ecu-r_firmware,1,9.8,9.8
Hardware,tp-link,archer_c5,1,7.5,7.5
Hardware,terra-master,t6-423,1,7.5,7.5
Hardware,totolink,x5000r,1,9.8,9.8
Hardware,totolink,ex1200t,1,9.8,9.8
Aplicación,oracle,endeca_information_discovery_integrator,1,8.1,8.1
Hardware,terra-master,f4-423,1,7.5,7.5
Sistema Operativo,amcrest,1080-lite_8ch_firmware,1,8.8,8.8
Sistema Operativo,aterm,wf800hp_firmware,1,9.8,9.8
Aplicación,edx,open_edx,1,6.1,6.1
Hardware,wago,compact_controller_100,1,9.8,9.8
Hardware,terra-master,f5-221,1,7.5,7.5
Hardware,tp-link,archer_ax21,1,8.8,8.8
Aplicación,microsoft,interix,1,7.8,7.8
Hardware,visual-tools,dvr_vx16,1,9.8,9.8
Aplicación,averta,shortcodes_and_extra_features_for_phlox_theme,1,6.1,6.1
Aplicación,bentley,synchro_4d,1,10.0,10.0
Aplicación,bentley,synchro,1,10.0,10.0
Aplicación,beautiful-cookie-banner,beautiful_cookie_consent_banner,1,7.2,7.2
Aplicación,beardev,joomsport,1,9.8,9.8
Hardware,zyxel,zywall_2_plus_internet_security_appliance,1,6.1,6.1
Aplicación,episerver,find,1,6.1,6.1
Aplicación,episerver,episerver,1,,
Aplicación,basixonline,nex-forms,1,8.8,8.8
Aplicación,english_wordpress_admin_project,english_wordpress_admin,1,6.1,6.1
Sistema Operativo,amcrest,ip8m-2454ew_firmware,1,8.8,8.8
Hardware,veritas,netbackup_appliance,1,9.8,9.8
Hardware,zyxel,zywall_usg_100,1,9.8,9.8
Hardware,wago,pfc200,1,9.8,9.8
Hardware,velotismart_project,velotismart_wifi,1,,
Hardware,wago,touch_panel_600_advanced,1,9.8,9.8
Hardware,zyxel,zywall_usg_310,1,9.8,9.8
Hardware,tvt,nvms-1000,1,7.5,7.5
Hardware,qualcomm,qcn9100,1,7.8,7.8
Aplicación,oracle,communications_operations_monitor,1,6.9,6.9
Aplicación,microsoft,jscript,1,7.5,7.5
Hardware,trendnet,tew-813dru,1,9.8,9.8
Hardware,trendnet,tew-810dr,1,9.8,9.8
Hardware,veritas,netbackup_virtual_appliance,1,9.8,9.8
Hardware,wago,edge_controller,1,9.8,9.8
Aplicación,aviatrix,controller,1,9.8,9.8
Hardware,zte,f460,1,,
Aplicación,b2evolution,b2evolution,1,6.1,6.1
Aplicación,backdropcms,backdrop,1,4.8,4.8
Hardware,wago,pfc100,1,9.8,9.8
Aplicación,backup-guard,backup_guard,1,7.2,7.2
Aplicación,oracle,communications_online_mediation_controller,1,9.8,9.8
Aplicación,badgeos,badgeos,1,9.8,9.8
Aplicación,bangresto_project,bangresto,1,8.8,8.8
Aplicación,barco,control_room_management_suite,1,7.5,7.5
Hardware,western_digital,my_cloud_wdbctl0020hwt,1,,
Aplicación,aveva,intouch_access_anywhere,1,7.5,7.5
Aplicación,ericssonlg,ipecs_nms,1,,
Aplicación,ericsson,drutt_mobile_service_delivery_platform,1,,
Aplicación,microsoft,onenote,1,8.8,8.8
Aplicación,microsoft,powerpoint_viewer,1,7.8,7.8
Aplicación,microsoft,project,1,8.8,8.8
Aplicación,microsoft,publisher,1,8.8,8.8
Hardware,western_digital,my_cloud_pr2100,1,,
Aplicación,aviary_image_editor_add-on_for_gravity_forms_project,aviary_image_editor_add-on_for_gravity_forms,1,,
Hardware,western_digital,my_cloud_mirror_gen_2,1,,
Aplicación,microsoft,host_integration_server,1,8.8,8.8
Aplicación,microsoft,infopath,1,8.8,8.8
Hardware,western_digital,my_cloud_mirror,1,,
Hardware,western_digital,my_cloud_pr4100,1,,
Sistema Operativo,amcrest,ip2m-841_firmware,1,8.8,8.8
Aplicación,oracle,communications_service_broker,1,9.8,9.8
Aplicación,oracle,configuration_manager,1,9.8,9.8
Aplicación,oracle,communications_session_border_controller,1,7.2,7.2
Hardware,trendnet,tew-651br,1,9.8,9.8
Sistema Operativo,amcrest,ip2m-853ew_firmware,1,8.8,8.8
Aplicación,oracle,communications_webrtc_session_controller,1,9.8,9.8
Hardware,tp-link,tl-wr940n,1,8.8,8.8
Sistema Operativo,amcrest,ip2m-858w_firmware,1,8.8,8.8
Hardware,tp-link,tl-wr841nd,1,7.5,7.5
Hardware,zyxel,nas520,1,9.8,9.8
Aplicación,event_management_system_project,event_management_system,1,8.8,8.8
Aplicación,microsoft,intune_endpoint_protection,1,7.8,7.8
Sistema Operativo,amcrest,ip2m-866ew_firmware,1,8.8,8.8
Hardware,terra-master,u4-423,1,7.5,7.5
Sistema Operativo,amcrest,ip2m-866w_firmware,1,8.8,8.8
Sistema Operativo,amcrest,ip4m-1053ew_firmware,1,8.8,8.8
Sistema Operativo,amcrest,ip8m-2493eb_firmware,1,8.8,8.8
Sistema Operativo,amcrest,ip8m-2496eb_firmware,1,8.8,8.8
Sistema Operativo,amcrest,ip8m-2597e_firmware,1,8.8,8.8
Aplicación,eclipse,mojarra,1,6.5,6.5
Hardware,terra-master,u4-211,1,7.5,7.5
Sistema Operativo,amcrest,ip8m-mb2546ew_firmware,1,8.8,8.8
Sistema Operativo,amcrest,ip8m-mt2544ew_firmware,1,8.8,8.8
Aplicación,oracle,enterprise_manager_for_peoplesoft,1,9.8,9.8
Hardware,wavlink,wn531g3,1,7.5,7.5
Aplicación,microsoft,internet_information_services,1,9.8,9.8
Hardware,zyxel,zywall_vpn100,1,,
Aplicación,microsoft,internet_information_server,1,,
Aplicación,microsoft,visio_viewer,1,7.8,7.8
Aplicación,oracle,health_sciences_empirica_signal,1,9.8,9.8
Hardware,trendnet,tew-731br,1,9.8,9.8
Hardware,wago,touch_panel_600_marine,1,9.8,9.8
Hardware,zyxel,zywall_vpn300,1,,
Sistema Operativo,acexy,wireless-n_wifi_repeater_firmware,1,7.5,7.5
Hardware,wago,touch_panel_600_standard,1,9.8,9.8
Sistema Operativo,adb,p.dga4001n_firmware,1,,
Aplicación,oracle,communications_messaging_server,1,9.8,9.8
Sistema Operativo,amcrest,ip2m-841-v3_firmware,1,8.8,8.8
Hardware,wavlink,wl-wn530h4,1,7.5,7.5
Hardware,trendnet,tew-652br,1,9.8,9.8
Aplicación,microsoft,vbscript,1,7.5,7.5
Hardware,zyxel,vmg1312-b10d,1,,
Aplicación,etherpad,etherpad_lite,1,,
Hardware,zyxel,p660hn-t1a_v1,1,9.8,9.8
Hardware,zyxel,p660hn-t1a_v2,1,9.8,9.8
Aplicación,microsoft,sql_server_2008,1,8.8,8.8
Aplicación,microsoft,sql_server_2005,1,8.8,8.8
Aplicación,microsoft,sql_server_2000,1,8.8,8.8
Hardware,zyxel,nsg300,1,9.8,9.8
Hardware,zyxel,nbg2105,1,7.8,7.8
Hardware,trendnet,tew-711br,1,9.8,9.8
Aplicación,oracle,in-memory_performance-driven_planning,1,9.8,9.8
Sistema Operativo,dcnglobal,dcbi-netlog-lab_firmware,1,9.8,9.8
Sistema Operativo,dahuasecurity,xvr-7x32_firmware,1,9.8,9.8
Sistema Operativo,dahuasecurity,xvr-7x16_firmware,1,9.8,9.8
Sistema Operativo,dahuasecurity,dh-sd6cxx_firmware,1,,
Sistema Operativo,dahuasecurity,dh-nvr1xxx_firmware,1,,
Sistema Operativo,dahuasecurity,dh-ipc-hfw4xxx_firmware,1,,
Sistema Operativo,dahuasecurity,dh-ipc-hfw2xxx_firmware,1,,
Sistema Operativo,dahuasecurity,dh-ipc-hfw1xxx_firmware,1,,
Hardware,tieline,ip_audtio_gateway,1,9.8,9.8
Sistema Operativo,dahuasecurity,dh-ipc-hdw2xxx_firmware,1,,
Sistema Operativo,dahuasecurity,dh-ipc-hdw1xxx_firmware,1,,
Sistema Operativo,dahuasecurity,dh-ipc-hdbw23a0rn-zs_firmware,1,,
Sistema Operativo,dahuasecurity,dh-ipc-hdbw13a0sn_firmware,1,,
Sistema Operativo,dahuasecurity,dh-hcvr5xxx_firmware,1,,
Sistema Operativo,dahuasecurity,dh-hcvr4xxx_firmware,1,,
Sistema Operativo,dahuasecurity,tpc-bf5x01_firmware,1,9.8,9.8
Sistema Operativo,dahuasecurity,tpc-bf2221_firmware,1,9.8,9.8
Sistema Operativo,dahuasecurity,tpc-bf1241_firmware,1,9.8,9.8
Sistema Operativo,dahuasecurity,dh-ipc-hdw4xxx_firmware,1,,
Sistema Operativo,dahuasecurity,xvr-5x04_firmware,1,9.8,9.8
Sistema Operativo,dahuasecurity,xvr-4x08_firmware,1,9.8,9.8
Sistema Operativo,dahuasecurity,xvr-4x04_firmware,1,9.8,9.8
Hardware,qualcomm,qcn6023,1,7.8,7.8
Hardware,qualcomm,qcn9000,1,7.8,7.8
Sistema Operativo,dahuasecurity,tpc-sd8x21_firmware,1,9.8,9.8
Sistema Operativo,dahuasecurity,tpc-sd2221_firmware,1,9.8,9.8
Sistema Operativo,dahuasecurity,tpc-pt8x21b_firmware,1,9.8,9.8
Sistema Operativo,dahuasecurity,tpc-bf5x21_firmware,1,9.8,9.8
Sistema Operativo,dahuasecurity,nvr-1xxx_firmware,1,9.8,9.8
Aplicación,oracle,identity_manager_connector,1,9.8,9.8
Sistema Operativo,dahuasecurity,sd52c_firmware,1,9.8,9.8
Sistema Operativo,dahuasecurity,sd50_firmware,1,9.8,9.8
Sistema Operativo,dahuasecurity,sd49_firmware,1,9.8,9.8
Sistema Operativo,dahuasecurity,sd22_firmware,1,9.8,9.8
Sistema Operativo,dahuasecurity,sd1a1_firmware,1,9.8,9.8
Sistema Operativo,dahuasecurity,nvr-6xx_firmware,1,9.8,9.8
Sistema Operativo,dahuasecurity,nvr-5xxx_firmware,1,9.8,9.8
Sistema Operativo,dahuasecurity,nvr-4xxx_firmware,1,9.8,9.8
Sistema Operativo,dahuasecurity,nvr-2xxx_firmware,1,9.8,9.8
Sistema Operativo,dlink,dcs-930l_firmware,1,7.2,7.2
Sistema Operativo,cisco,sg500x-24p_firmware,1,,
Sistema Operativo,cisco,sg500x-24_firmware,1,,
Sistema Operativo,cisco,sg500-52p_firmware,1,,
Sistema Operativo,cisco,sg500-52mp_firmware,1,,
Sistema Operativo,cisco,sg500-52_firmware,1,,
Sistema Operativo,cisco,sg500-28p_firmware,1,,
Sistema Operativo,cisco,sg500-28mpp_firmware,1,,
Sistema Operativo,cisco,sg500-28_firmware,1,,
Sistema Operativo,cisco,sg300-52p_firmware,1,,
Sistema Operativo,dahuasecurity,sd6al_firmware,1,9.8,9.8
Sistema Operativo,cisco,sf300-48p_firmware,1,,
Sistema Operativo,cisco,sg300-28pp_firmware,1,,
Sistema Operativo,cisco,sg300-28p_firmware,1,,
Sistema Operativo,cisco,sg300-28mp_firmware,1,,
Sistema Operativo,cisco,sg300-28_firmware,1,,
Sistema Operativo,cisco,sg300-20_firmware,1,,
Sistema Operativo,cisco,sg300-10sfp_firmware,1,,
Sistema Operativo,cisco,sg300-10pp_firmware,1,,
Sistema Operativo,cisco,sg300-10p_firmware,1,,
Sistema Operativo,cisco,sg300-10mpp_firmware,1,,
Sistema Operativo,cisco,sf300-48pp_firmware,1,,
Sistema Operativo,cisco,sg300-52mp_firmware,1,,
Sistema Operativo,cisco,sg300-52_firmware,1,,
Sistema Operativo,d-link,dvg-n5402sp_firmware,1,,
Sistema Operativo,cyberoamworks,netgenie_c0101b1-20141120-ng11vo_firmware,1,6.1,6.1
Sistema Operativo,crestron,hd-md4x2-4k-e_firmware,1,9.8,9.8
Sistema Operativo,crestron,am-101_firmware,1,9.8,9.8
Sistema Operativo,crestron,am-100_firmware,1,9.8,9.8
Aplicación,oracle,insurance_policy_administration,1,9.8,9.8
Sistema Operativo,commscope,ruckus_smartzone_firmware,1,9.8,9.8
Sistema Operativo,cisco,sg500x-48_firmware,1,,
Sistema Operativo,cisco,unified_workforce_optimization,1,10.0,10.0
Sistema Operativo,dahuasecurity,dhi-hcvr58a32s-s2_firmware,1,,
Sistema Operativo,dahuasecurity,dhi-hcvr51a08he-s3_firmware,1,,
Sistema Operativo,dahuasecurity,dhi-hcvr51a04he-s3_firmware,1,,
Sistema Operativo,cisco,sg200-26p_firmware,1,,
Sistema Operativo,cisco,sg200-26fp_firmware,1,,
Sistema Operativo,cisco,unified_sip_proxy,1,10.0,10.0
Sistema Operativo,cisco,unified_ip_conference_station_7937g_firmware,1,7.5,7.5
Sistema Operativo,cisco,sg500xg-8f8t_firmware,1,,
Sistema Operativo,cisco,sg500x-48p_firmware,1,,
Sistema Operativo,codeaurora,android-msm,1,8.4,8.4
Sistema Operativo,endress,wirelesshart_fieldgate_swg70_firmware,1,,
Sistema Operativo,emerson,dixell_xweb-500_firmware,1,9.8,9.8
Hardware,qualcomm,qca9984,1,7.8,7.8
Sistema Operativo,dw,spectrum_server_firmware,1,7.5,7.5
Hardware,qualcomm,qca9985,1,7.8,7.8
Sistema Operativo,dlink,dir-855l_firmware,1,9.8,9.8
Sistema Operativo,dlink,dir-850l_firmware,1,6.1,6.1
Hardware,qualcomm,qca9990,1,7.8,7.8
Sistema Operativo,dlink,dir-835_firmware,1,9.8,9.8
Sistema Operativo,dahuasecurity,xvr-5x08_firmware,1,9.8,9.8
Sistema Operativo,dlink,dir-825_r1_firmware,1,9.8,9.8
Sistema Operativo,dlink,dir-825_firmware,1,9.8,9.8
Sistema Operativo,dlink,dir-823_firmware,1,9.8,9.8
Sistema Operativo,dlink,dwl-2600ap_firmware,1,7.8,7.8
Sistema Operativo,dlink,dsl2888a_firmware,1,8.8,8.8
Sistema Operativo,dlink,dsl-2760u_firmware,1,5.4,5.4
Sistema Operativo,dlink,dsl-2750b_firmware,1,9.8,9.8
Hardware,qualcomm,qca9994,1,7.8,7.8
Sistema Operativo,dlink,dnr-322l_firmware,1,8.8,8.8
Hardware,qualcomm,qca9992,1,7.8,7.8
Sistema Operativo,f5,f5os,1,9.0,9.0
Hardware,qualcomm,qcn9070,1,7.8,7.8
Sistema Operativo,dlink,go-rt-ac750_firmware,1,9.8,9.8
Sistema Operativo,dlink,dwr-921_firmware,1,7.5,7.5
Sistema Operativo,dlink,dwr-712_firmware,1,7.5,7.5
Aplicación,microsoft,.net_core,1,7.8,7.8
Aplicación,microfocus,universal_cmdb,1,9.8,9.8
Aplicación,microfocus,service_manager_automation,1,8.8,8.8
Aplicación,microsoft,groove_server,1,8.8,8.8
Sistema Operativo,eq-3,ccu3_firmware,1,,
Aplicación,microsoft,frontpage,1,8.8,8.8
Aplicación,microsoft,forefront_threat_management_gateway,1,9.8,9.8
Sistema Operativo,dlink,dir-900l_firmware,1,9.8,9.8
Sistema Operativo,dlink,dir-895r_firmware,1,9.8,9.8
Sistema Operativo,dlink,dir-895l_firmware,1,9.8,9.8
Sistema Operativo,dlink,dir-890r_firmware,1,9.8,9.8
Sistema Operativo,dlink,dir-890l_firmware,1,9.8,9.8
Sistema Operativo,dlink,dir-885r_firmware,1,9.8,9.8
Sistema Operativo,dlink,dir-885l_firmware,1,9.8,9.8
Sistema Operativo,dlink,dir-869_firmware,1,9.8,9.8
Aplicación,microsoft,groove,1,8.8,8.8
Sistema Operativo,dlink,dir-140l_firmware,1,7.5,7.5
Sistema Operativo,dlink,dhp-1565_firmware,1,9.8,9.8
Sistema Operativo,dlink,dir-822_firmware,1,9.8,9.8
Sistema Operativo,dlink,dir-820lw_firmware,1,9.8,9.8
Sistema Operativo,dlink,dir-818lx_firmware,1,9.8,9.8
Sistema Operativo,dlink,dir-817lw_a1_firmware,1,9.8,9.8
Hardware,qualcomm,qcn5022,1,7.8,7.8
Hardware,qualcomm,qcn5024,1,7.8,7.8
Hardware,qualcomm,qcn5154,1,7.8,7.8
Sistema Operativo,dlink,dir-905l_firmware,1,9.8,9.8
Sistema Operativo,dlink,dap-1620_firmware,1,7.5,7.5
Sistema Operativo,dlink,dap-1533_firmware,1,9.8,9.8
Sistema Operativo,dell,wyse_7030_firmware,1,5.4,5.4
Sistema Operativo,dell,wyse_5050_all-in-one_firmware,1,5.4,5.4
Sistema Operativo,dell,wyse_5030_firmware,1,5.4,5.4
Sistema Operativo,dlink,dir-619l_firmware,1,9.8,9.8
Sistema Operativo,dlink,dir-615jx10_firmware,1,9.8,9.8
Sistema Operativo,dlink,dir-615_t1_firmware,1,9.8,9.8
Sistema Operativo,dlink,dir-615_j1_firmware,1,9.8,9.8
Sistema Operativo,dahuasecurity,xvr-5x16_firmware,1,9.8,9.8
Hardware,qualcomm,qcn5164,1,7.8,7.8
Sistema Operativo,dlink,dir-809_firmware,1,9.8,9.8
Sistema Operativo,dlink,dir-808l_firmware,1,9.8,9.8
Sistema Operativo,dlink,dir-655_firmware,1,9.8,9.8
Sistema Operativo,dlink,dir-652_firmware,1,9.8,9.8
Sistema Operativo,dlink,dir-651_firmware,1,9.8,9.8
Sistema Operativo,dlink,dir-645_firmware,1,8.8,8.8
Sistema Operativo,dlink,dir-640l_firmware,1,7.5,7.5
Sistema Operativo,dlink,dir-636l_firmware,1,9.8,9.8
Sistema Operativo,dlink,dir-626l_firmware,1,9.8,9.8
Sistema Operativo,dlink,dir-300_firmware,1,5.7,5.7
Sistema Operativo,dlink,dir-866l_firmware,1,9.8,9.8
Sistema Operativo,dlink,dir-862l_firmware,1,9.8,9.8
Sistema Operativo,dlink,dir-860l_firmware,1,9.8,9.8
Sistema Operativo,dlink,dir-859_firmware,1,9.8,9.8
Sistema Operativo,dlink,dir-600m_firmware,1,9.8,9.8
Sistema Operativo,dlink,dir-600l_firmware,1,9.8,9.8
Sistema Operativo,dlink,dir-600_firmware,1,8.0,8.0
Sistema Operativo,dlink,dir-515_firmware,1,9.8,9.8
Sistema Operativo,dlink,dir-501_firmware,1,9.8,9.8
Sistema Operativo,dlink,dir-3040_firmware,1,4.3,4.3
Sistema Operativo,dlink,dir-868l_b1_firmware,1,9.8,9.8
Sistema Operativo,binatoneglobal,focus_72r_firmware,1,8.8,8.8
Sistema Operativo,binatoneglobal,focus_68_firmware,1,8.8,8.8
Sistema Operativo,binatoneglobal,ease44_firmware,1,8.8,8.8
Sistema Operativo,binatoneglobal,connect_view_65_firmware,1,8.8,8.8
Sistema Operativo,cisco,asa_5510_firmware,1,9.1,9.1
Sistema Operativo,cisco,asa_5505_firmware,1,9.1,9.1
Sistema Operativo,cisco,asa_1000v_cloud_firewall_software,1,8.8,8.8
Sistema Operativo,binatoneglobal,comfort_40_firmware,1,8.8,8.8
Sistema Operativo,binatoneglobal,cn75_firmware,1,8.8,8.8
Sistema Operativo,cisco,sg300-10mp_firmware,1,,
Sistema Operativo,binatoneglobal,cn40_firmware,1,8.8,8.8
Sistema Operativo,binatoneglobal,cn28_firmware,1,8.8,8.8
Sistema Operativo,billion,5200w-t_firmware,1,9.8,9.8
Sistema Operativo,beyondtrust,appliance_base_software,1,6.1,6.1
Sistema Operativo,belkin,n150_f9k1009_firmware,1,,
Sistema Operativo,barracuda,email_security_gateway_900_firmware,1,9.4,9.4
Sistema Operativo,barracuda,email_security_gateway_800_firmware,1,9.4,9.4
Sistema Operativo,barracuda,email_security_gateway_600_firmware,1,9.4,9.4
Sistema Operativo,barracuda,email_security_gateway_400_firmware,1,9.4,9.4
Sistema Operativo,binatoneglobal,cn50_firmware,1,8.8,8.8
Aplicación,oracle,health_sciences_information_manager,1,5.9,5.9
Aplicación,oracle,healthcare_data_repository,1,9.8,9.8
Sistema Operativo,centos,centos,1,7.8,7.8
Sistema Operativo,cassianetworks,xc2000_firmware,1,9.8,9.8
Sistema Operativo,cassianetworks,xc1000_firmware,1,9.8,9.8
Aplicación,attenzione,yousaytoo,1,,
Aplicación,atlassian,subversion_application_lifecycle_management,1,6.1,6.1
Aplicación,atlassian,questions_for_confluence,1,9.8,9.8
Aplicación,ayecode,restaurant_pt,1,6.1,6.1
Sistema Operativo,binatoneglobal,halo\+_camera_firmware,1,8.8,8.8
Aplicación,ayecode,directory,1,6.1,6.1
Aplicación,ayecode,college,1,6.1,6.1
Sistema Operativo,binatoneglobal,mbp6855_firmware,1,8.8,8.8
Sistema Operativo,binatoneglobal,mbp669_connect_firmware,1,8.8,8.8
Sistema Operativo,binatoneglobal,mbp4855_firmware,1,8.8,8.8
Sistema Operativo,binatoneglobal,mbp3855_firmware,1,8.8,8.8
Sistema Operativo,binatoneglobal,mbp3667_firmware,1,8.8,8.8
Sistema Operativo,binatoneglobal,lux_85_connect_firmware,1,8.8,8.8
Sistema Operativo,binatoneglobal,lux_65_firmware,1,8.8,8.8
Sistema Operativo,binatoneglobal,lux_64_firmware,1,8.8,8.8
Aplicación,ayecode,plato,1,6.1,6.1
Sistema Operativo,aterm,w300p_firmware,1,9.8,9.8
Sistema Operativo,aterm,w1200ex_firmware,1,9.8,9.8
Sistema Operativo,aterm,w1200ex-ms_firmware,1,9.8,9.8
Sistema Operativo,asus,lyra_mini_firmware,1,9.8,9.8
Sistema Operativo,asus,gt-ac2900_firmware,1,9.8,9.8
Aplicación,oracle,healthcare_master_person_index,1,5.9,5.9
Aplicación,oracle,healthcare_translational_research,1,6.9,6.9
Aplicación,oracle,hospitality_opera_5,1,9.8,9.8
Aplicación,oracle,financial_services_hedge_management_and_ifrs_valuations,1,9.8,9.8
Sistema Operativo,barracuda,email_security_gateway_300_firmware,1,9.4,9.4
Sistema Operativo,arubanetworks,instant,1,6.1,6.1
Sistema Operativo,arris,nvg599_firmware,1,7.5,7.5
Sistema Operativo,arris,nvg589_firmware,1,7.5,7.5
Sistema Operativo,arris,nvg510_firmware,1,7.5,7.5
Sistema Operativo,arris,nvg443_firmware,1,7.5,7.5
Sistema Operativo,arris,bgw320_firmware,1,7.5,7.5
Sistema Operativo,barco,wepresent_wipg-1600w_firmware,1,9.8,9.8
Aplicación,oracle,financial_services_loan_loss_forecasting_and_provisioning,1,9.8,9.8
Sistema Operativo,barco,wepresent_wipg-1000p_firmware,1,9.8,9.8
Sistema Operativo,avtech,avn801_dvr_firmware,1,9.8,9.8
Aplicación,oracle,financial_services_lending_and_leasing,1,9.8,9.8
Sistema Operativo,brocade,fabric_operating_system,1,8.3,8.3
Sistema Operativo,broadcom,brocade_fabric_operating_system_firmware,1,9.0,9.0
Sistema Operativo,blackbox,hd_wireless_presentation_system_firmware,1,9.8,9.8
Sistema Operativo,auerswald,compact_5500r_firmware,1,9.8,9.8
Sistema Operativo,auerswald,comfortel_3600_ip_firmware,1,7.5,7.5
Sistema Operativo,auerswald,comfortel_2600_ip_firmware,1,7.5,7.5
Sistema Operativo,auerswald,comfortel_1400_ip_firmware,1,7.5,7.5
Sistema Operativo,audiocodes,420hd_ip_phone_firmware,1,,
Sistema Operativo,aterm,wr8165n_firmware,1,9.8,9.8
Sistema Operativo,aterm,w500p_firmware,1,9.8,9.8
Sistema Operativo,aterm,wg1900hp2_firmware,1,9.8,9.8
Sistema Operativo,aterm,wg1800hp4_firmware,1,9.8,9.8
Sistema Operativo,aterm,wg1800hp3_firmware,1,9.8,9.8
Sistema Operativo,aterm,wg1200hs_firmware,1,9.8,9.8
Sistema Operativo,aterm,wg1200hs2_firmware,1,9.8,9.8
Sistema Operativo,aterm,wg1200hp_firmware,1,9.8,9.8
Sistema Operativo,binatoneglobal,connect_20_firmware,1,8.8,8.8
Sistema Operativo,binatoneglobal,comfort_85_connect_firmware,1,8.8,8.8
Sistema Operativo,binatoneglobal,comfort_50_connect_firmware,1,8.8,8.8
Sistema Operativo,aterm,wf300hp2_firmware,1,9.8,9.8
Sistema Operativo,aterm,wg1900hp_firmware,1,9.8,9.8
Sistema Operativo,cisco,rv110w_firmware,1,5.3,5.3
Sistema Operativo,cisco,rv082_firmware,1,6.5,6.5
Sistema Operativo,cisco,rv082_dual_wan_vpn_firmware,1,8.8,8.8
Sistema Operativo,cisco,rv042g_firmware,1,6.5,6.5
Sistema Operativo,cisco,rv042g_dual_gigabit_wan_vpn_firmware,1,8.8,8.8
Sistema Operativo,cisco,rv042_firmware,1,6.5,6.5
Sistema Operativo,cisco,sf300-48_firmware,1,,
Sistema Operativo,cisco,sf300-24pp_firmware,1,,
Aplicación,oracle,integrated_lights_out_manager,1,8.1,8.1
Aplicación,oracle,health_sciences_inform,1,6.9,6.9
Sistema Operativo,cisco,sf300-24mp_firmware,1,,
Sistema Operativo,cisco,sf300-24_firmware,1,,
Sistema Operativo,cisco,sf300-08_firmware,1,,
Sistema Operativo,cisco,sf200-48p_firmware,1,,
Sistema Operativo,cisco,sf200-48_firmware,1,,
Sistema Operativo,cisco,sf200-24p_firmware,1,,
Sistema Operativo,cisco,pix_firewall_software,1,8.8,8.8
Sistema Operativo,cisco,ip_phone_8865_firmware,1,9.8,9.8
Sistema Operativo,cisco,ip_phone_8861_firmware,1,9.8,9.8
Sistema Operativo,cisco,sf300-24p_firmware,1,,
Sistema Operativo,cisco,sg300-10_firmware,1,,
Sistema Operativo,cisco,sg200-50p_firmware,1,,
Sistema Operativo,cisco,sg200-50fp_firmware,1,,
Sistema Operativo,cisco,sg200-50_firmware,1,,
Sistema Operativo,cisco,sf200-24fp_firmware,1,,
Sistema Operativo,cisco,sf200-24_firmware,1,,
Sistema Operativo,cisco,sg200-26_firmware,1,,
Sistema Operativo,cisco,sg200-18_firmware,1,,
Sistema Operativo,cisco,sg200-10fp_firmware,1,,
Sistema Operativo,cisco,rv130w_firmware,1,5.3,5.3
Sistema Operativo,cisco,sg200-08_firmware,1,,
Sistema Operativo,cisco,sf500-48p_firmware,1,,
Sistema Operativo,cisco,sf500-48_firmware,1,,
Sistema Operativo,cisco,sf500-24p_firmware,1,,
Sistema Operativo,cisco,sf500-24_firmware,1,,
Sistema Operativo,cisco,sf302-08pp_firmware,1,,
Sistema Operativo,cisco,sf302-08p_firmware,1,,
Sistema Operativo,cisco,sf302-08mpp_firmware,1,,
Sistema Operativo,cisco,sf302-08mp_firmware,1,,
Sistema Operativo,cisco,sf302-08_firmware,1,,
Sistema Operativo,cisco,sg200-08p_firmware,1,,
Sistema Operativo,cisco,asa_5512-x_firmware,1,9.1,9.1
Aplicación,oracle,fusion_middleware_mapviewer,1,9.8,9.8
Sistema Operativo,cisco,rv042_dual_wan_vpn_firmware,1,8.8,8.8
Sistema Operativo,cisco,rv016_multi-wan_vpn_firmware,1,8.8,8.8
Sistema Operativo,cisco,rv016_firmware,1,6.5,6.5
Aplicación,eventum_project,eventum,1,,
Aplicación,eventespresso,event_espresso,1,6.1,6.1
Aplicación,microsoft,commerce_server_2009,1,8.8,8.8
Aplicación,microsoft,office_2007_ime,1,7.8,7.8
Sistema Operativo,cisco,ip_phone_8851_firmware,1,9.8,9.8
Aplicación,oracle,goldengate,1,9.8,9.8
Aplicación,microsoft,live_meeting,1,7.8,7.8
Aplicación,ayecode,cafe_bistro,1,6.1,6.1
Aplicación,axxonsoft,next,1,,
Aplicación,axigen,axigen_mobile_webmail,1,6.1,6.1
Aplicación,oracle,goldengate_application_adapters,1,9.8,9.8
Aplicación,awin,awin_data_feed,1,6.1,6.1
Aplicación,awesomemotive,easy_digital_downloads,1,9.8,9.8
Aplicación,awdsolution,com_awdwall,1,,
Sistema Operativo,cisco,8831_firmware,1,9.8,9.8
Aplicación,microsoft,malware_protection_engine,1,7.8,7.8
Sistema Operativo,cisco,ip_phone_8845_firmware,1,9.8,9.8
Sistema Operativo,cisco,ip_phone_8841_firmware,1,9.8,9.8
Sistema Operativo,cisco,ip_phone_8821_firmware,1,9.8,9.8
Sistema Operativo,cisco,ip_phone_8821-ex_firmware,1,9.8,9.8
Sistema Operativo,cisco,ip_phone_8811_firmware,1,9.8,9.8
Sistema Operativo,cisco,ip_phone_7861_firmware,1,9.8,9.8
Sistema Operativo,cisco,ip_phone_7841_firmware,1,9.8,9.8
Sistema Operativo,cisco,ip_phone_7821_firmware,1,9.8,9.8
Sistema Operativo,cisco,ip_phone_7811_firmware,1,9.8,9.8
Sistema Operativo,cisco,asa_5515-x_firmware,1,9.1,9.1
Sistema Operativo,cisco,fxos,1,10.0,10.0
Sistema Operativo,cisco,firepower_threat_defense,1,6.1,6.1
Sistema Operativo,cisco,asa_5585-x_firmware,1,9.1,9.1
Sistema Operativo,cisco,asa_5580_firmware,1,9.1,9.1
Sistema Operativo,cisco,asa_5555-x_firmware,1,9.1,9.1
Sistema Operativo,cisco,asa_5550_firmware,1,9.1,9.1
Sistema Operativo,cisco,asa_5545-x_firmware,1,9.1,9.1
Sistema Operativo,cisco,asa_5540_firmware,1,9.1,9.1
Sistema Operativo,cisco,asa_5525-x_firmware,1,9.1,9.1
Sistema Operativo,cisco,asa_5520_firmware,1,9.1,9.1
Sistema Operativo,cisco,rv215w_firmware,1,5.3,5.3
Hardware,ruckuswireless,t811-cm,1,9.8,9.8
Hardware,ruckuswireless,t750se,1,9.8,9.8
Hardware,ruckuswireless,t750,1,9.8,9.8
Hardware,qualcomm,sm6350,1,7.8,7.8
Aplicación,netapp,snapcenter_server,1,6.9,6.9
Hardware,ruckuswireless,t710s,1,9.8,9.8
Hardware,ruckuswireless,t710,1,9.8,9.8
Hardware,ruckuswireless,t610,1,9.8,9.8
Hardware,ruckuswireless,t504,1,9.8,9.8
Hardware,sony,snc-vb600b,1,,
Hardware,ruckuswireless,t350d,1,9.8,9.8
Aplicación,netapp,solidfire_\&_hci_storage_node,1,10.0,10.0
Hardware,ruckuswireless,q710,1,9.8,9.8
Aplicación,netapp,solidfire_baseboard_management_controller,1,8.3,8.3
Hardware,ruckuswireless,q410,1,9.8,9.8
Hardware,ruckuswireless,t310n,1,9.8,9.8
Aplicación,netapp,hci_baseboard_management_controller,1,6.9,6.9
Aplicación,netapp,hci_storage_nodes,1,7.0,7.0
Hardware,ruckuswireless,t310d,1,9.8,9.8
Hardware,ruckuswireless,t350se,1,9.8,9.8
Hardware,qualcomm,sdxr25g,1,6.2,6.2
Hardware,schneider-electric,evlink_city_evc1s7p4,1,9.8,9.8
Hardware,schneider-electric,evlink_city_evc1s22p4,1,9.8,9.8
Hardware,qualcomm,sd_8cx,1,7.8,7.8
Hardware,qualcomm,sda845,1,7.8,7.8
Hardware,qualcomm,sdm660,1,7.8,7.8
Hardware,qualcomm,sdm845,1,7.8,7.8
Hardware,ruckuswireless,r730,1,9.8,9.8
Hardware,ruckuswireless,r720,1,9.8,9.8
Hardware,qualcomm,sm6225-ad,1,7.8,7.8
Hardware,qualcomm,sm4350-ac,1,7.8,7.8
Hardware,ruckuswireless,zd1200,1,9.8,9.8
Hardware,ruckuswireless,zd1100,1,9.8,9.8
Hardware,qualcomm,sm4375,1,7.8,7.8
Hardware,ruckuswireless,zd1000,1,9.8,9.8
Hardware,ruckuswireless,t811-cm\(non-spf\),1,9.8,9.8
Hardware,qualcomm,sm6125,1,7.8,7.8
Hardware,qualcomm,sm6150-ac,1,7.8,7.8
Hardware,qualcomm,sm6225,1,7.8,7.8
Hardware,ruckuswireless,zd3000,1,9.8,9.8
Hardware,ruckuswireless,r550,1,9.8,9.8
Hardware,ruckuswireless,r510,1,9.8,9.8
Hardware,ruckuswireless,r500,1,9.8,9.8
Hardware,ruckuswireless,r350,1,9.8,9.8
Hardware,ruckuswireless,r320,1,9.8,9.8
Hardware,ruckuswireless,r310,1,9.8,9.8
Hardware,ruckuswireless,r300,1,9.8,9.8
Hardware,ruckuswireless,q910,1,9.8,9.8
Hardware,qualcomm,smart_display_200_platform,1,8.4,8.4
Hardware,ruckuswireless,t310c,1,9.8,9.8
Hardware,qualcomm,sm7150-aa,1,7.8,7.8
Hardware,rockwellautomation,allen-bradley_stratix_5800,1,10.0,10.0
Hardware,ruckuswireless,p300,1,9.8,9.8
Hardware,ruckuswireless,m510-jp,1,9.8,9.8
Hardware,qualcomm,sm7150-ab,1,7.8,7.8
Hardware,qualcomm,sm7150-ac,1,7.8,7.8
Hardware,ruckuswireless,m510,1,9.8,9.8
Hardware,ruckuswireless,h550,1,9.8,9.8
Hardware,ruckuswireless,h510,1,9.8,9.8
Hardware,qualcomm,sm7125,1,7.8,7.8
Hardware,ruckuswireless,t301s,1,9.8,9.8
Hardware,ruckuswireless,t301n,1,9.8,9.8
Aplicación,netapp,management_services_for_element_software,1,5.3,5.3
Aplicación,exponentcms,exponentcms,1,4.3,4.3
Hardware,ruckuswireless,t300,1,9.8,9.8
Hardware,ruckuswireless,sz300-federal,1,9.8,9.8
Hardware,ruckuswireless,sz300,1,9.8,9.8
Hardware,ruckuswireless,sz100,1,9.8,9.8
Hardware,ruckuswireless,sz-144-federal,1,9.8,9.8
Hardware,ruckuswireless,r560,1,9.8,9.8
Hardware,ruckuswireless,r850,1,9.8,9.8
Hardware,ruckuswireless,r760,1,9.8,9.8
Hardware,ruckuswireless,r750,1,9.8,9.8
Hardware,rockwellautomation,drivelogix_1794-l34,1,9.8,9.8
Hardware,rockwellautomation,controllogix_5580,1,9.8,9.8
Hardware,ruckuswireless,r710,1,9.8,9.8
Hardware,ruckuswireless,r700,1,9.8,9.8
Hardware,ruckuswireless,r650,1,9.8,9.8
Hardware,ruckuswireless,r610,1,9.8,9.8
Hardware,ruckuswireless,r600,1,9.8,9.8
Hardware,ruckuswireless,sz-144,1,9.8,9.8
Hardware,siemens,multix_top_acss,1,9.8,9.8
Hardware,siemens,simatic_pcs_7_ipc547e,1,9.8,9.8
Hardware,siemens,simatic_pcs_7_ipc547d,1,9.8,9.8
Aplicación,niteothemes,cmp,1,5.3,5.3
Hardware,siemens,multix_pro_p,1,9.8,9.8
Hardware,siemens,multix_pro_navy,1,9.8,9.8
Aplicación,niteothemes,coming_soon_\&_maintenance,1,5.3,5.3
Hardware,siemens,multix_pro_acss_p,1,9.8,9.8
Hardware,siemens,multix_pro_acss,1,9.8,9.8
Hardware,schneider-electric,evlink_parking_ev.2,1,9.8,9.8
Hardware,siemens,multix_pro,1,9.8,9.8
Aplicación,netapp,solidfire_enterprise_sds,1,10.0,10.0
Hardware,siemens,mobilett_xp_digital,1,9.8,9.8
Aplicación,netapp,storage_replication_adapter_for_clustered_data_ontap,1,5.3,5.3
Aplicación,netgate,pfblockerng,1,9.8,9.8
Hardware,siemens,lantis,1,9.8,9.8
Hardware,siemens,cp_1543-1,1,7.5,7.5
Aplicación,netgear,readynas_surveillance,1,,
Aplicación,netic,group_export,1,5.3,5.3
Aplicación,node-srv_project,node-srv,1,6.5,6.5
Hardware,siemens,simotion_p320-4_s,1,9.8,9.8
Hardware,qualcomm,sd_455,1,7.8,7.8
Hardware,qualcomm,sd_636,1,7.8,7.8
Hardware,siemens,simatic_ipc477e,1,9.8,9.8
Hardware,qualcomm,sd_8c,1,7.8,7.8
Hardware,siemens,simatic_ipc477d,1,9.8,9.8
Hardware,siemens,simatic_ipc427e,1,9.8,9.8
Hardware,siemens,simatic_ipc427d,1,9.8,9.8
Hardware,siemens,simatic_field_pg_m5,1,9.8,9.8
Hardware,siemens,multix_top_acss_p,1,9.8,9.8
Sistema Operativo,fiberhome,routerfiberhome_firmware,1,,
Hardware,siemens,simatic_field_pg_m4,1,9.8,9.8
Aplicación,ninjaforma,ninja_forms,1,,
Hardware,siemens,simatic_field_pg_m3,1,9.8,9.8
Hardware,siemens,simatic_cp_1543-1,1,7.5,7.5
Hardware,siemens,scalance_w1750d,1,6.1,6.1
Aplicación,nirweb,nirweb_support,1,9.8,9.8
Hardware,siemens,rapidpoint_500,1,9.8,9.8
Hardware,siemens,multix_top_p,1,9.8,9.8
Aplicación,nih,ncbi_toolbox,1,,
Hardware,seowonintech,slr-120s42g,1,9.8,9.8
Aplicación,extremenetworks,extreme_management_center,1,6.1,6.1
Aplicación,eyecix,jobsearch_wp_job_board,1,6.1,6.1
Hardware,seowonintech,slr-120s,1,9.8,9.8
Hardware,seowonintech,slr-120d42g,1,9.8,9.8
Hardware,siemens,multix_top,1,9.8,9.8
Hardware,qualcomm,sm6375,1,7.8,7.8
Hardware,siemens,multix_swing,1,9.8,9.8
Hardware,ruckuswireless,t350c,1,9.8,9.8
Hardware,siemens,centralink,1,9.8,9.8
Hardware,qualcomm,sdx12,1,8.4,8.4
Hardware,seowonintech,slc-130,1,9.8,9.8
Hardware,seagate,blackarmor_nas_220,1,,
Hardware,qualcomm,sdx65,1,8.4,8.4
Hardware,seagate,blackarmor_nas_110,1,,
Hardware,schneider-electric,spacelogic_c-bus_home_controller,1,8.8,8.8
Hardware,schneider-electric,evlink_smart_wallbox_evb1a,1,9.8,9.8
Hardware,schneider-electric,evlink_parking_evw2,1,9.8,9.8
Hardware,schneider-electric,evlink_parking_evf2,1,9.8,9.8
Hardware,ruckuswireless,t310s,1,9.8,9.8
Aplicación,netmask_project,netmask,1,9.1,9.1
Aplicación,netsas,enigma_network_management_solution,1,9.8,9.8
Hardware,siemens,axiom_vertix_solitaire_m,1,9.8,9.8
Aplicación,nette,application,1,8.7,8.7
Hardware,siemens,axiom_vertix_md_trauma,1,9.8,9.8
Hardware,siemens,axiom_multix_m,1,9.8,9.8
Hardware,siemens,atellica_solution,1,9.8,9.8
Hardware,siemens,aptio,1,9.8,9.8
Hardware,siemens,simatic_ipc547e,1,9.8,9.8
Aplicación,extplorer,com_extplorer,1,,
Hardware,samsung,exynos,1,5.0,5.0
Hardware,ruckuswireless,zd5000,1,9.8,9.8
Hardware,siemens,application_processing_engine,1,7.5,7.5
Aplicación,netapp,service_level_manager,1,9.8,9.8
Aplicación,netapp,smi-s_provider,1,7.5,7.5
Aplicación,express_handlebars_project,express_handlebars,1,8.6,8.6
Aplicación,external_media_without_import_project,external_media_without_import,1,6.5,6.5
Hardware,sharp,pn-l703wa,1,9.8,9.8
Hardware,sercomm,agcombo_vd625,1,9.8,9.8
Hardware,seowonintech,slr-120t42g,1,9.8,9.8
Hardware,siemens,simatic_ipc547d,1,9.8,9.8
Aplicación,moto-treks,com_mtfireeagle,1,,
Aplicación,motioneye_project,motioneye,1,7.5,7.5
Aplicación,emlog,emlog,1,5.3,5.3
Aplicación,mooveagency,"select_all_categories_and_taxonomies\,_change_checkbox_to_radio_buttons",1,6.1,6.1
Aplicación,employee_records_system_project,employee_records_system,1,7.2,7.2
Aplicación,eng,knowage,1,6.1,6.1
Aplicación,netapp,max_data,1,6.9,6.9
Aplicación,bibliosoft,bibliopac,1,,
Aplicación,beyondtrust,privilege_management_for_unix\/linux,1,7.8,7.8
Hardware,ruckuswireless,h500,1,9.8,9.8
Aplicación,bestwebsoft,zendesk_help_center,1,,
Aplicación,bestwebsoft,visitors_online,1,,
Aplicación,bestwebsoft,user_role,1,,
Aplicación,bestwebsoft,updater,1,,
Aplicación,netapp,oncommand_unified_manager_for_clustered_data_ontap,1,7.0,7.0
Aplicación,bestwebsoft,twitter_button,1,,
Aplicación,bestwebsoft,timesheet,1,,
Aplicación,netapp,brocade_san_navigator,1,10.0,10.0
Aplicación,netapp,cloud_insights,1,10.0,10.0
Aplicación,beyondtrust,privilege_management_for_mac,1,7.8,7.8
Aplicación,mindpalette,natemail,1,6.1,6.1
Aplicación,min,minio_console,1,8.6,8.6
Aplicación,monitorr,monitorr,1,9.8,9.8
Aplicación,mojoportal,mojoportal,1,6.1,6.1
Aplicación,modx,modx_revolution,1,,
Aplicación,mobileviewpoint,wireless_multiplex_terminal_playout_server,1,9.8,9.8
Aplicación,mobileiron,sentry,1,9.8,9.8
Aplicación,mobileiron,core,1,9.8,9.8
Aplicación,mnt-tech,wp-facethumb,1,,
Aplicación,emby,emby.releases,1,9.1,9.1
Aplicación,my_calendar_project,my_calendar,1,,
Aplicación,murasoftware,mura_cms,1,9.8,9.8
Aplicación,multisafepay,multisafepay_plugin_for_woocommerce,1,5.3,5.3
Aplicación,multi-router_looking_glass_project,multi-router_looking_glass,1,9.8,9.8
Aplicación,mtheme-unus_project,mtheme-unus,1,7.5,7.5
Aplicación,mozilla,seamonkey,1,9.8,9.8
Aplicación,movies_project,movies,1,6.1,6.1
Aplicación,eyou,eyou,1,9.8,9.8
Aplicación,eyoucms,eyoucms,1,6.1,6.1
Aplicación,mms.pipp,com_mmsblog,1,,
Aplicación,bestwebsoft,contact_form_to_db,1,,
Hardware,qualcomm,snapdragon_730g_mobile_platform,1,8.4,8.4
Aplicación,bestwebsoft,contact_form_multi,1,,
Aplicación,bestwebsoft,contact_form,1,,
Hardware,qualcomm,snapdragon_732g_mobile_platform,1,8.4,8.4
Hardware,qualcomm,snapdragon_wear_3100_platform,1,8.4,8.4
Hardware,qualcomm,snapdragon_wear_2500_platform,1,8.4,8.4
Hardware,qualcomm,snapdragon_wear_2100_platform,1,8.4,8.4
Hardware,qualcomm,snapdragon_208_processor,1,8.4,8.4
Aplicación,bestwebsoft,testimonials,1,,
Aplicación,mooveagency,import_xml_and_rss_feeds,1,9.1,9.1
Aplicación,nedi,nedi,1,6.1,6.1
Aplicación,ncr,command_center_agent,1,9.8,9.8
Hardware,qualcomm,snapdragon_636_mobile_platform,1,8.4,8.4
Hardware,qualcomm,snapdragon_855_mobile_platform,1,8.4,8.4
Hardware,qualcomm,snapdragon_855\+\/860_mobile_platform,1,8.4,8.4
Hardware,qualcomm,snapdragon_845_mobile_platform,1,8.4,8.4
Hardware,qualcomm,snapdragon_835_mobile_pc_platform,1,8.4,8.4
Hardware,qualcomm,snapdragon_820_automotive_platform,1,8.4,8.4
Aplicación,mooveagency,redirect_404_to_parent,1,6.1,6.1
Aplicación,bestwebsoft,subscriber,1,,
Aplicación,netapp,cloud_insights_storage_workload_security_agent,1,6.9,6.9
Aplicación,netapp,cloud_secure_agent,1,10.0,10.0
Hardware,qualcomm,snapdragon_x20_lte_modem,1,8.4,8.4
Aplicación,mobileiron,enterprise_connector,1,9.8,9.8
Aplicación,ncomputing,vspace_pro,1,,
Aplicación,nazgul,nostromo_nhttpd,1,9.8,9.8
Aplicación,naviwebs,navigate_cms,1,4.9,4.9
Aplicación,netapp,e-series_santricity_management_plug-ins,1,9.8,9.8
Aplicación,bestwebsoft,custom_admin_page,1,,
Hardware,qualcomm,snapdragon_670_mobile_platform,1,8.4,8.4
Aplicación,narnoo_distributor_project,narnoo_distributor,1,9.8,9.8
Aplicación,najeebmedia,woocommerce_checkout_field_manager,1,9.8,9.8
Hardware,qualcomm,snapdragon_678_mobile_platform,1,8.4,8.4
Aplicación,najeebmedia,post_front-end_form,1,9.8,9.8
Aplicación,mysqldumper,mysqldumper,1,,
Aplicación,mypixs_project,mypixs,1,,
Hardware,qualcomm,snapdragon_710_mobile_platform,1,8.4,8.4
Hardware,qualcomm,snapdragon_720g_mobile_platform,1,8.4,8.4
Hardware,qualcomm,snapdragon_730_mobile_platform,1,8.4,8.4
Hardware,qualcomm,snapdragon_665_mobile_platform,1,8.4,8.4
Aplicación,netapp,oncommand_report,1,9.8,9.8
Aplicación,netapp,oncommand_unified_manager_core_package,1,7.8,7.8
Hardware,qvis,dvr,1,9.8,9.8
Hardware,rockwellautomation,controllogix_5570,1,9.8,9.8
Hardware,rockwellautomation,controllogix_5560,1,9.8,9.8
Hardware,rockwellautomation,controllogix_5550,1,9.8,9.8
Hardware,rockwellautomation,compactlogix_5480,1,9.8,9.8
Hardware,rockwellautomation,compactlogix_5380,1,9.8,9.8
Hardware,qualcomm,sm8150,1,7.8,7.8
Hardware,qualcomm,wcn785x-5,1,7.8,7.8
Hardware,qualcomm,sm8150-ac,1,7.8,7.8
Hardware,rockwellautomation,compactlogix_1769,1,9.8,9.8
Hardware,rockwellautomation,compactlogix_1768,1,9.8,9.8
Hardware,rockwellautomation,compact_guardlogix_5380,1,9.8,9.8
Hardware,qualcomm,sm8250-ab,1,7.8,7.8
Hardware,rockwellautomation,compact_guardlogix_5370,1,9.8,9.8
Hardware,qualcomm,sm8250-ac,1,7.8,7.8
Hardware,qualcomm,sm8350,1,7.8,7.8
Hardware,rockwellautomation,allen-bradley_stratix_5900_services_router,1,8.0,8.0
Hardware,rockwellautomation,compactlogix_5370,1,9.8,9.8
Hardware,ruckuswireless,h350,1,9.8,9.8
Hardware,ruckuswireless,h320,1,9.8,9.8
Hardware,ruckuswireless,e510,1,9.8,9.8
Hardware,rockwellautomation,softlogix_5800,1,9.8,9.8
Hardware,rockwellautomation,guardlogix_5580,1,9.8,9.8
Hardware,rockwellautomation,guardlogix_5570,1,9.8,9.8
Hardware,rockwellautomation,drivelogix_5730,1,9.8,9.8
Hardware,rockwellautomation,drivelogix_5560,1,9.8,9.8
Hardware,qualcomm,sm7225,1,7.8,7.8
Aplicación,netapp,oncommand_cloud_manager,1,9.8,9.8
Hardware,qualcomm,sm7250-ab,1,7.8,7.8
Hardware,qvis,nvr,1,9.8,9.8
Hardware,qualcomm,sm7250-ac,1,7.8,7.8
Hardware,qualcomm,sm7325,1,7.8,7.8
Hardware,qualcomm,sm7325-ae,1,7.8,7.8
Hardware,qualcomm,sm7325-af,1,7.8,7.8
Hardware,qualcomm,sm7350-ab,1,7.8,7.8
Hardware,qualcomm,sm4250-aa,1,7.8,7.8
Aplicación,netapp,oncommand_api_services,1,9.8,9.8
Hardware,qualcomm,sm7250-aa,1,7.8,7.8
Hardware,qualcomm,wcn7850,1,8.4,8.4
Aplicación,netapp,hci,1,5.3,5.3
Hardware,qualcomm,wcn685x-5,1,7.8,7.8
Hardware,qualcomm,wcn685x-1,1,7.8,7.8
Hardware,qualcomm,wtr3950,1,7.8,7.8
Aplicación,myblog,com_myblog,1,,
Hardware,qualcomm,wtr3905,1,7.8,7.8
Hardware,qualcomm,snapdragon_626_mobile_platform,1,8.4,8.4
Aplicación,b-elektro,com_addressbook,1,,
Aplicación,bestwebsoft,pdf_\&_print,1,,
Aplicación,ays-pro,personal_dictionary,1,9.8,9.8
Aplicación,ayecode,wedding_bride,1,6.1,6.1
Aplicación,bestwebsoft,realty,1,,
Aplicación,bestwebsoft,rating,1,,
Aplicación,bestwebsoft,promobar,1,,
Aplicación,bestwebsoft,pinterest,1,,
Hardware,qualcomm,snapdragon_630_mobile_platform,1,8.4,8.4
Hardware,qualcomm,vision_intelligence_200_platform,1,8.4,8.4
Hardware,qualcomm,vision_intelligence_100_platform,1,8.4,8.4
Aplicación,ays-pro,secure_copy_content_protection_and_content_locking,1,9.8,9.8
Aplicación,bestwebsoft,pagination,1,,
Aplicación,bestwebsoft,linkedin,1,,
Aplicación,bestwebsoft,htaccess,1,,
Hardware,qualcomm,sm8350-ac,1,7.8,7.8
Hardware,qualcomm,sm8450,1,7.8,7.8
Hardware,qualcomm,sm8475,1,7.8,7.8
Hardware,qualcomm,smart_audio_200_platform,1,8.4,8.4
Aplicación,bestwebsoft,google_maps,1,,
Aplicación,bestwebsoft,google_analytics,1,,
Hardware,qualcomm,wcn7851,1,8.4,8.4
Aplicación,bestwebsoft,error_log_viewer,1,,
Aplicación,bestwebsoft,custom_search,1,,
Hardware,rockwellautomation,allen-bradley_stratix_5200,1,10.0,10.0
Hardware,ricon,s9922l,1,7.5,7.5
Hardware,reolink,rlc-511w,1,7.2,7.2
Hardware,reolink,rlc-422w,1,7.2,7.2
Hardware,reolink,c2_pro,1,7.2,7.2
Hardware,reolink,c1_pro,1,7.2,7.2
Aplicación,mobileiron,monitor_and_reporting_database,1,9.8,9.8
Hardware,qualcomm,wcn785x-1,1,7.8,7.8
Aplicación,netapp,e-series_santricity_storage_manager,1,9.8,9.8
Hardware,sony,snc-eb520,1,,
Hardware,sony,snc-vb600b5,1,,
Hardware,sony,snc-vb600,1,,
Hardware,sony,snc-er585h,1,,
Hardware,sony,snc-er585,1,,
Hardware,sony,snc-er580,1,,
Hardware,sony,snc-er550c,1,,
Hardware,sony,snc-er550,1,,
Hardware,sony,snc-er521c,1,,
Hardware,siemens,sinumerik_pcu_50.5-p,1,9.8,9.8
Hardware,sony,snc-ch160,1,,
Hardware,sony,snc-ch120,1,,
Hardware,sony,snc-ch115,1,,
Hardware,sonicwall,tz670,1,6.1,6.1
Hardware,sonicwall,tz600p,1,6.1,6.1
Hardware,sonicwall,tz600,1,6.1,6.1
Hardware,sony,snc-em632r,1,,
Aplicación,optimizingmatters,autooptimize,1,5.3,5.3
Aplicación,optinmonster,optinmonster,1,8.2,8.2
Hardware,sony,snc-ch220,1,,
Hardware,sony,snc-ep580,1,,
Hardware,sony,snc-ep550,1,,
Hardware,sony,snc-ep521,1,,
Hardware,sony,snc-ep520,1,,
Hardware,sony,snc-em632rc,1,,
Hardware,sony,snc-vm6307,1,,
Hardware,sony,snc-vm6305,1,,
Hardware,sony,snc-vm630,1,,
Hardware,sony,snc-vm602r,1,,
Hardware,sony,snc-eb600,1,,
Hardware,sony,snc-vm601,1,,
Hardware,sony,snc-vm600l,1,,
Hardware,sony,snc-vm600b5,1,,
Hardware,sony,snc-vm600b,1,,
Hardware,sony,snc-eb632r,1,,
Hardware,sony,snc-eb630b,1,,
Hardware,sony,snc-eb630,1,,
Hardware,sony,snc-eb602r,1,,
Hardware,sony,snc-eb600b,1,,
Hardware,sony,snc-vm601b,1,,
Hardware,sony,snc-dh220t,1,,
Hardware,sony,snc-dh220,1,,
Hardware,sony,snc-dh160,1,,
Aplicación,oracle,application_development_framework,1,9.8,9.8
Hardware,sony,snc-dh120t,1,,
Aplicación,oracle,application_express,1,6.9,6.9
Hardware,sony,snc-dh120,1,,
Hardware,sony,snc-cx600w,1,,
Hardware,sony,snc-cx600,1,,
Hardware,sony,snc-em631,1,,
Aplicación,mikejolley,download_monitor,1,,
Aplicación,midasolutions,eframework,1,9.8,9.8
Aplicación,microstrategy,microstrategy_library,1,6.1,6.1
Aplicación,oracle,application_management_pack,1,,
Aplicación,microsoft,works_suite,1,8.8,8.8
Aplicación,oracle,applications_framework,1,,
Aplicación,oracle,autovue_vuelink_integration,1,9.8,9.8
Aplicación,microsoft,visual_studio_2019,1,7.8,7.8
Hardware,sonicwall,tz570w,1,6.1,6.1
Hardware,sony,snc-ch260,1,,
Hardware,sony,snc-em630,1,,
Hardware,sony,snc-em602rc,1,,
Aplicación,oracle,blockchain_platform,1,6.9,6.9
Aplicación,oracle,coherence,1,9.8,9.8
Aplicación,oracle,communications_analytics,1,6.9,6.9
Aplicación,online_security_guards_hiring_system_project,online_security_guards_hiring_system,1,3.5,3.5
Aplicación,op5,monitor,1,6.1,6.1
Hardware,sony,snc-em602r,1,,
Hardware,sony,snc-em601,1,,
Hardware,sony,snc-dh260,1,,
Hardware,sony,snc-em521,1,,
Hardware,sony,snc-em520,1,,
Hardware,sonicwall,tz370w,1,6.1,6.1
Hardware,sonicwall,tz370,1,6.1,6.1
Aplicación,oracle,api_gateway,1,9.8,9.8
Hardware,sonicwall,tz350w,1,6.1,6.1
Hardware,sonicwall,tz350,1,6.1,6.1
Hardware,sonicwall,tz300w,1,6.1,6.1
Hardware,sonicwall,tz300p,1,6.1,6.1
Hardware,sonicwall,tz300,1,6.1,6.1
Hardware,sony,snc-em600,1,,
Hardware,terra-master,t9-450,1,7.5,7.5
Hardware,terra-master,t9-423,1,7.5,7.5
Hardware,sv3c,sv-b11vpoe-1080p-l,1,,
Hardware,sv3c,sv-b01poe-1080p-l,1,,
Hardware,sumavision,enhanced_multimedia_router,1,9.8,9.8
Aplicación,oracle,communications_converged_application_server_-_service_controller,1,9.8,9.8
Hardware,sony,snc-zr550,1,,
Hardware,sony,snc-zp550,1,,
Hardware,sony,snc-zm551,1,,
Hardware,sony,snc-er520,1,,
Hardware,terra-master,f2-423,1,7.5,7.5
Hardware,terra-master,f2-422,1,7.5,7.5
Aplicación,oracle,communications_design_studio,1,7.2,7.2
Hardware,terra-master,f2-223,1,7.5,7.5
Aplicación,oracle,communications_diameter_intelligence_hub,1,9.8,9.8
Hardware,terra-master,f2-221,1,7.5,7.5
Hardware,terra-master,f2-210,1,7.5,7.5
Hardware,teqavit,wips710,1,9.8,9.8
Hardware,tenda,w15e,1,4.9,4.9
Hardware,terra-master,f4-421,1,7.5,7.5
Hardware,terra-master,u8-722-2224,1,7.5,7.5
Hardware,terra-master,u8-522-9400,1,7.5,7.5
Aplicación,oracle,banking_branch,1,9.8,9.8
Hardware,terra-master,u8-423,1,7.5,7.5
Hardware,terra-master,u8-322-9100,1,7.5,7.5
Hardware,terra-master,u8-111,1,7.5,7.5
Hardware,tenda,ac7,1,9.8,9.8
Hardware,tenda,ac15,1,9.8,9.8
Hardware,tenda,ac11,1,9.8,9.8
Hardware,terra-master,u12-322-9100,1,7.5,7.5
Hardware,tenda,11n,1,9.8,9.8
Hardware,telosalliance,omnia_mpx_node,1,9.8,9.8
Aplicación,oracle,communications_communications_policy_management,1,9.8,9.8
Hardware,terra-master,u4-111,1,7.5,7.5
Hardware,terra-master,u24-722-2224,1,7.5,7.5
Hardware,terra-master,u16-722-2224,1,7.5,7.5
Hardware,terra-master,u16-322-9100,1,7.5,7.5
Hardware,terra-master,u12-722-2224,1,7.5,7.5
Hardware,terra-master,u12-423,1,7.5,7.5
Hardware,tenda,ac10,1,9.8,9.8
Hardware,sony,snc-vb635,1,,
Hardware,sony,snc-vb632d,1,,
Aplicación,oracle,banking_extensibility_workbench,1,7.2,7.2
Hardware,sony,snc-vb6307,1,,
Hardware,sony,snc-vb6305,1,,
Aplicación,oracle,banking_liquidity_management,1,9.8,9.8
Hardware,sony,snc-vb630,1,,
Hardware,sony,snc-vb600l,1,,
Hardware,sony,snc-zm550,1,,
Hardware,tenda,ac9,1,9.8,9.8
Hardware,sony,snc-xm637,1,,
Hardware,sony,snc-xm636,1,,
Hardware,sony,snc-xm632,1,,
Hardware,sony,snc-xm631l,1,,
Hardware,sony,snc-xm631,1,,
Hardware,sony,snc-wr632c,1,,
Aplicación,oracle,banking_origination,1,9.8,9.8
Hardware,sony,snc-wr632,1,,
Hardware,sony,snc-er521,1,,
Hardware,sony,snc-zb550,1,,
Hardware,sony,snc-wr630,1,,
Hardware,sony,snc-wr602cl,1,,
Hardware,sony,snc-wr602c,1,,
Aplicación,oracle,communications_eagle_application_processor,1,6.9,6.9
Hardware,sony,snc-wr602,1,,
Hardware,sony,snc-wr600,1,,
Aplicación,oracle,big_data_discovery,1,5.9,5.9
Hardware,qualcomm,qm215,1,7.8,7.8
Hardware,sony,snc-vm632r,1,,
Hardware,sony,snc-vm600,1,,
Aplicación,oracle,enterprise_manager_for_fusion_middleware,1,9.8,9.8
Hardware,telesquare,sdt-cs3b1,1,9.8,9.8
Hardware,tecvoz,cmnc-200,1,,
Aplicación,oracle,banking_electronic_data_exchange_for_corporates,1,9.8,9.8
Hardware,tbkvision,tbk-dvr4216,1,,
Aplicación,oracle,banking_enterprise_collections,1,6.9,6.9
Hardware,tbkvision,tbk-dvr4104,1,,
Hardware,synology,vs960hd,1,7.8,7.8
Hardware,synology,skynas,1,7.8,7.8
Hardware,sv3c,sv-d02poe-1080p-l,1,,
Hardware,sony,snc-vm631,1,,
Aplicación,microsoft,visual_basic_for_applications_sdk,1,7.8,7.8
Aplicación,microsoft,visual_basic_for_applications,1,7.8,7.8
Aplicación,nuovo,spreadsheet-reader,1,7.5,7.5
Hardware,qualcomm,qualcomm_205_mobile_platform,1,8.4,8.4
Hardware,qualcomm,robotics_rb3_platform,1,8.4,8.4
Aplicación,oceanwp,ocean_extra,1,6.1,6.1
Aplicación,mlwebtechnologies,prayercenter,1,,
Aplicación,mkdocs,mkdocs,1,7.5,7.5
Aplicación,odude,user_post_gallery,1,9.8,9.8
Hardware,sonicwall,tz570p,1,6.1,6.1
Aplicación,oecms_project,oecms,1,,
Hardware,siemens,simatic_s7_cpu_1217c,1,,
Hardware,siemens,simatic_s7_cpu_1215c,1,,
Hardware,siemens,simatic_s7_cpu_1214c,1,,
Hardware,siemens,simatic_s7_cpu_1212c,1,,
Hardware,siemens,simatic_s7_cpu-1211c,1,,
Hardware,siemens,simatic_s7-1500t,1,7.5,7.5
Hardware,siemens,simatic_s7-1500,1,7.5,7.5
Hardware,siemens,simatic_pcs_7_ipc847d,1,9.8,9.8
Aplicación,mj2,majordomo_2,1,,
Hardware,siemens,siplus_net_cp_1543-1,1,7.5,7.5
Hardware,sonicwall,nsa_2650,1,6.1,6.1
Hardware,socomec,diris_a-40,1,9.8,9.8
Hardware,sierrawireless,airlink_rv50x,1,8.8,8.8
Hardware,sierrawireless,airlink_rv50,1,8.8,8.8
Hardware,sierrawireless,airlink_mp70e,1,8.8,8.8
Hardware,sierrawireless,airlink_mp70,1,8.8,8.8
Hardware,sierrawireless,airlink_lx60,1,8.8,8.8
Hardware,sierrawireless,airlink_gx440,1,8.8,8.8
Aplicación,microsoft,visual_studio_2017,1,7.8,7.8
Hardware,sierrawireless,airlink_es450,1,8.8,8.8
Hardware,sierrawireless,airlink_es440,1,8.8,8.8
Hardware,siemens,viva_twin,1,9.8,9.8
Hardware,siemens,viva_e,1,9.8,9.8
Hardware,siemens,vertix_solitaire,1,9.8,9.8
Hardware,siemens,streamlab,1,9.8,9.8
Aplicación,novius-os,novius_os,1,,
Aplicación,nsqua,simply_schedule_appointments,1,5.3,5.3
Aplicación,ntpsec,ntpsec,1,,
Hardware,sierrawireless,airlink_gx400,1,8.8,8.8
Hardware,qualcomm,sd780g,1,8.4,8.4
Hardware,sierrawireless,airlink_gx450,1,8.8,8.8
Hardware,siemens,simatic_pcs_7_ipc477d,1,9.8,9.8
Hardware,qualcomm,sd820,1,7.8,7.8
Hardware,qualcomm,sd821,1,7.8,7.8
Hardware,siemens,simatic_pcs_7_ipc427e,1,9.8,9.8
Hardware,siemens,simatic_itp1000,1,9.8,9.8
Hardware,siemens,simatic_ipc847d,1,9.8,9.8
Hardware,siemens,simatic_ipc847c,1,9.8,9.8
Aplicación,omarfolgheraiter,digitally,1,6.1,6.1
Hardware,siemens,simatic_ipc827c,1,9.8,9.8
Hardware,siemens,simatic_ipc677d,1,9.8,9.8
Hardware,siemens,simatic_ipc677c,1,9.8,9.8
Hardware,siemens,simatic_ipc647d,1,9.8,9.8
Hardware,siemens,simatic_ipc647c,1,9.8,9.8
Hardware,siemens,simatic_ipc627d,1,9.8,9.8
Aplicación,nystudio107,seomatic,1,9.8,9.8
Hardware,siemens,simatic_ipc627c,1,9.8,9.8
Hardware,siemens,simatic_ipc547g,1,9.8,9.8
Hardware,siemens,simatic_ipc827d,1,9.8,9.8
Aplicación,netwrix,auditor,1,9.8,9.8
Aplicación,never5,related_posts,1,5.4,5.4
Hardware,siemens,simatic_pcs_7_ipc847c,1,9.8,9.8
Aplicación,new-year-firework_project,new-year-firework,1,,
Aplicación,newsmag_project,newsmag,1,9.8,9.8
Aplicación,newspaper_project,newspaper,1,9.8,9.8
Hardware,siemens,simatic_pcs_7_ipc677c,1,9.8,9.8
Hardware,siemens,simatic_pcs_7_ipc647d,1,9.8,9.8
Hardware,siemens,simatic_pcs_7_ipc647c,1,9.8,9.8
Hardware,sierrawireless,airlink_ls300,1,8.8,8.8
Hardware,siemens,simatic_pcs_7_ipc627c,1,9.8,9.8
Aplicación,nexusphp,nexusphp,1,6.1,6.1
Aplicación,open-school,open-school,1,,
Aplicación,open-xchange,open-xchange_appsuite,1,6.1,6.1
Aplicación,openautomationsoftware,oas_platform,1,9.4,9.4
Aplicación,netapp,system_manager,1,7.2,7.2
Hardware,qualcomm,sd680,1,8.4,8.4
Hardware,qualcomm,sd695,1,8.4,8.4
Hardware,qualcomm,sd778g,1,8.4,8.4
Hardware,siemens,simatic_pcs_7_ipc547g,1,9.8,9.8
Aplicación,nexusdb,nexusdb,1,7.5,7.5
Aplicación,opensourcebms,open_source_background_management_system,1,8.8,8.8
Aplicación,mikoviny,wp_custom_pages,1,,
Hardware,sonicwall,nsa_2700,1,6.1,6.1
Aplicación,openssl,openssl,1,7.5,7.5
Hardware,sonicwall,nsv_870,1,6.1,6.1
Aplicación,openstack,nova,1,6.1,6.1
Hardware,sonicwall,nsv_800,1,6.1,6.1
Hardware,sonicwall,nsv_50,1,6.1,6.1
Hardware,sonicwall,nsv_470,1,6.1,6.1
Aplicación,miniorange,limit_login_attempts,1,4.8,4.8
Hardware,sonicwall,nsv_400,1,6.1,6.1
Hardware,sonicwall,nsv_300,1,6.1,6.1
Hardware,sonicwall,nsv_270,1,6.1,6.1
Hardware,qualcomm,s820a,1,7.8,7.8
Hardware,sonicwall,nsv_25,1,6.1,6.1
Hardware,sonicwall,nsv_200,1,6.1,6.1
Hardware,sonicwall,nsv_1600,1,6.1,6.1
Hardware,sonicwall,nsv_100,1,6.1,6.1
Hardware,sonicwall,tz270w,1,6.1,6.1
Aplicación,opensymphony,xwork,1,,
Hardware,sonicwall,tz570,1,6.1,6.1
Hardware,sonicwall,tz500w,1,6.1,6.1
Aplicación,oracle,banking_apis,1,5.3,5.3
Hardware,sonicwall,tz500,1,6.1,6.1
Hardware,sonicwall,tz470w,1,6.1,6.1
Hardware,sonicwall,tz470,1,6.1,6.1
Hardware,sonicwall,tz400w,1,6.1,6.1
Hardware,sonicwall,tz400,1,6.1,6.1
Hardware,sonicwall,supermassive_e10400,1,6.1,6.1
Aplicación,openslp,openslp,1,9.8,9.8
Hardware,sonicwall,supermassive_9800,1,6.1,6.1
Hardware,sonicwall,supermassive_9600,1,6.1,6.1
Hardware,sonicwall,supermassive_9400,1,6.1,6.1
Hardware,sonicwall,supermassive_9200,1,6.1,6.1
Hardware,sonicwall,sra_va,1,9.8,9.8
Hardware,sonicwall,sra_4600,1,9.8,9.8
Aplicación,openproject,openproject,1,7.5,7.5
Hardware,sonicwall,sra_1600,1,9.8,9.8
Hardware,sonicwall,soho_250w,1,6.1,6.1
Hardware,sonicwall,soho_250,1,6.1,6.1
Hardware,sonicwall,supermassive_e10200,1,6.1,6.1
Aplicación,opmantek,open-audit,1,8.8,8.8
Hardware,sonicwall,nsa_3650,1,6.1,6.1
Aplicación,opmc,woocommerce_dropshipping,1,9.8,9.8
Aplicación,opnsense,opnsense,1,6.1,6.1
Aplicación,omilenitsolutions,com_omphotogallery,1,,
Aplicación,onedev_project,onedev,1,8.6,8.6
Aplicación,mitel,mivoice_business_express,1,9.8,9.8
Aplicación,mitel,mivoice,1,7.5,7.5
Aplicación,mitel,"micollab_audio\,_web_\&_video_conferencing",1,5.3,5.3
Hardware,sonicwall,tz270,1,6.1,6.1
Aplicación,mirasys,dvms_workstation,1,,
Aplicación,miniwork,com_canteen,1,,
Aplicación,openbsd,opensmtpd,1,9.8,9.8
Aplicación,openemr,openemr,1,,
Aplicación,openmrs,openmrs,1,9.8,9.8
Aplicación,nodered,node-red-dashboard,1,7.5,7.5
Aplicación,nootheme,jobmonster,1,6.1,6.1
Aplicación,noptin,noptin,1,6.1,6.1
Aplicación,miniorange,"wordpress_social_login_and_register_\(discord\,_google\,_twitter\,_linkedin\)",1,9.8,9.8
Aplicación,openbb,openbb,1,,
Hardware,sonicwall,supermassive_e10800,1,6.1,6.1
Hardware,sierrawireless,airlink_lx40,1,8.8,8.8
Hardware,sonicwall,nsv_10,1,6.1,6.1
Hardware,sonicwall,nssp_15700,1,6.1,6.1
Hardware,sonicwall,nssp_13700,1,6.1,6.1
Hardware,sonicwall,nssp_12800,1,6.1,6.1
Hardware,sonicwall,nssp_12400,1,6.1,6.1
Hardware,sonicwall,nsa_9650,1,6.1,6.1
Hardware,sonicwall,nsa_9450,1,6.1,6.1
Aplicación,openwebanalytics,open_web_analytics,1,9.8,9.8
Hardware,sonicwall,nsa_6700,1,6.1,6.1
Aplicación,opentext,documentum_administrator,1,,
Hardware,sonicwall,nsa_6650,1,6.1,6.1
Hardware,sonicwall,nsa_5650,1,6.1,6.1
Hardware,sonicwall,nsa_4700,1,6.1,6.1
Aplicación,opentext,documentum_webtop,1,,
Aplicación,opentsdb,opentsdb,1,9.8,9.8
Aplicación,openvpn,openvpn_access_server,1,,
Hardware,sonicwall,nsa_4650,1,6.1,6.1
Hardware,sonicwall,nsa_3700,1,6.1,6.1
Hardware,sonicwall,nsa_9250,1,6.1,6.1
Aplicación,ijobid,com_cmimarketplace,1,,
Aplicación,ifeelweb,post_status_notifier_lite,1,6.1,6.1
Aplicación,if_surfalert_project,if_surfalert,1,,
Aplicación,idnovate,"popup_module_\(on_entering\,_exit_popup\,_add_product\)_and_newsletter",1,9.8,9.8
Aplicación,idehweb,login_with_phone_number,1,8.8,8.8
Aplicación,ideal,com_moofaq,1,,
Aplicación,idangero,chop_slider,1,9.8,9.8
Aplicación,intel,ethernet_diagnostics_driver_iqvw32.sys,1,7.8,7.8
Aplicación,jeecg_p3_biz_chat_project,jeecg_p3_biz_chat,1,7.5,7.5
Aplicación,je_form_creator,je_form_creator,1,,
Hardware,qualcomm,qcn9072,1,7.8,7.8
Aplicación,inglorion,muhttpd,1,7.5,7.5
Aplicación,infusionsoft_project,infusionsoft,1,,
Aplicación,influxdata,influxdb,1,9.8,9.8
Aplicación,inertialfate,com_if_nexus,1,,
Aplicación,indusoft,web_studio,1,9.8,9.8
Aplicación,indexisto_project,indexisto,1,,
Aplicación,incomcms_project,incomcms,1,9.8,9.8
Aplicación,inboundnow,call_to_action,1,,
Aplicación,ithemes,paypal_pro,1,9.8,9.8
Aplicación,jenzabar,jenzabar,1,6.1,6.1
Sistema Operativo,qualcomm,qfe3100_firmware,1,8.4,8.4
Aplicación,inspur,clusterengine,1,9.8,9.8
Aplicación,ibm,maximo_asset_management,1,8.2,8.2
Aplicación,ibm,lotus_domino,1,,
Aplicación,ibm,infosphere_biginsights,1,6.5,6.5
Aplicación,ibm,bigfix_platform,1,5.3,5.3
Aplicación,ibm,aspera_faspex,1,9.8,9.8
Aplicación,ibenic,simple_giveaways,1,6.1,6.1
Aplicación,intel,computer_vision_annotation_tool,1,10.0,10.0
Aplicación,intel,audio_development_kit,1,9.0,9.0
Aplicación,instructure,canvas_learning_management_service,1,5.8,5.8
Aplicación,instagram-php-api_project,instagram-php-api,1,,
Sistema Operativo,qualcomm,s820a_firmware,1,7.8,7.8
Aplicación,ijoomla,com_news_portal,1,,
Sistema Operativo,qualcomm,qualcomm_205_mobile_platform_firmware,1,8.4,8.4
Aplicación,ibm,websphere_application_server,1,9.8,9.8
Aplicación,ibm,watson_explorer_annotation_administration_console,1,9.8,9.8
Aplicación,ibm,watson_explorer_analytical_components,1,9.8,9.8
Aplicación,ibm,watson_content_analytics,1,9.8,9.8
Aplicación,ibm,tivoli_common_reporting,1,9.8,9.8
Aplicación,ibm,sterling_integrator,1,9.8,9.8
Aplicación,ispyconnect,ispy,1,9.8,9.8
Aplicación,ipeak,ipeakcms,1,9.8,9.8
Aplicación,ipconfigure,orchid_core_vms,1,,
Aplicación,ilias,ilias,1,6.1,6.1
Sistema Operativo,qualcomm,robotics_rb3_platform_firmware,1,8.4,8.4
Aplicación,jenkins,github,1,,
Aplicación,jenkins,git,1,7.5,7.5
Aplicación,jenkins,build-metrics,1,6.1,6.1
Aplicación,jenkins,audit_trail,1,6.1,6.1
Aplicación,jegtheme,jeg_elementor_kit,1,8.6,8.6
Aplicación,joomla,com_imagebrowser,1,,
Aplicación,jooforge,com_jukebox,1,,
Aplicación,joobi,com_jstore,1,,
Aplicación,jolokia,webarchive_agent,1,,
Aplicación,jolokia,jolokia,1,,
Aplicación,johnniejodelljr,twittee_text_tweet,1,6.1,6.1
Sistema Operativo,qualcomm,qm215_firmware,1,7.8,7.8
Aplicación,joelrowley,com_simpledownload,1,,
Aplicación,jnoj,jiangnan_online_judge,1,7.5,7.5
Aplicación,jnews,jnews,1,6.1,6.1
Aplicación,jivesoftware,jive,1,7.5,7.5
Aplicación,joomlart,com_javoice,1,,
Aplicación,joomlart,com_jashowcase,1,,
Aplicación,joomlapraise,com_projectfork,1,,
Aplicación,joomlanook,com_hsconfig,1,,
Aplicación,joomlamo,com_weberpcustomer,1,,
Aplicación,joomlamo,com_userstatus,1,,
Aplicación,joomlamo,com_jinventory,1,,
Aplicación,johnmccollum,com_advertising,1,,
Aplicación,intelliants,subrion_cms,1,,
Aplicación,intelliantech,aptus_web,1,9.8,9.8
Aplicación,intel,system_debugger,1,9.0,9.0
Aplicación,intel,sensor_solution_firmware_development_kit,1,9.0,9.0
Aplicación,intel,oneapi_sample_browser,1,10.0,10.0
Aplicación,intel,oneapi,1,9.0,9.0
Aplicación,intel,ethernet_diagnostics_driver_iqvw64.sys,1,7.8,7.8
Aplicación,jeedom,jeedom,1,6.1,6.1
Aplicación,joinmastodon,mastodon,1,6.1,6.1
Aplicación,johnsoncontrols,exacqvision_web_service,1,6.8,6.8
Aplicación,johnsoncontrols,exacqvision_enterprise_manager,1,6.8,6.8
Aplicación,jenkins,gitlab_hook,1,6.1,6.1
Aplicación,iznyn,purity_of_soul,1,6.1,6.1
Aplicación,iznyn,opor_ayam,1,6.1,6.1
Aplicación,iws-geo-form-fields_project,iws-geo-form-fields,1,9.8,9.8
Aplicación,iwork,webglimpse,1,,
Aplicación,ivanti,endpoint_manager_cloud_services_appliance,1,9.8,9.8
Aplicación,jitsi,meet,1,6.1,6.1
Aplicación,jinwen,js_paper,1,6.1,6.1
Aplicación,jinwen,js_o3_lite,1,6.1,6.1
Aplicación,jh_404_logger_project,jh_404_logger,1,5.4,5.4
Aplicación,joomlacomponent.inetlanka,com_multiroot,1,,
Aplicación,jenkins,pipeline\,1,9.9,9.9
Aplicación,janguo,com_jimtawl,1,,
Aplicación,gtranslate,translate_wordpress_with_gtranslate,1,6.1,6.1
Aplicación,gtranslate,gtranslate,1,5.0,5.0
Sistema Operativo,qualcomm,sdx12_firmware,1,8.4,8.4
Sistema Operativo,qualcomm,sm6225_firmware,1,7.8,7.8
Sistema Operativo,qualcomm,sm6225-ad_firmware,1,7.8,7.8
Sistema Operativo,qualcomm,sm6150-ac_firmware,1,7.8,7.8
Sistema Operativo,qualcomm,sm6125_firmware,1,7.8,7.8
Sistema Operativo,qualcomm,sm4375_firmware,1,7.8,7.8
Sistema Operativo,qualcomm,sm4350-ac_firmware,1,7.8,7.8
Sistema Operativo,qualcomm,sm4250-aa_firmware,1,7.8,7.8
Sistema Operativo,qualcomm,sdxr25g_firmware,1,6.2,6.2
Aplicación,imagements_project,imagements,1,9.8,9.8
Sistema Operativo,qualcomm,sm7325_firmware,1,7.8,7.8
Sistema Operativo,qualcomm,sm7325-af_firmware,1,7.8,7.8
Sistema Operativo,qualcomm,sm7325-ae_firmware,1,7.8,7.8
Aplicación,heator,"social_share\,_social_login_and_social_comments",1,6.1,6.1
Aplicación,heateor,super_socializer,1,6.1,6.1
Aplicación,heat-trackr_project,heat-trackr,1,,
Aplicación,hd-network_real-time_monitoring_system_project,hd-network_real-time_monitoring_system,1,7.5,7.5
Aplicación,hc_custom_wp-admin_url_project,hc_custom_wp-admin_url,1,5.3,5.3
Aplicación,hashicorp,sentinel,1,7.5,7.5
Aplicación,hp,insight_control_server_provisioning,1,8.8,8.8
Aplicación,hp,insight_control,1,8.8,8.8
Sistema Operativo,qualcomm,sdx65_firmware,1,8.4,8.4
Aplicación,heroplugins,hero_maps_premium,1,6.1,6.1
Aplicación,hero-maps-pro_project,hero-maps-pro,1,,
Aplicación,henleythemes,counterpoint,1,6.1,6.1
Aplicación,helpdesk_pro_project,helpdesk_pro,1,,
Aplicación,helmet_store_showroom_site_project,helmet_store_showroom_site,1,9.8,9.8
Sistema Operativo,qualcomm,smart_display_200_platform_firmware,1,8.4,8.4
Sistema Operativo,qualcomm,smart_audio_200_platform_firmware,1,8.4,8.4
Sistema Operativo,qualcomm,sm8475_firmware,1,7.8,7.8
Sistema Operativo,qualcomm,sm8450_firmware,1,7.8,7.8
Sistema Operativo,qualcomm,sm8350_firmware,1,7.8,7.8
Sistema Operativo,qualcomm,sm8350-ac_firmware,1,7.8,7.8
Aplicación,guralp,man-eam-0003,1,7.5,7.5
Sistema Operativo,qualcomm,sm7250-ab_firmware,1,7.8,7.8
Sistema Operativo,qualcomm,sm7250-aa_firmware,1,7.8,7.8
Sistema Operativo,qualcomm,sm7225_firmware,1,7.8,7.8
Sistema Operativo,qualcomm,sm7150-ac_firmware,1,7.8,7.8
Sistema Operativo,qualcomm,sm7150-ab_firmware,1,7.8,7.8
Sistema Operativo,qualcomm,sm7150-aa_firmware,1,7.8,7.8
Sistema Operativo,qualcomm,sm7125_firmware,1,7.8,7.8
Sistema Operativo,qualcomm,sm6375_firmware,1,7.8,7.8
Sistema Operativo,qualcomm,sm6350_firmware,1,7.8,7.8
Aplicación,gwyn\'s_imagemap_selector_project,gwyn\'s_imagemap_selector,1,6.1,6.1
Aplicación,gurock,testrail,1,7.5,7.5
Sistema Operativo,qualcomm,sm7250-ac_firmware,1,7.8,7.8
Aplicación,hkurl,i-panel_administration_system,1,6.1,6.1
Aplicación,hitachi,vantara_pentaho_business_intelligence_server,1,5.3,5.3
Aplicación,hitachi,vantara_pentaho,1,5.3,5.3
Aplicación,hp,procurve_manager,1,9.8,9.8
Aplicación,hp,openview_network_node_manager,1,9.8,9.8
Aplicación,hp,matrix_operating_environment,1,8.8,8.8
Aplicación,hp,linuxki,1,9.8,9.8
Aplicación,hp,insight_orchestration,1,9.8,9.8
Aplicación,ibm,planning_analytics,1,9.8,9.8
Sistema Operativo,qualcomm,sd778g_firmware,1,8.4,8.4
Sistema Operativo,qualcomm,sd695_firmware,1,8.4,8.4
Aplicación,hp,edgeline_infrastructure_manager,1,9.8,9.8
Aplicación,ibax,go-ibax,1,6.3,6.3
Aplicación,i-plugins,whmcs_bridge,1,6.1,6.1
Aplicación,icinga,icinga_web_2,1,7.5,7.5
Aplicación,icewarp,server,1,,
Aplicación,hp,version_control_agent,1,9.8,9.8
Aplicación,hp,universal_cmbd_foundation,1,8.8,8.8
Aplicación,hp,server_automation,1,9.8,9.8
Aplicación,ibm,sterling_b2b_integrator,1,9.8,9.8
Aplicación,import_legacy_media_project,import_legacy_media,1,6.1,6.1
Aplicación,implecode,ecommerce_product_catalog,1,6.1,6.1
Aplicación,imagestowebp_project,images_to_webp,1,7.5,7.5
Sistema Operativo,qualcomm,sd680_firmware,1,8.4,8.4
Aplicación,hp,data_protector,1,,
Aplicación,hp,application_lifecycle_management,1,9.8,9.8
Aplicación,hp,airwave,1,,
Sistema Operativo,qualcomm,sd_8c_firmware,1,7.8,7.8
Aplicación,hestiacp,control_panel,1,6.1,6.1
Aplicación,htmlcoderhelper,com_graphics,1,,
Aplicación,html2wp_project,html2wp,1,9.8,9.8
Aplicación,ht_slider_range_for_amazon_affiliates_project,ht_slider_range_for_amazon_affiliates,1,6.1,6.1
Aplicación,hpe,smart_update_manager,1,9.8,9.8
Aplicación,hp,virtual_connect_enterprise_manager,1,9.8,9.8
Sistema Operativo,qualcomm,sd821_firmware,1,7.8,7.8
Aplicación,home-assistant,supervisor,1,10.0,10.0
Sistema Operativo,qualcomm,sd780g_firmware,1,8.4,8.4
Sistema Operativo,qualcomm,sdm845_firmware,1,7.8,7.8
Sistema Operativo,qualcomm,sdm660_firmware,1,7.8,7.8
Sistema Operativo,qualcomm,sda845_firmware,1,7.8,7.8
Sistema Operativo,qualcomm,sd_8cx_firmware,1,7.8,7.8
Aplicación,helmet_store_showroom_project,helmet_store_showroom,1,6.1,6.1
Aplicación,helloprint,helloprint,1,6.1,6.1
Sistema Operativo,qualcomm,sd_636_firmware,1,7.8,7.8
Sistema Operativo,qualcomm,sd_455_firmware,1,7.8,7.8
Aplicación,horde,horde,1,,
Aplicación,homeautomation_project,homeautomation,1,6.1,6.1
Sistema Operativo,qualcomm,sd820_firmware,1,7.8,7.8
Aplicación,localize_my_post_project,localize_my_post,1,,
Aplicación,ljapps,wp_tripadvisor_review_slider,1,8.8,8.8
Aplicación,livezilla,livezilla,1,6.1,6.1
Aplicación,lispeltuut,com_archeryscores,1,,
Aplicación,lionwiki,lionwiki,1,7.5,7.5
Aplicación,linuxfoundation,harbor,1,6.5,6.5
Sistema Operativo,qualcomm,pmd9655au_firmware,1,6.2,6.2
Sistema Operativo,qualcomm,pm8996_firmware,1,7.8,7.8
Sistema Operativo,qualcomm,pm8940_firmware,1,7.8,7.8
Sistema Operativo,qualcomm,pmm8920au_firmware,1,8.4,8.4
Aplicación,joomlamo,com_cartweberp,1,,
Aplicación,magnussolution,magnusbilling,1,9.8,9.8
Aplicación,magento,magento,1,,
Aplicación,machothemes,regina_lite,1,9.8,9.8
Aplicación,machothemes,newsmag,1,9.8,9.8
Aplicación,machothemes,naturemag_lite,1,9.8,9.8
Aplicación,machothemes,medzone_lite,1,9.8,9.8
Aplicación,machothemes,antreas,1,9.8,9.8
Aplicación,m0r0n,com_mscomment,1,,
Aplicación,legalweb,wp_dsgvo_tools,1,7.5,7.5
Aplicación,layer5,meshery,1,9.8,9.8
Aplicación,laurent_destailleur,awstats,1,,
Aplicación,maianscriptworld,maian_cart,1,9.8,9.8
Aplicación,lansweeper,lansweeper,1,,
Aplicación,lanproxy_project,lanproxy,1,7.5,7.5
Aplicación,land-software,faust_iserver,1,7.5,7.5
Aplicación,labstack,echo,1,9.6,9.6
Aplicación,laborator,neon,1,6.1,6.1
Aplicación,la-souris-verte,com_svmap,1,,
Aplicación,kyocera,net_viewer,1,8.6,8.6
Aplicación,kybernetika,phpshowtime,1,,
Aplicación,kubernetes,dashboard,1,,
Aplicación,konghq,docker-kong,1,9.8,9.8
Aplicación,konga_project,konga,1,8.8,8.8
Aplicación,loco_translate_project,loco_translate,1,5.4,5.4
Aplicación,lighttpd,lighttpd,1,9.8,9.8
Aplicación,ligeo-archives,ligeo_basics,1,7.5,7.5
Aplicación,liftoffsoftware,gateone,1,7.5,7.5
Aplicación,liferay,dxp,1,6.1,6.1
Aplicación,liferay,digital_experience_platform,1,6.1,6.1
Aplicación,levelfourdevelopment,wp-easycart,1,,
Aplicación,leotheme,leocustomajax,1,9.8,9.8
Sistema Operativo,qualcomm,pmk8001_firmware,1,7.8,7.8
Aplicación,loginizer,loginizer,1,9.8,9.8
Aplicación,login_configurator_project,login_configurator,1,6.1,6.1
Aplicación,lodash,lodash,1,7.2,7.2
Aplicación,likebtn-like-button_project,likebtn-like-button,1,7.5,7.5
Aplicación,lumis,lumis_experience_platform,1,9.1,9.1
Aplicación,lucee,lucee_server,1,8.6,8.6
Aplicación,lotuscms,fraise,1,,
Sistema Operativo,qualcomm,ipq8174_firmware,1,7.8,7.8
Sistema Operativo,qualcomm,ipq8173_firmware,1,7.8,7.8
Sistema Operativo,qualcomm,ipq8078a_firmware,1,7.8,7.8
Aplicación,mangoswebv4_project,mangoswebv4,1,6.1,6.1
Aplicación,manageengine,servicedesk,1,,
Aplicación,manageengine,firewall_analyzer,1,,
Aplicación,mainwp,mainwp_dashboard,1,7.2,7.2
Aplicación,mail-masta_project,mail-masta,1,7.5,7.5
Aplicación,last.fm_rotation_plugin_project,lastfm-rotation_plugin,1,,
Aplicación,metabase,metabase,1,10.0,10.0
Aplicación,memcached,memcached,1,,
Aplicación,membership_database_project,membership_database,1,6.1,6.1
Sistema Operativo,qualcomm,ipq8070a_firmware,1,7.8,7.8
Sistema Operativo,qualcomm,ipq8070_firmware,1,7.8,7.8
Sistema Operativo,qualcomm,ipq8068_firmware,1,7.8,7.8
Sistema Operativo,qualcomm,ipq8065_firmware,1,7.8,7.8
Sistema Operativo,qualcomm,ipq8064_firmware,1,7.8,7.8
Sistema Operativo,qualcomm,ipq6028_firmware,1,7.8,7.8
Sistema Operativo,qualcomm,ipq6018_firmware,1,7.8,7.8
Sistema Operativo,qualcomm,ipq6010_firmware,1,7.8,7.8
Aplicación,metagauss,profilegrid,1,6.1,6.1
Aplicación,lotus_core_cms_project,lotus_core_cms,1,8.8,8.8
Aplicación,masacms,masacms,1,9.8,9.8
Aplicación,marmoset,marmoset_viewer,1,6.1,6.1
Aplicación,mariadb,mariadb,1,,
Aplicación,marchettidesign,wlow,1,6.1,6.1
Aplicación,marchettidesign,fullbase,1,6.1,6.1
Aplicación,mara_cms_project,mara_cms,1,6.1,6.1
Aplicación,mapsvg,mapsvg,1,9.8,9.8
Aplicación,mappresspro,mappress,1,6.1,6.1
Aplicación,mapplic,mapplic,1,8.3,8.3
Aplicación,mapping_multiple_urls_redirect_same_page_project,mapping_multiple_urls_redirect_same_page,1,6.1,6.1
Aplicación,luracast,restler,1,7.5,7.5
Aplicación,linuxfoundation,dapr_dashboard,1,7.5,7.5
Aplicación,limesurvey,limesurvey,1,9.8,9.8
Aplicación,memberhero,member_hero,1,9.8,9.8
Aplicación,mehanoid,flat_pm,1,5.4,5.4
Aplicación,mdc_youtube_downloader_project,mdc_youtube_downloader,1,,
Aplicación,mcafee,web_gateway,1,7.8,7.8
Aplicación,mcafee,total_protection,1,8.2,8.2
Aplicación,mcafee,network_data_loss_prevention,1,,
Sistema Operativo,qualcomm,msm8940_firmware,1,7.8,7.8
Sistema Operativo,qualcomm,msm8937_firmware,1,7.8,7.8
Sistema Operativo,qualcomm,msm8920_firmware,1,7.8,7.8
Aplicación,linuxfoundation,dragonfly,1,9.8,9.8
Sistema Operativo,qualcomm,qca9889_firmware,1,7.8,7.8
Sistema Operativo,qualcomm,qcn9022_firmware,1,7.8,7.8
Sistema Operativo,qualcomm,qcn9000_firmware,1,7.8,7.8
Sistema Operativo,qualcomm,qcn6023_firmware,1,7.8,7.8
Sistema Operativo,qualcomm,qcn5164_firmware,1,7.8,7.8
Sistema Operativo,qualcomm,qcn5154_firmware,1,7.8,7.8
Sistema Operativo,qualcomm,qcn5152_firmware,1,7.8,7.8
Sistema Operativo,qualcomm,qcn5124_firmware,1,7.8,7.8
Sistema Operativo,qualcomm,qcn5122_firmware,1,7.8,7.8
Aplicación,angtech,haraj,1,6.1,6.1
Aplicación,angrycreative,bj_lazy_load,1,7.5,7.5
Aplicación,keysight,sensor_management_server,1,9.8,9.8
Aplicación,amtythumb_project,amtythumb,1,,
Aplicación,apache,kafka_connect,1,8.8,8.8
Aplicación,kazulah,com_horoscope,1,,
Aplicación,kavitareader,kavita,1,6.5,6.5
Aplicación,katz,infusionsoft_gravity_forms,1,6.1,6.1
Aplicación,kaseya,vsa_server,1,10.0,10.0
Aplicación,kaseya,vsa_agent,1,10.0,10.0
Aplicación,kaseya,vsa,1,9.8,9.8
Aplicación,kartatopia,piluscart,1,7.5,7.5
Sistema Operativo,qualcomm,qca9994_firmware,1,7.8,7.8
Sistema Operativo,qualcomm,qca9992_firmware,1,7.8,7.8
Aplicación,anchorcms,anchor,1,,
Aplicación,joomlamart,com_jacomment,1,,
Aplicación,joomla,rsfiles,1,,
Aplicación,jvideodirect,com_jvideodirect,1,,
Aplicación,justwriting_project,justwriting,1,6.1,6.1
Aplicación,jqueryfiletree_project,jqueryfiletree,1,7.5,7.5
Aplicación,jquery-bbq_project,jquery-bbq,1,8.8,8.8
Aplicación,jquery,jquery,1,6.9,6.9
Aplicación,jpcert,logontracer,1,,
Aplicación,jorani_project,jorani,1,,
Aplicación,jorani,jorani,1,9.8,9.8
Sistema Operativo,qualcomm,qcn9100_firmware,1,7.8,7.8
Sistema Operativo,qualcomm,qca9898_firmware,1,7.8,7.8
Sistema Operativo,qualcomm,qcn9070_firmware,1,7.8,7.8
Aplicación,apache,ignite,1,9.8,9.8
Aplicación,apache,dubbo,1,9.8,9.8
Sistema Operativo,qualcomm,qcn5052_firmware,1,7.8,7.8
Sistema Operativo,qualcomm,qcn5024_firmware,1,7.8,7.8
Sistema Operativo,qualcomm,qcn5022_firmware,1,7.8,7.8
Aplicación,joomlacomponent.inetlanka,com_multimap,1,,
Aplicación,joomlacomponent.inetlanka,com_drawroot,1,,
Aplicación,joomlabiblestudy,com_biblestudy,1,,
Aplicación,joomla.batjo,com_shoutbox,1,,
Aplicación,joomla-research,com_jresearch,1,,
Sistema Operativo,qualcomm,qcn9072_firmware,1,7.8,7.8
Aplicación,klogserver,klog_server,1,9.8,9.8
Aplicación,kirona,dynamic_resource_scheduling,1,5.3,5.3
Aplicación,king-theme,kingcomposer,1,6.1,6.1
Aplicación,kindsoft,kindeditor,1,,
Aplicación,kibokolabs,watu_quiz,1,6.1,6.1
Aplicación,kiboit,phastpress,1,6.1,6.1
Aplicación,apache,tika,1,,
Aplicación,apache,tapestry,1,9.8,9.8
Aplicación,kubeview_project,kubeview,1,9.8,9.8
Sistema Operativo,qualcomm,qca6174_firmware,1,8.4,8.4
Sistema Operativo,qualcomm,qca4024_firmware,1,7.8,7.8
Sistema Operativo,qualcomm,qca9990_firmware,1,7.8,7.8
Aplicación,apache,commons_beanutils,1,7.5,7.5
Aplicación,apache,cocoon,1,7.5,7.5
Aplicación,apasionados,customize_login_image,1,5.4,5.4
Aplicación,apache,tomcat_jk_connector,1,,
Aplicación,karma_project,karma,1,6.1,6.1
Aplicación,kanich,com_jotloader,1,,
Aplicación,kanev,cab_fare_calculator,1,9.8,9.8
Sistema Operativo,qualcomm,pmi8996_firmware,1,7.8,7.8
Sistema Operativo,qualcomm,pmi8994_firmware,1,7.8,7.8
Aplicación,kfm_project,kfm,1,6.1,6.1
Aplicación,keystonejs,keystone,1,6.1,6.1
Aplicación,apache,cordova,1,7.1,7.1
Sistema Operativo,qualcomm,qca9985_firmware,1,7.8,7.8
Sistema Operativo,qualcomm,qca9984_firmware,1,7.8,7.8
Sistema Operativo,qualcomm,qca9980_firmware,1,7.8,7.8
Aplicación,apache,struts2-showcase,1,,
Aplicación,apache,skywalking,1,7.5,7.5
Sistema Operativo,qualcomm,qca9888_firmware,1,7.8,7.8
Sistema Operativo,qualcomm,qca9886_firmware,1,7.8,7.8
Sistema Operativo,qualcomm,qca9880_firmware,1,7.8,7.8
Sistema Operativo,qualcomm,qca8075_firmware,1,7.8,7.8
Sistema Operativo,qualcomm,qca7500_firmware,1,7.8,7.8
Aplicación,joomunited,wp_meta_seo,1,6.1,6.1
Aplicación,kmc_information_systems,caseaware,1,,
Aplicación,joomlaworks,jw_allvideos,1,,
Aplicación,joomlatag,jtag_members_directory,1,,
Aplicación,joomlashowroom,pro_desk_support_center,1,,
Aplicación,joomlaserviceprovider,wsecure,1,8.8,8.8
Aplicación,kentico,kentico_cms,1,,
Aplicación,kainelabs,youzify,1,9.8,9.8
Aplicación,jvitals,com_agora,1,,
Aplicación,koha,koha,1,,
Aplicación,kodi,kodi,1,,
Aplicación,kodebyraaet,safe_editor,1,6.1,6.1
Aplicación,kodcloud,kodexplorer,1,6.1,6.1
Aplicación,joommasters,jms_blog,1,9.8,9.8
Sistema Operativo,sonicwall,sra_va_firmware,1,9.8,9.8
Aplicación,freetype,freetype,1,9.6,9.6
Aplicación,freelancetoindia,paytm-pay,1,7.2,7.2
Aplicación,freehtmldesigns,site_offline,1,4.3,4.3
Aplicación,freedesktop,poppler,1,7.8,7.8
Aplicación,free5gc,free5gc,1,7.5,7.5
Aplicación,fredriksoerlie,ultralight,1,6.1,6.1
Aplicación,frangoteam,fuxa,1,9.8,9.8
Sistema Operativo,sonicwall,sra_1600_firmware,1,9.8,9.8
Sistema Operativo,sonicwall,sonicosv,1,9.8,9.8
Aplicación,greatjoomla,scriptegrator_plugin,1,,
Aplicación,activehelper,activehelper_livehelp_live_chat,1,,
Aplicación,acrolinx,acrolinx_server,1,,
Aplicación,acquia,mautic,1,6.3,6.3
Sistema Operativo,siemens,viva_e_firmware,1,9.8,9.8
Sistema Operativo,siemens,vertix_solitaire_firmware,1,9.8,9.8
Sistema Operativo,siemens,streamlab_firmware,1,9.8,9.8
Sistema Operativo,siemens,siplus_net_cp_1543-1_firmware,1,7.5,7.5
Sistema Operativo,siemens,sinumerik_pcu50.5-p_firmware,1,9.8,9.8
Sistema Operativo,sonicwall,sra_4600_firmware,1,9.8,9.8
Aplicación,fxwebdesign,com_jradio,1,,
Aplicación,fusion_builder_project,fusion_builder,1,9.8,9.8
Aplicación,acymailing,acymailing,1,6.1,6.1
Sistema Operativo,tenda,ac11_firmware,1,9.8,9.8
Sistema Operativo,tenda,ac10_firmware,1,9.8,9.8
Sistema Operativo,tenda,11n_firmware,1,9.8,9.8
Sistema Operativo,telosalliance,omnia_mpx_node_firmware,1,9.8,9.8
Sistema Operativo,telesquare,sdt-cs3b1_firmware,1,9.8,9.8
Aplicación,fractalia,flexible_custom_post_type,1,,
Aplicación,fortra,goanywhere_managed_file_transfer,1,7.2,7.2
Aplicación,fortinet,fortiweb,1,6.1,6.1
Aplicación,fortinet,fortiswitchmanager,1,9.8,9.8
Aplicación,fortinet,fortinac,1,9.8,9.8
Aplicación,fortinet,fortimail,1,6.1,6.1
Sistema Operativo,sony,snc_series_firmware,1,,
Aplicación,adobe,flex_data_services,1,6.5,6.5
Aplicación,adobe,flash_player_installer,1,7.8,7.8
Aplicación,adobe,dispatcher,1,,
Aplicación,adobe,connect,1,5.3,5.3
Aplicación,adobe,commerce,1,9.8,9.8
Aplicación,adobe,blazeds,1,6.5,6.5
Sistema Operativo,suse,suse_linux_enterprise_desktop,1,5.5,5.5
Sistema Operativo,suse,linux_enterprise_module_for_containers,1,7.5,7.5
Sistema Operativo,sumavision,enhanced_multimedia_router_firmware,1,9.8,9.8
Sistema Operativo,sophos,xg_firewall_firmware,1,9.8,9.8
Sistema Operativo,sophos,cyberoamos,1,9.8,9.8
Aplicación,fortinet,fortiadc,1,4.3,4.3
Sistema Operativo,siemens,simatic_ipc647d_firmware,1,9.8,9.8
Sistema Operativo,siemens,simatic_ipc647c_firmware,1,9.8,9.8
Sistema Operativo,siemens,simatic_ipc627d_firmware,1,9.8,9.8
Sistema Operativo,siemens,simatic_ipc627c_firmware,1,9.8,9.8
Sistema Operativo,siemens,simatic_ipc547g_firmware,1,9.8,9.8
Sistema Operativo,siemens,simatic_ipc547e_firmware,1,9.8,9.8
Sistema Operativo,siemens,simatic_ipc547d_firmware,1,9.8,9.8
Sistema Operativo,siemens,simatic_ipc477e_firmware,1,9.8,9.8
Sistema Operativo,siemens,simatic_ipc477d_firmware,1,9.8,9.8
Sistema Operativo,siemens,simatic_ipc427e_firmware,1,9.8,9.8
Sistema Operativo,siemens,simotion_p320-4_s_firmware,1,9.8,9.8
Aplicación,fullworksplugins,stop_user_enumeration,1,,
Sistema Operativo,siemens,simatic_s7-1500t_firmware,1,7.5,7.5
Sistema Operativo,siemens,simatic_field_pg_m3_firmware,1,9.8,9.8
Sistema Operativo,siemens,simatic_cp_1543-1_firmware,1,7.5,7.5
Sistema Operativo,siemens,scalance_w1750d_firmware,1,6.1,6.1
Sistema Operativo,siemens,rapidpoint_500_firmware,1,9.8,9.8
Sistema Operativo,siemens,multix_top_p_firmware,1,9.8,9.8
Sistema Operativo,siemens,multix_top_firmware,1,9.8,9.8
Sistema Operativo,siemens,multix_top_acss_p_firmware,1,9.8,9.8
Sistema Operativo,siemens,multix_top_acss_firmware,1,9.8,9.8
Sistema Operativo,siemens,multix_swing_firmware,1,9.8,9.8
Sistema Operativo,siemens,multix_pro_p_firmware,1,9.8,9.8
Sistema Operativo,siemens,simatic_s7_cpu_1200_firmware,1,,
Aplicación,fullworksplugins,quick_event_manager,1,6.1,6.1
Aplicación,fujitsu,interstage_business_process_manager_analytics,1,9.8,9.8
Aplicación,fsmlabs,timekeeper,1,9.8,9.8
Aplicación,froxlor,froxlor,1,6.1,6.1
Aplicación,frontend_uploader_project,frontend_uploader,1,,
Sistema Operativo,siemens,simatic_s7-1500_firmware,1,7.5,7.5
Sistema Operativo,siemens,simatic_pcs_7_ipc847d_firmware,1,9.8,9.8
Sistema Operativo,siemens,simatic_pcs_7_ipc847c_firmware,1,9.8,9.8
Sistema Operativo,siemens,simatic_pcs_7_ipc677c_firmware,1,9.8,9.8
Sistema Operativo,siemens,simatic_pcs_7_ipc647d_firmware,1,9.8,9.8
Sistema Operativo,siemens,simatic_pcs_7_ipc647c_firmware,1,9.8,9.8
Sistema Operativo,siemens,simatic_ipc677c_firmware,1,9.8,9.8
Sistema Operativo,siemens,simatic_pcs_7_ipc547g_firmware,1,9.8,9.8
Sistema Operativo,siemens,simatic_pcs_7_ipc547e_firmware,1,9.8,9.8
Sistema Operativo,siemens,simatic_pcs_7_ipc547d_firmware,1,9.8,9.8
Sistema Operativo,siemens,simatic_pcs_7_ipc477d_firmware,1,9.8,9.8
Sistema Operativo,siemens,simatic_pcs_7_ipc427e_firmware,1,9.8,9.8
Sistema Operativo,siemens,simatic_itp1000_firmware,1,9.8,9.8
Sistema Operativo,socomec,diris_a-40_firmware,1,9.8,9.8
Sistema Operativo,sierrawireless,aleos,1,8.8,8.8
Sistema Operativo,siemens,viva_twin_firmware,1,9.8,9.8
Sistema Operativo,siemens,simatic_ipc827c_firmware,1,9.8,9.8
Sistema Operativo,siemens,simatic_ipc677d_firmware,1,9.8,9.8
Sistema Operativo,siemens,simatic_pcs_7_ipc627c_firmware,1,9.8,9.8
Sistema Operativo,wavlink,wn531g3_firmware,1,7.5,7.5
Sistema Operativo,wavlink,wn530hg4_firmware,1,7.5,7.5
Sistema Operativo,zyxel,nas520_firmware,1,9.8,9.8
Sistema Operativo,wago,edge_controller_firmware,1,9.8,9.8
Sistema Operativo,wago,compact_controller_100_firmware,1,9.8,9.8
Sistema Operativo,western_digital,my_cloud_mirror_gen_2_firmware,1,,
Sistema Operativo,western_digital,my_cloud_mirror_firmware,1,,
Sistema Operativo,western_digital,my_cloud_ex4_firmware,1,,
Sistema Operativo,western_digital,my_cloud_ex4100,1,,
Sistema Operativo,western_digital,my_cloud_ex2_ultra_firmware,1,,
Sistema Operativo,western_digital,my_cloud_ex2_firmware,1,,
Sistema Operativo,totolink,ex1200t_firmware,1,9.8,9.8
Sistema Operativo,western_digital,my_cloud_dl4100_firmware,1,,
Aplicación,f5,big-iq_application_delivery_controller,1,5.5,5.5
Aplicación,fontsy_project,fontsy,1,9.8,9.8
Aplicación,foliovision,fv_flowplayer_video_player,1,6.1,6.1
Aplicación,flyte,flyte_console,1,9.1,9.1
Aplicación,flowpaper,flexpaper,1,,
Aplicación,flatnux,flatnux,1,,
Sistema Operativo,trendnet,tew-711br_firmware,1,9.8,9.8
Sistema Operativo,trendnet,tew-652br_firmware,1,9.8,9.8
Sistema Operativo,trendnet,tew-651br_firmware,1,9.8,9.8
Sistema Operativo,tp-link,tl-wr940n_firmware,1,8.8,8.8
Sistema Operativo,western_digital,my_cloud_ex2100_firmware,1,,
Aplicación,5none,nonecms,1,9.8,9.8
Aplicación,4you-studio,com_jphone,1,,
Aplicación,10web,seo,1,4.8,4.8
Aplicación,10web,image_optimizer,1,6.1,6.1
Sistema Operativo,zyxel,zywall_vpn300_firmware,1,,
Aplicación,3rdmill,novi_survey,1,9.8,9.8
Aplicación,roxyfileman,roxy_fileman,1,,
Sistema Operativo,zte,mf971r_firmware,1,4.3,4.3
Sistema Operativo,western_digital,my_cloud_wdbctl0020hwt_firmware,1,,
Aplicación,3cx,live_chat,1,,
Sistema Operativo,zyxel,zywall_vpn100_firmware,1,,
Sistema Operativo,wavlink,wn551k1_firmware,1,7.5,7.5
Sistema Operativo,zyxel,zywall_usg_100_firmware,1,9.8,9.8
Sistema Operativo,zyxel,zywall_2_plus_internet_security_appliance_firmware,1,6.1,6.1
Aplicación,10web,map_builder_for_google_maps,1,9.8,9.8
Sistema Operativo,western_digital,my_cloud_pr4100,1,,
Aplicación,flask-security_project,flask-security,1,3.1,3.1
Aplicación,fit2cloud,kubeoperator,1,7.3,7.3
Aplicación,filezilla,filezilla_server,1,,
Aplicación,fhem,fhem,1,7.5,7.5
Aplicación,feedwordpress_project,feedwordpress,1,6.1,6.1
Sistema Operativo,western_digital,my_cloud_dl2100,1,,
Sistema Operativo,wavlink,wn575a4_firmware,1,9.8,9.8
Sistema Operativo,zyxel,zywall_usg_310_firmware,1,9.8,9.8
Sistema Operativo,teqavit,wips710_firmware,1,9.8,9.8
Sistema Operativo,tenda,w15e_firmware,1,4.9,4.9
Sistema Operativo,tenda,ac9_firmware,1,9.8,9.8
Sistema Operativo,tenda,ac7_firmware,1,9.8,9.8
Sistema Operativo,tenda,ac15_firmware,1,9.8,9.8
Sistema Operativo,tp-link,tl-wr741nd_firmware,1,7.5,7.5
Sistema Operativo,tp-link,tl-wdr4300_firmware,1,7.5,7.5
Sistema Operativo,tp-link,tl-wdr3600_firmware,1,7.5,7.5
Sistema Operativo,tp-link,tl-wdr3500_firmware,1,7.5,7.5
Sistema Operativo,tp-link,tl-wa855re_firmware,1,8.8,8.8
Aplicación,fortilogger,fortilogger,1,9.8,9.8
Sistema Operativo,tp-link,tl-wr841nd_firmware,1,7.5,7.5
Aplicación,forescout,counteract,1,,
Aplicación,fooplugins,foogallery,1,7.1,7.1
Aplicación,foobla,com_obsuggest,1,,
Aplicación,foobla,com_foobla_suggestions,1,,
Sistema Operativo,tbkvision,tbk-dvr4216_firmware,1,,
Sistema Operativo,tbkvision,tbk-dvr4104_firmware,1,,
Sistema Operativo,synology,vs960hd_firmware,1,7.8,7.8
Sistema Operativo,synology,skynas_firmware,1,7.8,7.8
Sistema Operativo,synology,diskstation_manager,1,7.8,7.8
Sistema Operativo,sv3c,h.264_poe_ip_camera_firmware,1,,
Sistema Operativo,suse,suse_linux_enterprise_high_availability_extension,1,5.5,5.5
Aplicación,forgerock,access_management,1,9.8,9.8
Sistema Operativo,wavlink,wl-wn533a8_firmware,1,7.5,7.5
Sistema Operativo,wavlink,wl-wn530h4_firmware,1,7.5,7.5
Sistema Operativo,wago,touch_panel_600_standard_firmware,1,9.8,9.8
Sistema Operativo,wago,touch_panel_600_marine_firmware,1,9.8,9.8
Sistema Operativo,wago,touch_panel_600_advanced_firmware,1,9.8,9.8
Sistema Operativo,wago,pfc200_firmware,1,9.8,9.8
Sistema Operativo,wago,pfc100_firmware,1,9.8,9.8
Sistema Operativo,tp-link,archer_c9_firmware,1,7.5,7.5
Sistema Operativo,tp-link,archer_c8_firmware,1,7.5,7.5
Sistema Operativo,tp-link,archer_c7_firmware,1,7.5,7.5
Sistema Operativo,tp-link,archer_c5_firmware,1,7.5,7.5
Sistema Operativo,terra-master,terramaster_operating_system,1,7.5,7.5
Sistema Operativo,totolink,x5000r_firmware,1,9.8,9.8
Sistema Operativo,visual-tools,dvr_vx16_firmware,1,9.8,9.8
Sistema Operativo,velotismart_project,velotismart_wifi_firmware,1,,
Sistema Operativo,ui,airos,1,9.8,9.8
Sistema Operativo,tvt,nvms-1000_firmware,1,7.5,7.5
Sistema Operativo,trendnet,tew-813dru_firmware,1,9.8,9.8
Sistema Operativo,trendnet,tew-810dr_firmware,1,9.8,9.8
Sistema Operativo,trendnet,tew-731br_firmware,1,9.8,9.8
Sistema Operativo,totolink,a950rg_firmware,1,9.8,9.8
Sistema Operativo,tieline,ip_audtio_gateway_firmware,1,9.8,9.8
Sistema Operativo,thermofisher,dt80_dex_firmware,1,9.8,9.8
Sistema Operativo,tp-link,archer_ax21_firmware,1,8.8,8.8
Aplicación,getshortcodes,shortcodes_ultimate,1,,
Aplicación,getperfectsurvey,perfect_survey,1,9.8,9.8
Aplicación,getlasso,simple_urls,1,6.1,6.1
Aplicación,getlaminas,laminas-http,1,9.8,9.8
Aplicación,glpi-project,barcode,1,9.1,9.1
Aplicación,givesight,com_powermail,1,,
Aplicación,gitlist,gitlist,1,9.8,9.8
Aplicación,featurific_for_wordpress_project,featurific-for-wordpress,1,,
Aplicación,fatcatapps,easy_pricing_tables,1,6.1,6.1
Sistema Operativo,qualcomm,vision_intelligence_200_platform_firmware,1,8.4,8.4
Sistema Operativo,siemens,multix_pro_navy_firmware,1,9.8,9.8
Aplicación,alcoda,netbiblio,1,6.1,6.1
Aplicación,al-enterprise,omnipcx_enterprise_communication_server,1,9.8,9.8
Aplicación,akkadianlabs,provisioning_manager,1,7.9,7.9
Aplicación,akkadianlabs,ova_appliance,1,7.9,7.9
Sistema Operativo,qualcomm,snapdragon_855_mobile_platform_firmware,1,8.4,8.4
Sistema Operativo,qualcomm,snapdragon_x20_lte_modem_firmware,1,8.4,8.4
Sistema Operativo,qualcomm,snapdragon_wear_3100_platform_firmware,1,8.4,8.4
Aplicación,gnuboard,gnuboard5,1,6.1,6.1
Aplicación,gnpublisher,gn_publisher,1,6.1,6.1
Aplicación,gmapfp,gmapfp,1,7.5,7.5
Aplicación,gmaolinx,linx_sphere,1,7.5,7.5
Sistema Operativo,qualcomm,vision_intelligence_100_platform_firmware,1,8.4,8.4
Aplicación,getflightpath,flightpath,1,,
Aplicación,get-simple.,getsimplecms,1,,
Aplicación,gespage,gespage,1,7.5,7.5
Aplicación,geosolutionsgroup,jai-ext,1,10.0,10.0
Aplicación,geojson2kml_project,geojson2kml,1,7.3,7.3
Sistema Operativo,qualcomm,wcn7851_firmware,1,8.4,8.4
Sistema Operativo,qualcomm,wcn7850_firmware,1,8.4,8.4
Sistema Operativo,qualcomm,wcn685x-5_firmware,1,7.8,7.8
Sistema Operativo,qualcomm,wcn685x-1_firmware,1,7.8,7.8
Sistema Operativo,qualcomm,wtr3950_firmware,1,7.8,7.8
Aplicación,genieacs,genieacs,1,9.8,9.8
Aplicación,gianni_tommasi,kr-php_web_content_server,1,,
Aplicación,geddyjs,geddy,1,,
Aplicación,gecad,axigen_free_mail_server,1,,
Aplicación,apache,axis2,1,,
Aplicación,apache,aurora,1,9.8,9.8
Aplicación,apache,archiva,1,9.8,9.8
Aplicación,apache,apisix_dashboard,1,9.8,9.8
Aplicación,anti-plagiarism_project,anti-plagiarism,1,,
Aplicación,anti-malware_security_and_brute-force_firewall_project,anti-malware_security_and_brute-force_firewall,1,6.1,6.1
Aplicación,antd-admin_project,antd-admin,1,7.5,7.5
Aplicación,ansi_up_project,ansi_up,1,6.1,6.1
Aplicación,anshul_sharma,category-grid-view-gallery,1,,
Aplicación,gelembjuk,com_smestorage,1,,
Sistema Operativo,qualcomm,snapdragon_665_mobile_platform_firmware,1,8.4,8.4
Sistema Operativo,qualcomm,snapdragon_636_mobile_platform_firmware,1,8.4,8.4
Aplicación,gogits,gogs,1,,
Aplicación,harmistechnology,je_messenger,1,7.5,7.5
Aplicación,harmistechnology,com_jesectionfinder,1,,
Aplicación,harmistechnology,com_jequoteform,1,,
Aplicación,harmistechnology,com_jejob,1,,
Aplicación,h3c,ssl_vpn,1,6.1,6.1
Sistema Operativo,qualcomm,sm8250-ac_firmware,1,7.8,7.8
Sistema Operativo,qualcomm,sm8250-ab_firmware,1,7.8,7.8
Sistema Operativo,qualcomm,sm8150_firmware,1,7.8,7.8
Sistema Operativo,qualcomm,snapdragon_730_mobile_platform_firmware,1,8.4,8.4
Sistema Operativo,qualcomm,sm7350-ab_firmware,1,7.8,7.8
Aplicación,gradio_project,gradio,1,7.7,7.7
Aplicación,gracemedia_media_player_project,gracemedia_media_player,1,,
Aplicación,google_adsense_project,google_adsense,1,,
Aplicación,goodoldweb,orange_forum,1,,
Aplicación,goodlayers,good_learning_management_system,1,9.8,9.8
Aplicación,golang,go,1,8.1,8.1
Aplicación,gohigheris,com_jwhmcs,1,,
Aplicación,gogoritas,com_photobattle,1,,
Aplicación,gridx_project,gridx,1,9.8,9.8
Aplicación,greentreelabs,gallery_photoblocks,1,,
Sistema Operativo,qualcomm,sm8150-ac_firmware,1,7.8,7.8
Aplicación,facade,ignition,1,9.8,9.8
Aplicación,fabrikar,fabrik,1,,
Aplicación,f5,iworkflow,1,,
Aplicación,gitblit,gitblit,1,7.5,7.5
Aplicación,gigabyte,gigabyte_app_center,1,9.8,9.8
Aplicación,gravitl,netmaker,1,7.5,7.5
Aplicación,graphpaperpress,sell_media,1,6.1,6.1
Aplicación,graphite_project,graphite,1,7.5,7.5
Aplicación,grandnode,grandnode,1,,
Sistema Operativo,qualcomm,snapdragon_wear_2500_platform_firmware,1,8.4,8.4
Sistema Operativo,qualcomm,snapdragon_wear_2100_platform_firmware,1,8.4,8.4
Sistema Operativo,qualcomm,snapdragon_670_mobile_platform_firmware,1,8.4,8.4
Sistema Operativo,qualcomm,snapdragon_626_mobile_platform_firmware,1,8.4,8.4
Sistema Operativo,qualcomm,snapdragon_855\+\/860_mobile_platform_firmware,1,8.4,8.4
Sistema Operativo,qualcomm,snapdragon_845_mobile_platform_firmware,1,8.4,8.4
Sistema Operativo,qualcomm,snapdragon_835_mobile_pc_platform_firmware,1,8.4,8.4
Sistema Operativo,qualcomm,snapdragon_820_automotive_platform_firmware,1,8.4,8.4
Sistema Operativo,qualcomm,snapdragon_732g_mobile_platform_firmware,1,8.4,8.4
Sistema Operativo,qualcomm,snapdragon_730g_mobile_platform_firmware,1,8.4,8.4
Sistema Operativo,qualcomm,snapdragon_208_processor_firmware,1,8.4,8.4
Sistema Operativo,qualcomm,snapdragon_720g_mobile_platform_firmware,1,8.4,8.4
Sistema Operativo,qualcomm,snapdragon_710_mobile_platform_firmware,1,8.4,8.4
Sistema Operativo,qualcomm,snapdragon_678_mobile_platform_firmware,1,8.4,8.4
Sistema Operativo,qualcomm,snapdragon_630_mobile_platform_firmware,1,8.4,8.4
Sistema Operativo,seowonintech,slr-120s_firmware,1,9.8,9.8
Sistema Operativo,seowonintech,slr-120s42g_firmware,1,9.8,9.8
Sistema Operativo,seowonintech,slr-120d42g_firmware,1,9.8,9.8
Sistema Operativo,seowonintech,slc-130_firmware,1,9.8,9.8
Sistema Operativo,seagate,blackarmor_nas_220_firmware,1,,
Sistema Operativo,redhat,enterprise_linux_server_eus_from_rhui,1,6.5,6.5
Sistema Operativo,schneider-electric,spacelogic_c-bus_home_controller_firmware,1,8.8,8.8
Sistema Operativo,schneider-electric,evlink_smart_wallbox_evb1a_firmware,1,9.8,9.8
Sistema Operativo,schneider-electric,evlink_parking_evw2_firmware,1,9.8,9.8
Sistema Operativo,schneider-electric,evlink_parking_evf2_firmware,1,9.8,9.8
Sistema Operativo,schneider-electric,evlink_parking_ev.2_firmware,1,9.8,9.8
Aplicación,getgrav,grav,1,6.1,6.1
Sistema Operativo,schneider-electric,evlink_city_evc1s22p4_firmware,1,9.8,9.8
Sistema Operativo,samsung,x14j_firmware,1,8.8,8.8
Sistema Operativo,ruckuswireless,smartzone_ap,1,9.8,9.8
Sistema Operativo,rockwellautomation,allen-bradley_stratix_5800_firmware,1,10.0,10.0
Sistema Operativo,rockwellautomation,allen-bradley_stratix_5200_firmware,1,10.0,10.0
Sistema Operativo,ricon,s9922l_firmware,1,7.5,7.5
Sistema Operativo,resf,rocky_linux,1,9.0,9.0
Aplicación,ait-pro,bulletproof_security,1,5.3,5.3
Aplicación,age_verification_project,age_verification,1,,
Aplicación,afterlogic,webmail_pro,1,7.5,7.5
Aplicación,afterlogic,aurora,1,7.5,7.5
Sistema Operativo,schneider-electric,evlink_city_evc1s7p4_firmware,1,9.8,9.8
Sistema Operativo,siemens,multix_pro_firmware,1,9.8,9.8
Sistema Operativo,siemens,simatic_ipc847d_firmware,1,9.8,9.8
Sistema Operativo,siemens,simatic_ipc847c_firmware,1,9.8,9.8
Sistema Operativo,siemens,simatic_ipc827d_firmware,1,9.8,9.8
Sistema Operativo,seagate,blackarmor_nas_110_firmware,1,,
Sistema Operativo,siemens,multix_pro_acss_p_firmware,1,9.8,9.8
Sistema Operativo,siemens,multix_pro_acss_firmware,1,9.8,9.8
Sistema Operativo,siemens,mobilett_xp_digital_firmware,1,9.8,9.8
Sistema Operativo,siemens,lantis_firmware,1,9.8,9.8
Sistema Operativo,siemens,cp_1543-1_firmware,1,7.5,7.5
Sistema Operativo,siemens,centralink_firmware,1,9.8,9.8
Sistema Operativo,seowonintech,slr-120t42g_firmware,1,9.8,9.8
Sistema Operativo,siemens,axiom_vertix_md_trauma_firmware,1,9.8,9.8
Sistema Operativo,siemens,axiom_multix_m_firmware,1,9.8,9.8
Sistema Operativo,siemens,atellica_solution_firmware,1,9.8,9.8
Sistema Operativo,siemens,aptio_firmware,1,9.8,9.8
Sistema Operativo,siemens,application_processing_engine_firmware,1,7.5,7.5
Sistema Operativo,siemens,simatic_ipc427d_firmware,1,9.8,9.8
Sistema Operativo,siemens,simatic_field_pg_m5_firmware,1,9.8,9.8
Sistema Operativo,siemens,simatic_field_pg_m4_firmware,1,9.8,9.8
Sistema Operativo,reolink,rlc-511w_firmware,1,7.2,7.2
Sistema Operativo,sharp,pn-l703wa_firmware,1,9.8,9.8
Sistema Operativo,sercomm,agcombo_vd625_firmware,1,9.8,9.8
Sistema Operativo,siemens,axiom_vertix_solitaire_m_firmware,1,9.8,9.8
Aplicación,alfresco,alfresco,1,6.1,6.1
Aplicación,alerta_project,alerta,1,9.1,9.1
Sistema Operativo,qualcomm,wcn785x-5_firmware,1,7.8,7.8
Sistema Operativo,qualcomm,wcn785x-1_firmware,1,7.8,7.8
Sistema Operativo,redhat,enterprise_linux_for_arm64_eus,1,8.8,8.8
Sistema Operativo,redhat,enterprise_linux_aus,1,7.0,7.0
Aplicación,gdidees,gdidees_cms,1,7.5,7.5
Aplicación,garage_management_system_project,garage_management_system,1,7.3,7.3
Aplicación,gamipress,gamipress,1,8.2,8.2
Aplicación,gameconnect,sourcebans,1,,
Aplicación,gambit,titan_framework,1,6.1,6.1
Aplicación,affiliatefeeds,com_datafeeds,1,,
Aplicación,g_auto-hyperlink_project,g_auto-hyperlink,1,7.2,7.2
Aplicación,g5theme,essential_real_estate,1,5.4,5.4
Aplicación,g4j.laoneo,com_gcalendar,1,,
Aplicación,fyrewurks,tiki_time,1,6.1,6.1
Aplicación,fyrewurks,polka_dots,1,6.1,6.1
Sistema Operativo,qualcomm,wtr3905_firmware,1,7.8,7.8
Aplicación,advanced_comment_system_project,advanced_comment_system,1,7.5,7.5
Aplicación,adobe,magento,1,9.8,9.8
Aplicación,adobe,livecycle_data_services,1,6.5,6.5
Aplicación,adobe,livecycle,1,6.5,6.5
Aplicación,getgrav,grav_cms,1,,
Aplicación,galera,galera_webtemplate,1,9.8,9.8
Aplicación,aerocms_project,aerocms,1,6.5,6.5
Aplicación,advancedcustomfields,advanced_custom_fields,1,7.1,7.1
Sistema Operativo,redhat,enterprise_linux_for_ibm_z_systems_eus_s390x,1,9.0,9.0
Sistema Operativo,reolink,rlc-422w_firmware,1,7.2,7.2
Sistema Operativo,reolink,c2_pro_firmware,1,7.2,7.2
Sistema Operativo,reolink,c1_pro_firmware,1,7.2,7.2
Sistema Operativo,redhat,enterprise_linux_tus,1,7.0,7.0
Sistema Operativo,redhat,enterprise_linux_server_workstation,1,9.0,9.0
Sistema Operativo,qvis,nvr_firmware,1,9.8,9.8
Sistema Operativo,qvis,dvr_firmware,1,9.8,9.8
Sistema Operativo,redhat,enterprise_linux_long_life,1,7.0,7.0
Aplicación,algolplus,advanced_order_export_for_woocommerce,1,6.1,6.1
Aplicación,akkadianlabs,akkadian_provisioning_manager,1,7.5,7.5
Aplicación,ajaydsouza,connections_reloaded,1,6.1,6.1
Aplicación,ajax-random-post_project,ajax-random-post,1,,
Aplicación,ametys,ametys,1,5.3,5.3
Aplicación,amentotech,workreap,1,9.8,9.8
Aplicación,alumni_management_system_project,alumni_management_system,1,9.8,9.8
Aplicación,altn,securitygateway,1,5.3,5.3
Aplicación,alquistai,alquist,1,7.5,7.5
Aplicación,alphaplug,com_alphauserpoints,1,,
Aplicación,alltube_project,alltube,1,6.1,6.1
Aplicación,alibaba,fastjson,1,,
Aplicación,adobe,adobe_air_sdk,1,8.8,8.8
Sistema Operativo,hikvision,ds-2df7225ix-ael\(t3\)_firmware,1,9.8,9.8
Sistema Operativo,hikvision,ds-2df6a836x-ael\(t5\)_firmware,1,9.8,9.8
Sistema Operativo,hikvision,ds-2df6a825x-ael_firmware,1,9.8,9.8
Sistema Operativo,hikvision,ds-2df6a436x-aely\(t5\)_firmware,1,9.8,9.8
Sistema Operativo,hikvision,ds-2df6a436x-ael\(t5\)_firmware,1,9.8,9.8
Sistema Operativo,hikvision,ds-2df6a436x-ael\(t3\)_firmware,1,9.8,9.8
Sistema Operativo,hikvision,ds-2df6a425x-ael\(t3\)_firmware,1,9.8,9.8
Sistema Operativo,hikvision,ds-2df6a236x-ael\(t3\)_firmware,1,9.8,9.8
Sistema Operativo,hikvision,ds-2df6a225x-ael\)t3\)_firmware,1,9.8,9.8
Sistema Operativo,hikvision,ds-2df5232x-ael\(t3\)_firmware,1,9.8,9.8
Sistema Operativo,qualcomm,ipq5010_firmware,1,7.8,7.8
Sistema Operativo,hikvision,ds-2df5225x-ael\(t3\)_firmware,1,9.8,9.8
Sistema Operativo,hikvision,ds-2df5225x-ae3\(t3\)_firmware,1,9.8,9.8
Sistema Operativo,hikvision,ds-2cd6412fwd_firmware,1,9.8,9.8
Sistema Operativo,hikvision,ds-2cd63xx_series_firmware,1,9.8,9.8
Sistema Operativo,hikvision,ds-2cd4332fwd-i\(z\)_firmware,1,9.8,9.8
Sistema Operativo,hikvision,ds-2cd4332fwd-i\(s\)_firmware,1,9.8,9.8
Sistema Operativo,hikvision,ds-2cd4332fwd-i\(h\)_firmware,1,9.8,9.8
Sistema Operativo,hikvision,ds-2cd4324f-i\(z\)_firmware,1,9.8,9.8
Sistema Operativo,hikvision,ds-2cd4324f-i\(s\)_firmware,1,9.8,9.8
Sistema Operativo,hikvision,ds-2cd4324f-i\(h\)_firmware,1,9.8,9.8
Sistema Operativo,hikvision,ds-2cd4312f-i\(z\)_firmware,1,9.8,9.8
Sistema Operativo,hikvision,ds-2df5232x-ae3\)t3\)_firmware,1,9.8,9.8
Sistema Operativo,hikvision,ds-2df8442ixs-aelw\(t2\)_firmware,1,9.8,9.8
Sistema Operativo,hikvision,ds-2df8442ixs-ael\(t5\)_firmware,1,9.8,9.8
Sistema Operativo,hikvision,ds-2df8436i5x-aelw\(t3\)_firmware,1,9.8,9.8
Sistema Operativo,hikvision,ds-2df8425ix-aelw\(t5\)_firmware,1,9.8,9.8
Sistema Operativo,hikvision,ds-2df8425ix-aelw\(t3\)_firmware,1,9.8,9.8
Sistema Operativo,hikvision,ds-2df8425ix-ael\(t5\)_firmware,1,9.8,9.8
Sistema Operativo,hikvision,ds-2df8425ix-ael\(t3\)_firmware,1,9.8,9.8
Sistema Operativo,hikvision,ds-2df8250i8x-ael\(t3\)_firmware,1,9.8,9.8
Sistema Operativo,hikvision,ds-2df8242ix-aely\(t3\)_firmware,1,9.8,9.8
Sistema Operativo,hikvision,ds-2df8242ix-aelw\(t3\)_firmware,1,9.8,9.8
Sistema Operativo,hikvision,ds-2df8242ix-ael\(t5\)_firmware,1,9.8,9.8
Sistema Operativo,hikvision,ds-2df7225ix-aelw\(t3\)_firmware,1,9.8,9.8
Sistema Operativo,hikvision,ds-2df8242i5x-aelw\(t3\)_firmware,1,9.8,9.8
Sistema Operativo,hikvision,ds-2df8242i5x-ael\(t3\)_firmware,1,9.8,9.8
Sistema Operativo,hikvision,ds-2df8236i5x-aelw_firmware,1,9.8,9.8
Sistema Operativo,hikvision,ds-2df8225ix-aelw\(t5\)_firmware,1,9.8,9.8
Sistema Operativo,hikvision,ds-2df8225ix-aelw\(t3\)_firmware,1,9.8,9.8
Sistema Operativo,hikvision,ds-2df8225ix-ael\(t5\)_firmware,1,9.8,9.8
Sistema Operativo,hikvision,ds-2df8225ix-ael\(t3\)_firmware,1,9.8,9.8
Sistema Operativo,hikvision,ds-2df8225ih-ael_firmware,1,9.8,9.8
Sistema Operativo,hikvision,ds-2df8225ih-ael\(w\)_firmware,1,9.8,9.8
Sistema Operativo,hikvision,ds-2df7232ix-aelw\(t3\)_firmware,1,9.8,9.8
Sistema Operativo,hikvision,ds-2df7232ix-ael\(t3\)_firmware,1,9.8,9.8
Sistema Operativo,hikvision,ds-2df8242i5x-aelw\(t5\)_firmware,1,9.8,9.8
Sistema Operativo,hikvision,ds-2cd4012fwd-\(p\)_firmware,1,9.8,9.8
Sistema Operativo,hikvision,ds-2cd4012fwd-\(a\)_firmware,1,9.8,9.8
Sistema Operativo,hikvision,ds-2cd4012f-\(w\)_firmware,1,9.8,9.8
Sistema Operativo,hikvision,ds-2cd4012f-\(p\)_firmware,1,9.8,9.8
Sistema Operativo,hikvision,ds-2cd4012f-\(a\)_firmware,1,9.8,9.8
Sistema Operativo,hikvision,ds-2cd3786g2-izs_firmware,1,9.8,9.8
Sistema Operativo,hikvision,ds-2cd3763g2-izs_firmware,1,9.8,9.8
Sistema Operativo,hikvision,ds-2cd3756g2-izs_firmware,1,9.8,9.8
Sistema Operativo,hikvision,ds-2cd3743g2-izs_firmware,1,9.8,9.8
Sistema Operativo,hikvision,ds-2cd3726g2-izs_firmware,1,9.8,9.8
Sistema Operativo,hikvision,ds-2cd3723g2-izs_firmware,1,9.8,9.8
Sistema Operativo,hikvision,ds-2cd4312f-i\(s\)_firmware,1,9.8,9.8
Sistema Operativo,hikvision,ds-2cd3663g2-izs_firmware,1,9.8,9.8
Sistema Operativo,hikvision,ds-2cd3656g2-izs_firmware,1,9.8,9.8
Sistema Operativo,hikvision,ds-2cd3643g2-izs_firmware,1,9.8,9.8
Sistema Operativo,hikvision,ds-2cd3626g2-izs_firmware,1,9.8,9.8
Sistema Operativo,hikvision,ds-2cd3623g2-izs_firmware,1,9.8,9.8
Sistema Operativo,hikvision,ds-2cd3586g2-is_firmware,1,9.8,9.8
Sistema Operativo,hikvision,ds-2cd3563g2-is_firmware,1,9.8,9.8
Sistema Operativo,hikvision,ds-2cd3556g2-is_firmware,1,9.8,9.8
Sistema Operativo,hikvision,ds-2cd3547g2-ls_firmware,1,9.8,9.8
Sistema Operativo,hikvision,ds-2cd3543g2-is_firmware,1,9.8,9.8
Sistema Operativo,hikvision,ds-2cd3526g2-is_firmware,1,9.8,9.8
Sistema Operativo,hikvision,ds-2cd3686g2-izs_firmware,1,9.8,9.8
Sistema Operativo,hikvision,ds-2cd4312f-i\(h\)_firmware,1,9.8,9.8
Sistema Operativo,hikvision,ds-2cd4232fwd-i\(z\)_firmware,1,9.8,9.8
Sistema Operativo,hikvision,ds-2cd4232fwd-i\(s\)_firmware,1,9.8,9.8
Sistema Operativo,hikvision,ds-2cd4232fwd-i\(h\)_firmware,1,9.8,9.8
Sistema Operativo,hikvision,ds-2cd4224f-i\(z\)_firmware,1,9.8,9.8
Sistema Operativo,hikvision,ds-2cd4224f-i\(s\)_firmware,1,9.8,9.8
Sistema Operativo,hikvision,ds-2cd4224f-i\(h\)_firmware,1,9.8,9.8
Sistema Operativo,hikvision,ds-2cd4212fwd-i\(z\)_firmware,1,9.8,9.8
Sistema Operativo,hikvision,ds-2cd4212fwd-i\(s\)_firmware,1,9.8,9.8
Sistema Operativo,hikvision,ds-2cd4212fwd-i\(h\)_firmware,1,9.8,9.8
Sistema Operativo,hikvision,ds-2cd4212f-i\(z\)_firmware,1,9.8,9.8
Sistema Operativo,hikvision,ds-2cd4012fwd-\(w\)_firmware,1,9.8,9.8
Sistema Operativo,hikvision,ds-2cd4212f-i\(h\)_firmware,1,9.8,9.8
Sistema Operativo,hikvision,ds-2cd4132fwd-i\(z\)_firmware,1,9.8,9.8
Sistema Operativo,hikvision,ds-2cd4124f-i\(z\)_firmware,1,9.8,9.8
Sistema Operativo,hikvision,ds-2cd4112fwd-i\(z\)_firmware,1,9.8,9.8
Sistema Operativo,hikvision,ds-2cd4112f-i\(z\)_firmware,1,9.8,9.8
Sistema Operativo,hikvision,ds-2cd4032fwd-\(w\)_firmware,1,9.8,9.8
Sistema Operativo,hikvision,ds-2cd4032fwd-\(p\)_firmware,1,9.8,9.8
Sistema Operativo,hikvision,ds-2cd4032fwd-\(a\)_firmware,1,9.8,9.8
Sistema Operativo,hikvision,ds-2cd4024f-\(w\)_firmware,1,9.8,9.8
Sistema Operativo,hikvision,ds-2cd4024f-\(p\)_firmware,1,9.8,9.8
Sistema Operativo,hikvision,ds-2cd4024f-\(a\)_firmware,1,9.8,9.8
Sistema Operativo,hikvision,ds-2cd4212f-i\(s\)_firmware,1,9.8,9.8
Sistema Operativo,hikvision,ds-7608ni-q1_firmware,1,9.8,9.8
Sistema Operativo,hikvision,ds-7608ni-q1\/8p_firmware,1,9.8,9.8
Sistema Operativo,hikvision,ds-7608ni-k1_firmware,1,9.8,9.8
Sistema Operativo,hikvision,ds-7608ni-k1\/8p_firmware,1,9.8,9.8
Sistema Operativo,hikvision,ds-7608ni-k1\/8p\/4g_firmware,1,9.8,9.8
Sistema Operativo,hikvision,ds-7608ni-k1\/4g_firmware,1,9.8,9.8
Sistema Operativo,hikvision,ds-7604ni-q1_firmware,1,9.8,9.8
Sistema Operativo,hikvision,ds-7604ni-q1\/4p_firmware,1,9.8,9.8
Sistema Operativo,hikvision,ds-7604ni-k1_firmware,1,9.8,9.8
Sistema Operativo,hikvision,ds-7604ni-k1\/4p\/4g_firmware,1,9.8,9.8
Sistema Operativo,hikvision,ds-7108ni-q1_firmware,1,9.8,9.8
Sistema Operativo,hikvision,ds-2df8442ixs-aelw\(t5\)_firmware,1,9.8,9.8
Sistema Operativo,hikvision,ds-7108ni-q1\/8p_firmware,1,9.8,9.8
Sistema Operativo,hikvision,ds-7108ni-q1\/8p\/m_firmware,1,9.8,9.8
Sistema Operativo,hikvision,ds-7104ni-q1_firmware,1,9.8,9.8
Sistema Operativo,hikvision,ds-7104ni-q1\/m_firmware,1,9.8,9.8
Sistema Operativo,hikvision,ds-7104ni-q1\/4p_firmware,1,9.8,9.8
Sistema Operativo,hikvision,ds-7104ni-q1\/4p\/m_firmware,1,9.8,9.8
Sistema Operativo,hikvision,ds-2xe6482f-izhrs_firmware,1,9.8,9.8
Sistema Operativo,hikvision,ds-2xe6452f-izh\(r\)s_firmware,1,9.8,9.8
Sistema Operativo,hikvision,ds-2xe6442f-izhrs\(b\)_firmware,1,9.8,9.8
Sistema Operativo,hikvision,ds-2xe6422fwd-izhrs_firmware,1,9.8,9.8
Sistema Operativo,hikvision,ds-2xe6242f-is\/316l\(b\)_firmware,1,9.8,9.8
Sistema Operativo,hikvision,ds-7108ni-q1\/m_firmware,1,9.8,9.8
Sistema Operativo,hpe,officeconnect_1820_j9980a_firmware,1,8.8,8.8
Sistema Operativo,hpe,officeconnect_1820_j9979a_firmware,1,8.8,8.8
Sistema Operativo,hp,integrated_lights-out_4_firmware,1,,
Sistema Operativo,hp,hp-ux,1,9.8,9.8
Sistema Operativo,huawei,berkeley-tl10_firmware,1,7.8,7.8
Sistema Operativo,hikvision,ptz-n5225i-a_firmware,1,9.8,9.8
Sistema Operativo,hikvision,ptz-n4225i-de_firmware,1,9.8,9.8
Sistema Operativo,hikvision,ptz-n4215i-de_firmware,1,9.8,9.8
Sistema Operativo,hikvision,ptz-n4215-de3_firmware,1,9.8,9.8
Sistema Operativo,hikvision,ptz-n2404i-de3_firmware,1,9.8,9.8
Sistema Operativo,hikvision,ptz-n2204i-de3_firmware,1,9.8,9.8
Sistema Operativo,hikvision,ds-7608ni-q2\/8p_firmware,1,9.8,9.8
Sistema Operativo,hikvision,ids-2vs435-f840-ey\(t3\)_firmware,1,9.8,9.8
Sistema Operativo,hikvision,ids-2sk8144ixs-d\/j_firmware,1,9.8,9.8
Sistema Operativo,hikvision,ids-2sk718mxs-d_firmware,1,9.8,9.8
Sistema Operativo,hikvision,ids-2pt9a144mxs-d\/t2_firmware,1,9.8,9.8
Sistema Operativo,hikvision,ds-7616ni-q2_firmware,1,9.8,9.8
Sistema Operativo,hikvision,ds-7616ni-q2\/16p_firmware,1,9.8,9.8
Sistema Operativo,hikvision,ds-7616ni-q1_firmware,1,9.8,9.8
Sistema Operativo,hpe,officeconnect_1920s_24g_2sfp_poe\+_firmware,1,8.8,8.8
Sistema Operativo,hikvision,ds-7616ni-k1_firmware,1,9.8,9.8
Sistema Operativo,hikvision,ds-760ni-k1\/4p_firmware,1,9.8,9.8
Sistema Operativo,hikvision,ds-7608ni-q2_firmware,1,9.8,9.8
Sistema Operativo,hikvision,ids-2vs435-f840-ey_firmware,1,9.8,9.8
Sistema Operativo,hikvision,ds-2td4136t-9_firmware,1,9.8,9.8
Sistema Operativo,hikvision,ds-2td1217b-6\/pa_firmware,1,9.8,9.8
Sistema Operativo,hikvision,ds-2td1217b-3\/pa_firmware,1,9.8,9.8
Sistema Operativo,hikvision,ds-2td1117-6\/pa_firmware,1,9.8,9.8
Sistema Operativo,hikvision,ds-2td1117-3\/pa_firmware,1,9.8,9.8
Sistema Operativo,hikvision,ds-2td1117-2\/pa_firmware,1,9.8,9.8
Sistema Operativo,hikvision,ds-2dyh2a0ixs-d\(t2\)_firmware,1,9.8,9.8
Sistema Operativo,hikvision,ds-2dy9250izs-a\(t5\)_firmware,1,9.8,9.8
Sistema Operativo,hikvision,ds-2dy92500x-a\(t5\)_firmware,1,9.8,9.8
Sistema Operativo,hikvision,ds-2dy9240ix-a\(t5\)_firmware,1,9.8,9.8
Sistema Operativo,hikvision,ds-2dy9236x-a\(t3\)_firmware,1,9.8,9.8
Sistema Operativo,hikvision,ds-2td8167-230zg2f\/wy_firmware,1,9.8,9.8
Sistema Operativo,hikvision,ds-2dy9236i8x-a_firmware,1,9.8,9.8
Sistema Operativo,hikvision,ds-2dy9236i8x-a\(t3\)_firmware,1,9.8,9.8
Sistema Operativo,hikvision,ds-2dfx_series_firmware,1,9.8,9.8
Sistema Operativo,hikvision,ds-2df8a842ixs-ael\(t5\)_firmware,1,9.8,9.8
Sistema Operativo,hikvision,ds-2df8a442nxs-ael\(t5\)_firmware,1,9.8,9.8
Sistema Operativo,hikvision,ds-2df8a442ixs-af\/sp\(t5\)_firmware,1,9.8,9.8
Sistema Operativo,hikvision,ds-2df8a442ixs-aely\(t5\)_firmware,1,9.8,9.8
Sistema Operativo,hikvision,ds-2df8a442ixs-ael\(t5\)_firmware,1,9.8,9.8
Sistema Operativo,hikvision,ds-2df8a442ixs-ael\(t2\)_firmware,1,9.8,9.8
Sistema Operativo,hikvision,ds-2df8442ixs-aely\(t5\)_firmware,1,9.8,9.8
Sistema Operativo,hikvision,ds-2df8442ixs-aelwy\(t5\)_firmware,1,9.8,9.8
Sistema Operativo,hikvision,ds-2dy9236ix-a\(t3\)_firmware,1,9.8,9.8
Sistema Operativo,hikvision,ds-2td8167-230zg2f\/w_firmware,1,9.8,9.8
Sistema Operativo,hikvision,ds-2td8167-190ze2f\/wy_firmware,1,9.8,9.8
Sistema Operativo,hikvision,ds-2td8167-190ze2f\/w_firmware,1,9.8,9.8
Sistema Operativo,hikvision,ds-2td8167-150zc4f\/w_firmware,1,9.8,9.8
Sistema Operativo,hikvision,ds-2td8166-75c2f\/v2_firmware,1,9.8,9.8
Sistema Operativo,hikvision,ds-2td8166-180ze2f\/v2_firmware,1,9.8,9.8
Sistema Operativo,hikvision,ds-2td8166-150zh2f\/v2_firmware,1,9.8,9.8
Sistema Operativo,hikvision,ds-2td8166-150ze2f\/v2_firmware,1,9.8,9.8
Sistema Operativo,hikvision,ds-2td8166-100c2f\/v2_firmware,1,9.8,9.8
Sistema Operativo,hikvision,ds-2td6267-75c4l\/wy_firmware,1,9.8,9.8
Sistema Operativo,hikvision,ds-2td6267-75c4l\/w_firmware,1,9.8,9.8
Sistema Operativo,hikvision,ds-2td4137-25\/w_firmware,1,9.8,9.8
Sistema Operativo,hikvision,ds-2td6267-100c4l\/wy_firmware,1,9.8,9.8
Sistema Operativo,hikvision,ds-2td6267-100c4l\/w_firmware,1,9.8,9.8
Sistema Operativo,hikvision,ds-2td6266t-50h2l_firmware,1,9.8,9.8
Sistema Operativo,hikvision,ds-2td6266t-25h2l_firmware,1,9.8,9.8
Sistema Operativo,hikvision,ds-2td6237-75c4l\/w_firmware,1,9.8,9.8
Sistema Operativo,hikvision,ds-2td6237-50h4l\/w_firmware,1,9.8,9.8
Sistema Operativo,hikvision,ds-2td6236t-50h2l_firmware,1,9.8,9.8
Sistema Operativo,hikvision,ds-2td4167-50\/w_firmware,1,9.8,9.8
Sistema Operativo,hikvision,ds-2td4167-25\/w_firmware,1,9.8,9.8
Sistema Operativo,hikvision,ds-2td4166t-9_firmware,1,9.8,9.8
Sistema Operativo,hikvision,ds-2td4137-50\/w_firmware,1,9.8,9.8
Sistema Operativo,hikvision,ds-2td6267-50h4l\/w_firmware,1,9.8,9.8
Sistema Operativo,hikvision,ds-2cd2047g2-l\(u\)_firmware,1,9.8,9.8
Sistema Operativo,hikvision,ds-2cd2046g2-iu\/sl_firmware,1,9.8,9.8
Sistema Operativo,hikvision,ds-2cd2043g2-i\(u\)_firmware,1,9.8,9.8
Sistema Operativo,hikvision,ds-2cd2032-i_firmware,1,9.8,9.8
Sistema Operativo,hikvision,ds-2cd2027g2-lu\/sl_firmware,1,9.8,9.8
Sistema Operativo,hikvision,ds-2cd2027g2-l\(u\)_firmware,1,9.8,9.8
Sistema Operativo,hikvision,ds-2cd2026g2-iu\/sl_firmware,1,9.8,9.8
Sistema Operativo,hikvision,ds-2cd2023g2-i\(u\)_firmware,1,9.8,9.8
Sistema Operativo,hikvision,ds-2cd2021g1-i\(w\)_firmware,1,9.8,9.8
Sistema Operativo,h3c,magic_r300-2100m_firmware,1,7.2,7.2
Sistema Operativo,hikvision,ds-2cd3523g2-is_firmware,1,9.8,9.8
Sistema Operativo,grandstream,ucm6200_firmware,1,9.8,9.8
Sistema Operativo,gl-inet,gl-ar300m_firmware,1,7.5,7.5
Sistema Operativo,gl-inet,gl-ap1300lte_firmware,1,7.5,7.5
Sistema Operativo,gl-inet,microuter-n300_firmware,1,7.5,7.5
Sistema Operativo,gl-inet,gl-xe300_firmware,1,7.5,7.5
Sistema Operativo,gl-inet,gl-x750_firmware,1,7.5,7.5
Sistema Operativo,gl-inet,gl-x300b_firmware,1,7.5,7.5
Sistema Operativo,gl-inet,gl-x3000_firmware,1,7.5,7.5
Sistema Operativo,gl-inet,gl-x1200_firmware,1,7.5,7.5
Sistema Operativo,gl-inet,gl-usb150_firmware,1,7.5,7.5
Sistema Operativo,gl-inet,gl-sft1200_firmware,1,7.5,7.5
Sistema Operativo,gryphonconnect,gryphon_tower_firmware,1,6.1,6.1
Sistema Operativo,hikvision,ds-2cd2183g2-i\(u\)_firmware,1,9.8,9.8
Sistema Operativo,hikvision,ds-2cd2183g2-i\(s\)_firmware,1,9.8,9.8
Sistema Operativo,hikvision,ds-2cd2166g2-i\(su\)_firmware,1,9.8,9.8
Sistema Operativo,hikvision,ds-2cd2163g2-iu_firmware,1,9.8,9.8
Sistema Operativo,hikvision,ds-2cd2163g2-i\(s\)_firmware,1,9.8,9.8
Sistema Operativo,hikvision,ds-2cd2147g2-l\(su\)_firmware,1,9.8,9.8
Sistema Operativo,hikvision,ds-2cd2143g2-iu_firmware,1,9.8,9.8
Sistema Operativo,hikvision,ds-2cd2143g2-i\(s\)_firmware,1,9.8,9.8
Sistema Operativo,hikvision,ds-2cd2132-i_firmware,1,9.8,9.8
Sistema Operativo,hikvision,ds-2cd2127g2-\(-su\)_firmware,1,9.8,9.8
Sistema Operativo,hikvision,ds-2cd2123g2-iu_firmware,1,9.8,9.8
Sistema Operativo,hikvision,ds-2cd2063g2-i\(u\)_firmware,1,9.8,9.8
Sistema Operativo,hikvision,ds-2cd2121g1_firmware,1,9.8,9.8
Sistema Operativo,hikvision,ds-2cd2121g1-idw_firmware,1,9.8,9.8
Sistema Operativo,hikvision,ds-2cd2121g1-i\(w\)_firmware,1,9.8,9.8
Sistema Operativo,hikvision,ds-2cd2121g0-i\(w\)\(s\)_firmware,1,9.8,9.8
Sistema Operativo,hikvision,ds-2cd2112-i_firmware,1,9.8,9.8
Sistema Operativo,hikvision,ds-2cd2087g2-l\(u\)_firmware,1,9.8,9.8
Sistema Operativo,hikvision,ds-2cd2086g2-iu\/sl_firmware,1,9.8,9.8
Sistema Operativo,hikvision,ds-2cd2086g2-i\(u\)_firmware,1,9.8,9.8
Sistema Operativo,hikvision,ds-2cd2083g2-i\(u\)_firmware,1,9.8,9.8
Sistema Operativo,hikvision,ds-2cd2066g2-iu\/sl_firmware,1,9.8,9.8
Sistema Operativo,hikvision,ds-2cd2066g2-i\(u\)_firmware,1,9.8,9.8
Sistema Operativo,hikvision,ds-2cd2123g2-i\(s\)_firmware,1,9.8,9.8
Sistema Operativo,gl-inet,gl-a1300_firmware,1,7.5,7.5
Sistema Operativo,geutebrueck,g-code_een-2040_firmware,1,7.2,7.2
Sistema Operativo,geutebrueck,g-code_een-2010_firmware,1,7.2,7.2
Sistema Operativo,geutebrueck,g-code_eec-2400_firmware,1,7.2,7.2
Sistema Operativo,geutebrueck,g-cam_ewpc-2275_firmware,1,7.2,7.2
Sistema Operativo,geutebrueck,g-cam_ewpc-2271_firmware,1,7.2,7.2
Sistema Operativo,geutebrueck,g-cam_ewpc-2270_firmware,1,7.2,7.2
Sistema Operativo,geutebrueck,g-cam_ethc-2249_firmware,1,7.2,7.2
Sistema Operativo,geutebrueck,g-cam_ethc-2240_firmware,1,7.2,7.2
Sistema Operativo,geutebrueck,g-cam_ethc-2239_firmware,1,7.2,7.2
Sistema Operativo,geutebrueck,g-cam_ethc-2230_firmware,1,7.2,7.2
Sistema Operativo,gl-inet,gl-sf1200_firmware,1,7.5,7.5
Sistema Operativo,geutebrueck,g-cam_efd-2250_firmware,1,7.2,7.2
Aplicación,microsoft,forefront_security,1,7.8,7.8
Aplicación,microsoft,forefront_endpoint_protection,1,7.8,7.8
Aplicación,microsoft,expression_web,1,8.8,8.8
Aplicación,microsoft,endpoint_protection,1,7.8,7.8
Aplicación,exiftool_project,exiftool,1,6.8,6.8
Sistema Operativo,geutebrueck,g-cam_ebc-2111_firmware,1,7.2,7.2
Sistema Operativo,geutebrueck,g-cam_ebc-2110_firmware,1,7.2,7.2
Sistema Operativo,genieaccess,wip3bvaf_firmware,1,,
Sistema Operativo,franklinfueling,colibri_firmware,1,7.5,7.5
Sistema Operativo,flir,flir_ax8_firmware,1,9.8,9.8
Sistema Operativo,geutebrueck,g-cam_efd-2251_firmware,1,7.2,7.2
Sistema Operativo,gl-inet,gl-s20_firmware,1,7.5,7.5
Sistema Operativo,gl-inet,gl-s200_firmware,1,7.5,7.5
Sistema Operativo,gl-inet,gl-s1300_firmware,1,7.5,7.5
Sistema Operativo,gl-inet,gl-s10_firmware,1,7.5,7.5
Sistema Operativo,gl-inet,gl-mv1000w_firmware,1,7.5,7.5
Sistema Operativo,geutebrueck,g-cam_efd-2241_firmware,1,7.2,7.2
Sistema Operativo,geutebrueck,g-cam_ebc-2112_firmware,1,7.2,7.2
Sistema Operativo,gl-inet,gl-mv1000_firmware,1,7.5,7.5
Sistema Operativo,gl-inet,gl-mt300n-v2_firmware,1,7.5,7.5
Sistema Operativo,gl-inet,gl-mt3000_firmware,1,7.5,7.5
Sistema Operativo,gl-inet,gl-mt2500a_firmware,1,7.5,7.5
Sistema Operativo,gl-inet,gl-ap1300_firmware,1,7.5,7.5
Sistema Operativo,gl-inet,gl-mt1300_firmware,1,7.5,7.5
Sistema Operativo,gl-inet,gl-mifi_firmware,1,7.5,7.5
Sistema Operativo,gl-inet,gl-e750_firmware,1,7.5,7.5
Sistema Operativo,gl-inet,gl-b2200_firmware,1,7.5,7.5
Sistema Operativo,gl-inet,gl-b1300_firmware,1,7.5,7.5
Sistema Operativo,gl-inet,gl-axt1800_firmware,1,7.5,7.5
Sistema Operativo,gl-inet,gl-ax1800_firmware,1,7.5,7.5
Sistema Operativo,gl-inet,gl-ar750s_firmware,1,7.5,7.5
Sistema Operativo,gl-inet,gl-ar750_firmware,1,7.5,7.5
Sistema Operativo,extron,sharelink_250_firmware,1,9.8,9.8
Sistema Operativo,extron,sharelink_200_firmware,1,9.8,9.8
Sistema Operativo,gl-inet,gl-mt2500_firmware,1,7.5,7.5
Sistema Operativo,hikvision,ds-2cd3043g2-iu_firmware,1,9.8,9.8
Sistema Operativo,hikvision,ds-2cd3026g2-iu\/sl_firmware,1,9.8,9.8
Sistema Operativo,hikvision,ds-2cd3026g2-is_firmware,1,9.8,9.8
Sistema Operativo,hikvision,ds-2cd3023g2-iu_firmware,1,9.8,9.8
Sistema Operativo,hikvision,ds-2cd2t32-i8_firmware,1,9.8,9.8
Sistema Operativo,hikvision,ds-2cd2t32-i5_firmware,1,9.8,9.8
Sistema Operativo,hikvision,ds-2cd2t32-i3_firmware,1,9.8,9.8
Sistema Operativo,hikvision,ds-2cd2786g2-izs_firmware,1,9.8,9.8
Sistema Operativo,hikvision,ds-2cd2783g2-izs_firmware,1,9.8,9.8
Sistema Operativo,hikvision,ds-2cd2766g2-izs_firmware,1,9.8,9.8
Sistema Operativo,hikvision,ds-2cd2763g2-izs_firmware,1,9.8,9.8
Sistema Operativo,hikvision,ds-2cd2183g2-iu_firmware,1,9.8,9.8
Sistema Operativo,hikvision,ds-2cd2732f-i\(s\)_firmware,1,9.8,9.8
Sistema Operativo,hikvision,ds-2cd2723g2-izs_firmware,1,9.8,9.8
Sistema Operativo,hikvision,ds-2cd2721g0-i\(z\)\(s\)_firmware,1,9.8,9.8
Sistema Operativo,hikvision,ds-2cd2712f-i\(s\)_firmware,1,9.8,9.8
Sistema Operativo,hikvision,ds-2cd2686g2-izsu\/sl_firmware,1,9.8,9.8
Sistema Operativo,hikvision,ds-2cd2686g2-izs_firmware,1,9.8,9.8
Sistema Operativo,hikvision,ds-2cd2683g2-izs_firmware,1,9.8,9.8
Sistema Operativo,hikvision,ds-2cd2666g2-izsu\/sl_firmware,1,9.8,9.8
Sistema Operativo,hikvision,ds-2cd2666g2-izs_firmware,1,9.8,9.8
Sistema Operativo,hikvision,ds-2cd2663g2-izs_firmware,1,9.8,9.8
Sistema Operativo,hikvision,ds-2cd2646g2-izsu\/sl_firmware,1,9.8,9.8
Sistema Operativo,hikvision,ds-2cd2743g2-izs_firmware,1,9.8,9.8
Sistema Operativo,hikvision,ds-2cd3386g2-is_firmware,1,9.8,9.8
Sistema Operativo,hikvision,ds-2cd3386g2-is\(u\)_firmware,1,9.8,9.8
Sistema Operativo,hikvision,ds-2cd3363g2-iu_firmware,1,9.8,9.8
Sistema Operativo,hikvision,ds-2cd3356g2-isu\/sl_firmware,1,9.8,9.8
Sistema Operativo,hikvision,ds-2cd3356g2-is_firmware,1,9.8,9.8
Sistema Operativo,hikvision,ds-2cd3356g2-is\(u\)_firmware,1,9.8,9.8
Sistema Operativo,hikvision,ds-2cd3347g2-ls\(u\)_firmware,1,9.8,9.8
Sistema Operativo,hikvision,ds-2cd3343g2-iu_firmware,1,9.8,9.8
Sistema Operativo,hikvision,ds-2cd3326g2-isu\/sl_firmware,1,9.8,9.8
Sistema Operativo,hikvision,ds-2cd3323g2-iu_firmware,1,9.8,9.8
Sistema Operativo,hikvision,ds-2cd3186g2-is\(u\)_firmware,1,9.8,9.8
Sistema Operativo,hikvision,ds-2cd3047g2-ls_firmware,1,9.8,9.8
Sistema Operativo,hikvision,ds-2cd3156g2-is_firmware,1,9.8,9.8
Sistema Operativo,hikvision,ds-2cd3156g2-is\(u\)_firmware,1,9.8,9.8
Sistema Operativo,hikvision,ds-2cd3143g2-i\(s\)u_firmware,1,9.8,9.8
Sistema Operativo,hikvision,ds-2cd3126g2-is_firmware,1,9.8,9.8
Sistema Operativo,hikvision,ds-2cd3126g2-is\(u\)_firmware,1,9.8,9.8
Sistema Operativo,hikvision,ds-2cd3123g2-i\(s\)u_firmware,1,9.8,9.8
Sistema Operativo,hikvision,ds-2cd3086g2-is_firmware,1,9.8,9.8
Sistema Operativo,hikvision,ds-2cd3063g2-iu_firmware,1,9.8,9.8
Sistema Operativo,hikvision,ds-2cd3056g2iu\/sl_firmware,1,9.8,9.8
Sistema Operativo,hikvision,ds-2cd3056g2-iu\/sl_firmware,1,9.8,9.8
Sistema Operativo,hikvision,ds-2cd3056g2-is_firmware,1,9.8,9.8
Sistema Operativo,hikvision,ds-2cd3163g2-i\(s\)u_firmware,1,9.8,9.8
Sistema Operativo,hikvision,ds-2cd2421g0-i\(d\)\(w\)_firmware,1,9.8,9.8
Sistema Operativo,hikvision,ds-2cd2412f-i\(w\)_firmware,1,9.8,9.8
Sistema Operativo,hikvision,ds-2cd2387g2-l\(u\)_firmware,1,9.8,9.8
Sistema Operativo,hikvision,ds-2cd2386g2-isu\/sl_firmware,1,9.8,9.8
Sistema Operativo,hikvision,ds-2cd2386g2-i\(u\)_firmware,1,9.8,9.8
Sistema Operativo,hikvision,ds-2cd2383g2-i\(u\)_firmware,1,9.8,9.8
Sistema Operativo,hikvision,ds-2cd2366g2-isu\/sl_firmware,1,9.8,9.8
Sistema Operativo,hikvision,ds-2cd2366g2-i\(u\)_firmware,1,9.8,9.8
Sistema Operativo,hikvision,ds-2cd2363g2-i\(u\)_firmware,1,9.8,9.8
Sistema Operativo,hikvision,ds-2cd2347g2-lsu\/sl_firmware,1,9.8,9.8
Sistema Operativo,hikvision,ds-2cd2347g2-l\(u\)_firmware,1,9.8,9.8
Sistema Operativo,hikvision,ds-2cd2643g2-izs_firmware,1,9.8,9.8
Sistema Operativo,hikvision,ds-2cd2343g2-i\(u\)_firmware,1,9.8,9.8
Sistema Operativo,hikvision,ds-2cd2332-i_firmware,1,9.8,9.8
Sistema Operativo,hikvision,ds-2cd2327g2-l\(u\)_firmware,1,9.8,9.8
Sistema Operativo,hikvision,ds-2cd2326g2-isu\/sl_firmware,1,9.8,9.8
Sistema Operativo,hikvision,ds-2cd2323g2-i\(u\)_firmware,1,9.8,9.8
Sistema Operativo,hikvision,ds-2cd2321g0-i\/nf_firmware,1,9.8,9.8
Sistema Operativo,hikvision,ds-2cd2312-i_firmware,1,9.8,9.8
Sistema Operativo,hikvision,ds-2cd2232-i5_firmware,1,9.8,9.8
Sistema Operativo,hikvision,ds-2cd2212-i5_firmware,1,9.8,9.8
Sistema Operativo,hikvision,ds-2cd2186g2-isu_firmware,1,9.8,9.8
Sistema Operativo,hikvision,ds-2cd2186g2-i\(su\)_firmware,1,9.8,9.8
Sistema Operativo,hikvision,ds-2cd2346g2-isu\/sl_firmware,1,9.8,9.8
Sistema Operativo,hikvision,ds-2cd2632f-i\(s\)_firmware,1,9.8,9.8
Sistema Operativo,hikvision,ds-2cd2626g2-izsu\/sl_firmware,1,9.8,9.8
Sistema Operativo,hikvision,ds-2cd2623g2-izs_firmware,1,9.8,9.8
Sistema Operativo,hikvision,ds-2cd2621g0-i\(z\)\(s\)_firmware,1,9.8,9.8
Sistema Operativo,hikvision,ds-2cd2612f-i\(s\)_firmware,1,9.8,9.8
Sistema Operativo,hikvision,ds-2cd2586g2-i\(s\)_firmware,1,9.8,9.8
Sistema Operativo,hikvision,ds-2cd2583g2-i\(s\)_firmware,1,9.8,9.8
Sistema Operativo,hikvision,ds-2cd2566g2-i\(s\)_firmware,1,9.8,9.8
Sistema Operativo,hikvision,ds-2cd2563g2-i\(s\)_firmware,1,9.8,9.8
Sistema Operativo,hikvision,ds-2cd2547g2-lzs_firmware,1,9.8,9.8
Sistema Operativo,hikvision,ds-2cd2547g2-ls_firmware,1,9.8,9.8
Sistema Operativo,hikvision,ds-2cd2421g0-i\(d\)w_firmware,1,9.8,9.8
Sistema Operativo,hikvision,ds-2cd2543g2-i\(ws\)_firmware,1,9.8,9.8
Sistema Operativo,hikvision,ds-2cd2532f-i\(s\)_firmware,1,9.8,9.8
Sistema Operativo,hikvision,ds-2cd2527g2-ls_firmware,1,9.8,9.8
Sistema Operativo,hikvision,ds-2cd2526g2-is_firmware,1,9.8,9.8
Sistema Operativo,hikvision,ds-2cd2526g2-i\(s\)_firmware,1,9.8,9.8
Sistema Operativo,hikvision,ds-2cd2523g2-i\(u\)_firmware,1,9.8,9.8
Sistema Operativo,hikvision,ds-2cd2523g2-i\(s\)_firmware,1,9.8,9.8
Sistema Operativo,hikvision,ds-2cd2512f-i\(s\)_firmware,1,9.8,9.8
Sistema Operativo,hikvision,ds-2cd2446g2-i_firmware,1,9.8,9.8
Sistema Operativo,hikvision,ds-2cd2432f-i\(w\)_firmware,1,9.8,9.8
Sistema Operativo,hikvision,ds-2cd2426g2-i_firmware,1,9.8,9.8
Sistema Operativo,hikvision,ds-2cd2546g2-i\(s\)_firmware,1,9.8,9.8
Sistema Operativo,netgear,ac2600_firmware,1,8.8,8.8
Sistema Operativo,netgear,ac2400_firmware,1,8.8,8.8
Sistema Operativo,netgear,ac2100_firmware,1,8.8,8.8
Sistema Operativo,netgear,r6400_firmware,1,8.8,8.8
Sistema Operativo,netgear,r6350_firmware,1,8.8,8.8
Sistema Operativo,netgear,r6330_firmware,1,8.8,8.8
Sistema Operativo,netgear,r6300_firmware,1,8.1,8.1
Sistema Operativo,netgear,r6260_firmware,1,8.8,8.8
Sistema Operativo,netgear,r6250_firmware,1,8.8,8.8
Sistema Operativo,netgear,r6230_firmware,1,8.8,8.8
Sistema Operativo,hpe,officeconnect_1820_j9981a_firmware,1,8.8,8.8
Sistema Operativo,netgear,r6120_firmware,1,8.8,8.8
Sistema Operativo,netgear,r6100_firmware,1,9.8,9.8
Sistema Operativo,netapp,h615c_firmware,1,8.3,8.3
Sistema Operativo,netapp,h610c_firmware,1,8.3,8.3
Sistema Operativo,netapp,fas_8700_firmware,1,8.3,8.3
Sistema Operativo,netapp,fas_8300_firmware,1,8.3,8.3
Sistema Operativo,netapp,fas2750_firmware,1,7.8,7.8
Sistema Operativo,netgear,jnr1010v2_firmware,1,9.8,9.8
Sistema Operativo,netgear,jgs516pe_firmware,1,9.8,9.8
Sistema Operativo,netgear,dgnd3700_firmware,1,,
Sistema Operativo,netgear,dgn2200bv4_firmware,1,8.1,8.1
Sistema Operativo,netgear,r6200_firmware,1,8.1,8.1
Sistema Operativo,netgear,wndr3800_firmware,1,9.8,9.8
Sistema Operativo,netgear,wndr3700v4_firmware,1,9.8,9.8
Sistema Operativo,netgear,wndr3700v3_firmware,1,8.1,8.1
Sistema Operativo,netgear,wndap660_firmware,1,9.8,9.8
Sistema Operativo,netgear,wndap360_firmware,1,9.8,9.8
Sistema Operativo,netgear,wndap350_firmware,1,9.8,9.8
Sistema Operativo,netgear,wndap210v2_firmware,1,9.8,9.8
Sistema Operativo,netgear,r6080_firmware,1,8.8,8.8
Sistema Operativo,netgear,r6020_firmware,1,8.8,8.8
Sistema Operativo,netgear,r2000_firmware,1,9.8,9.8
Sistema Operativo,netgear,jwnr2010v5_firmware,1,9.8,9.8
Sistema Operativo,netgear,d6100_firmware,1,9.8,9.8
Sistema Operativo,netgear,rax43_firmware,1,8.0,8.0
Sistema Operativo,netgear,r8000_firmware,1,8.8,8.8
Sistema Operativo,netgear,r7900_firmware,1,8.8,8.8
Sistema Operativo,netgear,r7500v2_firmware,1,9.8,9.8
Sistema Operativo,netgear,r7500_firmware,1,9.8,9.8
Sistema Operativo,netgear,r7450_firmware,1,8.8,8.8
Sistema Operativo,netgear,r7400_firmware,1,8.8,8.8
Sistema Operativo,netgear,r7350_firmware,1,8.8,8.8
Sistema Operativo,netgear,r7300dst_firmware,1,8.8,8.8
Sistema Operativo,netgear,r7200_firmware,1,8.8,8.8
Sistema Operativo,netgear,r7100lg_firmware,1,8.8,8.8
Sistema Operativo,netgear,jnr3300_firmware,1,9.8,9.8
Sistema Operativo,netapp,aff_500f_firmware,1,8.3,8.3
Sistema Operativo,netapp,a800_firmware,1,7.8,7.8
Aplicación,apache,shiro,1,9.8,9.8
Aplicación,apache,shardingsphere_elasticjob-ui,1,6.5,6.5
Aplicación,apache,rocketmq,1,9.8,9.8
Aplicación,archimidismertzanos,fashionable_store,1,6.1,6.1
Aplicación,arthousewebdesign,brain_power,1,6.1,6.1
Aplicación,armemberplugin,armember,1,8.1,8.1
Aplicación,arm,5th_gen_gpu_architecture_kernel_driver,1,3.3,3.3
Sistema Operativo,microsoft,windows_11_24h2,1,5.5,5.5
Sistema Operativo,microsoft,windows_11_23h2,1,5.5,5.5
Sistema Operativo,netgear,dgn2200_series_firmware,1,8.8,8.8
Sistema Operativo,mt,ind780_firmware,1,7.5,7.5
Sistema Operativo,mozilla,firefox_os,1,8.8,8.8
Sistema Operativo,motorola,android,1,7.8,7.8
Sistema Operativo,mitel,shoretel_firmware,1,6.1,6.1
Sistema Operativo,microsoft,windows_server_2025,1,5.5,5.5
Sistema Operativo,microsoft,windows_server_2022_23h2,1,5.5,5.5
Sistema Operativo,netapp,fas2720_firmware,1,7.8,7.8
Aplicación,atlassian,confluence,1,,
Aplicación,atlassian,bitbucket,1,8.8,8.8
Aplicación,asustor,asustor_data_master,1,,
Sistema Operativo,lg,n1a1_firmware,1,9.8,9.8
Sistema Operativo,netapp,8300_firmware,1,6.6,6.6
Sistema Operativo,netgear,d7800_firmware,1,9.8,9.8
Sistema Operativo,netgear,d7000_firmware,1,9.8,9.8
Sistema Operativo,netgear,d6300b_firmware,1,8.1,8.1
Sistema Operativo,netgear,d6300_firmware,1,8.1,8.1
Aplicación,archimidismertzanos,atlast_business,1,6.1,6.1
Aplicación,aptana,jaxer,1,,
Aplicación,appwrite,appwrite,1,7.5,7.5
Aplicación,appspace,appspace,1,9.8,9.8
Aplicación,appserv_open_project,appserv,1,,
Aplicación,appjetty,show_all_comments,1,6.1,6.1
Aplicación,appium,appium-desktop,1,9.8,9.8
Sistema Operativo,netapp,aff_a250_firmware,1,8.3,8.3
Sistema Operativo,netapp,a320_firmware,1,7.8,7.8
Sistema Operativo,netapp,a220_firmware,1,7.8,7.8
Sistema Operativo,netapp,8700_firmware,1,6.6,6.6
Sistema Operativo,netgear,ac1450_firmware,1,8.1,8.1
Sistema Operativo,netapp,solidfire_baseboard_management_controller_firmware,1,7.8,7.8
Sistema Operativo,netapp,element,1,8.1,8.1
Sistema Operativo,netapp,c250_firmware,1,8.3,8.3
Sistema Operativo,netapp,c190_firmware,1,7.8,7.8
Sistema Operativo,netapp,aff_baseboard_management_controller_firmware,1,7.8,7.8
Sistema Operativo,netapp,aff_a700s_firmware,1,7.8,7.8
Sistema Operativo,netapp,aff_a400_firmware,1,8.3,8.3
Sistema Operativo,netapp,a400_firmware,1,6.6,6.6
Sistema Operativo,qualcomm,ar9380_firmware,1,7.8,7.8
Sistema Operativo,qualcomm,apq8053-ac_firmware,1,7.8,7.8
Sistema Operativo,qualcomm,apq8053-aa_firmware,1,7.8,7.8
Sistema Operativo,qualcomm,apq8037_firmware,1,7.8,7.8
Sistema Operativo,qualcomm,ipq4028_firmware,1,7.8,7.8
Sistema Operativo,qualcomm,ipq4019_firmware,1,7.8,7.8
Aplicación,microfocus,operation_bridge_manager,1,8.8,8.8
Aplicación,microfocus,hybrid_cloud_management,1,8.8,8.8
Aplicación,microfocus,data_center_automation,1,8.8,8.8
Aplicación,microfocus,access_manager,1,7.5,7.5
Aplicación,microfinance_management_system_project,microfinance_management_system,1,9.8,9.8
Sistema Operativo,netgear,wndr4000_firmware,1,8.1,8.1
Aplicación,mhsoftware,wordpress_events_calendar_plugin,1,6.1,6.1
Sistema Operativo,optoma,wps-pro_firmware,1,9.8,9.8
Sistema Operativo,opensuse,suse_package_hub,1,8.8,8.8
Sistema Operativo,opensuse,suse_linux_enterprise_server,1,8.8,8.8
Sistema Operativo,qualcomm,apq5053-aa_firmware,1,7.8,7.8
Sistema Operativo,qualcomm,8998_firmware,1,7.8,7.8
Sistema Operativo,qualcomm,8953pro_firmware,1,7.8,7.8
Sistema Operativo,qualcomm,8098_firmware,1,7.8,7.8
Sistema Operativo,powertekpdus,pm_pdu_firmware,1,9.8,9.8
Sistema Operativo,powertekpdus,piml_pdu_firmware,1,9.8,9.8
Sistema Operativo,powertekpdus,basic_pdu_firmware,1,9.8,9.8
Aplicación,mi,mi6_browser,1,8.8,8.8
Sistema Operativo,qualcomm,ipq4029_firmware,1,7.8,7.8
Sistema Operativo,qualcomm,msm8905_firmware,1,7.8,7.8
Sistema Operativo,qualcomm,msm8608_firmware,1,8.4,8.4
Sistema Operativo,qualcomm,msm8209_firmware,1,8.4,8.4
Sistema Operativo,qualcomm,msm8108_firmware,1,8.4,8.4
Sistema Operativo,qualcomm,ipq4018_firmware,1,7.8,7.8
Sistema Operativo,qualcomm,immersive_home_318_platform_firmware,1,7.8,7.8
Sistema Operativo,qualcomm,immersive_home_316_platform_firmware,1,7.8,7.8
Sistema Operativo,qualcomm,immersive_home_216_platform_firmware,1,7.8,7.8
Sistema Operativo,qualcomm,immersive_home_214_platform_firmware,1,7.8,7.8
Sistema Operativo,qualcomm,ipq8078_firmware,1,7.8,7.8
Sistema Operativo,qualcomm,csr8811_firmware,1,7.8,7.8
Sistema Operativo,qualcomm,ipq8076_firmware,1,7.8,7.8
Sistema Operativo,qualcomm,ipq8074a_firmware,1,7.8,7.8
Sistema Operativo,qualcomm,ipq8072a_firmware,1,7.8,7.8
Sistema Operativo,qualcomm,ipq8071a_firmware,1,7.8,7.8
Sistema Operativo,qsan,xn8024r_firmware,1,6.1,6.1
Sistema Operativo,qsan,xn8008t_firmware,1,6.1,6.1
Sistema Operativo,qnap,qutscloud,1,10.0,10.0
Sistema Operativo,powertekpdus,smart_pos_firmware,1,9.8,9.8
Sistema Operativo,powertekpdus,smart_poms_firmware,1,9.8,9.8
Sistema Operativo,powertekpdus,smart_pom_firmware,1,9.8,9.8
Sistema Operativo,powertekpdus,smart_pim_firmware,1,9.8,9.8
Sistema Operativo,qualcomm,ipq8076a_firmware,1,7.8,7.8
Sistema Operativo,nordex,nordex_control_2_scada,1,,
Sistema Operativo,netgear,wnap320_firmware,1,9.8,9.8
Sistema Operativo,netgear,wn802tv2_firmware,1,9.8,9.8
Sistema Operativo,netgear,wn604_firmware,1,9.8,9.8
Sistema Operativo,netgear,vegn2610_firmware,1,8.1,8.1
Sistema Operativo,netgear,ssl312_firmware,1,9.8,9.8
Sistema Operativo,netis-systems,wf2419_firmware,1,7.5,7.5
Sistema Operativo,netgear,wnr618_firmware,1,9.8,9.8
Sistema Operativo,netgear,wnr614_firmware,1,9.8,9.8
Sistema Operativo,netgear,wnr2500_firmware,1,9.8,9.8
Sistema Operativo,netgear,wnr2200_firmware,1,9.8,9.8
Sistema Operativo,oracle,micros_workstation_6_firmware,1,7.8,7.8
Sistema Operativo,netgear,wnr2020_firmware,1,9.8,9.8
Sistema Operativo,netgear,wnr2000v5_firmware,1,9.8,9.8
Sistema Operativo,netgear,wnr2000v4_firmware,1,9.8,9.8
Sistema Operativo,netgear,wnr2000v3_firmware,1,9.8,9.8
Sistema Operativo,netgear,wnr2000_firmware,1,9.8,9.8
Sistema Operativo,netgear,r7000_firmware,1,8.8,8.8
Sistema Operativo,netgear,r6850_firmware,1,8.8,8.8
Sistema Operativo,netgear,r6800_firmware,1,8.8,8.8
Sistema Operativo,netgear,wndr4500_firmware,1,8.1,8.1
Sistema Operativo,netgear,wndr4300v2_firmware,1,9.8,9.8
Sistema Operativo,netgear,wndr4300_firmware,1,9.8,9.8
Sistema Operativo,netgear,wnr2050_firmware,1,9.8,9.8
Sistema Operativo,oracle,micros_workstation_5a_firmware,1,7.8,7.8
Sistema Operativo,oracle,micros_kitchen_display_system_firmware,1,7.8,7.8
Sistema Operativo,oracle,micros_es400_firmware,1,7.8,7.8
Sistema Operativo,oracle,micros_compact_workstation_3_firmware,1,7.8,7.8
Aplicación,maxum,rumpus,1,6.1,6.1
Aplicación,maxsite,maxsite_cms,1,6.1,6.1
Aplicación,matbao,wp_helper_premium,1,6.1,6.1
Aplicación,matamko,com_matamko,1,,
Aplicación,masselink,com_picasa2gallery,1,,
Aplicación,microfocus,operations_bridge,1,9.8,9.8
Aplicación,microfocus,operation_bridge_reporter,1,9.8,9.8
Sistema Operativo,novell,suse_linux_enterprise_desktop,1,9.8,9.8
Sistema Operativo,netgear,wnr1000v3_firmware,1,8.1,8.1
Sistema Operativo,netgear,wnr1000v2_firmware,1,9.8,9.8
Sistema Operativo,netgear,wndr4700_firmware,1,9.8,9.8
Sistema Operativo,netgear,wndr4500v3_firmware,1,9.8,9.8
Sistema Operativo,onkyo,tx-nr585_firmware,1,7.5,7.5
Sistema Operativo,nuuo,nvrsolo_firmware,1,6.1,6.1
Sistema Operativo,nuuo,nvrsolo,1,,
Sistema Operativo,nuuo,nvrmini_firmware,1,9.8,9.8
Sistema Operativo,nuuo,nvrmini_2,1,,
Sistema Operativo,nuuo,nvrmini2_firmware,1,9.8,9.8
Sistema Operativo,novell,suse_linux_enterprise_workstation_extension,1,9.8,9.8
Sistema Operativo,netgear,wnr1000v4_firmware,1,9.8,9.8
Sistema Operativo,huawei,lelandp-l22c_firmware,1,7.8,7.8
Sistema Operativo,huawei,lelandp-al00c_firmware,1,7.8,7.8
Sistema Operativo,huawei,rhone-al00_firmware,1,7.8,7.8
Sistema Operativo,huawei,leland-tl10b_firmware,1,7.8,7.8
Sistema Operativo,huawei,leland-l32a_firmware,1,7.8,7.8
Sistema Operativo,huawei,leland-l21a_firmware,1,7.8,7.8
Sistema Operativo,huawei,leland-al10b_firmware,1,7.8,7.8
Sistema Operativo,huawei,katyusha-al10a_firmware,1,7.8,7.8
Sistema Operativo,huawei,katyusha-al00a_firmware,1,7.8,7.8
Sistema Operativo,huawei,johnson-tl00d_firmware,1,7.8,7.8
Sistema Operativo,huawei,honor_9i_firmware,1,7.8,7.8
Sistema Operativo,lexmark,mxtpm_firmware,1,8.1,8.1
Sistema Operativo,huawei,honor_20_pro_firmware,1,7.8,7.8
Sistema Operativo,huawei,gtsoftx3000_firmware,1,9.8,9.8
Sistema Operativo,huawei,florida-tl10b_firmware,1,7.8,7.8
Sistema Operativo,huawei,florida-l22_firmware,1,7.8,7.8
Sistema Operativo,huawei,p20_lite_firmware,1,7.8,7.8
Sistema Operativo,huawei,florida-l03_firmware,1,7.8,7.8
Sistema Operativo,huawei,florida-al20b_firmware,1,7.8,7.8
Sistema Operativo,huawei,figo-al00a_firmware,1,7.8,7.8
Sistema Operativo,huawei,espace_ecs_firmware,1,9.8,9.8
Sistema Operativo,huawei,elog_firmware,1,9.8,9.8
Sistema Operativo,huawei,e6000_firmware,1,9.8,9.8
Sistema Operativo,huawei,honor_8a_firmware,1,7.8,7.8
Sistema Operativo,huawei,rh2485_v2_firmware,1,9.8,9.8
Sistema Operativo,huawei,rh2288h_v2_firmware,1,9.8,9.8
Sistema Operativo,huawei,rh2288e_v2_firmware,1,9.8,9.8
Sistema Operativo,huawei,rh2288a_v2_firmware,1,9.8,9.8
Sistema Operativo,huawei,rh2288_v2_firmware,1,9.8,9.8
Sistema Operativo,huawei,rh2285h_v2_firmware,1,9.8,9.8
Sistema Operativo,huawei,rh2285_v2_firmware,1,9.8,9.8
Sistema Operativo,huawei,rh2268_v2_firmware,1,9.8,9.8
Sistema Operativo,huawei,rh2265_v2_firmware,1,9.8,9.8
Sistema Operativo,huawei,rh1288a_v2_firmware,1,9.8,9.8
Sistema Operativo,huawei,rh1288_v2_firmware,1,9.8,9.8
Sistema Operativo,huawei,madrid-al00a_firmware,1,7.8,7.8
Sistema Operativo,huawei,p20_firmware,1,7.8,7.8
Sistema Operativo,huawei,oceanstor_hvs88t_firmware,1,9.8,9.8
Sistema Operativo,huawei,oceanstor_hvs85t_firmware,1,9.8,9.8
Sistema Operativo,huawei,oceanstor_18800f_firmware,1,9.8,9.8
Sistema Operativo,huawei,oceanstor_18800_firmware,1,9.8,9.8
Sistema Operativo,huawei,oceanstor_18500_firmware,1,9.8,9.8
Sistema Operativo,huawei,nova_4_firmware,1,7.8,7.8
Sistema Operativo,huawei,nova_3e_firmware,1,7.8,7.8
Sistema Operativo,huawei,nova_2s_firmware,1,7.8,7.8
Sistema Operativo,huawei,neo-al00d_firmware,1,7.8,7.8
Sistema Operativo,huawei,mate_rs_firmware,1,7.8,7.8
Sistema Operativo,huawei,paris-l29b_firmware,1,7.8,7.8
Sistema Operativo,huawei,ares-al10d_firmware,1,7.8,7.8
Sistema Operativo,huawei,ares-al00b_firmware,1,7.8,7.8
Sistema Operativo,huawei,anne-al00_firmware,1,7.8,7.8
Sistema Operativo,huawei,alp-tl00b_firmware,1,7.8,7.8
Sistema Operativo,huawei,alp-al00b_firmware,1,7.8,7.8
Sistema Operativo,huawei,agile_controller-campus_firmware,1,9.8,9.8
Sistema Operativo,hpe,proliant_ml10_gen9_server_firmware,1,9.8,9.8
Sistema Operativo,hpe,officeconnect_1920s_8g_ppoe\+_firmware,1,8.8,8.8
Sistema Operativo,hpe,officeconnect_1920s_8g_firmware,1,8.8,8.8
Sistema Operativo,hpe,officeconnect_1920s_48g_4sfp_ppoe\+_firmware,1,8.8,8.8
Sistema Operativo,hpe,officeconnect_1920s_48g_4sfp_firmware,1,8.8,8.8
Sistema Operativo,huawei,e6000_chassis_firmware,1,9.8,9.8
Sistema Operativo,huawei,columbia-al00a_firmware,1,7.8,7.8
Sistema Operativo,hpe,officeconnect_1920s_24g_2sfp_firmware,1,8.8,8.8
Sistema Operativo,hpe,officeconnect_1850_6xgt_firmware,1,8.8,8.8
Sistema Operativo,hpe,officeconnect_1850_48g_4xgt_poe\+_firmware,1,8.8,8.8
Sistema Operativo,hpe,officeconnect_1850_48g_4xgt_firmware,1,8.8,8.8
Sistema Operativo,hpe,officeconnect_1850_2xgt\/spf\+_firmware,1,8.8,8.8
Sistema Operativo,hpe,officeconnect_1850_24g_2xgt_poe\+_firmware,1,8.8,8.8
Sistema Operativo,hpe,officeconnect_1850_24g_2xgt_firmware,1,8.8,8.8
Sistema Operativo,hpe,officeconnect_1820_j9984a_firmware,1,8.8,8.8
Sistema Operativo,hpe,officeconnect_1820_j9983a_firmware,1,8.8,8.8
Sistema Operativo,hpe,officeconnect_1820_j9982a_firmware,1,8.8,8.8
Sistema Operativo,hpe,officeconnect_1920s_24g_2sfp_ppoe\+_firmware,1,8.8,8.8
Sistema Operativo,huawei,duke-l09i_firmware,1,7.8,7.8
Sistema Operativo,huawei,cornell-al00a_firmware,1,7.8,7.8
Sistema Operativo,huawei,columbia-tl00d_firmware,1,7.8,7.8
Sistema Operativo,huawei,columbia-tl00b_firmware,1,7.8,7.8
Sistema Operativo,huawei,columbia-al10b_firmware,1,7.8,7.8
Sistema Operativo,huawei,leland-tl10c_firmware,1,7.8,7.8
Sistema Operativo,huawei,ch242_v3_firmware,1,9.8,9.8
Sistema Operativo,huawei,ch242_firmware,1,9.8,9.8
Sistema Operativo,huawei,ch240_firmware,1,9.8,9.8
Sistema Operativo,huawei,ch222_firmware,1,9.8,9.8
Sistema Operativo,huawei,ch221_firmware,1,9.8,9.8
Sistema Operativo,huawei,ares-tl00chw_firmware,1,7.8,7.8
Sistema Operativo,huawei,ch140_firmware,1,9.8,9.8
Sistema Operativo,huawei,ch121_firmware,1,9.8,9.8
Sistema Operativo,huawei,bla-tl00b_firmware,1,7.8,7.8
Sistema Operativo,huawei,bla-l29c_firmware,1,7.8,7.8
Sistema Operativo,huawei,bla-al00b_firmware,1,7.8,7.8
Sistema Operativo,huawei,bh640_v2_firmware,1,9.8,9.8
Sistema Operativo,huawei,bh622_v2_firmware,1,9.8,9.8
Sistema Operativo,huawei,bh621_v2_firmware,1,9.8,9.8
Sistema Operativo,huawei,bh620_v2_firmware,1,9.8,9.8
Sistema Operativo,huawei,florida-l21_firmware,1,7.8,7.8
Sistema Operativo,huawei,barca-al00_firmware,1,7.8,7.8
Sistema Operativo,huawei,ch220_firmware,1,9.8,9.8
Aplicación,avantfax,avantfax,1,,
Aplicación,autonomy,ultraseek,1,,
Aplicación,automattic,woopayments,1,9.8,9.8
Aplicación,automattic,woocommerce_payments,1,9.8,9.8
Aplicación,automattic,woocommerce_blocks,1,7.5,7.5
Aplicación,automattic,sensei_lms,1,5.3,5.3
Aplicación,automatedlogic,webctrl,1,6.1,6.1
Aplicación,audiocodes,device_manager_express,1,9.8,9.8
Aplicación,audinate,dante_application_library,1,7.8,7.8
Aplicación,atutor,atutor,1,6.1,6.1
Aplicación,attribute_wizard_project,attribute_wizard,1,,
Sistema Operativo,huawei,rh5885_v2_firmware,1,9.8,9.8
Sistema Operativo,lexmark,cxtat_firmware,1,8.1,8.1
Sistema Operativo,lexmark,cxnzj_firmware,1,8.1,8.1
Sistema Operativo,intellian,v60_firmware,1,7.5,7.5
Sistema Operativo,lexmark,mxtct_firmware,1,8.1,8.1
Sistema Operativo,lexmark,mxngm_firmware,1,8.1,8.1
Sistema Operativo,lexmark,mxlsg_firmware,1,8.1,8.1
Sistema Operativo,lexmark,mxlbd_firmware,1,8.1,8.1
Sistema Operativo,lexmark,mstgw_firmware,1,8.1,8.1
Sistema Operativo,lexmark,msngw_firmware,1,8.1,8.1
Sistema Operativo,lexmark,msngm_firmware,1,8.1,8.1
Sistema Operativo,lexmark,mslsg_firmware,1,8.1,8.1
Sistema Operativo,lexmark,cxtmm_firmware,1,8.1,8.1
Sistema Operativo,lexmark,mxtgw_firmware,1,8.1,8.1
Sistema Operativo,lexmark,mxtgm_firmware,1,8.1,8.1
Sistema Operativo,microsoft,windows_11,1,7.8,7.8
Aplicación,appcms,appcms,1,6.1,6.1
Aplicación,apollotheme,ap_pagebuilder,1,9.8,9.8
Aplicación,api_bearer_auth_project,api_bearer_auth,1,6.1,6.1
Aplicación,apereo,central_authentication_service,1,6.1,6.1
Aplicación,arubanetworks,clearpass_policy_manager,1,9.8,9.8
Aplicación,artifex,ghostscript,1,7.8,7.8
Sistema Operativo,lexmark,cxlbn_firmware,1,8.1,8.1
Sistema Operativo,microchip,syncserver_s650_firmware,1,9.8,9.8
Aplicación,aryanic,high_cms,1,6.1,6.1
Sistema Operativo,mercusys,mercury_x18g_firmware,1,5.3,5.3
Sistema Operativo,megatech,msnswitch_firmware,1,9.8,9.8
Sistema Operativo,linux,kernel,1,,
Sistema Operativo,linksys,re6500_firmware,1,9.8,9.8
Aplicación,arkextensions,jck_editor,1,9.8,9.8
Aplicación,argussurveillance,dvr,1,,
Aplicación,archimidismertzanos,nothing_personal,1,6.1,6.1
Aplicación,atlassian,oauth,1,,
Aplicación,atlassian,jira_service_management,1,9.8,9.8
Aplicación,atlassian,crowd,1,9.8,9.8
Aplicación,asgaros,asgaros_forum,1,9.8,9.8
Sistema Operativo,mi,millet_router_3g_firmware,1,7.5,7.5
Sistema Operativo,infocus,liteshow4_firmware,1,9.8,9.8
Sistema Operativo,infocus,liteshow3_firmware,1,9.8,9.8
Sistema Operativo,ifw8,fr8_firmware,1,7.5,7.5
Sistema Operativo,ifw8,fr6_firmware,1,7.5,7.5
Sistema Operativo,ifw8,fr6-s_firmware,1,7.5,7.5
Sistema Operativo,hytec,hwl-2511-ss_firmware,1,9.8,9.8
Sistema Operativo,huawei,yalep-al10b_firmware,1,7.8,7.8
Sistema Operativo,huawei,yale-tl00b_firmware,1,7.8,7.8
Sistema Operativo,intellian,v100_firmware,1,7.5,7.5
Sistema Operativo,intelbras,wrn_342_firmware,1,7.5,7.5
Sistema Operativo,intelbras,wrn_150_firmware,1,,
Sistema Operativo,lexmark,mslbd_firmware,1,8.1,8.1
Sistema Operativo,huawei,y9_2019_firmware,1,7.8,7.8
Sistema Operativo,huawei,y6_2019_firmware,1,7.8,7.8
Sistema Operativo,huawei,x8000_firmware,1,9.8,9.8
Sistema Operativo,huawei,x6000_firmware,1,9.8,9.8
Sistema Operativo,huawei,usg9500_firmware,1,3.7,3.7
Sistema Operativo,huawei,uma_firmware,1,9.8,9.8
Sistema Operativo,huawei,stanford-l09s_firmware,1,7.8,7.8
Sistema Operativo,huawei,stanford-l09_firmware,1,7.8,7.8
Sistema Operativo,huawei,smc2.0_firmware,1,9.8,9.8
Sistema Operativo,huawei,seco_vsm_firmware,1,9.8,9.8
Sistema Operativo,huawei,rh5885_v3_firmware,1,9.8,9.8
Sistema Operativo,intelbras,win_300_firmware,1,7.5,7.5
Sistema Operativo,lexmark,cxtzj_firmware,1,8.1,8.1
Sistema Operativo,lexmark,cxtpp_firmware,1,8.1,8.1
Sistema Operativo,lexmark,cxtpc_firmware,1,8.1,8.1
Aplicación,asmedia,tuaug4,1,6.1,6.1
Aplicación,asmedia,moseter,1,6.1,6.1
Sistema Operativo,ifw8,fr5_firmware,1,7.5,7.5
Sistema Operativo,ifw8,fr5-e_firmware,1,7.5,7.5
Sistema Operativo,lexmark,cxlbl_firmware,1,8.1,8.1
Sistema Operativo,lexmark,cstpc_firmware,1,8.1,8.1
Sistema Operativo,lexmark,cstmh_firmware,1,8.1,8.1
Sistema Operativo,lexmark,cstat_firmware,1,8.1,8.1
Sistema Operativo,intel,active_management_technology_firmware,1,9.8,9.8
Sistema Operativo,lexmark,cslbn_firmware,1,8.1,8.1
Sistema Operativo,lexmark,cslbl_firmware,1,8.1,8.1
Sistema Operativo,lenovo,storage_v5030_firmware,1,9.8,9.8
Sistema Operativo,lantronix,securelinx_spider_firmware,1,,
Sistema Operativo,lantronix,premierwave_2050_firmware,1,9.9,9.9
Sistema Operativo,juniper,screenos,1,9.8,9.8
Aplicación,metaphorcreations,ditty,1,6.1,6.1
Aplicación,microsoft,biztalk_server,1,8.8,8.8
Aplicación,microsoft,app_installer,1,7.1,7.1
Aplicación,microsoft,access,1,8.8,8.8
Sistema Operativo,intelbras,nplug_firmware,1,,
Sistema Operativo,lexmark,csnzj_firmware,1,8.1,8.1
Hardware,cisco,catalyst_3750e-48pd-ef,1,9.8,9.8
Hardware,cisco,catalyst_3750e-48pd-e,1,9.8,9.8
Hardware,cisco,catalyst_3750e-24td-s,1,9.8,9.8
Hardware,cisco,catalyst_3750_metro_24-dc,1,9.8,9.8
Hardware,cisco,catalyst_3750_metro_24-ac,1,9.8,9.8
Hardware,cisco,catalyst_3750-48ts,1,9.8,9.8
Hardware,cisco,catalyst_3750-48ps,1,9.8,9.8
Hardware,cisco,catalyst_3750-24ts,1,9.8,9.8
Hardware,cisco,catalyst_3750-24ps,1,9.8,9.8
Hardware,cisco,catalyst_3750-24fs,1,9.8,9.8
Hardware,cisco,catalyst_3750g-48ts,1,9.8,9.8
Aplicación,php-proxy,php-proxy,1,,
Hardware,cisco,catalyst_3750g-24ts-1u,1,9.8,9.8
Hardware,cisco,catalyst_3750g-24ts,1,9.8,9.8
Hardware,cisco,catalyst_3750g-24t,1,9.8,9.8
Hardware,cisco,catalyst_3750g-24ps,1,9.8,9.8
Hardware,cisco,catalyst_3750g-16td,1,9.8,9.8
Hardware,cisco,catalyst_3750g-12s-sd,1,9.8,9.8
Hardware,cisco,catalyst_3750g-12s,1,9.8,9.8
Aplicación,cisco,unified_computing_system,1,10.0,10.0
Aplicación,cisco,unified_communications_manager_im_and_presence_service,1,10.0,10.0
Aplicación,cisco,unified_communications_manager_im_\&_presence_service,1,10.0,10.0
Aplicación,citrix,workspace,1,9.8,9.8
Aplicación,citrix,storefront_server,1,7.5,7.5
Hardware,cisco,catalyst_3750g-48ps,1,9.8,9.8
Aplicación,cisco,sd-wan_vsmart_controller,1,7.8,7.8
Aplicación,cisco,prime_infrastructure,1,,
Aplicación,cisco,prime_data_center_network_manager,1,7.5,7.5
Aplicación,cisco,paging_server,1,10.0,10.0
Aplicación,cisco,packaged_contact_center_enterprise,1,10.0,10.0
Aplicación,cisco,video_surveillance_operations_manager,1,10.0,10.0
Aplicación,cisco,video_surveillance_manager,1,10.0,10.0
Aplicación,cisco,video_distribution_suite_for_internet_streaming,1,8.1,8.1
Aplicación,cisco,unity_connection,1,10.0,10.0
Aplicación,cisco,unified_workforce_optimization,1,10.0,10.0
Aplicación,cisco,unified_sip_proxy,1,10.0,10.0
Hardware,cisco,catalyst_3750e-48pd-s,1,9.8,9.8
Aplicación,cisco,unified_intelligence_center,1,10.0,10.0
Aplicación,cisco,unified_customer_voice_portal,1,10.0,10.0
Aplicación,cisco,unified_contact_center_management_portal,1,10.0,10.0
Aplicación,cisco,unified_contact_center_express,1,10.0,10.0
Hardware,cisco,catalyst_3750v2-48ts,1,9.8,9.8
Hardware,cisco,catalyst_3750v2-48ps,1,9.8,9.8
Hardware,cisco,catalyst_3750v2-24ts,1,9.8,9.8
Hardware,cisco,catalyst_3750v2-24ps,1,9.8,9.8
Hardware,cisco,catalyst_3750v2-24fs,1,9.8,9.8
Hardware,cisco,catalyst_3750e-48td-s,1,9.8,9.8
Hardware,cisco,catalyst_3750e-48td-e,1,9.8,9.8
Hardware,cisco,catalyst_3750e-48pd-sf,1,9.8,9.8
Aplicación,cisco,unified_ip_ivr,1,,
Aplicación,colorlib,bonkers,1,9.8,9.8
Aplicación,clickdesk,clickdesk_live_support-live_chat_plugin,1,,
Aplicación,cleantalk,"spam_protection\,_antispam\,_firewall",1,7.5,7.5
Aplicación,ckeditor,ckeditor,1,6.1,6.1
Aplicación,citrix,xenmobile_server,1,7.5,7.5
Aplicación,codologic,codoforum,1,7.2,7.2
Aplicación,codetipi,15zine,1,6.1,6.1
Aplicación,codesnippets,code_snippets,1,6.1,6.1
Aplicación,codemiq,wordpress_email_template_designer,1,8.3,8.3
Aplicación,codeermeneer,companion_sitemap_generator,1,6.1,6.1
Aplicación,codecall,com_ionfiles,1,,
Aplicación,citrix,sharefile_storage_zones_controller,1,9.8,9.8
Aplicación,codeasily,grand_flagallery,1,,
Aplicación,codeasily,gmedia_gallery,1,4.8,4.8
Aplicación,code-garage,com_noticeboard,1,,
Aplicación,code-atlantic,popup_maker,1,9.1,9.1
Aplicación,cobub,razor,1,5.3,5.3
Aplicación,commscope,ruckus_vriot,1,9.8,9.8
Aplicación,commscope,ruckus_iot_controller,1,9.8,9.8
Aplicación,commoninja,videos_sync_pdf,1,7.5,7.5
Aplicación,combodo,itop,1,,
Aplicación,com_janews,com_janews,1,,
Aplicación,com-property,com_properties,1,,
Aplicación,colorlib,sparklinkg,1,9.8,9.8
Aplicación,codeastrology,woo_product_table,1,9.8,9.8
Aplicación,citrix,receiver,1,9.8,9.8
Aplicación,citrix,gateway_plug-in_for_linux,1,6.5,6.5
Aplicación,citrix,gateway,1,6.1,6.1
Aplicación,citrix,application_delivery_controller,1,6.1,6.1
Aplicación,cisco,workload_optimization_manager,1,10.0,10.0
Aplicación,cisco,webex_meetings_server,1,10.0,10.0
Hardware,cisco,catalyst_3750e-24td-e,1,9.8,9.8
Hardware,cisco,catalyst_3750e-24pd-s,1,9.8,9.8
Hardware,cisco,catalyst_3750e-24pd-e,1,9.8,9.8
Aplicación,cisco,wan_automation_engine,1,10.0,10.0
Aplicación,cisco,virtualized_voice_browser,1,10.0,10.0
Aplicación,climaxthemes,kata,1,6.1,6.1
Aplicación,cisco,virtual_topology_system,1,10.0,10.0
Aplicación,cobblerd,cobbler,1,,
Aplicación,cobbler_project,cobbler,1,9.8,9.8
Aplicación,cmstactics,com_beeheardlite,1,,
Aplicación,cmstactics,com_beeheard,1,,
Aplicación,cmsmadesimple,bable\,1,,
Aplicación,cmsimple,cmsimple,1,,
Aplicación,cms_tree_page_view_project,cms_tree_page_view,1,7.1,7.1
Aplicación,cminds,tooltip_glossary,1,,
Aplicación,clustering_project,clustering,1,7.5,7.5
Aplicación,cloudron,cloudron,1,6.1,6.1
Aplicación,cliniccases,cliniccases,1,6.1,6.1
Aplicación,cisco,virtualized_infrastructure_manager,1,10.0,10.0
Aplicación,cisco,cloudcenter_suite,1,10.0,10.0
Aplicación,cisco,cloudcenter_cost_optimizer,1,10.0,10.0
Aplicación,cisco,cloudcenter,1,10.0,10.0
Aplicación,cisco,cloud_connect,1,10.0,10.0
Aplicación,cisco,fog_director,1,10.0,10.0
Aplicación,cisco,finesse,1,10.0,10.0
Aplicación,cisco,enterprise_chat_and_email,1,10.0,10.0
Aplicación,cisco,emergency_responder,1,10.0,10.0
Aplicación,cisco,dna_spaces_connector,1,10.0,10.0
Aplicación,cisco,dna_spaces\,1,10.0,10.0
Aplicación,cisco,dna_spaces,1,10.0,10.0
Aplicación,cisco,secure_access_control_system,1,9.8,9.8
Aplicación,cisco,digital_media_manager,1,8.1,8.1
Aplicación,cisco,data_center_network_manager,1,10.0,10.0
Hardware,cisco,catalyst_4500e_supervisor_engine_8l-e_\(k10\),1,8.6,8.6
Hardware,cisco,catalyst_4500e_supervisor_engine_8-e_\(k10\),1,8.6,8.6
Hardware,cisco,catalyst_4500e_supervisor_engine_8-e,1,9.8,9.8
Hardware,cisco,catalyst_4500_supervisor_ii-plus-10ge,1,9.8,9.8
Hardware,cisco,catalyst_6500_ws-x6380-nam,1,6.5,6.5
Hardware,cisco,catalyst_6500_ws-svc-nam-2,1,6.5,6.5
Hardware,cisco,catalyst_6500_ws-svc-nam-1,1,6.5,6.5
Hardware,cisco,catalyst_4500-x_series_switches_\(k10\),1,8.6,8.6
Hardware,cisco,catalyst_4000_supervisor_engine_v,1,9.8,9.8
Hardware,cisco,catalyst_4000_supervisor_engine_iv,1,9.8,9.8
Aplicación,cisco,dna_center,1,10.0,10.0
Aplicación,caucho,resin,1,7.5,7.5
Aplicación,cisco,catalyst_cg522-e,1,7.8,7.8
Aplicación,cisco,catalyst_cg418-e,1,7.8,7.8
Aplicación,cisco,catalyst_8000v_edge,1,7.8,7.8
Aplicación,cisco,business_process_automation,1,10.0,10.0
Aplicación,cisco,broadworks,1,10.0,10.0
Aplicación,cisco,automated_subsea_tuning,1,10.0,10.0
Aplicación,cisco,advanced_malware_protection_virtual_private_cloud_appliance,1,10.0,10.0
Aplicación,ciprianmp,phpmychat-plus,1,6.1,6.1
Hardware,cisco,catalyst_6000_ws-x6380-nam,1,6.5,6.5
Hardware,cisco,catalyst_6000_ws-svc-nam-2,1,6.5,6.5
Aplicación,cisco,common_services_platform_collector,1,10.0,10.0
Aplicación,church_admin_project,church_admin,1,,
Aplicación,chronoengine,chronoforums,1,5.3,5.3
Aplicación,chris_simon,com_abbrev,1,,
Aplicación,cisco,crosswork_zero_touch_provisioning,1,10.0,10.0
Aplicación,cisco,crosswork_platform_infrastructure,1,10.0,10.0
Aplicación,cisco,crosswork_optimization_engine,1,10.0,10.0
Aplicación,cisco,crosswork_network_controller,1,10.0,10.0
Aplicación,cisco,crosswork_network_automation,1,10.0,10.0
Aplicación,cisco,crosswork_data_gateway,1,10.0,10.0
Aplicación,cisco,contact_center_management_portal,1,10.0,10.0
Aplicación,cisco,contact_center_domain_manager,1,10.0,10.0
Aplicación,cisco,connected_mobile_experiences,1,10.0,10.0
Hardware,cisco,catalyst_6000_ws-svc-nam-1,1,6.5,6.5
Aplicación,cisco,sd-wan_vedge_cloud,1,7.8,7.8
Aplicación,cisco,sd-wan_vbond_orchestrator,1,7.8,7.8
Aplicación,cisco,sd-wan,1,7.8,7.8
Aplicación,cisco,prime_service_catalog,1,10.0,10.0
Aplicación,cisco,cyber_vision_sensor_management_extension,1,10.0,10.0
Aplicación,cisco,cyber_vision,1,10.0,10.0
Aplicación,cisco,customer_experience_cloud_agent,1,10.0,10.0
Aplicación,cisco,optical_network_controller,1,10.0,10.0
Aplicación,cisco,nexus_insights,1,10.0,10.0
Aplicación,cisco,nexus_dashboard,1,10.0,10.0
Aplicación,cisco,network_services_orchestrator,1,10.0,10.0
Hardware,cisco,catalyst_4000_supervisor_engine_i,1,9.8,9.8
Aplicación,cisco,network_level_service,1,,
Aplicación,cisco,network_insights_for_data_center,1,10.0,10.0
Aplicación,cisco,unified_contact_center_enterprise,1,10.0,10.0
Aplicación,cisco,intersight_virtual_appliance,1,10.0,10.0
Aplicación,cisco,integrated_management_controller_supervisor,1,10.0,10.0
Aplicación,cisco,identity_services_engine,1,10.0,10.0
Aplicación,cisco,hosted_collaboration_solution,1,8.1,8.1
Aplicación,cisco,unified_ccx,1,,
Aplicación,cisco,ucs_director,1,10.0,10.0
Aplicación,cisco,ucs_central_software,1,10.0,10.0
Aplicación,cisco,ucs_central,1,10.0,10.0
Aplicación,cisco,smart_phy,1,10.0,10.0
Aplicación,cisco,network_performance_analysis,1,8.1,8.1
Hardware,cisco,catalyst_6000,1,6.5,6.5
Hardware,cisco,catalyst_4948e_ethernet_switch_\(k5\),1,8.6,8.6
Hardware,cisco,catalyst_4948e_ethernet_switch,1,9.8,9.8
Hardware,cisco,catalyst_4948e-f_ethernet_switch,1,9.8,9.8
Hardware,cisco,catalyst_4948e-f,1,7.5,7.5
Hardware,cisco,catalyst_4948e,1,7.5,7.5
Hardware,cisco,catalyst_4948_10_gigabit_ethernet_switch,1,9.8,9.8
Hardware,cisco,catalyst_4948,1,9.8,9.8
Hardware,cisco,catalyst_4928_10_gigabit_ethernet_switch,1,9.8,9.8
Hardware,cisco,catalyst_4900m_switch_\(k5\),1,8.6,8.6
Hardware,cisco,catalyst_4500e_supervisor_engine_9-e_\(k10\),1,8.6,8.6
Aplicación,cisco,network_dashboard_fabric_controller,1,10.0,10.0
Aplicación,cisco,sd-wan_vmanage,1,10.0,10.0
Aplicación,cisco,mobility_services_engine,1,10.0,10.0
Aplicación,cisco,media_experience_engine,1,8.1,8.1
Aplicación,cisco,iot_operations_dashboard,1,10.0,10.0
Hardware,cisco,catalyst_4500_supervisor_engine_v-10ge,1,9.8,9.8
Hardware,cisco,catalyst_4500_supervisor_engine_v,1,9.8,9.8
Hardware,cisco,catalyst_4500_supervisor_engine_iv,1,9.8,9.8
Hardware,cisco,catalyst_4500_supervisor_engine_ii-plus-ts,1,9.8,9.8
Hardware,cisco,catalyst_4500_supervisor_engine_ii-plus,1,9.8,9.8
Hardware,cisco,catalyst_4500_supervisor_engine_7l-e_\(k10\),1,8.6,8.6
Hardware,cisco,catalyst_4500_supervisor_engine_7-e_\(k10\),1,8.6,8.6
Hardware,cisco,catalyst_4500_supervisor_engine_6l-e_\(k10\),1,8.6,8.6
Hardware,cisco,catalyst_4500_supervisor_engine_6-e_\(k5\),1,8.6,8.6
Aplicación,cisco,network_assurance_engine,1,10.0,10.0
Hardware,cisco,asr_920-12sz-im_router,1,9.8,9.8
Hardware,cisco,asr_920-12cz-d_router,1,9.8,9.8
Aplicación,progress,telerik_ui_for_asp.net_ajax,1,9.8,9.8
Aplicación,progress,telerik_reporting,1,,
Aplicación,progress,sitefinity_cms,1,,
Aplicación,progress,sitefinity,1,9.8,9.8
Aplicación,progress,moveit_transfer,1,9.8,9.8
Aplicación,progress,moveit_cloud,1,9.8,9.8
Aplicación,publishpress,capabilities,1,9.8,9.8
Aplicación,public_knowledge_project,open_journal_systems,1,6.1,6.1
Aplicación,ptwooplugins,invoicing_with_invoicexpress_for_woocommerce,1,6.1,6.1
Aplicación,colorlib,shapely,1,9.8,9.8
Aplicación,proxmox,pve_http_server,1,7.1,7.1
Aplicación,proxmox,proxmox_mail_gateway,1,7.1,7.1
Aplicación,querysol,redirection_for_contact_form_7,1,7.5,7.5
Aplicación,quantumcloud,simple_link_directory,1,9.8,9.8
Aplicación,quantumcloud,infographic_maker,1,9.8,9.8
Hardware,cisco,asr_920-10sz-pd_router,1,9.8,9.8
Aplicación,craftcms,craft_cms,1,9.8,9.8
Aplicación,cpothemes,transcend,1,9.8,9.8
Aplicación,cpothemes,brilliance,1,9.8,9.8
Aplicación,cpothemes,allegiant,1,9.8,9.8
Aplicación,cpothemes,affluent,1,9.8,9.8
Aplicación,cpanel,cpanel,1,5.3,5.3
Aplicación,proxmox,virtual_environment,1,7.1,7.1
Hardware,cisco,catalyst_2960-48tc-l,1,9.8,9.8
Hardware,cisco,catalyst_2960-48pst-s,1,9.8,9.8
Hardware,cisco,asr_920-4sz-a_router,1,9.8,9.8
Hardware,cisco,asr_920-24tz-m_router,1,9.8,9.8
Hardware,cisco,catalyst_2960-24pc-l,1,9.8,9.8
Hardware,cisco,catalyst_2960-24lt-l,1,9.8,9.8
Hardware,cisco,catalyst_2960-24lc-s,1,9.8,9.8
Hardware,cisco,catalyst_2960-24-s,1,9.8,9.8
Hardware,cisco,catalyst_2928-24tc-c,1,9.8,9.8
Hardware,cisco,catalyst_2918-48tt-c,1,9.8,9.8
Hardware,cisco,catalyst_2918-48tc-c,1,9.8,9.8
Hardware,cisco,asr_920-24sz-im_router,1,9.8,9.8
Hardware,cisco,catalyst_2918-24tc-c,1,9.8,9.8
Aplicación,processwire,processwire,1,7.5,7.5
Aplicación,pritunl,pritunl,1,5.3,5.3
Aplicación,prismaindustriale,checkweigher_prismaweb,1,,
Aplicación,primetek,primefaces,1,9.8,9.8
Aplicación,pretty_url_project,pretty_url,1,4.8,4.8
Aplicación,prestashop,productcomments,1,6.8,6.8
Aplicación,purchase_order_management_system_project,purchase_order_management_system,1,6.3,6.3
Aplicación,purchase_order_management_project,purchase_order_management,1,6.1,6.1
Hardware,cisco,asr_920-12cz-a_router,1,9.8,9.8
Hardware,cisco,asr_920-4sz-d_router,1,9.8,9.8
Hardware,cisco,asr_920-24sz-m_router,1,9.8,9.8
Hardware,cisco,catalyst_2918-24tt-c,1,9.8,9.8
Aplicación,purethemes,findeo,1,6.1,6.1
Aplicación,pureftpd,pureftpd,1,,
Aplicación,readtomyshoe_project,readtomyshoe,1,7.4,7.4
Aplicación,rcos,submitty,1,6.1,6.1
Aplicación,rbaskets,request_baskets,1,6.5,6.5
Aplicación,cybernetikz,easy_social_icons,1,6.1,6.1
Aplicación,cybercompany,swipehq-payment-gateway-woocommerce,1,6.1,6.1
Aplicación,cvat,computer_vision_annotation_tool,1,9.0,9.0
Aplicación,cutesoft,cute_editor,1,6.1,6.1
Aplicación,count_per_day_project,count_per_day,1,,
Aplicación,couchcms,couch,1,,
Aplicación,cozmoslabs,user_profile_picture,1,7.5,7.5
Aplicación,czepol,wp-planet,1,6.1,6.1
Aplicación,cybrotech,cybrohttpserver,1,,
Aplicación,qnap,hybrid_backup_sync,1,10.0,10.0
Aplicación,qnap,helpdesk,1,7.3,7.3
Aplicación,qiwi,woo-qiwi-payment-gateway,1,6.1,6.1
Aplicación,qcubed,qcubed,1,6.1,6.1
Hardware,cisco,891w_integrated_services_router,1,6.5,6.5
Hardware,cisco,891_integrated_services_router,1,6.5,6.5
Hardware,cisco,891-24x_integrated_services_router,1,6.5,6.5
Hardware,cisco,888w_integrated_services_router,1,6.5,6.5
Hardware,cisco,888eg_3g_integrated_services_router,1,6.5,6.5
Hardware,cisco,888e_integrated_services_router,1,6.5,6.5
Aplicación,cory_lamle,duplicator,1,,
Hardware,cisco,asr_1000_series_route_processor_\(rp3\),1,8.6,8.6
Hardware,cisco,asr_1000_series_route_processor_\(rp2\),1,8.6,8.6
Aplicación,puppet,puppetdb,1,7.5,7.5
Aplicación,puppet,puppet_server,1,7.5,7.5
Aplicación,puppet,puppet_enterprise,1,7.5,7.5
Aplicación,pulsesecure,pulse_connect_secure,1,7.2,7.2
Aplicación,pucit.edu,com_onlineexam,1,,
Aplicación,cththemes,townhub,1,6.1,6.1
Aplicación,cththemes,easybook,1,6.1,6.1
Aplicación,cththemes,citybook,1,6.1,6.1
Hardware,cisco,892w_integrated_services_router,1,6.5,6.5
Hardware,cisco,892f-cube_integrated_services_router,1,6.5,6.5
Aplicación,purethemes,realteo,1,6.1,6.1
Hardware,cisco,asr_1002_fixed_router,1,7.5,7.5
Aplicación,competethemes,drop,1,6.1,6.1
Aplicación,comodo,unified_threat_management_firewall,1,9.8,9.8
Aplicación,commvault,commcell,1,7.5,7.5
Aplicación,communilink,clink_office,1,6.1,6.1
Aplicación,crmperks,contact_form_entries,1,6.1,6.1
Aplicación,creativeitem,academy_learning_management_system,1,6.1,6.1
Aplicación,creative-solutions,creative_contact_form,1,9.8,9.8
Aplicación,qantumthemes,onair2,1,9.8,9.8
Aplicación,qantumthemes,kentharadio,1,9.8,9.8
Aplicación,python,pypiserver,1,,
Aplicación,pyload,pyload,1,9.8,9.8
Hardware,cisco,asr_1000_,1,6.5,6.5
Hardware,cisco,catalyst_3560cx-8tc-s,1,9.8,9.8
Hardware,cisco,catalyst_3560v2-48ts,1,9.8,9.8
Hardware,cisco,catalyst_3560v2-48ps,1,9.8,9.8
Hardware,cisco,catalyst_3560v2-24ts,1,9.8,9.8
Hardware,cisco,catalyst_3560v2-24ps,1,9.8,9.8
Hardware,cisco,catalyst_3560-48ts,1,9.8,9.8
Hardware,cisco,catalyst_3560-48ps,1,9.8,9.8
Hardware,cisco,catalyst_3560-24ts,1,9.8,9.8
Hardware,cisco,catalyst_3560-24ps,1,9.8,9.8
Hardware,cisco,catalyst_3560-12pc-s,1,9.8,9.8
Hardware,cisco,catalyst_3560e-48td-s,1,9.8,9.8
Hardware,cisco,catalyst_2960-48tc-s,1,9.8,9.8
Hardware,cisco,catalyst_3560e-48pd-sf,1,9.8,9.8
Hardware,cisco,catalyst_3560e-48pd-s,1,9.8,9.8
Hardware,cisco,catalyst_3560e-48pd-ef,1,9.8,9.8
Hardware,cisco,catalyst_3560e-48pd-e,1,9.8,9.8
Hardware,cisco,catalyst_3560e-24td-s,1,9.8,9.8
Hardware,cisco,catalyst_3560e-24td-e,1,9.8,9.8
Hardware,cisco,catalyst_3560e-24pd-s,1,9.8,9.8
Hardware,cisco,catalyst_3560e-24pd-e,1,9.8,9.8
Hardware,cisco,catalyst_3560e-12sd-s,1,9.8,9.8
Hardware,cisco,catalyst_2970g-24t,1,9.8,9.8
Hardware,cisco,catalyst_2960xr-48ts-l,1,9.8,9.8
Hardware,cisco,catalyst_2960xr-48td-l,1,9.8,9.8
Hardware,cisco,catalyst_3560e-48td-e,1,9.8,9.8
Aplicación,colorlib,pixova_lite,1,9.8,9.8
Aplicación,colorlib,newspaper_x,1,9.8,9.8
Aplicación,colorlib,illdy,1,9.8,9.8
Aplicación,college_management_system_project,college_management_system,1,8.8,8.8
Aplicación,collect_and_deliver_interface_for_woocommerce_project,collect_and_deliver_interface_for_woocommerce,1,6.1,6.1
Aplicación,cofax,cofax,1,,
Aplicación,corejoomla,com_communitypolls,1,,
Aplicación,cookieinformation,wp-gdpr-compliance,1,6.1,6.1
Aplicación,cookex,com_ckforms,1,,
Aplicación,contest_gallery,contest_gallery,1,9.8,9.8
Aplicación,contentful,python_example,1,6.1,6.1
Hardware,cisco,catalyst_3560cx-8xpd-s,1,9.8,9.8
Aplicación,contao,contao,1,7.2,7.2
Aplicación,contact_form_7_captcha_project,contact_form_7_captcha,1,6.1,6.1
Aplicación,connectwise,manageditsync,1,9.8,9.8
Hardware,cisco,catalyst_3560v2-24dc,1,9.8,9.8
Hardware,cisco,catalyst_3560g-48ts,1,9.8,9.8
Hardware,cisco,catalyst_3560g-48ps,1,9.8,9.8
Hardware,cisco,catalyst_3560g-24ts,1,9.8,9.8
Hardware,cisco,catalyst_3560g-24ps,1,9.8,9.8
Aplicación,colorlib,activello,1,9.8,9.8
Hardware,cisco,catalyst_3560e-12sd-e,1,9.8,9.8
Hardware,cisco,catalyst_3560e-12d-s,1,9.8,9.8
Hardware,cisco,catalyst_3560e-12d-e,1,9.8,9.8
Aplicación,contempothemes,real_estate_7,1,6.1,6.1
Hardware,cisco,catalyst_2960l-24pq-ll,1,6.3,6.3
Hardware,cisco,catalyst_2960g-8tc-l,1,9.8,9.8
Hardware,cisco,catalyst_2960g-48tc-l,1,9.8,9.8
Hardware,cisco,catalyst_2960pd-8tt-l,1,9.8,9.8
Hardware,cisco,catalyst_2960l-48tq-ll,1,6.3,6.3
Hardware,cisco,catalyst_2960l-48pq-ll,1,6.3,6.3
Hardware,cisco,catalyst_2960l-24tq-ll,1,6.3,6.3
Hardware,cisco,catalyst_2960-48pst-l,1,9.8,9.8
Hardware,cisco,catalyst_2960-24tt-l,1,9.8,9.8
Hardware,cisco,catalyst_2960-24tc-s,1,9.8,9.8
Hardware,cisco,catalyst_2960-24tc-l,1,9.8,9.8
Hardware,cisco,catalyst_3560cx-8pt-s,1,9.8,9.8
Hardware,cisco,catalyst_2960g-24tc-l,1,9.8,9.8
Hardware,cisco,catalyst_2960cx-8tc-l,1,9.8,9.8
Hardware,cisco,catalyst_2960cx-8pc-l,1,9.8,9.8
Hardware,cisco,catalyst_2360-48td-s,1,9.8,9.8
Hardware,cisco,catalyst_2350-48td-sd,1,9.8,9.8
Hardware,cisco,catalyst_2350-48td-s,1,9.8,9.8
Hardware,cisco,c6800-16p10g-xl,1,6.5,6.5
Hardware,cisco,c6800-16p10g,1,6.5,6.5
Hardware,cisco,catalyst_2960-8tc-s,1,9.8,9.8
Hardware,cisco,catalyst_2960-8tc-l,1,9.8,9.8
Hardware,cisco,catalyst_2960-48tt-s,1,9.8,9.8
Hardware,cisco,catalyst_2960-48tt-l,1,9.8,9.8
Hardware,cisco,catalyst_2960-24pc-s,1,9.8,9.8
Hardware,cisco,catalyst_3560cx-8pc-s,1,9.8,9.8
Hardware,cisco,catalyst_3560cx-12tc-s,1,9.8,9.8
Hardware,cisco,catalyst_3560cx-12pd-s,1,9.8,9.8
Hardware,cisco,catalyst_3560cx-12pc-s,1,9.8,9.8
Hardware,cisco,catalyst_3560-8pc,1,9.8,9.8
Hardware,cisco,catalyst_2960xr-24ps-l,1,9.8,9.8
Hardware,cisco,catalyst_2960xr-24pd-l,1,9.8,9.8
Hardware,cisco,catalyst_3550_48_smi,1,9.8,9.8
Hardware,cisco,catalyst_3550_48_emi,1,9.8,9.8
Hardware,cisco,catalyst_3550_24_smi,1,9.8,9.8
Hardware,cisco,catalyst_3550_24_pwr,1,9.8,9.8
Hardware,cisco,catalyst_3550_24_fx_smi,1,9.8,9.8
Hardware,cisco,catalyst_2960x-24psq-l_cool,1,7.5,7.5
Hardware,cisco,catalyst_3550_24_dc_smi,1,9.8,9.8
Hardware,cisco,catalyst_3550_12t,1,9.8,9.8
Hardware,cisco,catalyst_3550_12g,1,9.8,9.8
Hardware,cisco,catalyst_2975,1,9.8,9.8
Hardware,cisco,catalyst_2970g-24ts,1,9.8,9.8
Hardware,cisco,catalyst_2960x-24psq-l,1,9.8,9.8
Hardware,cisco,catalyst_2960xr-48lps-l,1,9.8,9.8
Hardware,cisco,catalyst_2960xr-48lpd-l,1,9.8,9.8
Hardware,cisco,catalyst_2960xr-48fps-l,1,9.8,9.8
Hardware,cisco,catalyst_2960xr-48fpd-l,1,9.8,9.8
Hardware,cisco,catalyst_2960xr-24ts-l,1,9.8,9.8
Hardware,cisco,catalyst_2960xr-24td-l,1,9.8,9.8
Hardware,cisco,catalyst_3550_24_emi,1,9.8,9.8
Hardware,cisco,sf302-08mpp,1,,
Hardware,cisco,sf302-08mp,1,,
Hardware,cisco,sf302-08,1,,
Hardware,cisco,sf300-48pp,1,,
Hardware,cisco,sf300-48p,1,,
Hardware,cisco,sf300-48,1,,
Aplicación,pluginops,landing_page,1,5.4,5.4
Aplicación,pluginbazaar,order_listener_for_woocommerce,1,9.8,9.8
Aplicación,plugin-planet,simple_ajax_chat,1,5.3,5.3
Aplicación,plugin-planet,prismatic,1,6.1,6.1
Aplicación,plex,media_server,1,7.2,7.2
Aplicación,cdata,arc,1,7.5,7.5
Aplicación,planonsoftware,planon,1,,
Aplicación,plainviewplugins,mycryptocheckout,1,6.1,6.1
Aplicación,prestashop,poststaticfooter,1,9.8,9.8
Aplicación,prestashop,possearchproducts,1,9.8,9.8
Hardware,cisco,rv016_multi-wan_vpn,1,8.8,8.8
Hardware,cisco,rv016,1,6.5,6.5
Hardware,cisco,rf_gateway_10,1,9.8,9.8
Hardware,cisco,sf200-48p,1,,
Hardware,cisco,rv130w,1,5.3,5.3
Hardware,cisco,rv110w,1,5.3,5.3
Hardware,cisco,rv082_dual_wan_vpn,1,8.8,8.8
Hardware,cisco,rv082,1,6.5,6.5
Aplicación,playsms,playsms,1,9.8,9.8
Hardware,cisco,sf300-24p,1,,
Hardware,cisco,sf300-24mp,1,,
Hardware,cisco,sf300-24,1,,
Hardware,cisco,sf300-08,1,,
Hardware,cisco,sg300-10pp,1,,
Hardware,cisco,sg300-10p,1,,
Hardware,cisco,sg300-10mpp,1,,
Hardware,cisco,sg300-10mp,1,,
Hardware,cisco,sg300-10,1,,
Hardware,cisco,sg200-50p,1,,
Hardware,cisco,sg200-50fp,1,,
Hardware,cisco,sf302-08p,1,,
Hardware,cisco,sg200-26p,1,,
Hardware,cisco,sg200-26fp,1,,
Hardware,cisco,sg200-26,1,,
Hardware,cisco,sf200-48,1,,
Hardware,cisco,sf200-24p,1,,
Hardware,cisco,sf200-24fp,1,,
Hardware,cisco,sf200-24,1,,
Hardware,cisco,rv215w,1,5.3,5.3
Hardware,cisco,sf500-48,1,,
Hardware,cisco,sf500-24p,1,,
Hardware,cisco,sf500-24,1,,
Hardware,cisco,sf302-08pp,1,,
Hardware,cisco,sg200-50,1,,
Hardware,cisco,ncs_540-28z4c-sys-a,1,8.8,8.8
Hardware,cisco,ncs_540-24z8q2c-sys,1,8.8,8.8
Hardware,cisco,ncs_540-12z20g-sys-d,1,8.8,8.8
Hardware,cisco,ip_phone_7861,1,9.8,9.8
Hardware,cisco,ip_phone_7841,1,9.8,9.8
Hardware,cisco,ncs_520,1,8.6,8.6
Hardware,cisco,ncs_5011,1,8.6,8.6
Hardware,cisco,ncs_1004,1,6.5,6.5
Hardware,cisco,ncs_1002,1,6.5,6.5
Hardware,cisco,ncs_1001,1,6.5,6.5
Hardware,cisco,ncs-55a2-mod-se-s,1,6.5,6.5
Hardware,cisco,rv042g_dual_gigabit_wan_vpn,1,8.8,8.8
Hardware,cisco,ncs-55a2-mod-s,1,6.5,6.5
Hardware,cisco,ncs-55a2-mod-hx-s,1,6.5,6.5
Hardware,cisco,ncs-55a2-mod-hd-s,1,6.5,6.5
Hardware,cisco,ncs-55a1-36h-se-s,1,6.5,6.5
Hardware,cisco,ncs-55a1-36h-se,1,6.5,6.5
Hardware,cisco,industrial_ethernet_2000_4ts-g-b_switch,1,7.5,7.5
Hardware,cisco,industrial_ethernet_2000_4ts-b_switch,1,7.5,7.5
Hardware,cisco,ncs-55a1-24h,1,6.5,6.5
Hardware,cisco,me_4924-10ge,1,9.8,9.8
Hardware,cisco,me_3800x-24fs-m,1,7.5,7.5
Hardware,cisco,me_3600x-24ts-m,1,7.5,7.5
Hardware,cisco,me_3600x-24fs-m,1,7.5,7.5
Hardware,cisco,ncs-55a2-mod-se-h-s,1,6.5,6.5
Hardware,cisco,rv042g,1,6.5,6.5
Hardware,cisco,rv042_dual_wan_vpn,1,8.8,8.8
Hardware,cisco,rv042,1,6.5,6.5
Aplicación,podcast_channels_project,podcast_channels,1,6.1,6.1
Aplicación,pluginus,woot,1,6.1,6.1
Aplicación,pluginus,woocs,1,6.1,6.1
Aplicación,pluginus,woocommerce_products_filter,1,6.1,6.1
Aplicación,pluginus,inpost_gallery,1,9.8,9.8
Hardware,cisco,ncs_540-12z20g-sys-a,1,8.8,8.8
Hardware,cisco,ncs_540,1,8.6,8.6
Hardware,cisco,network_convergence_system_520,1,5.9,5.9
Hardware,cisco,ncs_540-28z4c-sys-d,1,8.8,8.8
Hardware,cisco,ncs_55a2,1,6.5,6.5
Hardware,cisco,ncs_55a1,1,6.5,6.5
Hardware,cisco,ncs_5504,1,6.5,6.5
Hardware,cisco,ncs-55a1-36h-s,1,6.5,6.5
Hardware,cisco,ncs-55a1-24q6h-s,1,6.5,6.5
Hardware,cisco,ncs_540x-acc-sys,1,8.8,8.8
Hardware,cisco,ncs_540x-16z4g8q2c-d,1,8.8,8.8
Hardware,cisco,ncs_540x-16z4g8q2c-a,1,8.8,8.8
Hardware,cisco,ncs_540x-12z16g-sys-d,1,8.8,8.8
Hardware,cisco,ncs_540x-12z16g-sys-a,1,8.8,8.8
Hardware,cisco,ncs_540l,1,8.8,8.8
Hardware,cisco,ncs_540-acc-sys,1,8.8,8.8
Hardware,cisco,ncs_6000,1,8.8,8.8
Hardware,dell,g3_3500,1,8.8,8.8
Hardware,dell,g15_5510,1,8.8,8.8
Hardware,dell,embedded_box_pc_5000,1,8.8,8.8
Hardware,dahuasecurity,tpc-sd2221,1,9.8,9.8
Hardware,dahuasecurity,tpc-pt8x21b,1,9.8,9.8
Hardware,dahuasecurity,tpc-bf5x21,1,9.8,9.8
Hardware,dahuasecurity,tpc-bf5x01,1,9.8,9.8
Hardware,dahuasecurity,tpc-bf2221,1,9.8,9.8
Hardware,dahuasecurity,tpc-bf1241,1,9.8,9.8
Hardware,dahuasecurity,sd6al,1,9.8,9.8
Hardware,dahuasecurity,sd52c,1,9.8,9.8
Hardware,cisco,sf300-24pp,1,,
Hardware,dahuasecurity,sd49,1,9.8,9.8
Hardware,dahuasecurity,sd22,1,9.8,9.8
Hardware,dahuasecurity,sd1a1,1,9.8,9.8
Hardware,dell,alienware_m15_r4,1,8.8,8.8
Hardware,dell,alienware_m14xr2,1,8.8,8.8
Hardware,dell,alienware_asm100r2,1,8.8,8.8
Hardware,dell,alienware_asm100,1,8.8,8.8
Hardware,dahuasecurity,nvr-1xxx,1,9.8,9.8
Hardware,dahuasecurity,dhi-hcvr58a32s-s2,1,,
Hardware,dahuasecurity,dhi-hcvr51a08he-s3,1,,
Hardware,dahuasecurity,dhi-hcvr51a04he-s3,1,,
Hardware,dahuasecurity,dh-sd6cxx,1,,
Hardware,dahuasecurity,sd50,1,9.8,9.8
Hardware,dell,chengming_3990,1,8.8,8.8
Hardware,dell,chengming_3988,1,8.8,8.8
Hardware,dell,chengming_3980,1,8.8,8.8
Hardware,dell,chengming_3977,1,8.8,8.8
Hardware,dell,chengming_3967,1,8.8,8.8
Hardware,dell,cheng_ming_3967,1,8.8,8.8
Hardware,dell,canvas_27,1,8.8,8.8
Hardware,dell,alienware_m18xr2,1,8.8,8.8
Hardware,dell,alienware_m17xr4,1,8.8,8.8
Hardware,dell,inspiron_13_5370,1,8.8,8.8
Hardware,dell,inspiron_1210,1,8.8,8.8
Hardware,dell,g3_3579,1,8.8,8.8
Hardware,dell,inspiron_11-3162,1,8.8,8.8
Hardware,dell,alienware_area_51,1,8.8,8.8
Hardware,dell,alienware_17_51m_r2,1,8.8,8.8
Hardware,dell,alienware_14,1,8.8,8.8
Hardware,dcnglobal,dcbi-netlog-lab,1,9.8,9.8
Hardware,dahuasecurity,xvr-7x32,1,9.8,9.8
Hardware,dahuasecurity,xvr-7x16,1,9.8,9.8
Hardware,dahuasecurity,xvr-5x16,1,9.8,9.8
Hardware,dahuasecurity,xvr-5x08,1,9.8,9.8
Hardware,dahuasecurity,xvr-5x04,1,9.8,9.8
Hardware,dahuasecurity,xvr-4x08,1,9.8,9.8
Hardware,dahuasecurity,xvr-4x04,1,9.8,9.8
Hardware,dell,inspiron_1122,1,8.8,8.8
Hardware,cisco,unified_ip_conference_station_7937g,1,7.5,7.5
Hardware,cisco,sm-x_layer_2\/3_etherswitch_service_module,1,9.8,9.8
Hardware,cisco,sg500xg-8f8t,1,,
Hardware,cisco,sg500x-48p,1,,
Hardware,cisco,sg500x-48,1,,
Hardware,cisco,sg500x-24p,1,,
Hardware,dahuasecurity,dh-ipc-hdw4xxx,1,,
Hardware,dahuasecurity,dh-ipc-hdw2xxx,1,,
Hardware,cisco,sg200-18,1,,
Hardware,cisco,sg200-10fp,1,,
Hardware,cisco,sg200-08p,1,,
Hardware,dahuasecurity,dh-nvr1xxx,1,,
Hardware,cisco,sf500-48p,1,,
Hardware,cisco,sg500x-24,1,,
Hardware,cisco,sg500-52p,1,,
Hardware,cisco,sg500-52mp,1,,
Hardware,cisco,sg500-52,1,,
Hardware,cisco,sg500-28p,1,,
Hardware,cisco,sg500-28mpp,1,,
Hardware,cisco,sg500-28,1,,
Hardware,cisco,sg300-52p,1,,
Hardware,cisco,sg300-52mp,1,,
Hardware,cisco,sg300-52,1,,
Hardware,cisco,sg300-28pp,1,,
Hardware,cisco,sg200-08,1,,
Hardware,dahuasecurity,dh-ipc-hfw4xxx,1,,
Hardware,dahuasecurity,dh-ipc-hfw2xxx,1,,
Hardware,dahuasecurity,dh-ipc-hfw1xxx,1,,
Hardware,dahuasecurity,tpc-sd8x21,1,9.8,9.8
Hardware,dahuasecurity,dh-ipc-hdw1xxx,1,,
Hardware,dahuasecurity,dh-ipc-hdbw23a0rn-zs,1,,
Hardware,dahuasecurity,dh-ipc-hdbw13a0sn,1,,
Hardware,dahuasecurity,dh-hcvr5xxx,1,,
Hardware,dahuasecurity,ddh-hcvr4xxx,1,,
Hardware,cyberoamworks,netgenie_c0101b1-20141120-ng11vo,1,6.1,6.1
Hardware,crestron,hd-md4x2-4k-e,1,9.8,9.8
Hardware,crestron,am-101,1,9.8,9.8
Hardware,cisco,unified_ip_interactive_voice_response,1,,
Hardware,commscope,ruckus_iot_module,1,9.8,9.8
Hardware,dahuasecurity,nvr-6xx,1,9.8,9.8
Hardware,dahuasecurity,nvr-5xxx,1,9.8,9.8
Hardware,dahuasecurity,nvr-4xxx,1,9.8,9.8
Hardware,dahuasecurity,nvr-2xxx,1,9.8,9.8
Hardware,cisco,sg300-28p,1,,
Hardware,cisco,sg300-28mp,1,,
Hardware,cisco,sg300-28,1,,
Hardware,cisco,sg300-20,1,,
Hardware,cisco,sg300-10sfp,1,,
Hardware,cisco,xrv_9000,1,8.8,8.8
Hardware,cisco,wvc54gca,1,,
Hardware,crestron,am-100,1,9.8,9.8
Hardware,cisco,firepower_4115,1,10.0,10.0
Hardware,cisco,firepower_4112,1,10.0,10.0
Hardware,cisco,firepower_4110,1,10.0,10.0
Hardware,cisco,firepower_2140,1,10.0,10.0
Hardware,cisco,crs-1_line_card_chassis_\(multi\),1,8.6,8.6
Hardware,cisco,crs-1_line_card_chassis_\(dual\),1,8.6,8.6
Hardware,cisco,crs-1_fabric_card_chassis,1,8.6,8.6
Hardware,cisco,crs-1_8-slot_single-shelf_system,1,8.6,8.6
Hardware,cisco,crs-1_8-slot_line_card_chassis,1,8.6,8.6
Hardware,cisco,crs-1_4-slot_single-shelf_system,1,8.6,8.6
Hardware,cisco,crs-1_16-slot_single-shelf_system,1,8.6,8.6
Hardware,cisco,me_3600x-24cx-m,1,7.5,7.5
Hardware,cisco,crs,1,8.6,8.6
Hardware,cisco,cbr8_converged_broadband_router,1,7.5,7.5
Hardware,cisco,cbr-8_converged_broadband_router,1,7.5,7.5
Hardware,cisco,catalyst_switch_module_3110x,1,9.8,9.8
Aplicación,camptocamp,terraboard,1,8.8,8.8
Aplicación,calmar-webmedia,total_donations,1,,
Hardware,cisco,catalyst_switch_module_3110,1,9.8,9.8
Hardware,cisco,catalyst_switch_module_3012,1,9.8,9.8
Hardware,cisco,catalyst_digital_building_series_switches-8u,1,6.3,6.3
Hardware,cisco,catalyst_digital_building_series_switches-8p,1,6.3,6.3
Hardware,cisco,catalyst_c2928-48tc-c,1,9.8,9.8
Hardware,cisco,catalyst_c2928-24lt-c,1,9.8,9.8
Hardware,cisco,crs-1_16-slot_line_card_chassis,1,8.6,8.6
Hardware,cisco,ie-4000-4gc4gp4g-e_industrial_ethernet_switch,1,9.8,9.8
Hardware,cisco,ie-4000-16t4g-e_industrial_ethernet_switch,1,9.8,9.8
Hardware,cisco,ie-4000-16gt4g-e_industrial_ethernet_switch,1,9.8,9.8
Hardware,cisco,firepower_2130,1,10.0,10.0
Hardware,cisco,firepower_2120,1,10.0,10.0
Hardware,cisco,firepower_2110,1,10.0,10.0
Hardware,cisco,firepower_1150,1,10.0,10.0
Hardware,cisco,firepower_1140,1,10.0,10.0
Hardware,cisco,firepower_1120,1,10.0,10.0
Hardware,cisco,firepower_1010,1,10.0,10.0
Hardware,cisco,enhanced_layer_2_etherswitch_service_module,1,9.8,9.8
Hardware,cisco,crs-3_8-slot_single-shelf_system,1,8.6,8.6
Hardware,cisco,ie-3010-16s-8pc,1,7.5,7.5
Hardware,cisco,gigabit_ethernet_switch_module_\(cgesm\),1,9.8,9.8
Hardware,cisco,firewall_services_module,1,7.8,7.8
Hardware,cisco,firepower_9300,1,10.0,10.0
Hardware,cisco,firepower_4150,1,10.0,10.0
Hardware,cisco,firepower_4145,1,10.0,10.0
Hardware,cisco,crs_performance_route_processor,1,8.6,8.6
Hardware,cisco,crs-x_multishelf_system,1,8.6,8.6
Hardware,cisco,crs-x_16-slot_single-shelf_system,1,8.6,8.6
Hardware,cisco,crs-8\/scrs,1,8.6,8.6
Hardware,cisco,crs-8\/s-b_crs,1,8.6,8.6
Hardware,cisco,crs-3_multishelf_system,1,8.6,8.6
Hardware,cisco,enhanced_layer_2\/3_etherswitch_service_module,1,9.8,9.8
Aplicación,prometheus,prometheus,1,6.5,6.5
Aplicación,prometheus,blackbox_exporter,1,5.8,5.8
Aplicación,cerber,"wp_cerber_security\,_anti-spam_\&_malware_scan",1,6.1,6.1
Aplicación,cellinx,nvt_web_server,1,7.5,7.5
Hardware,cisco,catalyst_blade_switch_3030,1,9.8,9.8
Hardware,cisco,catalyst_blade_switch_3020,1,9.8,9.8
Aplicación,calderaforms,caldera_forms,1,6.1,6.1
Aplicación,caddyserver,caddy,1,6.1,6.1
Aplicación,bumsys_project,bumsys,1,6.1,6.1
Aplicación,chimpgroup,foodbakery,1,6.1,6.1
Aplicación,chillcreations,com_ccnewsletter,1,5.8,5.8
Hardware,cisco,catalyst_blade_switch_3130,1,9.8,9.8
Aplicación,checklist,checklist,1,6.1,6.1
Aplicación,checkbox,survey,1,9.8,9.8
Aplicación,chachethq,cachet,1,8.1,8.1
Aplicación,cgit_project,cgit,1,,
Aplicación,cf7skins,contact_form_7_skins,1,6.1,6.1
Aplicación,prestashop,blockwishlist,1,8.1,8.1
Aplicación,prestahome,blog,1,7.5,7.5
Aplicación,presstigers,simple_board_job,1,7.7,7.7
Aplicación,cisco,cloudcenter_workload_manager,1,10.0,10.0
Aplicación,cisco,cloudcenter_suite_admin,1,10.0,10.0
Aplicación,cefsharp,cefsharp,1,8.8,8.8
Aplicación,cedargate,ez-net_portal,1,6.1,6.1
Aplicación,cherokee,cherokee_httpd,1,,
Hardware,cisco,catalyst_blade_switch_3120x,1,9.8,9.8
Hardware,cisco,catalyst_blade_switch_3120,1,9.8,9.8
Hardware,cisco,catalyst_blade_switch_3040,1,9.8,9.8
Hardware,cisco,catalyst_blade_switch_3032,1,9.8,9.8
Hardware,cisco,crs-3_4-slot_single-shelf_system,1,8.6,8.6
Hardware,cisco,crs-3_16-slot_single-shelf_system,1,8.6,8.6
Hardware,cisco,crs-1_multishelf_system,1,8.6,8.6
Aplicación,boostifythemes,goto,1,6.1,6.1
Aplicación,booking_project,booking,1,,
Aplicación,bonitasoft,bonita_web,1,9.8,9.8
Aplicación,bonitasoft,bonita_bpm_portal,1,,
Aplicación,catchplugins,catch_breadcrumb,1,6.1,6.1
Aplicación,pondol-formmail_project,pondol-formmail,1,,
Aplicación,cars-seller-auto-classifieds-script_project,cars-seller-auto-classifieds-script,1,9.8,9.8
Aplicación,carel,pcoweb_hvac_bacnet_gateway,1,7.5,7.5
Aplicación,carel,applica,1,7.5,7.5
Aplicación,candidate-application-form_project,candidate-application-form,1,,
Aplicación,camtron,cmnc-200_firmware,1,,
Aplicación,presspage,bestbooks,1,9.8,9.8
Aplicación,premio,mystickyelements,1,5.4,5.4
Aplicación,premio,chaty_pro,1,6.1,6.1
Aplicación,premio,chaty,1,6.1,6.1
Aplicación,ppfeufer,2-click-social-media-buttons,1,,
Aplicación,powerdns,authoritative_server,1,7.5,7.5
Aplicación,postgresql,postgresql,1,,
Aplicación,casbin,casdoor,1,7.5,7.5
Hardware,cisco,ie_2000-8t67p,1,7.5,7.5
Hardware,cisco,ie_2000-8t67_industrial_ethernet_switch,1,9.8,9.8
Hardware,cisco,industrial_ethernet_2000_4t-l_switch,1,7.5,7.5
Hardware,cisco,industrial_ethernet_2000_4t-g-l_switch,1,7.5,7.5
Hardware,cisco,industrial_ethernet_2000_4t-g-b_switch,1,7.5,7.5
Hardware,cisco,industrial_ethernet_2000_4t-b_switch,1,7.5,7.5
Hardware,cisco,industrial_ethernet_2000_4s-ts-g-l_switch,1,7.5,7.5
Hardware,cisco,industrial_ethernet_2000_4s-ts-g-b_switch,1,7.5,7.5
Hardware,cisco,industrial_ethernet_2000_24t67-b_switch,1,7.5,7.5
Hardware,cisco,industrial_ethernet_2000_16tc-l_switch,1,7.5,7.5
Hardware,cisco,industrial_ethernet_2000_16tc-g-x_switch,1,7.5,7.5
Hardware,cisco,ie-4000-4gs8gp4g-e_industrial_ethernet_switch,1,9.8,9.8
Hardware,cisco,industrial_ethernet_2000_16tc-g-l_switch,1,7.5,7.5
Hardware,cisco,industrial_ethernet_2000_16tc-g-e_switch,1,7.5,7.5
Hardware,cisco,industrial_ethernet_2000_16t67p-g-e_switch,1,7.5,7.5
Hardware,cisco,ie_2000-16tc_industrial_ethernet_switch,1,9.8,9.8
Hardware,cisco,ie_2000-16tc-g_industrial_ethernet_switch,1,9.8,9.8
Hardware,cisco,ie_2000-16tc-g-x_industrial_ethernet_switch,1,9.8,9.8
Hardware,cisco,industrial_ethernet_2000_16ptc-g-e_switch,1,7.5,7.5
Hardware,cisco,ie_3000-8tc_industrial_ethernet_switch,1,9.8,9.8
Hardware,cisco,ie_3000-8tc,1,7.5,7.5
Hardware,cisco,ie_3000-4tc_industrial_ethernet_switch,1,9.8,9.8
Hardware,cisco,ie_3000-4tc,1,7.5,7.5
Hardware,cisco,ie_2000-8tc_industrial_ethernet_switch,1,9.8,9.8
Hardware,cisco,industrial_ethernet_2000_16tc-g-n_switch,1,7.5,7.5
Hardware,cisco,ip_phone_8865,1,9.8,9.8
Hardware,cisco,ip_phone_8861,1,9.8,9.8
Hardware,cisco,ip_phone_8851,1,9.8,9.8
Hardware,cisco,ip_phone_8845,1,9.8,9.8
Hardware,cisco,ip_phone_8841,1,9.8,9.8
Hardware,cisco,ip_phone_8821-ex,1,9.8,9.8
Hardware,cisco,ip_phone_8821,1,9.8,9.8
Hardware,cisco,ip_phone_8811,1,9.8,9.8
Hardware,cisco,industrial_ethernet_2000_16t67-b_switch,1,7.5,7.5
Hardware,cisco,industrial_ethernet_2000_16ptc-g-nx_switch,1,7.5,7.5
Hardware,cisco,industrial_ethernet_2000_16ptc-g-l_switch,1,7.5,7.5
Hardware,cisco,ie_2000-8t67p_industrial_ethernet_switch,1,9.8,9.8
Hardware,cisco,ip_phone_7811,1,9.8,9.8
Hardware,cisco,industrial_ethernet_2000_series_firmware,1,7.5,7.5
Hardware,cisco,industrial_ethernet_2000_8tc-l_switch,1,7.5,7.5
Hardware,cisco,industrial_ethernet_2000_8tc-g-n_switch,1,7.5,7.5
Hardware,cisco,industrial_ethernet_2000_8tc-g-l_switch,1,7.5,7.5
Hardware,cisco,industrial_ethernet_2000_8tc-g-e_switch,1,7.5,7.5
Hardware,cisco,industrial_ethernet_2000_8tc-g-b_switch,1,7.5,7.5
Hardware,cisco,industrial_ethernet_2000_8tc-b_switch,1,7.5,7.5
Hardware,cisco,industrial_ethernet_2000_8t67p-g-e_switch,1,7.5,7.5
Hardware,cisco,industrial_ethernet_2000_8t67-b_switch,1,7.5,7.5
Hardware,cisco,industrial_ethernet_2000_4ts-l_switch,1,7.5,7.5
Hardware,cisco,industrial_ethernet_2000_4ts-g-l_switch,1,7.5,7.5
Hardware,cisco,ip_phone_7821,1,9.8,9.8
Hardware,cisco,ie_2000-16tc-g-n_industrial_ethernet_switch,1,9.8,9.8
Hardware,cisco,ie_2000-16tc-g-n,1,7.5,7.5
Hardware,cisco,ie_2000-16tc-g-e_industrial_ethernet_switch,1,9.8,9.8
Hardware,cisco,ie_2000-16tc-g-e,1,7.5,7.5
Hardware,cisco,ie_2000-16tc-g,1,7.5,7.5
Hardware,cisco,ie_2000-16tc,1,7.5,7.5
Hardware,cisco,ie_2000-16t67p_industrial_ethernet_switch,1,9.8,9.8
Hardware,cisco,ie_2000-16t67p,1,7.5,7.5
Hardware,cisco,ie_2000-16t67_industrial_ethernet_switch,1,9.8,9.8
Hardware,cisco,ie_2000-16t67,1,7.5,7.5
Hardware,cisco,ie_2000-16ptc-g_industrial_ethernet_switch,1,9.8,9.8
Hardware,cisco,ie_2000-8tc-g_industrial_ethernet_switch,1,9.8,9.8
Hardware,cisco,firepower_4140,1,10.0,10.0
Hardware,cisco,firepower_4125,1,10.0,10.0
Hardware,cisco,firepower_4120,1,10.0,10.0
Hardware,cisco,ie-4010-16s12p_industrial_ethernet_switch,1,9.8,9.8
Hardware,cisco,ie-4000-8t4g-e_industrial_ethernet_switch,1,9.8,9.8
Hardware,cisco,ie-4000-8s4g-e_industrial_ethernet_switch,1,9.8,9.8
Hardware,cisco,ie-4000-8gt8gp4g-e_industrial_ethernet_switch,1,9.8,9.8
Hardware,cisco,ie-4000-8gt4g-e_industrial_ethernet_switch,1,9.8,9.8
Hardware,cisco,ie-4000-8gs4g-e_industrial_ethernet_switch,1,9.8,9.8
Hardware,cisco,ie-4000-4tc4g-e_industrial_ethernet_switch,1,9.8,9.8
Hardware,cisco,ie-4000-4t4p4g-e_industrial_ethernet_switch,1,9.8,9.8
Hardware,cisco,ie-4000-4s8p4g-e_industrial_ethernet_switch,1,9.8,9.8
Hardware,cisco,ie_2000-16ptc-g,1,7.5,7.5
Hardware,cisco,ie_2000-8tc-g-n_industrial_ethernet_switch,1,9.8,9.8
Hardware,cisco,ie_2000-8tc-g-n,1,7.5,7.5
Hardware,cisco,ie_2000-8tc-g-e_industrial_ethernet_switch,1,9.8,9.8
Hardware,cisco,ie_2000-8tc-g-e,1,7.5,7.5
Hardware,cisco,ie_2000-8tc-g,1,7.5,7.5
Hardware,cisco,ie_2000-8tc,1,7.5,7.5
Hardware,cisco,ie-5000-16s12p_industrial_ethernet_switch,1,9.8,9.8
Hardware,cisco,ie-5000-12s12p-10g_industrial_ethernet_switch,1,9.8,9.8
Hardware,cisco,ie-4010-4s24p_industrial_ethernet_switch,1,9.8,9.8
Hardware,cisco,ie_2000-8t67,1,7.5,7.5
Hardware,cisco,ie_2000-4ts_industrial_ethernet_switch,1,9.8,9.8
Hardware,cisco,ie_2000-4ts-g_industrial_ethernet_switch,1,9.8,9.8
Hardware,cisco,ie_2000-16tc-g-x,1,7.5,7.5
Hardware,cisco,ie_2000-4ts,1,7.5,7.5
Hardware,cisco,ie_2000-4t_industrial_ethernet_switch,1,9.8,9.8
Hardware,cisco,ie_2000-4t-g_industrial_ethernet_switch,1,9.8,9.8
Hardware,cisco,ie_2000-4t-g,1,7.5,7.5
Hardware,cisco,ie_2000-4t,1,7.5,7.5
Hardware,cisco,ie_2000-4s-ts-g_industrial_ethernet_switch,1,9.8,9.8
Hardware,cisco,ie_2000-4s-ts-g,1,7.5,7.5
Hardware,cisco,ie_2000-24t67_industrial_ethernet_switch,1,9.8,9.8
Hardware,cisco,ie_2000-24t67,1,7.5,7.5
Hardware,cisco,ie-3010-24tc_industrial_ethernet_switch,1,9.8,9.8
Hardware,cisco,ie-3010-24tc,1,7.5,7.5
Hardware,cisco,ie-3010-16s-8pc_industrial_ethernet_switch,1,9.8,9.8
Hardware,cisco,ie_2000-4ts-g,1,7.5,7.5
Aplicación,themerex,"rumble-single_fighter_boxer\,_news\,_gym\,_store",1,9.8,9.8
Aplicación,themerex,rosalinda-vegetarian_\&_health_coach,1,9.8,9.8
Aplicación,themerex,right_way,1,9.8,9.8
Aplicación,redhat,openshift,1,7.5,7.5
Aplicación,redhat,jboss_middleware_text-only_advisories,1,9.8,9.8
Aplicación,redhat,icedtea6,1,9.8,9.8
Aplicación,themerex,"plumbing-repair\,_building_\&_construction_wordpress_theme",1,9.8,9.8
Aplicación,themerex,pixefy,1,9.8,9.8
Aplicación,themerex,piqes-creative_startup_\&_agency_wordpress_theme,1,9.8,9.8
Aplicación,themerex,partiso_electioncampaign,1,9.8,9.8
Aplicación,themerex,ozeum-museum,1,9.8,9.8
Hardware,cisco,888e-cube_integrated_services_router,1,6.5,6.5
Aplicación,themerex,nelson-barbershop_\+_tattoo_salon,1,9.8,9.8
Aplicación,themerex,nazareth-church,1,9.8,9.8
Aplicación,themerex,mystik-esoterics,1,9.8,9.8
Aplicación,themerex,modern_housewife-housewife_and_family_blog,1,9.8,9.8
Aplicación,themerex,meals_and_wheels-food_truck,1,9.8,9.8
Aplicación,themerex,maxify-startup_blog,1,9.8,9.8
Aplicación,themerex,lingvico-language_learning_school,1,9.8,9.8
Aplicación,themerex,kratz-digital_agency,1,9.8,9.8
Aplicación,themerex,kids_care,1,9.8,9.8
Aplicación,themerex,vapester,1,9.8,9.8
Aplicación,themerex,kargo-freight_transport,1,9.8,9.8
Aplicación,themerex,justitia-multiskin_lawyer_theme,1,9.8,9.8
Aplicación,themerex,netmix-broadband_\&_telecom,1,9.8,9.8
Aplicación,redhat,gluster_storage,1,7.5,7.5
Aplicación,repetier-server,repetier-server,1,7.5,7.5
Aplicación,rejetto,http_file_server,1,9.8,9.8
Aplicación,redwood,report2web,1,6.1,6.1
Aplicación,redux,gutenberg_template_library_\&_redux_framework,1,5.3,5.3
Aplicación,redis,redis,1,10.0,10.0
Aplicación,redirection-for-contact-form7,redirection_for_contact_form_7,1,6.1,6.1
Aplicación,themerex,rhodos-creative_corporate_wordpress_theme,1,9.8,9.8
Aplicación,themerex,renewal-plastic_surgeon_clinic,1,9.8,9.8
Aplicación,themerex,rare_radio,1,9.8,9.8
Aplicación,thinkupthemes,responsive_vector_maps,1,6.5,6.5
Aplicación,themerex,samadhi-buddhist,1,9.8,9.8
Aplicación,thinkadmin,thinkadmin,1,7.5,7.5
Aplicación,thimpress,wp_hotel_booking,1,9.8,9.8
Aplicación,thewebhunter,offset_writing,1,6.1,6.1
Aplicación,thewebhunter,anfaust,1,6.1,6.1
Aplicación,themerex,tornados,1,9.8,9.8
Aplicación,themerex,topper_theme_and_skins,1,9.8,9.8
Aplicación,themerex,"tediss-soft_play_area\,_cafe_\&_child_care_center",1,9.8,9.8
Aplicación,themerex,"tantum-rent_a_car\,_rent_a_bike\,_rent_a_scooter_multiskin_theme",1,9.8,9.8
Aplicación,themerex,tacticool-shooting_range_wordpress_theme,1,9.8,9.8
Aplicación,themerex,skydiving_and_flying_company,1,9.8,9.8
Aplicación,themerex,scientia-public_library,1,9.8,9.8
Aplicación,themerex,savejulia_personal_fundraising_campaign,1,9.8,9.8
Aplicación,thinkcmf,thinkcmf,1,9.8,9.8
Aplicación,themeinprogress,saul,1,6.1,6.1
Aplicación,themerex,katelyn-gutenberg_wordpress_blog_theme,1,9.8,9.8
Aplicación,themeinprogress,nova_lite,1,6.1,6.1
Aplicación,themeinprogress,looki_lite,1,6.1,6.1
Aplicación,themeinprogress,bazaar_lite,1,6.1,6.1
Aplicación,themehigh,multiple_shipping_addresses_for_woocommerce,1,9.8,9.8
Aplicación,themegrill,themegrill_demo_importer,1,9.1,9.1
Aplicación,themegrill,masteriyo,1,6.5,6.5
Aplicación,theme-fusion,avada,1,9.8,9.8
Aplicación,thefactory,com_lovefactory,1,,
Aplicación,thefactory,com_gadgetfactory,1,,
Aplicación,themerex,impacto_patronus_multi-landing,1,9.8,9.8
Aplicación,ternaria,com_vjdeo,1,,
Aplicación,ternaria,com_preventive,1,,
Aplicación,ternaria,com_jprojectmanager,1,,
Aplicación,ternaria,com_jfeedback,1,,
Aplicación,themerex,chainpress,1,9.8,9.8
Aplicación,symantec,message_gateway,1,8.8,8.8
Aplicación,tera_charts_plugin_project,tera-charts,1,,
Aplicación,tenable,log_correlation_engine,1,6.9,6.9
Aplicación,templateinvaders,ti_woocommerce_wishlist,1,9.8,9.8
Aplicación,temenos,t24,1,7.5,7.5
Aplicación,telaen_project,telaen,1,6.1,6.1
Aplicación,tecvoz,cmnc-200_firmware,1,,
Aplicación,thefactory,com_blogfactory,1,,
Aplicación,themerex,hobo_digital_nomad_blog,1,9.8,9.8
Aplicación,themerex,helion-agency_\&portfolio,1,9.8,9.8
Aplicación,themerex,heaven_11-multiskin_property_theme,1,9.8,9.8
Aplicación,themerex,hallelujah-church,1,9.8,9.8
Aplicación,themerex,gridiron,1,9.8,9.8
Aplicación,themerex,gloss_blog,1,9.8,9.8
Aplicación,themerex,fc_united-football,1,9.8,9.8
Aplicación,themerex,especio-food_gutenberg_theme,1,9.8,9.8
Aplicación,themerex,dronex-aerial_photography_services,1,9.8,9.8
Aplicación,themerex,corredo_sport_event,1,9.8,9.8
Aplicación,themerex,coinpress-cryptocurrency_magazine_\&_blog_wordpress_theme,1,9.8,9.8
Aplicación,themeinprogress,saul_lite,1,6.1,6.1
Aplicación,themerex,prider-pride_fest,1,9.8,9.8
Aplicación,themerex,buzz_stone-magazine_\&_blog,1,9.8,9.8
Aplicación,themerex,bugster-pests_control,1,9.8,9.8
Aplicación,themerex,briny-diving_wordpress_theme,1,9.8,9.8
Aplicación,themerex,bonkozoo_zoo,1,9.8,9.8
Aplicación,themerex,blabber,1,9.8,9.8
Aplicación,themerex,amuli,1,9.8,9.8
Aplicación,themerex,aldo-gutenberg_wordpress_blog_theme,1,9.8,9.8
Aplicación,themerex,addons,1,9.8,9.8
Aplicación,themepunch,slider_revolution,1,,
Aplicación,themeisle,product_addons_\&_fields_for_woocommerce,1,6.1,6.1
Aplicación,themeinprogress,venice_lite,1,6.1,6.1
Aplicación,themerex,chit_club-board_games,1,9.8,9.8
Aplicación,txjia,imcat,1,,
Aplicación,twitter,twitter-server,1,5.4,5.4
Aplicación,veritas,flex_appliance,1,9.8,9.8
Aplicación,veritas,access_appliance,1,9.8,9.8
Aplicación,verint,workforce_optimization,1,6.1,6.1
Aplicación,vasyltech,advanced_access_manager,1,9.8,9.8
Aplicación,varktech,pricing_deals_for_woocommerce,1,9.8,9.8
Aplicación,van-ons,wp-gdpr-compliance,1,,
Aplicación,valvepress,wordpress_automatic_plugin,1,9.1,9.1
Aplicación,valvepress,pinterest_automatic_pin,1,9.8,9.8
Aplicación,usersultra,users_ultra,1,9.8,9.8
Aplicación,thrivethemes,thrive_apprentice,1,5.3,5.3
Aplicación,userproplugin,user_pro,1,,
Aplicación,usermin,usermin,1,,
Aplicación,vmware,fusion,1,7.8,7.8
Aplicación,trendmicro,apex_central,1,9.8,9.8
Aplicación,treck,tcp\/ip,1,5.4,5.4
Aplicación,urosevic,stock_ticker,1,7.1,7.1
Aplicación,updraftplus,wp-optimize,1,6.1,6.1
Aplicación,updraftplus,updraftplus,1,6.1,6.1
Aplicación,unisharp,laravel_filemanager,1,6.5,6.5
Aplicación,underconstruction_project,underconstruction,1,6.1,6.1
Aplicación,uncannyowl,uncanny_toolkit_for_learndash,1,4.7,4.7
Aplicación,unbit,uwsgi,1,,
Aplicación,userproplugin,userpro,1,9.8,9.8
Aplicación,vmware,spring_boot,1,,
Aplicación,vmware,remote_console,1,7.8,7.8
Aplicación,vmware,nsx_sd-wan_by_velocloud,1,8.1,8.1
Aplicación,vmware,nsx_data_center,1,9.1,9.1
Aplicación,vmware,horizon_daas,1,9.8,9.8
Aplicación,vmware,horizon_client,1,7.8,7.8
Aplicación,warfareplugins,social_warfare,1,6.1,6.1
Aplicación,vtiger,vtiger_crm,1,6.5,6.5
Aplicación,ellucian,ethos_identity,1,4.3,4.3
Aplicación,elegantthemes,divi,1,,
Aplicación,eleanor-cms,eleanor_cms,1,,
Aplicación,vmware,spring_cloud_gateway,1,10.0,10.0
Aplicación,vmware,aria_operations_for_logs,1,9.8,9.8
Aplicación,vmware,access_connector,1,9.8,9.8
Aplicación,vitejs,vite,1,7.5,7.5
Aplicación,visualshortcodes,ninja,1,6.1,6.1
Aplicación,visser,store_exporter_for_woocommerce,1,6.1,6.1
Aplicación,visocrea,com_joomla_visites,1,,
Aplicación,virtuasoftware,cobranca,1,7.5,7.5
Aplicación,videousermanuals,white_label_cms,1,6.1,6.1
Aplicación,video_list_manager_project,video_list_manager,1,7.2,7.2
Aplicación,vfbpro,visual_form_builder,1,5.3,5.3
Aplicación,veritas,netbackup_flex_scale_appliance,1,9.8,9.8
Aplicación,vmware,tools,1,3.9,3.9
Aplicación,elbtide,advanced_booking_calendar,1,6.1,6.1
Aplicación,traggo,traggo,1,7.5,7.5
Aplicación,traefik,traefik,1,6.1,6.1
Aplicación,totaljs,total.js,1,,
Aplicación,torproject,tor,1,7.5,7.5
Aplicación,tom_m8te_plugin_project,tom-m8te_plugin,1,,
Aplicación,tom_braider,count_per_day,1,,
Aplicación,titool,printmonitor,1,9.8,9.8
Aplicación,title_experiments_free_project,title_experiments_free,1,9.8,9.8
Aplicación,thoughtworks,gocd,1,7.5,7.5
Aplicación,thorsten_riess,com_jcollection,1,,
Aplicación,tiempo,tiempo,1,6.1,6.1
Aplicación,umbraco,umbraco,1,,
Aplicación,tidio-form_project,tidio-form,1,,
Aplicación,tibco,jasperreports_library,1,6.5,6.5
Aplicación,themerex,yungen-digital\/marketing_agency,1,9.8,9.8
Aplicación,themerex,yottis-simple_portfolio,1,9.8,9.8
Aplicación,themerex,yolox-startup_magazine_\&_blog_wordpress_theme,1,9.8,9.8
Aplicación,themerex,wellspring_water_filter_systems,1,9.8,9.8
Aplicación,themerex,vixus-startup_\/_mobile_application,1,9.8,9.8
Aplicación,themerex,"vihara-ashram\,_buddhist",1,9.8,9.8
Aplicación,thrivethemes,thrive_headline_optimizer,1,5.3,5.3
Aplicación,thrivethemes,thrive_dashboard,1,5.3,5.3
Aplicación,thrivethemes,thrive_comments,1,5.3,5.3
Aplicación,thrivethemes,thrive_clever_widgets,1,5.3,5.3
Aplicación,tidio-gallery_project,tidio-gallery,1,,
Aplicación,ultimate-weather_project,ultimate-weather,1,6.1,6.1
Aplicación,ulterius,ulterius_server,1,,
Aplicación,ubigeo_de_peru_para_woocommerce_project,ubigeo_de_peru_para_woocommerce,1,9.8,9.8
Aplicación,tychesoftwares,abandoned_cart_pro_for_woocommerce,1,7.2,7.2
Aplicación,tychesoftwares,abandoned_cart_lite_for_woocommerce,1,7.2,7.2
Aplicación,tiny_java_web_server_project,tiny_java_web_server,1,6.1,6.1
Aplicación,timesheet_next_gen_project,timesheet_next_gen,1,,
Aplicación,timely,all-in-one_event_calendar,1,,
Aplicación,tileserver,tileservergl,1,6.1,6.1
Aplicación,tiki,tiki,1,9.8,9.8
Aplicación,tijaji,tijaji,1,6.1,6.1
Aplicación,trustedconnectivityalliance,s\@t_browser,1,9.8,9.8
Aplicación,thrivethemes,thrive_optimize,1,5.3,5.3
Aplicación,trueranker,true_ranker,1,7.5,7.5
Aplicación,triliumnotes,trilium,1,6.1,6.1
Aplicación,trihedral,vtscada,1,7.5,7.5
Aplicación,triconsole,datepicker_calendar,1,6.1,6.1
Aplicación,tri,event_tickets,1,6.1,6.1
Aplicación,trendmicro,threat_discovery_appliance,1,,
Aplicación,thruk,thruk,1,6.1,6.1
Aplicación,thriveweb,pinzolo,1,6.1,6.1
Aplicación,thrivethemes,thrive_visual_editor,1,5.3,5.3
Aplicación,thrivethemes,thrive_themes_builder,1,5.3,5.3
Aplicación,thrivethemes,thrive_quiz_builder,1,5.3,5.3
Aplicación,thrivethemes,thrive_ovation,1,5.3,5.3
Aplicación,trumani,stop_spammers,1,6.1,6.1
Aplicación,roberto_aloi,com_joomlaflickr,1,,
Aplicación,roberta_bramski,uploader,1,,
Aplicación,revmakx,infinitewp_client,1,9.8,9.8
Aplicación,revive-sas,revive_adserver,1,,
Aplicación,revealjs,reveal.js,1,6.1,6.1
Aplicación,responsive_mega_menu_pro_project,responsive_mega_menu_pro,1,,
Aplicación,reqlogic,reqlogic,1,6.1,6.1
Aplicación,shopello_api_project,shopello_api,1,6.1,6.1
Aplicación,shirne_cms_project,shirne_cms,1,6.5,6.5
Aplicación,shibboleth,oidc_op,1,8.2,8.2
Aplicación,shareaholic,shareaholic,1,5.3,5.3
Aplicación,tecnick,tcexam,1,7.5,7.5
Aplicación,sfcyazilim,sonlogger,1,9.8,9.8
Aplicación,servmask,all-in-one_wp_migration,1,4.7,4.7
Aplicación,service_location_protocol_project,service_location_protocol,1,7.5,7.5
Aplicación,seopanel,seo_panel,1,6.1,6.1
Aplicación,sensiolabs,symfony,1,,
Aplicación,securimage-wp-fixed_project,securimage-wp-fixed,1,6.1,6.1
Aplicación,secudos,domos,1,7.5,7.5
Aplicación,seber,com_sebercart,1,,
Aplicación,searchwp,searchwp_live_ajax_search,1,5.3,5.3
Aplicación,searchblox,searchblox,1,7.5,7.5
Aplicación,se_html5_album_audio_player_project,se_html5_album_audio_player,1,,
Aplicación,scoreme_project,scoreme,1,5.4,5.4
Aplicación,sgi,propack,1,,
Aplicación,siemens,sinumerik_edge,1,7.8,7.8
Aplicación,siemens,sinema_server,1,9.0,9.0
Aplicación,sitemap_project,sitemap,1,8.8,8.8
Aplicación,siteeditor,site_editor,1,,
Aplicación,sisinformatik,sis-rewe_go,1,6.1,6.1
Aplicación,simplerealtytheme,advanced_text_widget_plugin,1,,
Aplicación,siemens,sinec_network_management_system,1,9.8,9.8
Aplicación,siemens,sinec_ins,1,7.2,7.2
Aplicación,siemens,simatic_speech_assistant_for_machines,1,9.8,9.8
Aplicación,siemens,ruggedcom_nms,1,9.0,9.0
Aplicación,siemens,tracealertserverplus,1,9.0,9.0
Aplicación,siemens,elan-8.2,1,7.5,7.5
Aplicación,rws,worldserver,1,9.8,9.8
Aplicación,rudderstack,rudder-server,1,8.8,8.8
Aplicación,ruckuswireless,ruckus_wireless_admin,1,9.8,9.8
Aplicación,rubyonrails,web_console,1,,
Aplicación,rubedo_project,rubedo,1,9.8,9.8
Aplicación,rstudio,shiny_server,1,5.3,5.3
Aplicación,siemens,captial,1,9.0,9.0
Aplicación,siemens,capital,1,10.0,10.0
Aplicación,sibsoft,xfilesharing,1,9.8,9.8
Aplicación,shortpixel,shortpixel_adaptive_images,1,6.1,6.1
Aplicación,shopware,shopware,1,,
Aplicación,siemens,sinec_nms,1,9.0,9.0
Aplicación,reputeinfosystems,pricing_table,1,9.8,9.8
Aplicación,adenion,blog2social,1,6.1,6.1
Aplicación,ad_inserter_project,ad_inserter,1,6.1,6.1
Aplicación,ad_inserter_pro_project,ad_inserter_pro,1,6.1,6.1
Sistema Operativo,zyxel,p660hn-t1a_v2_firmware,1,9.8,9.8
Sistema Operativo,zyxel,p660hn-t1a_v1_firmware,1,9.8,9.8
Sistema Operativo,zyxel,nsg300_firmware,1,9.8,9.8
Sistema Operativo,zyxel,nbg2105_firmware,1,7.8,7.8
Aplicación,10web,spidercalendar,1,6.1,6.1
Aplicación,rstudio,connect,1,6.1,6.1
Aplicación,rpcms,rpcms,1,6.1,6.1
Sistema Operativo,western_digital,my_cloud_pr2100_firmware,1,,
Aplicación,schools_alert_management_script_project,schools_alert_management_script,1,,
Aplicación,99robots,wp_background_takeover_advertisements,1,,
Aplicación,a3rev,page_view_count,1,9.8,9.8
Aplicación,aajoda,aajoda_testimonials,1,4.8,4.8
Aplicación,ab_google_map_travel_project,ab_google_map_travel,1,,
Aplicación,accessally,accessally,1,7.5,7.5
Aplicación,acclaimsystems,usaherds,1,8.1,8.1
Aplicación,acf_to_rest_api_project,acf_to_rest_api,1,7.5,7.5
Aplicación,acmailer,acmailer,1,9.8,9.8
Aplicación,acmailer,acmailer_db,1,9.8,9.8
Aplicación,acme,mini-httpd,1,,
Aplicación,11in1,11in1,1,,
Sistema Operativo,zyxel,vmg1312-b10d_firmware,1,,
Aplicación,2kblater,2kb_amazon_affiliates_store,1,,
Aplicación,schneider-electric,pelco_videoxpert,1,,
Aplicación,saumendra,anand,1,6.1,6.1
Aplicación,saumendra,aapna,1,6.1,6.1
Aplicación,sas,sas\/intrnet,1,7.5,7.5
Aplicación,sap,web_dispatcher,1,10.0,10.0
Aplicación,sap,scimono,1,9.1,9.1
Aplicación,sap,sap_web_application_server,1,,
Aplicación,sap,netweaver_development_infrastructure,1,9.9,9.9
Aplicación,shopex,ecshop,1,7.5,7.5
Aplicación,rockwellautomation,studio_5000_logix_designer,1,9.8,9.8
Aplicación,sap,netweaver_application_server_abap,1,10.0,10.0
Aplicación,sap,knowledge_warehouse,1,6.1,6.1
Aplicación,adiscon,loganalyzer,1,,
Aplicación,sap,customer_relationship_management,1,6.6,6.6
Aplicación,sap,content_server,1,10.0,10.0
Aplicación,sap,commerce_cloud,1,9.8,9.8
Aplicación,sap,businessobjects_business_intelligence_platform,1,5.3,5.3
Aplicación,sap,businessobjects,1,,
Aplicación,sangoma,freepbx,1,9.8,9.8
Aplicación,sandhillsdev,easy_digital_downloads,1,9.8,9.8
Aplicación,sahipro,sahi_pro,1,7.5,7.5
Aplicación,s3-video_project,s3-video,1,,
Sistema Operativo,zyxel,emg2926_firmware,1,8.8,8.8
Aplicación,admin-font-editor_project,admin-font-editor,1,,
Aplicación,admidio,admidio,1,8.8,8.8
Aplicación,sap,internet_graphics_server,1,,
Aplicación,swim_team_project,swim_team,1,,
Aplicación,suse,package_hub,1,8.8,8.8
Aplicación,suse,linux_enterprise_high_performance_computing,1,7.8,7.8
Aplicación,suse,enterprise_storage,1,7.8,7.8
Aplicación,supsystic,ultimate_maps,1,6.1,6.1
Aplicación,stageshow_project,stageshow,1,,
Aplicación,ssh,ssh,1,,
Aplicación,srs_simple_hits_counter_project,srs_simple_hits_counter,1,7.5,7.5
Aplicación,srbtranslatin_project,srbtranslatin,1,6.1,6.1
Aplicación,squirrelmail,address_add_plugin,1,,
Aplicación,squirrelly,squirrelly,1,8.0,8.0
Aplicación,siemens,syngo_lab_process_manager,1,9.8,9.8
Aplicación,sprockets_project,sprockets,1,,
Aplicación,spring-boot-actuator-logview_project,spring-boot-actuator-logview,1,7.7,7.7
Aplicación,superwebmailer,superwebmailer,1,9.8,9.8
Aplicación,supervisord,supervisor,1,,
Aplicación,supachai_teasakul,com_sweetykeeper,1,,
Aplicación,sunshinephotocart,sunshine_photo_cart,1,6.1,6.1
Aplicación,sunlogin,sunflower,1,9.8,9.8
Aplicación,sunhillo,sureline,1,9.8,9.8
Aplicación,redhat,single_sign-on,1,6.5,6.5
Aplicación,redhat,satellite_with_embedded_oracle,1,9.8,9.8
Aplicación,rockwellautomation,rslogix_5000,1,9.8,9.8
Aplicación,rockwellautomation,factorytalk_services_platform,1,9.8,9.8
Aplicación,squidex.io,squidex,1,6.1,6.1
Aplicación,teclib-edition,gestionnaire_libre_de_parc_informatique,1,,
Aplicación,technocrackers,bulk_price_update_for_woocommerce,1,5.4,5.4
Aplicación,teamviewer,teamviewer,1,7.0,7.0
Aplicación,teampass,teampass,1,7.5,7.5
Aplicación,teamleade,teamleader_crm_forms,1,6.1,6.1
Aplicación,tamlyncreative,com_bfsurvey_profree,1,,
Aplicación,supsystic,contact_form,1,6.1,6.1
Aplicación,supremainc,biostar_2,1,7.5,7.5
Aplicación,tamlyncreative,com_bfsurvey_pro,1,,
Aplicación,tamlyncreative,com_bfsurvey_basic,1,,
Aplicación,talelin,lin-cms-spring-boot,1,7.5,7.5
Aplicación,strategy11,awp_classifieds,1,9.8,9.8
Aplicación,tagdiv,tagdiv_composer,1,6.1,6.1
Aplicación,ta2g,tantyyellow,1,6.1,6.1
Aplicación,systeminformation,systeminformation,1,7.1,7.1
Aplicación,syntacticsinc,easync,1,9.8,9.8
Aplicación,synology,diskstation_manager_unified_controller,1,7.8,7.8
Aplicación,synology,directory_server,1,5.5,5.5
Aplicación,sympa,sympa,1,,
Aplicación,sudo_project,sudo,1,7.8,7.8
Aplicación,subtlewebinc,formcraft3,1,9.1,9.1
Aplicación,subscribe_to_category_project,subscribe_to_category,1,9.3,9.3
Aplicación,stylemixthemes,"motors_-_car_dealer\,_classifieds_\&_listing",1,6.5,6.5
Aplicación,stylemixthemes,masterstudy_lms,1,9.8,9.8
Aplicación,tagdiv_composer_project,tagdiv_composer,1,9.8,9.8
Aplicación,skygroup,skysea_client_view,1,9.8,9.8
Aplicación,skittles,employee_records_system,1,9.8,9.8
Aplicación,skaut-bazar_project,skaut-bazar,1,6.1,6.1
Aplicación,sixapart,movable_type,1,9.8,9.8
Aplicación,sonatype,nexus_repository_manager,1,9.8,9.8
Aplicación,sonatype,nexus,1,8.8,8.8
Aplicación,sonarsource,sonarqube,1,7.5,7.5
Aplicación,solarwinds,virtualization_manager,1,7.8,7.8
Aplicación,solarwinds,orion_platform,1,9.8,9.8
Aplicación,solarwinds,database_performance_analyzer,1,,
Aplicación,simple_task_managing_system_project,simple_task_managing_system,1,9.8,9.8
Aplicación,rockettheme,com_rokdownloads,1,,
Aplicación,simple-membership-plugin,simple_membership,1,6.1,6.1
Aplicación,simple-image-manipulator_project,simple-image-manipulator,1,,
Aplicación,simpel-reserveren_project,simpel-reserveren,1,,
Aplicación,siemens,wincc_open_architecture,1,7.5,7.5
Aplicación,snowsoftware,vm_access_proxy,1,10.0,10.0
Aplicación,snowsoftware,snow_commander,1,10.0,10.0
Aplicación,smashballoon,smash_balloon_social_post_feed,1,5.4,5.4
Aplicación,smartypantsplugins,sp_project_\&_document_manager,1,8.8,8.8
Aplicación,smartstore,smartstorenet,1,6.1,6.1
Aplicación,smartofficepayroll,smartoffice,1,7.5,7.5
Aplicación,smartertools,smartertrack,1,8.8,8.8
Aplicación,smartdatasoft,smartblog,1,9.8,9.8
Aplicación,simple_client_management_system_project,simple_client_management_system,1,9.8,9.8
Aplicación,robot-cpa,robotcpa,1,7.5,7.5
Aplicación,roberto_aloi,com_joomlapicasa2,1,,
Aplicación,sophos,web_appliance,1,9.8,9.8
Aplicación,sophos,unified_threat_management,1,9.8,9.8
Aplicación,sophos,mobile,1,9.8,9.8
Aplicación,sophos,firewall,1,9.8,9.8
Aplicación,stopbadbots,block_and_stop_bad_bots,1,9.8,9.8
Aplicación,starwindsoftware,starwind_virtual_san,1,7.8,7.8
Aplicación,starwindsoftware,command_center,1,7.8,7.8
Aplicación,solari,termtalk_server,1,7.5,7.5
Aplicación,software.realtyna,com_joomlaupdater,1,,
Aplicación,softvelum,nimble_streamer,1,,
Aplicación,skysa,skysa_app_bar_integration_plugin,1,,
Aplicación,spirit-project,spirit,1,6.1,6.1
Aplicación,speakout\!_email_petitions_project,speakout\!_email_petitions,1,9.8,9.8
Aplicación,spamtitan,webtitan,1,,
Aplicación,sourceafrica_project,sourceafrica,1,,
Aplicación,soplanning,soplanning,1,,
Aplicación,redirect_after_login_project,redirect_after_login,1,5.9,5.9
Aplicación,redhat,subscription_asset_manager,1,7.5,7.5
Aplicación,redhat,storage_for_public_cloud,1,9.8,9.8
Aplicación,redhat,software_collection,1,6.1,6.1
Aplicación,smartdatasoft,car_repair_services_\&_auto_mechanic,1,6.1,6.1
Aplicación,slims,senayan_library_management_system,1,7.5,7.5
Aplicación,slickremix,feed_them_social,1,6.1,6.1
Aplicación,softlinkint,oliver_v5_library,1,7.5,7.5
Aplicación,rainbowfishsoftware,pacsone_server,1,6.1,6.1
Aplicación,rainbow_portal,rainbow_with_the_zen,1,,
Aplicación,rainbow_portal,rainbow.zen,1,,
Hardware,barracuda,email_security_gateway_900,1,9.4,9.4
Hardware,barracuda,email_security_gateway_800,1,9.4,9.4
Hardware,barracuda,email_security_gateway_600,1,9.4,9.4
Hardware,barracuda,email_security_gateway_400,1,9.4,9.4
Hardware,barracuda,email_security_gateway_300,1,9.4,9.4
Hardware,barco,wepresent_wipg-1600w,1,9.8,9.8
Hardware,barco,wepresent_wipg-1000p,1,9.8,9.8
Hardware,avtech,avn801_dvr,1,9.8,9.8
Aplicación,vmware,spring_cloud_function,1,9.8,9.8
Hardware,auerswald,comfortel_3600_ip,1,7.5,7.5
Hardware,auerswald,comfortel_2600_ip,1,7.5,7.5
Hardware,auerswald,comfortel_1400_ip,1,7.5,7.5
Hardware,audiocodes,420hd_ip_phone,1,,
Hardware,aterm,wr8165n,1,9.8,9.8
Hardware,aterm,wg1900hp2,1,9.8,9.8
Hardware,binatoneglobal,lux_65,1,8.8,8.8
Hardware,aterm,wg1800hp4,1,9.8,9.8
Hardware,aterm,wg1800hp3,1,9.8,9.8
Hardware,aterm,wg1200hs2,1,9.8,9.8
Hardware,aterm,wg1200hs,1,9.8,9.8
Hardware,aterm,wg1200hp3,1,9.8,9.8
Hardware,auerswald,compact_5500r,1,9.8,9.8
Hardware,binatoneglobal,lux_85_connect,1,8.8,8.8
Aplicación,radykal,fancy_product_designer,1,9.8,9.8
Aplicación,quixplorer_project,quixplorer,1,4.7,4.7
Aplicación,quest,kace_systems_management,1,9.8,9.8
Aplicación,redhat,codeready_linux_builder_for_power_little_endian_eus,1,8.8,8.8
Aplicación,redhat,codeready_linux_builder_for_ibm_z_systems_eus,1,8.8,8.8
Aplicación,redhat,codeready_linux_builder_for_arm64_eus,1,8.8,8.8
Hardware,binatoneglobal,comfort_50_connect,1,8.8,8.8
Hardware,binatoneglobal,comfort_40,1,8.8,8.8
Hardware,binatoneglobal,cn75,1,8.8,8.8
Hardware,binatoneglobal,cn50,1,8.8,8.8
Aplicación,rarlab,unrar,1,7.5,7.5
Hardware,binatoneglobal,cn28,1,8.8,8.8
Hardware,billion,5200w-t,1,9.8,9.8
Hardware,binatoneglobal,lux_64,1,8.8,8.8
Hardware,binatoneglobal,halo\+_camera,1,8.8,8.8
Hardware,binatoneglobal,focus_72r,1,8.8,8.8
Hardware,binatoneglobal,focus_68,1,8.8,8.8
Hardware,binatoneglobal,ease44,1,8.8,8.8
Hardware,binatoneglobal,connect_view_65,1,8.8,8.8
Hardware,binatoneglobal,connect_20,1,8.8,8.8
Hardware,binatoneglobal,comfort_85_connect,1,8.8,8.8
Aplicación,raygun,raygun4wp,1,,
Aplicación,rarlab,winrar,1,7.8,7.8
Hardware,binatoneglobal,cn40,1,8.8,8.8
Hardware,arraynetworks,ag1000t,1,9.8,9.8
Hardware,arraynetworks,ag1000,1,9.8,9.8
Hardware,apsystems,energy_communication_unit,1,9.8,9.8
Hardware,apsystems,ecu-r,1,9.8,9.8
Hardware,amcrest,ipm-hx1,1,8.8,8.8
Hardware,amcrest,ipm-721s,1,,
Hardware,amcrest,ipm-721,1,8.8,8.8
Hardware,amcrest,ip8m-t2499ew,1,8.8,8.8
Hardware,amcrest,ip8m-mt2544ew,1,8.8,8.8
Hardware,amcrest,ip8m-mb2546ew,1,8.8,8.8
Hardware,amcrest,ip8m-2597e,1,8.8,8.8
Hardware,aterm,wg1200hp2,1,9.8,9.8
Hardware,amcrest,ip8m-2493eb,1,8.8,8.8
Hardware,amcrest,ip8m-2454ew,1,8.8,8.8
Hardware,amcrest,ip4m-1053ew,1,8.8,8.8
Hardware,arris,nvg599,1,7.5,7.5
Hardware,amcrest,ip2m-866w,1,8.8,8.8
Hardware,amcrest,ip2m-866ew,1,8.8,8.8
Hardware,amcrest,ip2m-858w,1,8.8,8.8
Hardware,amcrest,ip2m-853ew,1,8.8,8.8
Hardware,amcrest,ip2m-841-v3,1,8.8,8.8
Hardware,amcrest,ip2m-841,1,8.8,8.8
Hardware,amcrest,amdv10814-h5,1,8.8,8.8
Hardware,amcrest,1080-lite_8ch,1,8.8,8.8
Hardware,amcrest,ip8m-2496eb,1,8.8,8.8
Hardware,aterm,wg1200hp,1,9.8,9.8
Hardware,aterm,wf800hp,1,9.8,9.8
Hardware,aterm,wf300hp2,1,9.8,9.8
Hardware,aterm,w500p,1,9.8,9.8
Hardware,aterm,w300p,1,9.8,9.8
Hardware,aterm,w1200ex-ms,1,9.8,9.8
Hardware,aterm,w1200ex,1,9.8,9.8
Hardware,asus,lyra_mini,1,9.8,9.8
Hardware,asus,gt-ac2900,1,9.8,9.8
Hardware,belkin,n150_f9k1009,1,,
Hardware,arris,nvg589,1,7.5,7.5
Hardware,arris,nvg510,1,7.5,7.5
Hardware,aterm,wg1900hp,1,9.8,9.8
Hardware,arris,bgw320,1,7.5,7.5
Hardware,arris,bgw210,1,7.5,7.5
Hardware,arraynetworks,vxag,1,9.8,9.8
Hardware,arraynetworks,ag1600v5,1,9.8,9.8
Hardware,arraynetworks,ag1600,1,9.8,9.8
Hardware,arraynetworks,ag1500v5,1,9.8,9.8
Hardware,arraynetworks,ag1500fips,1,9.8,9.8
Hardware,arraynetworks,ag1500,1,9.8,9.8
Hardware,arraynetworks,ag1200v5,1,9.8,9.8
Hardware,arraynetworks,ag1200,1,9.8,9.8
Hardware,arraynetworks,ag1150,1,9.8,9.8
Hardware,arraynetworks,ag1100v5,1,9.8,9.8
Hardware,arris,nvg443,1,7.5,7.5
Hardware,cisco,7613-s,1,8.8,8.8
Hardware,cisco,7609-s,1,8.8,8.8
Hardware,cisco,7606-s,1,8.8,8.8
Hardware,cisco,7604,1,8.8,8.8
Hardware,cisco,7600_series_supervisor_engine_720,1,8.6,8.6
Hardware,cisco,7600_series_supervisor_engine_32,1,8.6,8.6
Hardware,cisco,7600_series_route_switch_processor_720,1,8.6,8.6
Hardware,cisco,880-voice_integrated_services_router,1,6.5,6.5
Hardware,cisco,871_integrated_services_router,1,6.5,6.5
Hardware,cisco,867vae_integrated_services_router,1,6.5,6.5
Hardware,cisco,867_integrated_services_router,1,6.5,6.5
Hardware,binatoneglobal,mbp3667,1,8.8,8.8
Hardware,cisco,861w_integrated_services_router,1,6.5,6.5
Hardware,cisco,861_integrated_services_router,1,6.5,6.5
Hardware,cisco,860vae-w_integrated_services_router,1,6.5,6.5
Aplicación,designmodo,qards,1,6.1,6.1
Aplicación,deothemes,nokke,1,6.1,6.1
Aplicación,cse_bookstore_project,cse_bookstore,1,9.8,9.8
Aplicación,cross-rss_plugin_project,wp-cross-rss,1,,
Aplicación,crmperks,crm_perks_forms,1,6.1,6.1
Aplicación,dell,emc_integrated_data_protection_appliance,1,,
Aplicación,dell,emc_idrac8,1,,
Aplicación,dell,emc_idrac7,1,,
Aplicación,dell,emc_avamar,1,,
Hardware,cisco,866vae_integrated_services_router,1,6.5,6.5
Hardware,cisco,888_integrated_services_router,1,6.5,6.5
Hardware,cisco,888-cube_integrated_services_router,1,6.5,6.5
Hardware,cisco,887vamg_3g_integrated_services_router,1,6.5,6.5
Hardware,cisco,887vam-w_integrated_services_router,1,6.5,6.5
Hardware,cisco,887vag_3g_integrated_services_router,1,6.5,6.5
Hardware,cisco,887va_integrated_services_router,1,6.5,6.5
Hardware,cisco,887va-w_integrated_services_router,1,6.5,6.5
Hardware,cisco,887va-cube_integrated_services_router,1,6.5,6.5
Hardware,cisco,829_integrated_services_router,1,6.5,6.5
Hardware,cisco,829_industrial_integrated_services_routers,1,6.5,6.5
Hardware,cisco,829_industrial_integrated_services_router,1,6.5,6.5
Aplicación,davidlingren,media_library_assistant,1,7.5,7.5
Hardware,cisco,887_integrated_services_router,1,6.5,6.5
Hardware,cisco,886vag_3g_integrated_services_router,1,6.5,6.5
Hardware,cisco,886va_integrated_services_router,1,6.5,6.5
Hardware,cisco,886va-w_integrated_services_router,1,6.5,6.5
Hardware,cisco,886va-cube_integrated_services_router,1,6.5,6.5
Hardware,cisco,886_integrated_services_router,1,6.5,6.5
Hardware,cisco,881w_integrated_services_router,1,6.5,6.5
Hardware,cisco,881_integrated_services_router,1,6.5,6.5
Hardware,cisco,881_3g_integrated_services_router,1,6.5,6.5
Hardware,cisco,881-cube_integrated_services_router,1,6.5,6.5
Hardware,cisco,880_3g_integrated_services_router,1,6.5,6.5
Hardware,cisco,892_integrated_services_router,1,6.5,6.5
Hardware,cisco,887v_integrated_services_router,1,6.5,6.5
Aplicación,dirk_bartley,nweb2fax,1,,
Hardware,cisco,1240_connected_grid_router,1,7.5,7.5
Aplicación,deothemes,everse,1,6.1,6.1
Aplicación,deothemes,arendelle,1,6.1,6.1
Aplicación,deltek,maconomy,1,,
Aplicación,dionesoft,com_dioneformwizard,1,,
Aplicación,digitalzoomstudio,video_gallery,1,,
Aplicación,duckdev,404_to_301,1,9.8,9.8
Aplicación,drupal,avatar_uploader,1,,
Aplicación,dreambox,opendreambox,1,,
Aplicación,dragonfly_project,dragonfly,1,9.8,9.8
Aplicación,dell,dbutil,1,8.8,8.8
Aplicación,dotecsa,viburno,1,6.1,6.1
Aplicación,dotecsa,ilex,1,6.1,6.1
Aplicación,domphp,domphp,1,,
Hardware,cassianetworks,xc2000,1,9.8,9.8
Hardware,cassianetworks,xc1000,1,9.8,9.8
Hardware,canon,-,1,7.5,7.5
Hardware,camtron,cmnc-200,1,,
Hardware,blackbox,hd_wireless_presentation_system,1,9.8,9.8
Hardware,binatoneglobal,mbp6855,1,8.8,8.8
Hardware,binatoneglobal,mbp669_connect,1,8.8,8.8
Hardware,binatoneglobal,mbp4855,1,8.8,8.8
Hardware,binatoneglobal,mbp3855,1,8.8,8.8
Aplicación,dotnetblogengine,blogengine.net,1,,
Aplicación,defa-online-image-protector_project,defa-online-image-protector,1,,
Aplicación,decryptweb,com_dwgraphs,1,,
Aplicación,debian,horde_groupware,1,,
Aplicación,debian,horde,1,,
Aplicación,db_backup_project,db_backup,1,,
Aplicación,davidgarlitz,viala,1,6.1,6.1
Aplicación,danieljamesscott,com_music,1,,
Aplicación,daily_prayer_time_project,daily_prayer_time,1,9.8,9.8
Aplicación,daggerhartlab,openid_connect_generic_client,1,6.1,6.1
Aplicación,digiprove,copyright_proof,1,6.1,6.1
Aplicación,dhtmlx,dhtmlxspreadsheet,1,,
Aplicación,dgtl,huemagic,1,7.5,7.5
Aplicación,divido,divido,1,,
Aplicación,devalcms,devalcms,1,,
Aplicación,dev.pucit.edu.pk,com_webtv,1,,
Aplicación,dev.pucit.edu.pk,com_market,1,,
Aplicación,dev.pucit.edu.pk,com_arcadegames,1,,
Aplicación,designsandcode,forget_about_shortcode_buttons,1,,
Aplicación,deltaww,dopsoft,1,7.8,7.8
Aplicación,dolibarr,dolibarr,1,,
Aplicación,dokuwiki,dokuwiki,1,,
Aplicación,dogtagpki,dogtagpki,1,7.5,7.5
Aplicación,documentor_project,documentor,1,9.8,9.8
Aplicación,documentcloud,navis_documentcloud,1,,
Aplicación,docker,docker,1,7.8,7.8
Aplicación,devbunch,master_elements,1,9.8,9.8
Aplicación,wpdevart,gallery,1,6.1,6.1
Aplicación,wpdevart,duplicate_page_or_post,1,3.5,3.5
Aplicación,wpdevart,booking_calendar,1,9.8,9.8
Aplicación,wpdesk,flexible_checkout_fields,1,7.2,7.2
Aplicación,wpcoursesplugin,wp-courses,1,7.5,7.5
Aplicación,wpchill,rsvp_and_event_management,1,5.3,5.3
Aplicación,wftpserver,wing_ftp_server,1,6.1,6.1
Aplicación,westerndeal,advanced_dewplayer,1,,
Aplicación,western_digital,mycloud_nas,1,,
Aplicación,welaunch,wordpress_gdpr\&ccpa,1,6.1,6.1
Aplicación,welaunch,wordpress_country_selector,1,6.1,6.1
Hardware,alliedtelesis,at-gs950\/8,1,7.5,7.5
Aplicación,wp_content_source_control_project,wp_content_source_control,1,,
Aplicación,wp_attachment_export_project,wp_attachment_export,1,7.5,7.5
Aplicación,wp_accessibility_helper_project,wp_accessibility_helper,1,6.1,6.1
Aplicación,wp3dprinting,3dprint_lite,1,9.8,9.8
Aplicación,wp-video-gallery-free_project,wp-video-gallery-free,1,9.8,9.8
Aplicación,wp-slimstat,slimstat_analytics,1,8.8,8.8
Aplicación,wp-guppy,wp_guppy,1,6.5,6.5
Aplicación,wp-experts,protect_wp_admin,1,6.1,6.1
Aplicación,e-search_project,esearch,1,,
Aplicación,e-search_project,e-search,1,,
Aplicación,dzzoffice,dzzoffice,1,6.1,6.1
Aplicación,dwbooster,cp_image_store_with_slideshow,1,9.8,9.8
Aplicación,wp_live_chat_shoutbox_project,wp_live_chat_shoutbox,1,9.8,9.8
Aplicación,wptaskforce,wpcargo_track_\&_trace,1,9.8,9.8
Aplicación,wpsymposiumpro,wp-symposium,1,6.1,6.1
Aplicación,wpcerber,wp_cerber,1,5.3,5.3
Aplicación,wpcentral,wpcentral,1,8.8,8.8
Aplicación,wpb_show_core_project,wpb_show_core,1,6.1,6.1
Aplicación,wpaffiliatemanager,affiliates_manager,1,6.1,6.1
Aplicación,wp_user_project,wp_user,1,9.8,9.8
Aplicación,wp_mobile_detector_project,wp_mobile_detector,1,9.8,9.8
Aplicación,wpsecurityauditlog,wp_security_audit_log,1,,
Aplicación,wpruby,controlled_admin_access,1,9.8,9.8
Aplicación,wprssaggregator,wp_rss_aggregator,1,6.1,6.1
Aplicación,wpdevart,"poll\,_survey\,_questionnaire_and_voting_system",1,9.8,9.8
Aplicación,wpovernight,woocommerce_pdf_invoices\&_packing_slips,1,4.8,4.8
Aplicación,wpmole,tydskrif,1,6.1,6.1
Aplicación,wpml,wpml,1,,
Aplicación,wpmet,metform_elementor_contact_form_builder,1,7.5,7.5
Aplicación,wp-buy,login_as_user_or_customer_\(user_switching\),1,9.8,9.8
Aplicación,wp-ban_project,wp-ban,1,4.8,4.8
Aplicación,wowza,streaming_engine,1,9.1,9.1
Aplicación,wowthemes,mediumish,1,6.1,6.1
Aplicación,wowjoomla,com_loginbox,1,,
Aplicación,wow-company,button_generator,1,8.8,8.8
Aplicación,wpdeveloper,essential_addons_for_elementor,1,9.8,9.8
Aplicación,wpdevart,pricing_table_builder,1,7.2,7.2
Aplicación,wprealize,extensive_vc_addons_for_wpbakery_page_builder,1,7.5,7.5
Aplicación,webence,iq_block_country,1,5.5,5.5
Aplicación,webedition,webedition_cms,1,,
Aplicación,webcraftic,woody_ad_snippets,1,8.8,8.8
Aplicación,web2py,web2py,1,6.1,6.1
Aplicación,web-dorado,spider_calendar,1,,
Aplicación,wdja,wdja_cms,1,9.6,9.6
Aplicación,wclovers,wcfm_membership,1,7.3,7.3
Aplicación,wclovers,frontend_manager_for_woocommerce_along_with_bookings_subscription_listings_compatible,1,9.8,9.8
Aplicación,wavemaker,wavemarker_studio,1,,
Aplicación,warfareplugins,social_warfare_pro,1,6.1,6.1
Aplicación,weiphp,weiphp,1,9.8,9.8
Aplicación,dwbooster,calendar_event_multi_view,1,6.1,6.1
Aplicación,webtoprint,web_to_print_shop\,1,7.5,7.5
Aplicación,recly,com_smartsite,1,,
Aplicación,realtyna,com_realtyna,1,,
Aplicación,realtek,realtek_sdk,1,9.8,9.8
Aplicación,redhat,richfaces,1,9.8,9.8
Aplicación,redhat,openstack_platform,1,6.1,6.1
Aplicación,redhat,openshift_container_platform_for_power,1,7.8,7.8
Aplicación,vr_calendar_project,vr_calendar,1,9.8,9.8
Aplicación,void,aurall_rec_monitor,1,7.5,7.5
Aplicación,vmware,workspace_one_uem_console,1,7.5,7.5
Aplicación,vmware,vrealize_operations_manager,1,7.5,7.5
Aplicación,vmware,view_planner,1,9.8,9.8
Aplicación,wechat_brodcast_project,wechat_brodcast,1,,
Aplicación,weblizar,school_management,1,9.8,9.8
Aplicación,webkul,qloapps,1,6.1,6.1
Aplicación,webkul,com_ultimateportfolio,1,,
Aplicación,wordpress_integrator_project,wordpress_integrator,1,,
Aplicación,wordpress,alert_before_you_post,1,,
Aplicación,woocommerce,persian-woocommerce,1,6.1,6.1
Aplicación,woocommerce,help_scout,1,9.8,9.8
Aplicación,wielebenwir,commonsbooking,1,9.8,9.8
Aplicación,whatsapp,whatsapp_business,1,9.8,9.8
Aplicación,websvn,websvn,1,9.8,9.8
Aplicación,websupporter,wp_amasin_-_the_amazon_affiliate_shop,1,,
Aplicación,websitepanel,websitepanel,1,,
Aplicación,weberr,rwcards,1,,
Aplicación,webport,web_port,1,,
Aplicación,webp_converter_for_media_project,webp_converter_for_media,1,6.1,6.1
Aplicación,webp,webp_server_go,1,7.5,7.5
Aplicación,dompdf,dompdf,1,,
Aplicación,domaincheckplugin,domain_check,1,6.1,6.1
Aplicación,eclipse,business_intelligence_and_reporting_tools,1,9.8,9.8
Aplicación,eaton,intelligent_power_manager,1,,
Aplicación,easysocialfeed,easy_social_feed,1,6.1,6.1
Aplicación,easyappointments,easyappointments,1,9.1,9.1
Aplicación,easy_student_results_project,easy_student_results,1,7.5,7.5
Aplicación,e2pdf,e2pdf,1,4.8,4.8
Aplicación,webgrind_project,webgrind,1,,
Aplicación,webrtc_project,webrtc,1,8.8,8.8
Aplicación,zohocorp,manageengine_device_control_plus,1,9.8,9.8
Aplicación,zohocorp,manageengine_browser_security_plus,1,9.8,9.8
Aplicación,zohocorp,manageengine_assetexplorer,1,9.8,9.8
Aplicación,zohocorp,manageengine_application_control_plus,1,9.8,9.8
Aplicación,zohocorp,manageengine_analytics_plus,1,9.8,9.8
Aplicación,yonyou,u8\+,1,6.1,6.1
Aplicación,yoast,yoast_seo,1,5.3,5.3
Aplicación,yikesinc,easy_forms_for_mailchimp,1,6.1,6.1
Aplicación,yikesinc,custom_product_tabs_for_woocommerce,1,5.3,5.3
Aplicación,yiiframework,yii,1,8.9,8.9
Aplicación,yearning,yearning,1,7.5,7.5
Aplicación,wptimecapsule,wp_time_capsule,1,9.8,9.8
Aplicación,yaws,yaws,1,,
Aplicación,yachtcontrol,yachtcontrol,1,9.8,9.8
Aplicación,zitec,emag_marketplace_connector,1,,
Aplicación,zip_attachments_project,zip_attachments,1,,
Aplicación,zimbllc,com_zimbcore,1,,
Aplicación,zimbllc,com_zimbcomment,1,,
Aplicación,zh_baidumap_project,zh_baidumap,1,,
Aplicación,zeta-producer,zeta_producer,1,5.5,5.5
Aplicación,xoops,xoops,1,,
Aplicación,xmlswf,com_picsell,1,,
Aplicación,xmlsitemapgenerator,xml_sitemap_generator,1,6.1,6.1
Aplicación,xipblog_project,xipblog,1,9.8,9.8
Aplicación,yealink,device_management,1,9.8,9.8
Hardware,adb,p.dga4001n,1,,
Hardware,acexy,wireless-n_wifi_repeater,1,7.5,7.5
Aplicación,zoneminder,zoneminder,1,7.2,7.2
Aplicación,zohocorp,webnms_framework,1,,
Aplicación,zohocorp,manageengine_vulnerability_manager_plus,1,9.8,9.8
Hardware,arraynetworks,ag1000v5,1,9.8,9.8
Aplicación,zohocorp,manageengine_ad360,1,9.8,9.8
Aplicación,zohocorp,firewall_analyzer,1,6.1,6.1
Aplicación,zm-gallery_project,zm-gallery,1,7.2,7.2
Aplicación,zkoss,zk_framework,1,7.5,7.5
Aplicación,zohocorp,manageengine_remote_monitoring_and_management_central,1,9.8,9.8
Aplicación,zohocorp,manageengine_endpoint_dlp_plus,1,9.8,9.8
Aplicación,zohocorp,manageengine_patch_manager_plus,1,9.8,9.8
Aplicación,zohocorp,manageengine_os_deployer,1,9.8,9.8
Aplicación,zohocorp,manageengine_opmanager_plus,1,7.5,7.5
Aplicación,zohocorp,manageengine_opmanager_msp,1,7.5,7.5
Aplicación,zohocorp,manageengine_key_manager_plus,1,9.8,9.8
Aplicación,zeroshell,zeroshell,1,,
Aplicación,zend,zend_server,1,,
Aplicación,zend,zend_framework,1,9.8,9.8
Aplicación,zedna_ebook_download_project,zedna_ebook_download,1,,
Aplicación,zblogcn,z-blogphp,1,6.1,6.1
Aplicación,zaver_project,zaver,1,7.5,7.5
Aplicación,zarafa,webaccess,1,,
Aplicación,zohocorp,manageengine_remote_access_plus,1,9.8,9.8
Aplicación,wpsolr,wpsolr-search-engine,1,,
Aplicación,wpsmartcontracts,wpsmartcontracts,1,8.8,8.8
Aplicación,wso2,open_banking_am,1,9.8,9.8
Aplicación,wso2,message_broker,1,4.8,4.8
Aplicación,wso2,machine_learner,1,4.8,4.8
Aplicación,wso2,iot_server,1,4.8,4.8
Aplicación,redhat,codeready_linux_builder_eus,1,8.8,8.8
Aplicación,redhat,ceph_storage,1,9.8,9.8
Aplicación,redhat,application_stack,1,9.8,9.8
Aplicación,redcomponent,com_redtwitter,1,,
Aplicación,redcomponent,com_redshop,1,,
Aplicación,xiongmaitech,uc-httpd,1,,
Aplicación,dvdfab,playerfab,1,7.5,7.5
Aplicación,wpmet,fundengine,1,9.8,9.8
Aplicación,wpmanageninja,ninja_job_board,1,7.5,7.5
Aplicación,wpmailster,wp_mailster,1,,
Aplicación,wpfastestcache,wp_fastest_cache,1,8.0,8.0
Aplicación,wpdeveloper,notificationx,1,9.8,9.8
Aplicación,wso2,business_process_server,1,4.8,4.8
Aplicación,wso2,application_server,1,4.8,4.8
Aplicación,wso2,app_manager,1,4.8,4.8
Aplicación,wrteam,eshop_-_ecommerce_\/_store_website,1,6.1,6.1
Aplicación,wpvivid,"migration\,_backup\,_staging",1,4.9,4.9
Aplicación,wptrafficanalyzer,trafficanalyzer,1,,
Aplicación,redash,redash,1,8.1,8.1
Aplicación,xinuos,openserver,1,6.1,6.1
Aplicación,xibosignage,xibo,1,,
Aplicación,wso2,storage_server,1,4.8,4.8
Aplicación,wso2,open_banking_km,1,9.8,9.8
Aplicación,wso2,open_banking_iam,1,9.8,9.8
Aplicación,yzmcms,yzmcms,1,,
Aplicación,yws,bunnypress_lite,1,6.1,6.1
Aplicación,yuzopro,yuzo,1,,
Aplicación,yui_project,yui,1,6.1,6.1
Aplicación,yuba,u5cms,1,6.1,6.1
Aplicación,dvdfab,12_player,1,7.5,7.5
Aplicación,duplicatepro,duplicate_page,1,4.8,4.8
Aplicación,wpswings,pdf_generator_for_wordpress,1,6.1,6.1
Aplicación,emby,emby,1,9.8,9.8
Aplicación,embedthis,goahead,1,8.1,8.1
Aplicación,embedthis,appweb,1,,
Aplicación,embed_swagger_project,embed_swagger,1,6.1,6.1
Aplicación,wso2,governance_registry,1,4.8,4.8
Aplicación,wso2,enterprise_mobility_manager,1,4.8,4.8
Aplicación,wso2,data_services_server,1,4.8,4.8
Aplicación,wso2,dashboard_server,1,4.8,4.8
Aplicación,wso2,complex_event_processor,1,4.8,4.8
Aplicación,wso2,business_rules_server,1,4.8,4.8
Aplicación,xuxueli,xxl-job,1,6.1,6.1
Aplicación,xpdfreader,xpdf,1,7.8,7.8
Aplicación,dukapress,dukapress,1,,
Hardware,huawei,nova_4,1,7.8,7.8
Hardware,huawei,nova_3e,1,7.8,7.8
Hardware,huawei,nova_2s,1,7.8,7.8
Hardware,huawei,neo-al00d,1,7.8,7.8
Hardware,huawei,columbia-tl00d,1,7.8,7.8
Hardware,huawei,columbia-tl00b,1,7.8,7.8
Hardware,huawei,columbia-al10b,1,7.8,7.8
Hardware,huawei,columbia-al00a,1,7.8,7.8
Hardware,huawei,ch242_v3,1,9.8,9.8
Hardware,huawei,leland-l32a,1,7.8,7.8
Hardware,huawei,leland-l21a,1,7.8,7.8
Hardware,dell,chengming_3991,1,8.8,8.8
Hardware,huawei,katyusha-al10a,1,7.8,7.8
Hardware,huawei,katyusha-al00a,1,7.8,7.8
Hardware,huawei,johnson-tl00d,1,7.8,7.8
Hardware,huawei,honor_9i,1,7.8,7.8
Hardware,huawei,honor_8a,1,7.8,7.8
Hardware,huawei,bh640_v2,1,9.8,9.8
Hardware,huawei,bh622_v2,1,9.8,9.8
Hardware,huawei,bh621_v2,1,9.8,9.8
Hardware,huawei,bh620_v2,1,9.8,9.8
Hardware,huawei,berkeley-tl10,1,7.8,7.8
Hardware,huawei,florida-al20b,1,7.8,7.8
Hardware,huawei,figo-al00a,1,7.8,7.8
Hardware,huawei,leland-al10b,1,7.8,7.8
Hardware,huawei,lelandp-l22c,1,7.8,7.8
Hardware,huawei,lelandp-al00c,1,7.8,7.8
Hardware,huawei,leland-tl10c,1,7.8,7.8
Hardware,huawei,leland-tl10b,1,7.8,7.8
Hardware,huawei,rh5885_v2,1,9.8,9.8
Hardware,huawei,rh2485_v2,1,9.8,9.8
Hardware,huawei,rh2288h_v2,1,9.8,9.8
Hardware,huawei,rh2288e_v2,1,9.8,9.8
Hardware,huawei,rh2288a_v2,1,9.8,9.8
Hardware,huawei,rh2288_v2,1,9.8,9.8
Hardware,huawei,rh2285h_v2,1,9.8,9.8
Hardware,huawei,oceanstor_18500,1,9.8,9.8
Hardware,huawei,rh2268_v2,1,9.8,9.8
Hardware,huawei,rh2265_v2,1,9.8,9.8
Hardware,huawei,honor_20_pro,1,7.8,7.8
Hardware,huawei,gtsoftx3000,1,9.8,9.8
Hardware,huawei,florida-tl10b,1,7.8,7.8
Hardware,huawei,florida-l22,1,7.8,7.8
Hardware,huawei,florida-l21,1,7.8,7.8
Hardware,huawei,florida-l03,1,7.8,7.8
Hardware,huawei,oceanstor_hvs88t,1,9.8,9.8
Hardware,huawei,oceanstor_hvs85t,1,9.8,9.8
Hardware,huawei,oceanstor_18800f,1,9.8,9.8
Hardware,huawei,oceanstor_18800,1,9.8,9.8
Hardware,huawei,rh2285_v2,1,9.8,9.8
Hardware,hikvision,ptz-n5225i-a,1,9.8,9.8
Hardware,huawei,barca-al00,1,7.8,7.8
Hardware,huawei,ares-tl00chw,1,7.8,7.8
Hardware,huawei,ares-al10d,1,7.8,7.8
Hardware,huawei,ares-al00b,1,7.8,7.8
Hardware,huawei,anne-al00,1,7.8,7.8
Hardware,huawei,alp-tl00b,1,7.8,7.8
Hardware,huawei,alp-al00b,1,7.8,7.8
Hardware,huawei,agile_controller-campus,1,9.8,9.8
Hardware,hpe,proliant_ml10_gen9_server,1,9.8,9.8
Hardware,hpe,officeconnect_1920s_8g_ppoe\+,1,8.8,8.8
Hardware,huawei,espace_ecs,1,9.8,9.8
Hardware,hikvision,ds-7616ni-q2\/16p,1,9.8,9.8
Hardware,hikvision,ds-7616ni-q2,1,9.8,9.8
Hardware,hikvision,ds-7616ni-q1,1,9.8,9.8
Hardware,hikvision,ds-7616ni-k1,1,9.8,9.8
Hardware,hikvision,ds-760ni-k1\/4p,1,9.8,9.8
Hardware,hikvision,ds-7608ni-q2\/8p,1,9.8,9.8
Hardware,hpe,officeconnect_1850_6xgt,1,8.8,8.8
Hardware,hpe,officeconnect_1850_48g_4xgt_poe\+,1,8.8,8.8
Hardware,hpe,officeconnect_1850_48g_4xgt,1,8.8,8.8
Hardware,hpe,officeconnect_1850_2xgt\/spf\+,1,8.8,8.8
Hardware,hpe,officeconnect_1850_24g_2xgt_poe\+,1,8.8,8.8
Hardware,hpe,officeconnect_1850_24g_2xgt,1,8.8,8.8
Hardware,hikvision,ids-2pt9a144mxs-d\/t2,1,9.8,9.8
Hardware,huawei,elog,1,9.8,9.8
Hardware,huawei,e6000_chassis,1,9.8,9.8
Hardware,huawei,e6000,1,9.8,9.8
Hardware,huawei,duke-l09i,1,7.8,7.8
Hardware,huawei,cornell-al00a,1,7.8,7.8
Hardware,hpe,officeconnect_1920s_8g,1,8.8,8.8
Hardware,hpe,officeconnect_1920s_48g_4sfp_ppoe\+,1,8.8,8.8
Hardware,hpe,officeconnect_1920s_48g_4sfp,1,8.8,8.8
Hardware,hpe,officeconnect_1920s_24g_2sfp_ppoe\+,1,8.8,8.8
Hardware,hpe,officeconnect_1920s_24g_2sfp_poe\+,1,8.8,8.8
Hardware,hpe,officeconnect_1920s_24g_2sfp,1,8.8,8.8
Hardware,hp,integrated_lights-out_4,1,,
Hardware,huawei,ch240,1,9.8,9.8
Hardware,huawei,ch222,1,9.8,9.8
Hardware,huawei,ch221,1,9.8,9.8
Hardware,huawei,ch220,1,9.8,9.8
Hardware,huawei,ch140,1,9.8,9.8
Hardware,huawei,ch121,1,9.8,9.8
Hardware,huawei,bla-tl00b,1,7.8,7.8
Hardware,huawei,bla-l29c,1,7.8,7.8
Hardware,huawei,bla-al00b,1,7.8,7.8
Hardware,hpe,officeconnect_1820_j9981a,1,8.8,8.8
Hardware,hpe,officeconnect_1820_j9980a,1,8.8,8.8
Hardware,hpe,officeconnect_1820_j9979a,1,8.8,8.8
Hardware,huawei,ch242,1,9.8,9.8
Hardware,lexmark,cx727,1,8.1,8.1
Hardware,lexmark,cx725,1,8.1,8.1
Hardware,lexmark,cx625,1,8.1,8.1
Hardware,lexmark,cx622,1,8.1,8.1
Hardware,lexmark,cx522,1,8.1,8.1
Hardware,lexmark,cx431,1,8.1,8.1
Hardware,lexmark,cx421,1,8.1,8.1
Hardware,lexmark,cs943,1,8.1,8.1
Hardware,lexmark,cs927,1,8.1,8.1
Hardware,lexmark,cs923,1,8.1,8.1
Hardware,lexmark,cs921,1,8.1,8.1
Hardware,huawei,madrid-al00a,1,7.8,7.8
Hardware,lexmark,cs728,1,8.1,8.1
Hardware,lexmark,cs727,1,8.1,8.1
Hardware,lexmark,cs725,1,8.1,8.1
Hardware,lexmark,cs720,1,8.1,8.1
Hardware,lexmark,cs521,1,8.1,8.1
Hardware,lexmark,cs439,1,8.1,8.1
Hardware,lexmark,cs431,1,8.1,8.1
Hardware,lexmark,cs421,1,8.1,8.1
Hardware,lexmark,cs331,1,8.1,8.1
Hardware,lexmark,c923,1,8.1,8.1
Hardware,lexmark,c6160,1,8.1,8.1
Hardware,lexmark,c4150,1,8.1,8.1
Hardware,lexmark,cs827,1,8.1,8.1
Hardware,lexmark,mb2442,1,8.1,8.1
Hardware,lexmark,mb2338,1,8.1,8.1
Hardware,lexmark,mb2236,1,8.1,8.1
Hardware,lexmark,m5270,1,8.1,8.1
Hardware,lexmark,m5255,1,8.1,8.1
Hardware,lexmark,cs820,1,8.1,8.1
Hardware,lexmark,m1342,1,8.1,8.1
Hardware,lexmark,m1246,1,8.1,8.1
Hardware,lexmark,m1242,1,8.1,8.1
Hardware,lexmark,cx944,1,8.1,8.1
Hardware,lexmark,cx943,1,8.1,8.1
Hardware,lexmark,cx730,1,8.1,8.1
Hardware,lexmark,cx931,1,8.1,8.1
Hardware,lexmark,cx930,1,8.1,8.1
Hardware,lexmark,cx924,1,8.1,8.1
Hardware,lexmark,cx923,1,8.1,8.1
Hardware,lexmark,cx922,1,8.1,8.1
Hardware,lexmark,cx921,1,8.1,8.1
Hardware,lexmark,cx920,1,8.1,8.1
Hardware,lexmark,cx86,1,8.1,8.1
Hardware,lexmark,cx827,1,8.1,8.1
Hardware,lexmark,c2535,1,8.1,8.1
Hardware,lexmark,cx820,1,8.1,8.1
Hardware,lexmark,cx735,1,8.1,8.1
Hardware,lexmark,cx942,1,8.1,8.1
Hardware,ifw8,fr8,1,7.5,7.5
Hardware,ifw8,fr6-s,1,7.5,7.5
Hardware,ifw8,fr6,1,7.5,7.5
Hardware,huawei,stanford-l09s,1,7.8,7.8
Hardware,huawei,stanford-l09,1,7.8,7.8
Hardware,huawei,smc2.0,1,9.8,9.8
Hardware,huawei,seco_vsm,1,9.8,9.8
Hardware,huawei,rhone-al00,1,7.8,7.8
Hardware,huawei,rh5885_v3,1,9.8,9.8
Hardware,ifw8,fr5,1,7.5,7.5
Hardware,hytec,hwl-2511-ss,1,9.8,9.8
Hardware,lexmark,c3426,1,8.1,8.1
Hardware,huawei,yale-tl00b,1,7.8,7.8
Hardware,huawei,rh1288a_v2,1,9.8,9.8
Hardware,huawei,rh1288_v2,1,9.8,9.8
Hardware,huawei,paris-l29b,1,7.8,7.8
Hardware,huawei,p20_lite,1,7.8,7.8
Hardware,huawei,p20,1,7.8,7.8
Hardware,huawei,y6_2019,1,7.8,7.8
Hardware,huawei,x8000,1,9.8,9.8
Hardware,huawei,x6000,1,9.8,9.8
Hardware,huawei,usg9500,1,3.7,3.7
Hardware,huawei,uma,1,9.8,9.8
Hardware,huawei,mate_rs,1,7.8,7.8
Hardware,huawei,yalep-al10b,1,7.8,7.8
Hardware,lexmark,c3326,1,8.1,8.1
Hardware,lexmark,c3224,1,8.1,8.1
Hardware,ifw8,fr5-e,1,7.5,7.5
Hardware,lexmark,c2425,1,8.1,8.1
Hardware,lexmark,c2326,1,8.1,8.1
Hardware,lexmark,c2325,1,8.1,8.1
Hardware,lexmark,b3442,1,8.1,8.1
Hardware,lexmark,b3340,1,8.1,8.1
Hardware,lexmark,b2865,1,8.1,8.1
Hardware,lexmark,b2650,1,8.1,8.1
Hardware,lexmark,b2546,1,8.1,8.1
Hardware,lexmark,b2442,1,8.1,8.1
Hardware,infocus,liteshow3,1,9.8,9.8
Hardware,lexmark,b2236,1,8.1,8.1
Hardware,lenovo,storage_v5030,1,9.8,9.8
Hardware,lantronix,securelinx_spider,1,,
Hardware,lantronix,premierwave_2050,1,9.9,9.9
Hardware,huawei,y9_2019,1,7.8,7.8
Hardware,intellian,v60,1,7.5,7.5
Hardware,intellian,v100,1,7.5,7.5
Hardware,intelbras,wrn_342,1,7.5,7.5
Hardware,intelbras,wrn_150,1,,
Hardware,intelbras,win_300,1,7.5,7.5
Hardware,intelbras,nplug,1,,
Hardware,infocus,liteshow4,1,9.8,9.8
Hardware,lexmark,b2338,1,8.1,8.1
Hardware,hikvision,ds-2df6a436x-ael\(t5\),1,9.8,9.8
Hardware,hikvision,ds-2df6a436x-ael\(t3\),1,9.8,9.8
Hardware,hikvision,ds-2df6a425x-ael\(t3\),1,9.8,9.8
Hardware,hikvision,ds-2df6a236x-ael\(t3\),1,9.8,9.8
Hardware,hikvision,ds-2cd4032fwd-\(w\),1,9.8,9.8
Hardware,hikvision,ds-2cd4032fwd-\(p\),1,9.8,9.8
Hardware,hikvision,ds-2cd4032fwd-\(a\),1,9.8,9.8
Hardware,hikvision,ds-2cd4024f-\(w\),1,9.8,9.8
Hardware,hikvision,ds-2cd4024f-\(p\),1,9.8,9.8
Hardware,hikvision,ds-2cd4024f-\(a\),1,9.8,9.8
Hardware,hikvision,ds-2cd4012fwd-\(w\),1,9.8,9.8
Hardware,hpe,officeconnect_1820_j9984a,1,8.8,8.8
Hardware,hikvision,ds-2cd4332fwd-i\(s\),1,9.8,9.8
Hardware,hikvision,ds-2cd4332fwd-i\(h\),1,9.8,9.8
Hardware,hikvision,ds-2cd4324f-i\(z\),1,9.8,9.8
Hardware,hikvision,ds-2cd4324f-i\(s\),1,9.8,9.8
Hardware,hikvision,ds-2cd4324f-i\(h\),1,9.8,9.8
Hardware,hikvision,ds-2cd4312f-i\(z\),1,9.8,9.8
Hardware,hikvision,ds-2cd4312f-i\(s\),1,9.8,9.8
Hardware,hikvision,ds-2cd4312f-i\(h\),1,9.8,9.8
Hardware,hikvision,ds-2cd3726g2-izs,1,9.8,9.8
Hardware,hikvision,ds-2cd3723g2-izs,1,9.8,9.8
Hardware,hikvision,ds-2cd3686g2-izs,1,9.8,9.8
Hardware,hikvision,ds-2cd3663g2-izs,1,9.8,9.8
Hardware,hikvision,ds-2cd4332fwd-i\(z\),1,9.8,9.8
Hardware,hikvision,ds-2df5225x-ael\(t3\),1,9.8,9.8
Hardware,hikvision,ds-2df5225x-ae3\(t3\),1,9.8,9.8
Hardware,hikvision,ds-2cd6412fwd,1,9.8,9.8
Hardware,hikvision,ds-2cd63xx_series,1,9.8,9.8
Hardware,hikvision,ds-2df8250i8x-ael\(t3\),1,9.8,9.8
Hardware,hikvision,ds-2df8242ix-aely\(t3\),1,9.8,9.8
Hardware,hikvision,ds-2df8242ix-aelw\(t3\),1,9.8,9.8
Hardware,hikvision,ds-2df8242ix-ael\(t5\),1,9.8,9.8
Hardware,hikvision,ds-2df8242i5x-aelw\(t5\),1,9.8,9.8
Hardware,hikvision,ds-2df8242i5x-aelw\(t3\),1,9.8,9.8
Hardware,hikvision,ds-2df8242i5x-ael\(t3\),1,9.8,9.8
Hardware,hikvision,ds-2df6a436x-aely\(t5\),1,9.8,9.8
Hardware,hikvision,ds-2df8225ix-aelw\(t5\),1,9.8,9.8
Hardware,hikvision,ds-2cd4232fwd-i\(z\),1,9.8,9.8
Hardware,hikvision,ds-2cd4232fwd-i\(s\),1,9.8,9.8
Hardware,hikvision,ds-2cd4232fwd-i\(h\),1,9.8,9.8
Hardware,hikvision,ds-2cd4224f-i\(z\),1,9.8,9.8
Hardware,hikvision,ds-2cd4224f-i\(s\),1,9.8,9.8
Hardware,hikvision,ds-2cd4224f-i\(h\),1,9.8,9.8
Hardware,hikvision,ds-2cd4212fwd-i\(z\),1,9.8,9.8
Hardware,hikvision,ds-2df7225ix-aelw\(t3\),1,9.8,9.8
Hardware,hikvision,ds-2df7225ix-ael\(t3\),1,9.8,9.8
Hardware,hikvision,ds-2df6a836x-ael\(t5\),1,9.8,9.8
Hardware,hikvision,ds-2df6a825x-ael,1,9.8,9.8
Hardware,hikvision,ds-2df8236i5x-aelw,1,9.8,9.8
Hardware,hikvision,ds-2cd3743g2-izs,1,9.8,9.8
Hardware,hikvision,ds-2cd3123g2-i\(s\)u,1,9.8,9.8
Hardware,hikvision,ds-2cd3086g2-is,1,9.8,9.8
Hardware,hikvision,ds-2cd3063g2-iu,1,9.8,9.8
Hardware,hikvision,ds-2cd3056g2iu\/sl,1,9.8,9.8
Hardware,hikvision,ds-2cd3056g2-iu\/sl,1,9.8,9.8
Hardware,hikvision,ds-2cd3056g2-is,1,9.8,9.8
Hardware,hikvision,ds-2cd3047g2-ls,1,9.8,9.8
Hardware,hikvision,ds-2cd3623g2-izs,1,9.8,9.8
Hardware,hikvision,ds-2cd3586g2-is,1,9.8,9.8
Hardware,hikvision,ds-2cd3563g2-is,1,9.8,9.8
Hardware,hikvision,ds-2cd3656g2-izs,1,9.8,9.8
Hardware,hikvision,ds-2cd3547g2-ls,1,9.8,9.8
Hardware,hikvision,ds-2cd3543g2-is,1,9.8,9.8
Hardware,hikvision,ds-2cd3526g2-is,1,9.8,9.8
Hardware,hikvision,ds-2cd3523g2-is,1,9.8,9.8
Hardware,hikvision,ds-2cd3386g2-is\(u\),1,9.8,9.8
Hardware,hikvision,ds-2cd2766g2-izs,1,9.8,9.8
Hardware,hikvision,ds-2cd2763g2-izs,1,9.8,9.8
Hardware,hikvision,ds-2cd2743g2-izs,1,9.8,9.8
Hardware,hikvision,ds-2cd2732f-i\(s\),1,9.8,9.8
Hardware,hikvision,ds-2cd2723g2-izs,1,9.8,9.8
Hardware,hikvision,ds-2cd2721g0-i\(z\)\(s\),1,9.8,9.8
Hardware,hikvision,ds-2cd2712f-i\(s\),1,9.8,9.8
Hardware,hikvision,ds-2cd3556g2-is,1,9.8,9.8
Hardware,hikvision,ds-2cd3643g2-izs,1,9.8,9.8
Hardware,hikvision,ds-2cd3626g2-izs,1,9.8,9.8
Hardware,hikvision,ds-2cd4212fwd-i\(s\),1,9.8,9.8
Hardware,hikvision,ds-2cd4212fwd-i\(h\),1,9.8,9.8
Hardware,hikvision,ds-2cd4212f-i\(z\),1,9.8,9.8
Hardware,hikvision,ds-2cd4212f-i\(s\),1,9.8,9.8
Hardware,hikvision,ds-2cd4212f-i\(h\),1,9.8,9.8
Hardware,hikvision,ds-2cd4132fwd-i\(z\),1,9.8,9.8
Hardware,hikvision,ds-2cd4124f-i\(z\),1,9.8,9.8
Hardware,hikvision,ds-2cd4112fwd-i\(z\),1,9.8,9.8
Hardware,hikvision,ds-2cd4112f-i\(z\),1,9.8,9.8
Hardware,hikvision,ds-2cd3386g2-is,1,9.8,9.8
Hardware,hikvision,ds-2cd3756g2-izs,1,9.8,9.8
Hardware,hikvision,ds-2cd3356g2-isu\/sl,1,9.8,9.8
Hardware,hikvision,ds-2cd3356g2-is\(u\),1,9.8,9.8
Hardware,hikvision,ds-2cd3356g2-is,1,9.8,9.8
Hardware,hikvision,ds-2cd3347g2-ls\(u\),1,9.8,9.8
Hardware,hikvision,ds-2cd3343g2-iu,1,9.8,9.8
Hardware,hikvision,ds-2cd4012fwd-\(p\),1,9.8,9.8
Hardware,hikvision,ds-2cd4012fwd-\(a\),1,9.8,9.8
Hardware,hikvision,ds-2cd4012f-\(w\),1,9.8,9.8
Hardware,hikvision,ds-2cd4012f-\(p\),1,9.8,9.8
Hardware,hikvision,ds-2cd4012f-\(a\),1,9.8,9.8
Hardware,hikvision,ds-2cd3786g2-izs,1,9.8,9.8
Hardware,hikvision,ds-2cd3763g2-izs,1,9.8,9.8
Hardware,hikvision,ds-2cd3363g2-iu,1,9.8,9.8
Hardware,hikvision,ds-7608ni-q2,1,9.8,9.8
Hardware,hikvision,ds-7608ni-q1\/8p,1,9.8,9.8
Hardware,hikvision,ds-7608ni-q1,1,9.8,9.8
Hardware,hikvision,ds-7608ni-k1\/8p\/4g,1,9.8,9.8
Hardware,hikvision,ds-7608ni-k1\/8p,1,9.8,9.8
Hardware,hikvision,ds-7608ni-k1\/4g,1,9.8,9.8
Hardware,hikvision,ds-7608ni-k1,1,9.8,9.8
Hardware,hikvision,ds-7604ni-q1\/4p,1,9.8,9.8
Hardware,hikvision,ds-7604ni-q1,1,9.8,9.8
Hardware,hikvision,ds-2td6237-75c4l\/w,1,9.8,9.8
Hardware,hikvision,ds-2td6237-50h4l\/w,1,9.8,9.8
Hardware,hikvision,ds-2df5232x-ae3\)t3\),1,9.8,9.8
Hardware,hikvision,ds-2td4167-50\/w,1,9.8,9.8
Hardware,hikvision,ds-2td4167-25\/w,1,9.8,9.8
Hardware,hikvision,ds-2td4166t-9,1,9.8,9.8
Hardware,hikvision,ds-2td4137-50\/w,1,9.8,9.8
Hardware,hikvision,ds-7104ni-q1\/4p\/m,1,9.8,9.8
Hardware,hikvision,ds-7104ni-q1\/4p,1,9.8,9.8
Hardware,hikvision,ds-7104ni-q1,1,9.8,9.8
Hardware,hikvision,ds-2xe6482f-izhrs,1,9.8,9.8
Hardware,hikvision,ds-2xe6452f-izh\(r\)s,1,9.8,9.8
Hardware,hikvision,ds-2xe6442f-izhrs\(b\),1,9.8,9.8
Hardware,hikvision,ds-2xe6422fwd-izhrs,1,9.8,9.8
Hardware,hikvision,ds-2xe6242f-is\/316l\(b\),1,9.8,9.8
Hardware,hikvision,ds-2td6236t-50h2l,1,9.8,9.8
Hardware,hpe,officeconnect_1820_j9983a,1,8.8,8.8
Hardware,hpe,officeconnect_1820_j9982a,1,8.8,8.8
Hardware,hikvision,ds-7604ni-k1\/4p\/4g,1,9.8,9.8
Hardware,hikvision,ds-7604ni-k1,1,9.8,9.8
Hardware,hikvision,ds-7108ni-q1\/m,1,9.8,9.8
Hardware,hikvision,ds-7108ni-q1\/8p\/m,1,9.8,9.8
Hardware,hikvision,ds-7108ni-q1\/8p,1,9.8,9.8
Hardware,hikvision,ds-7108ni-q1,1,9.8,9.8
Hardware,hikvision,ds-7104ni-q1\/m,1,9.8,9.8
Hardware,hikvision,ptz-n4225i-de,1,9.8,9.8
Hardware,hikvision,ptz-n4215i-de,1,9.8,9.8
Hardware,hikvision,ds-2td8166-150zh2f\/v2,1,9.8,9.8
Hardware,hikvision,ptz-n2404i-de3,1,9.8,9.8
Hardware,hikvision,ptz-n2204i-de3,1,9.8,9.8
Hardware,hikvision,ids-2vs435-f840-ey\(t3\),1,9.8,9.8
Hardware,hikvision,ids-2vs435-f840-ey,1,9.8,9.8
Hardware,hikvision,ids-2sk8144ixs-d\/j,1,9.8,9.8
Hardware,hikvision,ids-2sk718mxs-d,1,9.8,9.8
Hardware,hikvision,ds-2td8167-230zg2f\/w,1,9.8,9.8
Hardware,hikvision,ds-2td8167-190ze2f\/wy,1,9.8,9.8
Hardware,hikvision,ds-2td8167-190ze2f\/w,1,9.8,9.8
Hardware,hikvision,ds-2td8167-150zc4f\/w,1,9.8,9.8
Hardware,hikvision,ds-2td8166-75c2f\/v2,1,9.8,9.8
Hardware,hikvision,ds-2td8166-180ze2f\/v2,1,9.8,9.8
Hardware,hikvision,ptz-n4215-de3,1,9.8,9.8
Hardware,hikvision,ds-2td1217b-3\/pa,1,9.8,9.8
Hardware,hikvision,ds-2td1117-6\/pa,1,9.8,9.8
Hardware,hikvision,ds-2td1117-3\/pa,1,9.8,9.8
Hardware,hikvision,ds-2td1117-2\/pa,1,9.8,9.8
Hardware,hikvision,ds-2dyh2a0ixs-d\(t2\),1,9.8,9.8
Hardware,hikvision,ds-2dy9250izs-a\(t5\),1,9.8,9.8
Hardware,hikvision,ds-2df8225ix-aelw\(t3\),1,9.8,9.8
Hardware,hikvision,ds-2df8225ix-ael\(t5\),1,9.8,9.8
Hardware,hikvision,ds-2df8225ix-ael\(t3\),1,9.8,9.8
Hardware,hikvision,ds-2df8225ih-ael\(w\),1,9.8,9.8
Hardware,hikvision,ds-2df8225ih-ael,1,9.8,9.8
Hardware,hikvision,ds-2td8167-230zg2f\/wy,1,9.8,9.8
Hardware,hikvision,ds-2df7232ix-ael\(t3\),1,9.8,9.8
Hardware,hikvision,ds-2df8a842ixs-ael\(t5\),1,9.8,9.8
Hardware,hikvision,ds-2df8a442nxs-ael\(t5\),1,9.8,9.8
Hardware,hikvision,ds-2df8a442ixs-af\/sp\(t5\),1,9.8,9.8
Hardware,hikvision,ds-2df8a442ixs-aely\(t5\),1,9.8,9.8
Hardware,hikvision,ds-2df8a442ixs-ael\(t5\),1,9.8,9.8
Hardware,hikvision,ds-2df8a442ixs-ael\(t2\),1,9.8,9.8
Hardware,hikvision,ds-2df8442ixs-aely\(t5\),1,9.8,9.8
Hardware,hikvision,ds-2df8442ixs-aelwy\(t5\),1,9.8,9.8
Hardware,hikvision,ds-2df8442ixs-aelw\(t5\),1,9.8,9.8
Hardware,hikvision,ds-2df6a225x-ael\)t3\),1,9.8,9.8
Hardware,hikvision,ds-2df5232x-ael\(t3\),1,9.8,9.8
Hardware,hikvision,ds-2df7232ix-aelw\(t3\),1,9.8,9.8
Hardware,hikvision,ds-2dy92500x-a\(t5\),1,9.8,9.8
Hardware,hikvision,ds-2dy9240ix-a\(t5\),1,9.8,9.8
Hardware,hikvision,ds-2dy9236x-a\(t3\),1,9.8,9.8
Hardware,hikvision,ds-2dy9236ix-a\(t3\),1,9.8,9.8
Hardware,hikvision,ds-2dy9236i8x-a\(t3\),1,9.8,9.8
Hardware,hikvision,ds-2dy9236i8x-a,1,9.8,9.8
Hardware,hikvision,ds-2dfx_series,1,9.8,9.8
Hardware,hikvision,ds-2td8166-150ze2f\/v2,1,9.8,9.8
Hardware,hikvision,ds-2td8166-100c2f\/v2,1,9.8,9.8
Hardware,hikvision,ds-2td6267-75c4l\/wy,1,9.8,9.8
Hardware,hikvision,ds-2td6267-75c4l\/w,1,9.8,9.8
Hardware,hikvision,ds-2td6267-50h4l\/w,1,9.8,9.8
Hardware,hikvision,ds-2td1217b-6\/pa,1,9.8,9.8
Hardware,hikvision,ds-2td6267-100c4l\/w,1,9.8,9.8
Hardware,hikvision,ds-2td6266t-50h2l,1,9.8,9.8
Hardware,hikvision,ds-2td6266t-25h2l,1,9.8,9.8
Hardware,hikvision,ds-2df8442ixs-aelw\(t2\),1,9.8,9.8
Hardware,hikvision,ds-2df8442ixs-ael\(t5\),1,9.8,9.8
Hardware,hikvision,ds-2df8436i5x-aelw\(t3\),1,9.8,9.8
Hardware,hikvision,ds-2df8425ix-aelw\(t5\),1,9.8,9.8
Hardware,hikvision,ds-2df8425ix-aelw\(t3\),1,9.8,9.8
Hardware,hikvision,ds-2df8425ix-ael\(t5\),1,9.8,9.8
Hardware,hikvision,ds-2df8425ix-ael\(t3\),1,9.8,9.8
Hardware,hikvision,ds-2td4137-25\/w,1,9.8,9.8
Hardware,hikvision,ds-2td4136t-9,1,9.8,9.8
Hardware,hikvision,ds-2td6267-100c4l\/wy,1,9.8,9.8
Aplicación,percha,com_perchadownloadsattach,1,,
Hardware,qualcomm,ipq8065,1,7.8,7.8
Hardware,qualcomm,ipq8064,1,7.8,7.8
Hardware,qualcomm,ipq6028,1,7.8,7.8
Hardware,qualcomm,msm8940,1,7.8,7.8
Hardware,qualcomm,msm8937,1,7.8,7.8
Hardware,qualcomm,msm8920,1,7.8,7.8
Hardware,qualcomm,msm8905,1,7.8,7.8
Hardware,qualcomm,msm8608,1,8.4,8.4
Aplicación,photoxhibit_project,photoxhibit,1,,
Aplicación,phonepe,phonepe,1,5.8,5.8
Hardware,lexmark,mb2546,1,8.1,8.1
Aplicación,pgadmin,pgadmin_4,1,8.8,8.8
Aplicación,pfsense,pfsense,1,8.8,8.8
Aplicación,pfsense,pfblockerng,1,9.8,9.8
Hardware,qualcomm,immersive_home_214_platform,1,7.8,7.8
Hardware,qualcomm,ipq8174,1,7.8,7.8
Hardware,qualcomm,ipq8173,1,7.8,7.8
Hardware,qualcomm,ipq8078a,1,7.8,7.8
Hardware,qualcomm,ipq8078,1,7.8,7.8
Hardware,qualcomm,ipq8076a,1,7.8,7.8
Hardware,qualcomm,ipq8076,1,7.8,7.8
Hardware,qualcomm,ipq8074a,1,7.8,7.8
Hardware,qualcomm,ipq8072a,1,7.8,7.8
Aplicación,phoenixframework,phoenix,1,,
Aplicación,oturia,smart_google_code_inserter,1,,
Aplicación,ossrs,simple_realtime_server,1,7.5,7.5
Aplicación,percha,com_perchagallery,1,,
Aplicación,oracle,soa_suite,1,9.8,9.8
Aplicación,percha,com_perchacategoriestree,1,,
Aplicación,pentasecurity,wapples,1,9.8,9.8
Aplicación,pega,infinity,1,9.8,9.8
Aplicación,paysyspro,com_wmi,1,,
Aplicación,payeezy,wp_payeezy_pay,1,,
Aplicación,payara,micro_community,1,7.5,7.5
Aplicación,pauple,tablesome,1,6.1,6.1
Aplicación,percha,com_perchafieldsattach,1,,
Aplicación,patreon,patreon_wordpress,1,7.5,7.5
Aplicación,parsi-font_project,parsi-font,1,,
Hardware,qualcomm,msm8960,1,7.8,7.8
Aplicación,peter_hocherl,com_tweetla,1,,
Aplicación,peter_hocherl,com_travelbook,1,,
Aplicación,permalink_manager_project,permalink_manager,1,6.1,6.1
Aplicación,permalink_manager_lite_project,permalink_manager_lite,1,6.1,6.1
Aplicación,perfsonar,perfsonar,1,8.6,8.6
Aplicación,percussion,rhythmyx,1,10.0,10.0
Aplicación,percha,com_perchaimageattach,1,,
Hardware,qualcomm,msm8209,1,8.4,8.4
Hardware,qualcomm,msm8108,1,8.4,8.4
Aplicación,patsatech,sagepay_server_gateway_for_woocommerce,1,,
Aplicación,bouqueteditor_project,bouqueteditor,1,,
Hardware,qsan,xn8008t,1,6.1,6.1
Hardware,powertekpdus,smart_pos,1,9.8,9.8
Hardware,powertekpdus,smart_poms,1,9.8,9.8
Hardware,powertekpdus,smart_pom,1,9.8,9.8
Hardware,onkyo,tx-nr585,1,7.5,7.5
Hardware,nuuo,nvrsolo,1,6.1,6.1
Hardware,nuuo,nvrmini2,1,9.8,9.8
Hardware,nuuo,nvrmini,1,9.8,9.8
Hardware,qualcomm,apq8053-aa,1,7.8,7.8
Hardware,qualcomm,apq8037,1,7.8,7.8
Hardware,qualcomm,ipq8071a,1,7.8,7.8
Hardware,qualcomm,8998,1,7.8,7.8
Hardware,qualcomm,8953pro,1,7.8,7.8
Hardware,qualcomm,8098,1,7.8,7.8
Hardware,qsan,xn8024r,1,6.1,6.1
Aplicación,blackberry,good_control,1,9.8,9.8
Aplicación,biqs,biqsdrive,1,7.5,7.5
Aplicación,bukulokomedia,lokomedia_cms,1,,
Aplicación,phpgurukul,cyber_cafe_management_system,1,9.8,9.8
Aplicación,phpgurukul,art_gallery_management_system,1,6.1,6.1
Aplicación,phpfastcache,phpfastcache,1,5.4,5.4
Aplicación,phpcollab,phpcollab,1,,
Aplicación,phpcms,phpcms,1,,
Hardware,qualcomm,apq5053-aa,1,7.8,7.8
Hardware,qualcomm,ipq8070a,1,7.8,7.8
Hardware,qualcomm,ipq8070,1,7.8,7.8
Hardware,qualcomm,ipq8068,1,7.8,7.8
Hardware,qualcomm,csr8811,1,7.8,7.8
Hardware,qualcomm,ar9380,1,7.8,7.8
Hardware,qualcomm,apq8053-ac,1,7.8,7.8
Hardware,qualcomm,ipq6018,1,7.8,7.8
Hardware,qualcomm,ipq6010,1,7.8,7.8
Hardware,qualcomm,ipq5010,1,7.8,7.8
Hardware,qualcomm,ipq4029,1,7.8,7.8
Hardware,qualcomm,ipq4028,1,7.8,7.8
Hardware,qualcomm,ipq4019,1,7.8,7.8
Aplicación,bqe,billquick_web_suite,1,9.8,9.8
Hardware,qualcomm,immersive_home_318_platform,1,7.8,7.8
Hardware,qualcomm,immersive_home_316_platform,1,7.8,7.8
Hardware,qualcomm,immersive_home_216_platform,1,7.8,7.8
Aplicación,bueltge,adminimize,1,,
Aplicación,buddypress,buddypress,1,8.1,8.1
Aplicación,browserweb,whizz,1,,
Aplicación,broadcom,symantec_messaging_gateway,1,7.5,7.5
Aplicación,brizy,unyson,1,7.2,7.2
Aplicación,breedveld,com_album,1,,
Aplicación,brandexponents,tatsu,1,8.1,8.1
Aplicación,brainstormforce,ultimate_addons_for_elementor,1,6.5,6.5
Aplicación,brafton,brafton,1,6.1,6.1
Hardware,qualcomm,ipq4018,1,7.8,7.8
Hardware,qualcomm,qca9898,1,7.8,7.8
Hardware,qualcomm,qca9889,1,7.8,7.8
Hardware,qualcomm,qca9888,1,7.8,7.8
Hardware,qualcomm,qca9886,1,7.8,7.8
Hardware,qualcomm,qca9880,1,7.8,7.8
Aplicación,oracle,retail_bulk_data_integration,1,9.8,9.8
Aplicación,oracle,retail_assortment_planning,1,9.8,9.8
Aplicación,oracle,policy_automation_for_mobile_devices,1,9.8,9.8
Aplicación,oracle,policy_automation_connector_for_siebel,1,9.8,9.8
Aplicación,oracle,policy_automation,1,9.8,9.8
Aplicación,oracle,identity_manager,1,9.8,9.8
Aplicación,ovirt,ovirt-engine,1,7.8,7.8
Aplicación,oracle,identity_analytics,1,9.8,9.8
Aplicación,oracle,hyperion_financial_reporting,1,6.9,6.9
Aplicación,oracle,hyperion_calculation_manager,1,6.5,6.5
Aplicación,oracle,peoplesoft_enterprise,1,7.5,7.5
Aplicación,oracle,retail_point-of-sale,1,5.9,5.9
Aplicación,oracle,retail_order_management_system,1,8.1,8.1
Aplicación,oracle,retail_invoice_matching,1,8.1,8.1
Aplicación,oracle,retail_insights,1,8.1,8.1
Aplicación,oracle,retail_financial_integration,1,9.8,9.8
Aplicación,oracle,retail_extract_transform_and_load,1,9.8,9.8
Hardware,qualcomm,qca6174,1,8.4,8.4
Hardware,qualcomm,qca4024,1,7.8,7.8
Aplicación,oracle,identity_management_suite,1,9.8,9.8
Hardware,qualcomm,qcn9022,1,7.8,7.8
Aplicación,oracle,health_sciences_data_management_workbench,1,7.2,7.2
Aplicación,oracle,goldengate_for_big_data,1,5.9,5.9
Hardware,qualcomm,qca8075,1,7.8,7.8
Aplicación,bestwebsoft,social_login,1,,
Aplicación,bestwebsoft,social_buttons_pack,1,,
Aplicación,bestwebsoft,smtp,1,,
Aplicación,bestwebsoft,sender,1,,
Aplicación,bologer,anycomment,1,6.1,6.1
Aplicación,bold-themes,bello,1,6.1,6.1
Aplicación,boka,siteengine,1,,
Hardware,qualcomm,qca9980,1,7.8,7.8
Aplicación,blueflyingfish.no-ip,com_orgchart,1,,
Aplicación,bludit,bludit,1,6.1,6.1
Aplicación,blogengine,blogengine.net,1,6.1,6.1
Aplicación,blocksera,image_hover_effects,1,9.8,9.8
Hardware,qualcomm,qca7500,1,7.8,7.8
Aplicación,oracle,oss_support_tools,1,6.9,6.9
Aplicación,oracle,openjdk,1,5.3,5.3
Aplicación,oracle,mysql_server,1,5.4,5.4
Aplicación,oracle,mysql,1,,
Aplicación,oracle,micros_relate_crm_software,1,9.8,9.8
Aplicación,oracle,micros_lucas,1,8.1,8.1
Aplicación,oracle,management_pack,1,8.1,8.1
Aplicación,bluespire,aurelia-path,1,9.1,9.1
Aplicación,oracle,siebel_mobile,1,6.9,6.9
Aplicación,oracle,siebel_e-billing,1,,
Aplicación,osclass,osclass,1,,
Aplicación,orchardproject,orchard,1,,
Aplicación,oracle,webcenter_content,1,,
Aplicación,oracle,vm_virtualbox,1,9.8,9.8
Aplicación,oracle,virtualbox,1,8.8,8.8
Aplicación,oracle,virtual_desktop_infrastructure,1,9.8,9.8
Aplicación,oracle,utilities_work_and_asset_management,1,9.8,9.8
Hardware,qualcomm,pmi8994,1,7.8,7.8
Hardware,qualcomm,pmd9655au,1,6.2,6.2
Aplicación,oracle,managed_file_transfer,1,7.0,7.0
Aplicación,oracle,utilities_advanced_spatial_and_operational_analytics,1,9.8,9.8
Aplicación,oracle,user_management,1,7.5,7.5
Aplicación,oracle,tuxedo_system_and_applications_monitor,1,8.1,8.1
Aplicación,oracle,timesten_in-memory_database,1,9.8,9.8
Aplicación,pandorafms,pandora_fms,1,8.8,8.8
Aplicación,panda_pods_repeater_field_project,panda_pods_repeater_field,1,5.4,5.4
Aplicación,palletsprojects,werkzeug,1,7.5,7.5
Aplicación,page-layout-builder_project,page-layout-builder,1,,
Aplicación,ozette,simple_mobile_url_redirect,1,4.3,4.3
Aplicación,oxilab,shortcode_addons,1,9.8,9.8
Aplicación,oxilab,accordions,1,9.8,9.8
Aplicación,owncast_project,owncast,1,6.5,6.5
Aplicación,oracle,retail_price_management,1,8.1,8.1
Aplicación,oracle,jrockit,1,9.8,9.8
Aplicación,oracle,jdeveloper,1,9.8,9.8
Aplicación,oracle,siebel_core_-_automation,1,5.3,5.3
Aplicación,oracle,siebel_apps_-_marketing,1,7.0,7.0
Aplicación,oracle,siebel_apps_-_e-billing,1,9.8,9.8
Aplicación,oracle,service_architecture_leveraging_tuxedo,1,5.9,5.9
Aplicación,oracle,secure_backup,1,9.8,9.8
Aplicación,oracle,retail_store_inventory_management,1,8.1,8.1
Aplicación,oracle,retail_service_backbone,1,9.8,9.8
Aplicación,oracle,retail_sales_audit,1,9.8,9.8
Hardware,qualcomm,pmk8001,1,7.8,7.8
Hardware,qualcomm,pmi8996,1,7.8,7.8
Aplicación,oracle,retail_clearance_optimization_engine,1,9.8,9.8
Aplicación,oracle,peoplesoft_enterprise_fin_install,1,9.8,9.8
Aplicación,oracle,retail_point-of-service,1,8.1,8.1
Aplicación,oracle,time_and_labor,1,6.5,6.5
Aplicación,oracle,tekelec_platform_distribution,1,7.8,7.8
Aplicación,oracle,tarantella_enterprise,1,,
Aplicación,oracle,tape_virtual_storage_manager_gui,1,9.8,9.8
Aplicación,oracle,stream_analytics,1,5.3,5.3
Aplicación,oracle,storagetek_acsls,1,6.9,6.9
Aplicación,oracle,solaris_cluster,1,6.5,6.5
Hardware,qualcomm,pm8996,1,7.8,7.8
Hardware,qualcomm,pm8940,1,7.8,7.8
Hardware,qualcomm,pmm8920au,1,8.4,8.4
Aplicación,oracle,peoplesoft_enterprise_human_capital_management_resources,1,6.9,6.9
Hardware,megatech,msnswitch,1,9.8,9.8
Hardware,lexmark,xc4143,1,8.1,8.1
Hardware,linksys,re6500,1,9.8,9.8
Hardware,lg,n1a1,1,9.8,9.8
Hardware,lexmark,xm7370,1,8.1,8.1
Hardware,lexmark,xm7355,1,8.1,8.1
Hardware,lexmark,xm5370,1,8.1,8.1
Hardware,lexmark,xm5365,1,8.1,8.1
Hardware,lexmark,xm3250,1,8.1,8.1
Hardware,lexmark,xm3142,1,8.1,8.1
Hardware,lexmark,xm1342,1,8.1,8.1
Aplicación,php_curl_class_project,php_curl_class,1,6.1,6.1
Hardware,lexmark,xm1242,1,8.1,8.1
Hardware,lexmark,xc9465,1,8.1,8.1
Hardware,lexmark,xc9455,1,8.1,8.1
Hardware,lexmark,xc9445,1,8.1,8.1
Hardware,lexmark,xc9335,1,8.1,8.1
Hardware,lexmark,mx331,1,8.1,8.1
Hardware,lexmark,xc9265,1,8.1,8.1
Hardware,lexmark,xc9255,1,8.1,8.1
Hardware,lexmark,xc9245,1,8.1,8.1
Hardware,lexmark,xc9235,1,8.1,8.1
Hardware,lexmark,xc9225,1,8.1,8.1
Hardware,lexmark,xc8163,1,8.1,8.1
Hardware,lexmark,xm1246,1,8.1,8.1
Hardware,netapp,fas2720,1,7.8,7.8
Hardware,netapp,c250,1,8.3,8.3
Hardware,netapp,c190,1,7.8,7.8
Hardware,netapp,aff_baseboard_management_controller,1,7.8,7.8
Hardware,netapp,aff_a700s,1,7.8,7.8
Hardware,netapp,aff_a400,1,8.3,8.3
Hardware,netapp,aff_a250,1,8.3,8.3
Hardware,netapp,aff_500f,1,8.3,8.3
Hardware,netapp,a800,1,7.8,7.8
Hardware,netgear,d6100,1,9.8,9.8
Hardware,lexmark,xc9325,1,8.1,8.1
Hardware,mercusys,mercury_x18g,1,5.3,5.3
Hardware,netapp,a320,1,7.8,7.8
Hardware,netapp,a220,1,7.8,7.8
Hardware,netapp,8700,1,6.6,6.6
Hardware,netapp,8300,1,6.6,6.6
Hardware,mt,ind780,1,7.5,7.5
Hardware,motorola,surfboard_sbv6120e,1,,
Hardware,motorola,razr_m,1,7.8,7.8
Hardware,motorola,razr_hd,1,7.8,7.8
Hardware,motorola,atrix_hd,1,7.8,7.8
Hardware,mitel,shoretel,1,6.1,6.1
Hardware,microchip,syncserver_s650,1,9.8,9.8
Hardware,mi,millet_router_3g,1,7.5,7.5
Hardware,netapp,a400,1,6.6,6.6
Hardware,lexmark,ms826,1,8.1,8.1
Hardware,lexmark,ms825,1,8.1,8.1
Hardware,lexmark,ms823,1,8.1,8.1
Hardware,lexmark,ms822,1,8.1,8.1
Hardware,lexmark,ms821,1,8.1,8.1
Hardware,lexmark,ms725,1,8.1,8.1
Hardware,lexmark,ms622,1,8.1,8.1
Hardware,lexmark,ms621,1,8.1,8.1
Hardware,lexmark,ms521,1,8.1,8.1
Hardware,lexmark,ms439,1,8.1,8.1
Hardware,lexmark,ms431,1,8.1,8.1
Hardware,lexmark,xc8160,1,8.1,8.1
Hardware,lexmark,ms331,1,8.1,8.1
Hardware,lexmark,ms321,1,8.1,8.1
Hardware,lexmark,cx825,1,8.1,8.1
Hardware,lexmark,mc3326,1,8.1,8.1
Hardware,lexmark,mc3224,1,8.1,8.1
Hardware,lexmark,mc2640,1,8.1,8.1
Hardware,lexmark,mc2535,1,8.1,8.1
Hardware,lexmark,mc2425,1,8.1,8.1
Hardware,lexmark,mc2325,1,8.1,8.1
Hardware,lexmark,mb3442,1,8.1,8.1
Hardware,lexmark,mb2770,1,8.1,8.1
Hardware,lexmark,mb2650,1,8.1,8.1
Hardware,lexmark,ms421,1,8.1,8.1
Hardware,lexmark,xc8155,1,8.1,8.1
Hardware,lexmark,xc6153,1,8.1,8.1
Hardware,lexmark,xc6152,1,8.1,8.1
Hardware,lexmark,xc4352,1,8.1,8.1
Hardware,lexmark,xc4342,1,8.1,8.1
Hardware,lexmark,xc4240,1,8.1,8.1
Hardware,lexmark,xc4153,1,8.1,8.1
Hardware,lexmark,xc4150,1,8.1,8.1
Hardware,lexmark,mc3426,1,8.1,8.1
Hardware,lexmark,xc4140,1,8.1,8.1
Hardware,lexmark,xc2326,1,8.1,8.1
Hardware,lexmark,xc2235,1,8.1,8.1
Hardware,lexmark,mx321,1,8.1,8.1
Hardware,lexmark,mx826,1,8.1,8.1
Hardware,lexmark,mx822,1,8.1,8.1
Hardware,lexmark,mx725,1,8.1,8.1
Hardware,lexmark,mx722,1,8.1,8.1
Hardware,lexmark,mx721,1,8.1,8.1
Hardware,lexmark,mx622,1,8.1,8.1
Hardware,lexmark,mx522,1,8.1,8.1
Hardware,lexmark,mx521,1,8.1,8.1
Hardware,lexmark,mx432,1,8.1,8.1
Hardware,lexmark,mx431,1,8.1,8.1
Hardware,lexmark,mx421,1,8.1,8.1
Hardware,lexmark,m3250,1,8.1,8.1
Hardware,lexmark,mx931,1,8.1,8.1
Hardware,netgear,wndap660,1,9.8,9.8
Hardware,netgear,wndap360,1,9.8,9.8
Hardware,netgear,wndap350,1,9.8,9.8
Hardware,netgear,wndap210v2,1,9.8,9.8
Hardware,netgear,wnap320,1,9.8,9.8
Hardware,netgear,wn802tv2,1,9.8,9.8
Hardware,netgear,wn604,1,9.8,9.8
Hardware,netis-systems,wf2419,1,7.5,7.5
Hardware,netgear,wnr618,1,9.8,9.8
Hardware,netgear,wnr614,1,9.8,9.8
Hardware,netgear,wnr2500,1,9.8,9.8
Hardware,netapp,fas2750,1,7.8,7.8
Hardware,netgear,wnr2050,1,9.8,9.8
Hardware,netgear,wnr2020,1,9.8,9.8
Hardware,netgear,r7400,1,8.8,8.8
Hardware,netgear,r7350,1,8.8,8.8
Hardware,netgear,r7300dst,1,8.8,8.8
Hardware,netgear,r7200,1,8.8,8.8
Hardware,netgear,r7100lg,1,8.8,8.8
Hardware,netgear,r7000,1,8.8,8.8
Hardware,netgear,r6850,1,8.8,8.8
Hardware,netgear,wndr4700,1,9.8,9.8
Hardware,netgear,wndr4500v3,1,9.8,9.8
Hardware,netgear,wndr4500,1,8.1,8.1
Hardware,netgear,wnr2200,1,9.8,9.8
Aplicación,admin_word_count_column_project,admin_word_count_column,1,9.8,9.8
Aplicación,php-fusion,php-fusion,1,8.8,8.8
Aplicación,place,placeos_authentication,1,6.1,6.1
Hardware,oracle,micros_workstation_6,1,7.8,7.8
Hardware,oracle,micros_workstation_5a,1,7.8,7.8
Hardware,oracle,micros_kitchen_display_system,1,7.8,7.8
Hardware,oracle,micros_es400,1,7.8,7.8
Hardware,oracle,micros_compact_workstation_3,1,7.8,7.8
Hardware,optoma,wps-pro,1,9.8,9.8
Hardware,netgear,wnr2000v5,1,9.8,9.8
Hardware,netgear,wnr2000v4,1,9.8,9.8
Hardware,netgear,wndr3700v3,1,8.1,8.1
Hardware,netgear,wnr2000,1,9.8,9.8
Hardware,netgear,wnr1000v4,1,9.8,9.8
Hardware,netgear,wnr1000v3,1,8.1,8.1
Hardware,netgear,wnr1000v2,1,9.8,9.8
Hardware,powertekpdus,smart_pim,1,9.8,9.8
Hardware,powertekpdus,pm_pdu,1,9.8,9.8
Hardware,powertekpdus,piml_pdu,1,9.8,9.8
Hardware,powertekpdus,basic_pdu,1,9.8,9.8
Aplicación,phpgurukul,online_birth_certificate_system,1,6.1,6.1
Aplicación,phpgurukul,old_age_home_management_system,1,9.8,9.8
Aplicación,phpgurukul,e-diary_management_system,1,6.1,6.1
Aplicación,phpgurukul,directory_management_system,1,9.8,9.8
Hardware,netgear,wnr2000v3,1,9.8,9.8
Hardware,netgear,r6400,1,8.8,8.8
Hardware,netgear,r6350,1,8.8,8.8
Hardware,netgear,r6330,1,8.8,8.8
Hardware,netgear,r6300,1,8.1,8.1
Hardware,netgear,r6260,1,8.8,8.8
Hardware,netgear,r6250,1,8.8,8.8
Hardware,netgear,ac2600,1,8.8,8.8
Hardware,netgear,ac2400,1,8.8,8.8
Hardware,netgear,ac2100,1,8.8,8.8
Hardware,netgear,ac1450,1,8.1,8.1
Hardware,netapp,solidfire_baseboard_management_controller,1,7.8,7.8
Hardware,netgear,wndr4300v2,1,9.8,9.8
Hardware,netapp,h615c,1,8.3,8.3
Hardware,netapp,h610c,1,8.3,8.3
Hardware,netgear,jwnr2010v5,1,9.8,9.8
Hardware,netgear,jnr3300,1,9.8,9.8
Hardware,netgear,jnr1010v2,1,9.8,9.8
Hardware,netgear,jgs516pe,1,9.8,9.8
Hardware,netgear,dgnd3700,1,,
Hardware,netgear,dgn2200v4,1,8.8,8.8
Hardware,netgear,dgn2200v3,1,8.8,8.8
Hardware,netgear,dgn2200v2,1,8.8,8.8
Hardware,netapp,fas_8700,1,8.3,8.3
Hardware,netapp,fas_8300,1,8.3,8.3
Hardware,netapp,hci_compute_node,1,7.8,7.8
Hardware,netgear,wndr4300,1,9.8,9.8
Hardware,netgear,wndr4000,1,8.1,8.1
Hardware,netgear,wndr3800,1,9.8,9.8
Hardware,netgear,wndr3700v4,1,9.8,9.8
Hardware,netgear,r6230,1,8.8,8.8
Hardware,netgear,r6200,1,8.1,8.1
Hardware,netgear,r6120,1,8.8,8.8
Hardware,netgear,r6100,1,9.8,9.8
Hardware,netgear,r6080,1,8.8,8.8
Hardware,netgear,r6020,1,8.8,8.8
Hardware,netgear,r2000,1,9.8,9.8
Hardware,netgear,vegn2610,1,8.1,8.1
Hardware,netgear,r6800,1,8.8,8.8
Hardware,netgear,rax43,1,8.0,8.0
Hardware,netgear,r8000,1,8.8,8.8
Hardware,netgear,r7900,1,8.8,8.8
Hardware,netgear,r7500v2,1,9.8,9.8
Hardware,netgear,r7500,1,9.8,9.8
Hardware,netgear,r7450,1,8.8,8.8
Hardware,netgear,dgn2200v1,1,8.8,8.8
Hardware,netgear,dgn2200bv4,1,8.1,8.1
Hardware,netgear,d7800,1,9.8,9.8
Hardware,netgear,d7000,1,9.8,9.8
Hardware,netgear,d6300b,1,8.1,8.1
Hardware,netgear,d6300,1,8.1,8.1
Hardware,netgear,ssl312,1,9.8,9.8
Hardware,dell,latitude_e7270,1,8.8,8.8
Hardware,dell,latitude_e7250,1,8.8,8.8
Hardware,dell,latitude_7350,1,8.8,8.8
Hardware,dell,latitude_7320,1,8.8,8.8
Hardware,dell,latitude_7310,1,8.8,8.8
Hardware,dell,latitude_7300,1,8.8,8.8
Hardware,dell,latitude_7290,1,8.8,8.8
Hardware,dell,latitude_7285,1,8.8,8.8
Hardware,dell,latitude_7280,1,8.8,8.8
Hardware,dell,latitude_7275,1,8.8,8.8
Hardware,dell,latitude_7210_2_in_1,1,8.8,8.8
Hardware,hikvision,ds-2cd3326g2-isu\/sl,1,9.8,9.8
Hardware,dell,latitude_5591,1,8.8,8.8
Hardware,dell,latitude_5590,1,8.8,8.8
Hardware,dell,latitude_e5530,1,8.8,8.8
Hardware,dell,latitude_e5470,1,8.8,8.8
Hardware,dell,latitude_e5440,1,8.8,8.8
Hardware,dell,latitude_e5430,1,8.8,8.8
Hardware,dell,latitude_5510,1,8.8,8.8
Hardware,dell,latitude_5501,1,8.8,8.8
Hardware,dell,latitude_5500,1,8.8,8.8
Hardware,dell,latitude_5495,1,8.8,8.8
Hardware,dell,latitude_5491,1,8.8,8.8
Hardware,dell,latitude_5490,1,8.8,8.8
Hardware,dell,latitude_7200_2-in-1,1,8.8,8.8
Hardware,dell,latitude_e6430,1,8.8,8.8
Hardware,dell,latitude_e6330,1,8.8,8.8
Hardware,dell,latitude_e6320,1,8.8,8.8
Hardware,dell,latitude_e6230,1,8.8,8.8
Hardware,dell,latitude_e6220,1,8.8,8.8
Hardware,dell,latitude_e5570,1,8.8,8.8
Hardware,dell,latitude_e5540,1,8.8,8.8
Hardware,dell,optiplex_3040,1,8.8,8.8
Hardware,dell,optiplex_3030_aio,1,8.8,8.8
Hardware,dell,optiplex_3020,1,8.8,8.8
Hardware,dell,optiplex_3011_aio,1,8.8,8.8
Hardware,dell,latitude_e7270_mobile_thin_client,1,8.8,8.8
Hardware,dell,latitude_e5270,1,8.8,8.8
Hardware,dell,latitude_9510,1,8.8,8.8
Hardware,dell,latitude_9410,1,8.8,8.8
Hardware,dell,latitude_7520,1,8.8,8.8
Hardware,dell,latitude_7490,1,8.8,8.8
Hardware,dell,latitude_7480,1,8.8,8.8
Hardware,dell,latitude_7420,1,8.8,8.8
Hardware,dell,latitude_7410,1,8.8,8.8
Hardware,dell,latitude_7400_2in1,1,8.8,8.8
Hardware,dell,latitude_7400,1,8.8,8.8
Hardware,dell,latitude_7390_2-in-1,1,8.8,8.8
Hardware,dell,latitude_e7270_wyse_tc,1,8.8,8.8
Hardware,dell,latitude_e5420,1,8.8,8.8
Hardware,dell,latitude_3580,1,8.8,8.8
Hardware,dell,latitude_3570,1,8.8,8.8
Hardware,dell,latitude_3560,1,8.8,8.8
Hardware,dell,latitude_3550,1,8.8,8.8
Hardware,dell,latitude_3510,1,8.8,8.8
Hardware,dell,latitude_3500,1,8.8,8.8
Hardware,dell,latitude_3490,1,8.8,8.8
Hardware,dell,latitude_3480_mobile_thin_client,1,8.8,8.8
Hardware,dell,latitude_3480,1,8.8,8.8
Hardware,dell,latitude_3470,1,8.8,8.8
Hardware,dell,latitude_3460_wyse_tc,1,8.8,8.8
Hardware,dell,latitude_5488,1,8.8,8.8
Hardware,dell,latitude_5401,1,8.8,8.8
Hardware,dell,latitude_5400,1,8.8,8.8
Hardware,dell,latitude_5320,1,8.8,8.8
Hardware,dell,latitude_5310_2-in-1,1,8.8,8.8
Hardware,dell,latitude_3390,1,8.8,8.8
Hardware,dell,latitude_3380,1,8.8,8.8
Hardware,dell,latitude_3350,1,8.8,8.8
Hardware,dell,latitude_3340,1,8.8,8.8
Hardware,dell,latitude_3330,1,8.8,8.8
Hardware,dell,latitude_3310_2-in-1,1,8.8,8.8
Hardware,dell,latitude_3310,1,8.8,8.8
Hardware,dell,latitude_3301,1,8.8,8.8
Hardware,dell,latitude_3460,1,8.8,8.8
Hardware,dell,latitude_5480,1,8.8,8.8
Hardware,dell,latitude_5450,1,8.8,8.8
Hardware,dell,latitude_5420,1,8.8,8.8
Hardware,dell,latitude_5411,1,8.8,8.8
Hardware,dell,latitude_5410,1,8.8,8.8
Hardware,dell,latitude_7390,1,8.8,8.8
Hardware,dell,latitude_7389,1,8.8,8.8
Hardware,dell,latitude_7380,1,8.8,8.8
Hardware,dell,latitude_7370,1,8.8,8.8
Hardware,dell,latitude_5310,1,8.8,8.8
Hardware,dell,latitude_5300_2-in-1,1,8.8,8.8
Hardware,dell,latitude_5511,1,8.8,8.8
Hardware,dell,latitude_5290_2-in-1,1,8.8,8.8
Hardware,dell,latitude_5290,1,8.8,8.8
Hardware,dell,latitude_5289,1,8.8,8.8
Hardware,dell,latitude_5288,1,8.8,8.8
Hardware,dell,latitude_5285_2-in-1,1,8.8,8.8
Hardware,dell,latitude_5285,1,8.8,8.8
Hardware,dell,latitude_5280_mobile_thin_client,1,8.8,8.8
Hardware,dell,latitude_5280,1,8.8,8.8
Hardware,dell,latitude_5250,1,8.8,8.8
Hardware,dell,latitude_5580,1,8.8,8.8
Hardware,dell,latitude_5550,1,8.8,8.8
Hardware,dell,latitude_5520,1,8.8,8.8
Hardware,dell,latitude_5300,1,8.8,8.8
Hardware,dell,precision_17_m5750,1,8.8,8.8
Hardware,dell,optiplex_xe3,1,8.8,8.8
Hardware,dell,optiplex_xe2,1,8.8,8.8
Hardware,dell,precision_7510,1,8.8,8.8
Hardware,dell,precision_5820_xl_tower,1,8.8,8.8
Hardware,dell,precision_5820_tower,1,8.8,8.8
Hardware,dell,precision_5720_aio,1,8.8,8.8
Hardware,dell,optiplex_9020,1,8.8,8.8
Hardware,dell,optiplex_9010,1,8.8,8.8
Hardware,dell,optiplex_790,1,8.8,8.8
Hardware,dell,optiplex_780,1,8.8,8.8
Hardware,dell,latitude_e6430_atg,1,8.8,8.8
Hardware,dell,optiplex_7770_aio,1,8.8,8.8
Hardware,dell,optiplex_7760_aio,1,8.8,8.8
Hardware,dell,optiplex_7480_aio,1,8.8,8.8
Hardware,dell,optiplex_7460_all-in-one,1,8.8,8.8
Hardware,dell,optiplex_7450_all-in-one,1,8.8,8.8
Hardware,dell,optiplex_7440_aio,1,8.8,8.8
Hardware,dell,optiplex_7090_ultra,1,8.8,8.8
Hardware,dell,precision_3551,1,8.8,8.8
Hardware,dell,precision_3550,1,8.8,8.8
Hardware,dell,precision_3541,1,8.8,8.8
Hardware,dell,precision_3540,1,8.8,8.8
Hardware,dell,optiplex_7060,1,8.8,8.8
Hardware,dell,optiplex_7780_aio,1,8.8,8.8
Hardware,dell,precision_5550,1,8.8,8.8
Hardware,dell,precision_5540,1,8.8,8.8
Hardware,dell,precision_5530_2-in-1,1,8.8,8.8
Hardware,dell,precision_5530,1,8.8,8.8
Hardware,dell,precision_5520,1,8.8,8.8
Hardware,dell,precision_5510,1,8.8,8.8
Hardware,dell,precision_3930_xl_rack,1,8.8,8.8
Hardware,dell,precision_3930_rack,1,8.8,8.8
Hardware,dell,precision_3640,1,8.8,8.8
Hardware,dell,precision_3630_tower,1,8.8,8.8
Hardware,dell,precision_3620_tower,1,8.8,8.8
Hardware,dell,precision_3240_cff,1,8.8,8.8
Hardware,dell,precision_m6600,1,8.8,8.8
Hardware,dell,precision_m4700,1,8.8,8.8
Hardware,dell,precision_m4600,1,8.8,8.8
Hardware,dell,precision_7920_xl_tower,1,8.8,8.8
Hardware,dell,precision_3530,1,8.8,8.8
Hardware,dell,precision_3520,1,8.8,8.8
Hardware,dell,precision_3510,1,8.8,8.8
Hardware,dell,precision_3440,1,8.8,8.8
Hardware,dell,precision_3431_tower,1,8.8,8.8
Hardware,dell,precision_3430_xl,1,8.8,8.8
Hardware,dell,precision_3430_tower,1,8.8,8.8
Hardware,dell,precision_3420_tower,1,8.8,8.8
Hardware,dell,precision_3560,1,8.8,8.8
Hardware,dell,optiplex_7080,1,8.8,8.8
Hardware,dell,optiplex_7071,1,8.8,8.8
Hardware,dell,optiplex_7070_ultra,1,8.8,8.8
Hardware,dell,optiplex_7070,1,8.8,8.8
Hardware,dell,optiplex_3010,1,8.8,8.8
Hardware,dell,optiplex,1,8.8,8.8
Hardware,dell,latitude_xt3,1,8.8,8.8
Hardware,dell,latitude_rugged_extreme_tablet_7220ex,1,8.8,8.8
Hardware,dell,latitude_rugged_extreme_tablet_7220,1,8.8,8.8
Hardware,dell,latitude_rugged_extreme_7424,1,8.8,8.8
Hardware,dell,latitude_rugged_7424,1,8.8,8.8
Hardware,dell,optiplex_7050,1,8.8,8.8
Hardware,dell,latitude_rugged_5420,1,8.8,8.8
Hardware,dell,latitude_e7470,1,8.8,8.8
Hardware,dell,latitude_e7450,1,8.8,8.8
Hardware,dell,latitude_e7440,1,8.8,8.8
Hardware,dell,optiplex_5055_ryzen_cpu,1,8.8,8.8
Hardware,dell,optiplex_5055_ryzen_apu,1,8.8,8.8
Hardware,dell,optiplex_5055_a-serial,1,8.8,8.8
Hardware,dell,optiplex_5055,1,8.8,8.8
Hardware,dell,latitude_e7240,1,8.8,8.8
Hardware,dell,latitude_e6540,1,8.8,8.8
Hardware,dell,latitude_e6530,1,8.8,8.8
Hardware,dell,latitude_e6440,1,8.8,8.8
Hardware,dell,latitude_rugged_5424,1,8.8,8.8
Hardware,dell,optiplex_7040,1,8.8,8.8
Hardware,dell,optiplex_7020,1,8.8,8.8
Hardware,dell,optiplex_7010,1,8.8,8.8
Hardware,dell,optiplex_5480_aio,1,8.8,8.8
Hardware,dell,optiplex_5270_aio,1,8.8,8.8
Hardware,dell,optiplex_5260_all-in-one,1,8.8,8.8
Hardware,dell,optiplex_5250_all-in-one,1,8.8,8.8
Hardware,dell,optiplex_5080,1,8.8,8.8
Hardware,dell,optiplex_5070,1,8.8,8.8
Hardware,dell,optiplex_5060,1,8.8,8.8
Hardware,dell,optiplex_fx170,1,8.8,8.8
Hardware,dell,optiplex_fx130,1,8.8,8.8
Hardware,dell,optiplex_3046,1,8.8,8.8
Hardware,dell,optiplex_9030_aio,1,8.8,8.8
Hardware,dell,optiplex_5050,1,8.8,8.8
Hardware,dell,optiplex_5040,1,8.8,8.8
Hardware,dell,optiplex_390,1,8.8,8.8
Hardware,dell,optiplex_3280_aio,1,8.8,8.8
Hardware,dell,optiplex_3240_all-in-one,1,8.8,8.8
Hardware,dell,optiplex_3090_ultra,1,8.8,8.8
Hardware,dell,optiplex_3080,1,8.8,8.8
Hardware,dell,optiplex_3070,1,8.8,8.8
Hardware,dell,optiplex_3060,1,8.8,8.8
Hardware,dell,optiplex_3050_aio,1,8.8,8.8
Hardware,dell,optiplex_3050,1,8.8,8.8
Hardware,dell,optiplex_990,1,8.8,8.8
Hardware,dell,inspiron_3583,1,8.8,8.8
Hardware,dell,inspiron_3581,1,8.8,8.8
Hardware,dell,inspiron_3580,1,8.8,8.8
Hardware,dell,inspiron_3543,1,8.8,8.8
Hardware,dell,inspiron_3542,1,8.8,8.8
Hardware,dell,inspiron_5401,1,8.8,8.8
Hardware,dell,inspiron_5400_aio,1,8.8,8.8
Hardware,dell,inspiron_5400_2-in-1,1,8.8,8.8
Hardware,dell,inspiron_5391,1,8.8,8.8
Hardware,dell,inspiron_3493,1,8.8,8.8
Hardware,dell,inspiron_3490,1,8.8,8.8
Hardware,dell,latitude_3300,1,8.8,8.8
Hardware,dell,inspiron_3480,1,8.8,8.8
Hardware,dell,inspiron_3471,1,8.8,8.8
Hardware,dell,inspiron_3470,1,8.8,8.8
Hardware,dell,inspiron_3443,1,8.8,8.8
Hardware,dell,inspiron_3442,1,8.8,8.8
Hardware,dell,inspiron_3437,1,8.8,8.8
Hardware,dell,inspiron_3421,1,8.8,8.8
Hardware,dell,inspiron_3268,1,8.8,8.8
Hardware,dell,inspiron_3252,1,8.8,8.8
Hardware,dell,inspiron_3780,1,8.8,8.8
Hardware,dell,inspiron_3671,1,8.8,8.8
Hardware,dell,inspiron_3670,1,8.8,8.8
Hardware,dell,inspiron_3481,1,8.8,8.8
Hardware,dell,inspiron_5577,1,8.8,8.8
Hardware,dell,inspiron_5576,1,8.8,8.8
Hardware,dell,inspiron_5390,1,8.8,8.8
Hardware,dell,inspiron_5348,1,8.8,8.8
Hardware,dell,inspiron_5323,1,8.8,8.8
Hardware,dell,inspiron_5301,1,8.8,8.8
Hardware,dell,inspiron_5300,1,8.8,8.8
Hardware,dell,inspiron_3891,1,8.8,8.8
Hardware,dell,inspiron_3881,1,8.8,8.8
Hardware,dell,inspiron_3880,1,8.8,8.8
Hardware,dell,inspiron_3847,1,8.8,8.8
Hardware,dell,inspiron_3584,1,8.8,8.8
Hardware,dell,inspiron_3790,1,8.8,8.8
Hardware,dell,inspiron_3781,1,8.8,8.8
Hardware,dell,inspiron_5493,1,8.8,8.8
Hardware,dell,inspiron_5491_aio,1,8.8,8.8
Hardware,dell,inspiron_5491_2-in-1,1,8.8,8.8
Hardware,dell,inspiron_5490_aio,1,8.8,8.8
Hardware,dell,inspiron_3656,1,8.8,8.8
Hardware,dell,inspiron_3655,1,8.8,8.8
Hardware,dell,inspiron_3647,1,8.8,8.8
Hardware,dell,inspiron_3646,1,8.8,8.8
Hardware,dell,inspiron_3593,1,8.8,8.8
Hardware,dell,inspiron_3590,1,8.8,8.8
Hardware,dell,inspiron_3793,1,8.8,8.8
Hardware,dell,inspiron_14-5459,1,8.8,8.8
Hardware,dell,inspiron_14-3452,1,8.8,8.8
Hardware,dell,inspiron_3168,1,8.8,8.8
Hardware,dell,inspiron_3157,1,8.8,8.8
Hardware,dell,inspiron_3147,1,8.8,8.8
Hardware,dell,inspiron_3048,1,8.8,8.8
Hardware,dell,gaming_g3_3590,1,8.8,8.8
Hardware,dell,g7_7790,1,8.8,8.8
Hardware,dell,g7_7700,1,8.8,8.8
Hardware,dell,g7_7590,1,8.8,8.8
Hardware,dell,g7_7588,1,8.8,8.8
Hardware,dell,inspiron_3668,1,8.8,8.8
Hardware,dell,g5_5590,1,8.8,8.8
Hardware,dell,g5_5587,1,8.8,8.8
Hardware,dell,g5_5500,1,8.8,8.8
Hardware,dell,g5_5090,1,8.8,8.8
Hardware,dell,g5_5000,1,8.8,8.8
Hardware,dell,g3_3779,1,8.8,8.8
Hardware,dell,inspiron_15_7572,1,8.8,8.8
Hardware,dell,inspiron_15_7560,1,8.8,8.8
Hardware,dell,inspiron_15_5582_2-in-1,1,8.8,8.8
Hardware,dell,inspiron_15_5567,1,8.8,8.8
Hardware,dell,dock_wd19,1,8.8,8.8
Hardware,dell,dock_wd15,1,8.8,8.8
Hardware,dell,g7_7500,1,8.8,8.8
Hardware,dell,inspiron_3043,1,8.8,8.8
Hardware,dell,inspiron_24-5475,1,8.8,8.8
Hardware,dell,inspiron_24-3455,1,8.8,8.8
Hardware,dell,inspiron_24-3452,1,8.8,8.8
Hardware,dell,inspiron_2330,1,8.8,8.8
Hardware,dell,inspiron_20-3052,1,8.8,8.8
Hardware,dell,inspiron_17_5767,1,8.8,8.8
Hardware,dell,inspiron_17-5759,1,8.8,8.8
Hardware,dell,inspiron_15z,1,8.8,8.8
Hardware,dell,inspiron_15_gaming_7577,1,8.8,8.8
Hardware,dell,inspiron_15_gaming_7567,1,8.8,8.8
Hardware,dell,inspiron_15_gaming_7566,1,8.8,8.8
Hardware,dell,inspiron_14_5468,1,8.8,8.8
Hardware,dell,inspiron_3521,1,8.8,8.8
Hardware,dell,inspiron_3520,1,8.8,8.8
Hardware,dell,inspiron_3501,1,8.8,8.8
Hardware,dell,inspiron_15_5566,1,8.8,8.8
Hardware,dell,inspiron_1564,1,8.8,8.8
Hardware,dell,inspiron_1545,1,8.8,8.8
Hardware,dell,inspiron_15-5565,1,8.8,8.8
Hardware,dell,inspiron_15-5559,1,8.8,8.8
Hardware,dell,inspiron_15-3552,1,8.8,8.8
Hardware,dell,inspiron_14_gaming_7467,1,8.8,8.8
Hardware,dell,inspiron_14_gaming_7466,1,8.8,8.8
Hardware,dell,inspiron_14_7460,1,8.8,8.8
Hardware,dell,inspiron_3537,1,8.8,8.8
Hardware,dell,inspiron_7590_2-in-1,1,8.8,8.8
Hardware,dell,inspiron_7590,1,8.8,8.8
Hardware,dell,inspiron_7586,1,8.8,8.8
Hardware,dell,inspiron_7580,1,8.8,8.8
Hardware,dell,inspiron_7559,1,8.8,8.8
Hardware,dell,inspiron_7558,1,8.8,8.8
Hardware,dell,inspiron_7548,1,8.8,8.8
Hardware,dell,inspiron_7537,1,8.8,8.8
Hardware,dell,inspiron_7520,1,8.8,8.8
Hardware,dell,inspiron_7506_2-in-1,1,8.8,8.8
Hardware,dell,latitude_3180,1,8.8,8.8
Hardware,dell,inspiron_5580,1,8.8,8.8
Hardware,dell,latitude_3150,1,8.8,8.8
Hardware,dell,latitude_3120,1,8.8,8.8
Hardware,dell,inspiron_7490,1,8.8,8.8
Hardware,dell,inspiron_7472,1,8.8,8.8
Hardware,dell,inspiron_7437,1,8.8,8.8
Hardware,dell,inspiron_7400,1,8.8,8.8
Hardware,dell,inspiron_7391_2-in-1,1,8.8,8.8
Hardware,dell,inspiron_7391,1,8.8,8.8
Hardware,dell,inspiron_7390,1,8.8,8.8
Hardware,dell,inspiron_7386,1,8.8,8.8
Hardware,dell,inspiron_7380,1,8.8,8.8
Hardware,dell,inspiron_7368,1,8.8,8.8
Hardware,dell,latitude_3160,1,8.8,8.8
Hardware,dell,latitude_3190_2-in-1,1,8.8,8.8
Hardware,dell,latitude_3190,1,8.8,8.8
Hardware,dell,latitude_3189,1,8.8,8.8
Hardware,dell,latitude_5200,1,8.8,8.8
Hardware,dell,latitude_5179,1,8.8,8.8
Hardware,dell,latitude_5175,1,8.8,8.8
Hardware,dell,latitude_3590,1,8.8,8.8
Hardware,dell,latitude_14_rugged_extreme_7414,1,8.8,8.8
Hardware,dell,latitude_14_rugged_extreme_7404,1,8.8,8.8
Hardware,dell,latitude_14_rugged_5414,1,8.8,8.8
Hardware,dell,latitude_12_rugged_tablet_7212,1,8.8,8.8
Hardware,dell,inspiron_7591,1,8.8,8.8
Hardware,dell,latitude_12_7285,1,8.8,8.8
Hardware,dell,inspiron_one_2020,1,8.8,8.8
Hardware,dell,inspiron_one_19,1,8.8,8.8
Hardware,dell,inspiron_7791,1,8.8,8.8
Hardware,dell,inspiron_7790,1,8.8,8.8
Hardware,dell,inspiron_7786,1,8.8,8.8
Hardware,dell,inspiron_7746,1,8.8,8.8
Hardware,dell,latitude_3450,1,8.8,8.8
Hardware,dell,latitude_3440,1,8.8,8.8
Hardware,dell,latitude_3410,1,8.8,8.8
Hardware,dell,latitude_3400,1,8.8,8.8
Hardware,dell,inspiron_7591_2-in-1,1,8.8,8.8
Hardware,dell,latitude_12_rugged_extreme_7214,1,8.8,8.8
Hardware,dell,inspiron_5520,1,8.8,8.8
Hardware,dell,inspiron_5509,1,8.8,8.8
Hardware,dell,inspiron_5508,1,8.8,8.8
Hardware,dell,inspiron_5502,1,8.8,8.8
Hardware,dell,inspiron_5501,1,8.8,8.8
Hardware,dell,inspiron_5498,1,8.8,8.8
Hardware,dell,inspiron_5494,1,8.8,8.8
Hardware,dell,inspiron_7300_2-in-1,1,8.8,8.8
Hardware,dell,inspiron_7300,1,8.8,8.8
Hardware,dell,inspiron_660s,1,8.8,8.8
Hardware,dell,inspiron_660,1,8.8,8.8
Hardware,dell,inspiron_7359,1,8.8,8.8
Hardware,dell,inspiron_5485_2-in-1,1,8.8,8.8
Hardware,dell,inspiron_5482,1,8.8,8.8
Hardware,dell,inspiron_5481_2-in-1,1,8.8,8.8
Hardware,dell,inspiron_5480,1,8.8,8.8
Hardware,dell,inspiron_5448,1,8.8,8.8
Hardware,dell,inspiron_5443,1,8.8,8.8
Hardware,dell,inspiron_5423,1,8.8,8.8
Hardware,dell,inspiron_5409,1,8.8,8.8
Hardware,dell,inspiron_5408,1,8.8,8.8
Hardware,dell,inspiron_5406_2-in-1,1,8.8,8.8
Hardware,dell,inspiron_5402,1,8.8,8.8
Hardware,dell,inspiron_5583,1,8.8,8.8
Hardware,dell,inspiron_5490,1,8.8,8.8
Hardware,dell,inspiron_7306_2-in-1,1,8.8,8.8
Hardware,dell,inspiron_7737,1,8.8,8.8
Hardware,dell,inspiron_7720,1,8.8,8.8
Hardware,dell,inspiron_7706_2-in-1,1,8.8,8.8
Hardware,dell,inspiron_7700,1,8.8,8.8
Hardware,dell,inspiron_620,1,8.8,8.8
Hardware,dell,inspiron_580s,1,8.8,8.8
Hardware,dell,inspiron_5770,1,8.8,8.8
Hardware,dell,inspiron_5749,1,8.8,8.8
Hardware,dell,inspiron_5737,1,8.8,8.8
Hardware,dell,inspiron_5676,1,8.8,8.8
Hardware,dell,inspiron_5598,1,8.8,8.8
Hardware,dell,inspiron_5521,1,8.8,8.8
Hardware,dell,inspiron_5593,1,8.8,8.8
Hardware,dell,inspiron_5591_2-in-1,1,8.8,8.8
Hardware,dell,inspiron_5590,1,8.8,8.8
Hardware,dell,inspiron_5584,1,8.8,8.8
Hardware,dell,inspiron_7501,1,8.8,8.8
Hardware,dell,inspiron_7500_2-in-1_silver,1,8.8,8.8
Hardware,dell,inspiron_7500_2-in-1_black,1,8.8,8.8
Hardware,dell,inspiron_7500,1,8.8,8.8
Hardware,dell,inspiron_5570,1,8.8,8.8
Hardware,dell,inspiron_5548,1,8.8,8.8
Hardware,dell,inspiron_5543,1,8.8,8.8
Hardware,dell,inspiron_5537,1,8.8,8.8
Hardware,dell,inspiron_5594,1,8.8,8.8
Hardware,gl-inet,gl-x300b,1,7.5,7.5
Hardware,gl-inet,gl-x3000,1,7.5,7.5
Hardware,gl-inet,gl-x1200,1,7.5,7.5
Hardware,gl-inet,gl-usb150,1,7.5,7.5
Hardware,gl-inet,gl-sft1200,1,7.5,7.5
Hardware,gl-inet,gl-sf1200,1,7.5,7.5
Hardware,gl-inet,gl-s200,1,7.5,7.5
Hardware,gl-inet,gl-s20,1,7.5,7.5
Hardware,gl-inet,gl-s1300,1,7.5,7.5
Hardware,geutebrueck,g-cam_efd-2241,1,7.2,7.2
Hardware,geutebrueck,g-cam_ebc-2112,1,7.2,7.2
Hardware,dell,precision_t7610,1,8.8,8.8
Hardware,geutebrueck,g-cam_ebc-2110,1,7.2,7.2
Hardware,genieaccess,wip3bvaf,1,,
Hardware,franklinfueling,colibri,1,7.5,7.5
Hardware,fortinet,fpm-7630e,1,9.8,9.8
Hardware,gl-inet,gl-mt1300,1,7.5,7.5
Hardware,gl-inet,gl-mifi,1,7.5,7.5
Hardware,gl-inet,gl-e750,1,7.5,7.5
Hardware,gl-inet,gl-b2200,1,7.5,7.5
Hardware,gl-inet,gl-b1300,1,7.5,7.5
Hardware,gl-inet,gl-axt1800,1,7.5,7.5
Hardware,gl-inet,gl-ax1800,1,7.5,7.5
Hardware,gl-inet,gl-ar750s,1,7.5,7.5
Hardware,geutebrueck,g-cam_ebc-2111,1,7.2,7.2
Hardware,hikvision,ds-2cd2121g0-i\(w\)\(s\),1,9.8,9.8
Hardware,hikvision,ds-2cd2112-i,1,9.8,9.8
Hardware,gl-inet,gl-s10,1,7.5,7.5
Hardware,gl-inet,gl-mv1000w,1,7.5,7.5
Hardware,gl-inet,gl-mv1000,1,7.5,7.5
Hardware,gl-inet,gl-mt300n-v2,1,7.5,7.5
Hardware,gl-inet,gl-mt3000,1,7.5,7.5
Hardware,gl-inet,gl-mt2500a,1,7.5,7.5
Hardware,gl-inet,gl-mt2500,1,7.5,7.5
Hardware,hikvision,ds-2cd2047g2-l\(u\),1,9.8,9.8
Hardware,hikvision,ds-2cd2046g2-iu\/sl,1,9.8,9.8
Hardware,geutebrueck,g-code_eec-2400,1,7.2,7.2
Hardware,hikvision,ds-2cd2032-i,1,9.8,9.8
Hardware,hikvision,ds-2cd2027g2-lu\/sl,1,9.8,9.8
Hardware,hikvision,ds-2cd2027g2-l\(u\),1,9.8,9.8
Hardware,hikvision,ds-2cd2026g2-iu\/sl,1,9.8,9.8
Hardware,hikvision,ds-2cd2023g2-i\(u\),1,9.8,9.8
Hardware,hikvision,ds-2cd2021g1-i\(w\),1,9.8,9.8
Hardware,gl-inet,gl-ar300m,1,7.5,7.5
Hardware,gl-inet,gl-ap1300lte,1,7.5,7.5
Hardware,gl-inet,gl-ap1300,1,7.5,7.5
Hardware,gl-inet,gl-a1300,1,7.5,7.5
Hardware,geutebrueck,g-code_een-2040,1,7.2,7.2
Hardware,geutebrueck,g-code_een-2010,1,7.2,7.2
Hardware,hikvision,ds-2cd2043g2-i\(u\),1,9.8,9.8
Hardware,fortinet,fortigate-7060e,1,9.8,9.8
Hardware,fortinet,fortigate-7040e,1,9.8,9.8
Hardware,fortinet,fortigate-7030e,1,9.8,9.8
Hardware,fortinet,fortigate-6601f-dc,1,9.8,9.8
Aplicación,pi-hole,pi-hole,1,7.2,7.2
Aplicación,phpunit_project,phpunit,1,9.8,9.8
Aplicación,phpshe,phpshe,1,,
Aplicación,phpmailer_project,phpmailer,1,9.8,9.8
Aplicación,phpldapadmin_project,phpldapadmin,1,6.1,6.1
Aplicación,polarisft,intellect_core_banking,1,,
Aplicación,podlove,podlove_podcast_publisher,1,9.8,9.8
Hardware,gl-inet,gl-ar750,1,7.5,7.5
Hardware,fortinet,fim-7941f,1,9.8,9.8
Hardware,fortinet,fim-7921f,1,9.8,9.8
Hardware,fortinet,fim-7920e,1,9.8,9.8
Hardware,fortinet,fim-7910e,1,9.8,9.8
Hardware,fortinet,fim-7904e,1,9.8,9.8
Hardware,fortinet,fim-7901e,1,9.8,9.8
Hardware,dlink,go-rt-ac750,1,9.8,9.8
Hardware,dlink,dwr-712,1,7.5,7.5
Hardware,dlink,dwl-2600ap,1,7.8,7.8
Hardware,dlink,dvg-n5402sp,1,,
Aplicación,pivotal_software,spring_data_commons,1,9.8,9.8
Aplicación,pivotal,spring_security_oauth,1,,
Hardware,dlink,dsl2888a,1,8.8,8.8
Hardware,fortinet,fortigate-6601f,1,9.8,9.8
Hardware,fortinet,fortigate-6501f-dc,1,9.8,9.8
Hardware,fortinet,fortigate-6501f,1,9.8,9.8
Hardware,fortinet,fortigate-6500f-dc,1,9.8,9.8
Hardware,fortinet,fortigate-6500f,1,9.8,9.8
Hardware,fortinet,fortigate-6300f-dc,1,9.8,9.8
Hardware,fortinet,fortigate-6300f,1,9.8,9.8
Hardware,geutebrueck,g-cam_ewpc-2275,1,7.2,7.2
Hardware,geutebrueck,g-cam_ewpc-2271,1,7.2,7.2
Hardware,geutebrueck,g-cam_ewpc-2270,1,7.2,7.2
Hardware,geutebrueck,g-cam_ethc-2249,1,7.2,7.2
Hardware,geutebrueck,g-cam_ethc-2240,1,7.2,7.2
Hardware,fortinet,fortigate-7121f,1,9.8,9.8
Hardware,geutebrueck,g-cam_ethc-2230,1,7.2,7.2
Hardware,geutebrueck,g-cam_efd-2251,1,7.2,7.2
Hardware,geutebrueck,g-cam_efd-2250,1,7.2,7.2
Hardware,flir,flir_ax8,1,9.8,9.8
Hardware,extron,sharelink_250,1,9.8,9.8
Hardware,extron,sharelink_200,1,9.8,9.8
Hardware,eq-3,ccu3,1,,
Hardware,endress,wirelesshart_fieldgate_swg70,1,,
Hardware,fortinet,fpm-7620f,1,9.8,9.8
Hardware,fortinet,fpm-7620e,1,9.8,9.8
Hardware,fortinet,fortigate_7000,1,9.8,9.8
Hardware,fortinet,fortigate_6000,1,9.8,9.8
Hardware,geutebrueck,g-cam_ethc-2239,1,7.2,7.2
Hardware,hikvision,ds-2cd2523g2-i\(s\),1,9.8,9.8
Hardware,hikvision,ds-2cd2512f-i\(s\),1,9.8,9.8
Hardware,hikvision,ds-2cd2446g2-i,1,9.8,9.8
Hardware,hikvision,ds-2cd2432f-i\(w\),1,9.8,9.8
Hardware,hikvision,ds-2cd2426g2-i,1,9.8,9.8
Hardware,hikvision,ds-2cd2421g0-i\(d\)w,1,9.8,9.8
Hardware,hikvision,ds-2cd2686g2-izsu\/sl,1,9.8,9.8
Hardware,hikvision,ds-2cd2686g2-izs,1,9.8,9.8
Hardware,hikvision,ds-2cd2683g2-izs,1,9.8,9.8
Hardware,hikvision,ds-2cd2666g2-izsu\/sl,1,9.8,9.8
Hardware,hikvision,ds-2cd2666g2-izs,1,9.8,9.8
Hardware,hikvision,ds-2cd2121g1,1,9.8,9.8
Hardware,hikvision,ds-2cd2646g2-izsu\/sl,1,9.8,9.8
Hardware,hikvision,ds-2cd2643g2-izs,1,9.8,9.8
Hardware,hikvision,ds-2cd2632f-i\(s\),1,9.8,9.8
Hardware,hikvision,ds-2cd2347g2-lsu\/sl,1,9.8,9.8
Hardware,hikvision,ds-2cd2347g2-l\(u\),1,9.8,9.8
Hardware,hikvision,ds-2cd2346g2-isu\/sl,1,9.8,9.8
Hardware,hikvision,ds-2cd2343g2-i\(u\),1,9.8,9.8
Hardware,hikvision,ds-2cd2332-i,1,9.8,9.8
Hardware,hikvision,ds-2cd2327g2-l\(u\),1,9.8,9.8
Hardware,hikvision,ds-2cd2326g2-isu\/sl,1,9.8,9.8
Hardware,hikvision,ds-2cd2563g2-i\(s\),1,9.8,9.8
Hardware,hikvision,ds-2cd2547g2-lzs,1,9.8,9.8
Hardware,hikvision,ds-2cd2663g2-izs,1,9.8,9.8
Hardware,hikvision,ds-2cd3323g2-iu,1,9.8,9.8
Hardware,hikvision,ds-2cd3186g2-is\(u\),1,9.8,9.8
Hardware,hikvision,ds-2cd3163g2-i\(s\)u,1,9.8,9.8
Hardware,hikvision,ds-2cd3156g2-is\(u\),1,9.8,9.8
Hardware,hikvision,ds-2cd3156g2-is,1,9.8,9.8
Hardware,hikvision,ds-2cd3143g2-i\(s\)u,1,9.8,9.8
Hardware,hikvision,ds-2cd3126g2-is\(u\),1,9.8,9.8
Hardware,hikvision,ds-2cd3126g2-is,1,9.8,9.8
Hardware,hikvision,ds-2cd2626g2-izsu\/sl,1,9.8,9.8
Hardware,hikvision,ds-2cd2623g2-izs,1,9.8,9.8
Hardware,hikvision,ds-2cd2621g0-i\(z\)\(s\),1,9.8,9.8
Hardware,hikvision,ds-2cd2523g2-i\(u\),1,9.8,9.8
Hardware,hikvision,ds-2cd2586g2-i\(s\),1,9.8,9.8
Hardware,hikvision,ds-2cd2583g2-i\(s\),1,9.8,9.8
Hardware,hikvision,ds-2cd2566g2-i\(s\),1,9.8,9.8
Hardware,hikvision,ds-2cd3043g2-iu,1,9.8,9.8
Hardware,hikvision,ds-2cd3026g2-iu\/sl,1,9.8,9.8
Hardware,hikvision,ds-2cd3026g2-is,1,9.8,9.8
Hardware,hikvision,ds-2cd3023g2-iu,1,9.8,9.8
Hardware,hikvision,ds-2cd2t32-i8,1,9.8,9.8
Hardware,hikvision,ds-2cd2t32-i5,1,9.8,9.8
Hardware,hikvision,ds-2cd2t32-i3,1,9.8,9.8
Hardware,hikvision,ds-2cd2786g2-izs,1,9.8,9.8
Hardware,hikvision,ds-2cd2783g2-izs,1,9.8,9.8
Hardware,hikvision,ds-2cd2612f-i\(s\),1,9.8,9.8
Hardware,hikvision,ds-2cd2066g2-iu\/sl,1,9.8,9.8
Hardware,hikvision,ds-2cd2066g2-i\(u\),1,9.8,9.8
Hardware,hikvision,ds-2cd2063g2-i\(u\),1,9.8,9.8
Hardware,hikvision,ds-2cd2323g2-i\(u\),1,9.8,9.8
Hardware,hikvision,ds-2cd2321g0-i\/nf,1,9.8,9.8
Hardware,hikvision,ds-2cd2312-i,1,9.8,9.8
Hardware,hikvision,ds-2cd2232-i5,1,9.8,9.8
Hardware,hikvision,ds-2cd2212-i5,1,9.8,9.8
Hardware,hikvision,ds-2cd2186g2-isu,1,9.8,9.8
Hardware,hikvision,ds-2cd2186g2-i\(su\),1,9.8,9.8
Hardware,hikvision,ds-2cd2183g2-iu,1,9.8,9.8
Hardware,hikvision,ds-2cd2547g2-ls,1,9.8,9.8
Hardware,h3c,magic_r300-2100m,1,7.2,7.2
Hardware,gryphonconnect,gryphon_tower,1,6.1,6.1
Hardware,grandstream,ucm6200,1,9.8,9.8
Hardware,gl-inet,microuter-n300,1,7.5,7.5
Hardware,gl-inet,gl-xe300,1,7.5,7.5
Hardware,gl-inet,gl-x750,1,7.5,7.5
Hardware,hikvision,ds-2cd2132-i,1,9.8,9.8
Hardware,hikvision,ds-2cd2127g2-\(-su\),1,9.8,9.8
Hardware,hikvision,ds-2cd2123g2-iu,1,9.8,9.8
Hardware,hikvision,ds-2cd2123g2-i\(s\),1,9.8,9.8
Hardware,hikvision,ds-2cd2121g1-idw,1,9.8,9.8
Hardware,hikvision,ds-2cd2121g1-i\(w\),1,9.8,9.8
Hardware,hikvision,ds-2cd2183g2-i\(u\),1,9.8,9.8
Hardware,hikvision,ds-2cd2546g2-i\(s\),1,9.8,9.8
Hardware,hikvision,ds-2cd2543g2-i\(ws\),1,9.8,9.8
Hardware,hikvision,ds-2cd2532f-i\(s\),1,9.8,9.8
Hardware,hikvision,ds-2cd2527g2-ls,1,9.8,9.8
Hardware,hikvision,ds-2cd2526g2-is,1,9.8,9.8
Hardware,hikvision,ds-2cd2526g2-i\(s\),1,9.8,9.8
Hardware,hikvision,ds-2cd2183g2-i\(s\),1,9.8,9.8
Hardware,hikvision,ds-2cd2166g2-i\(su\),1,9.8,9.8
Hardware,hikvision,ds-2cd2163g2-iu,1,9.8,9.8
Hardware,hikvision,ds-2cd2163g2-i\(s\),1,9.8,9.8
Hardware,hikvision,ds-2cd2147g2-l\(su\),1,9.8,9.8
Hardware,hikvision,ds-2cd2143g2-iu,1,9.8,9.8
Hardware,hikvision,ds-2cd2083g2-i\(u\),1,9.8,9.8
Hardware,hikvision,ds-2cd2421g0-i\(d\)\(w\),1,9.8,9.8
Hardware,hikvision,ds-2cd2412f-i\(w\),1,9.8,9.8
Hardware,hikvision,ds-2cd2387g2-l\(u\),1,9.8,9.8
Hardware,hikvision,ds-2cd2386g2-isu\/sl,1,9.8,9.8
Hardware,hikvision,ds-2cd2386g2-i\(u\),1,9.8,9.8
Hardware,hikvision,ds-2cd2383g2-i\(u\),1,9.8,9.8
Hardware,hikvision,ds-2cd2366g2-isu\/sl,1,9.8,9.8
Hardware,hikvision,ds-2cd2366g2-i\(u\),1,9.8,9.8
Hardware,hikvision,ds-2cd2363g2-i\(u\),1,9.8,9.8
Hardware,hikvision,ds-2cd2087g2-l\(u\),1,9.8,9.8
Hardware,hikvision,ds-2cd2086g2-iu\/sl,1,9.8,9.8
Hardware,hikvision,ds-2cd2086g2-i\(u\),1,9.8,9.8
Hardware,hikvision,ds-2cd2143g2-i\(s\),1,9.8,9.8
Hardware,dell,vostro_3583,1,8.8,8.8
Hardware,dell,vostro_3581,1,8.8,8.8
Hardware,dell,vostro_3580,1,8.8,8.8
Hardware,dell,vostro_3560,1,8.8,8.8
Hardware,dell,vostro_3501,1,8.8,8.8
Hardware,dell,vostro_3500,1,8.8,8.8
Hardware,dell,vostro_3491,1,8.8,8.8
Hardware,dell,vostro_3490,1,8.8,8.8
Hardware,dell,vostro_5301,1,8.8,8.8
Hardware,dell,vostro_5300,1,8.8,8.8
Hardware,dell,vostro_5090,1,8.8,8.8
Aplicación,pippo,pippo,1,,
Hardware,dell,vostro_3401,1,8.8,8.8
Hardware,dell,vostro_3400,1,8.8,8.8
Hardware,dell,vostro_3268,1,8.8,8.8
Hardware,dell,vostro_3267,1,8.8,8.8
Hardware,dell,vostro_3252,1,8.8,8.8
Hardware,dell,vostro_3070,1,8.8,8.8
Hardware,dell,vostro_3010,1,8.8,8.8
Hardware,dell,vostro_270s,1,8.8,8.8
Hardware,dell,vostro_270,1,8.8,8.8
Hardware,dell,vostro_260,1,8.8,8.8
Hardware,dell,vostro_2521,1,8.8,8.8
Hardware,dell,vostro_230,1,8.8,8.8
Hardware,dell,vostro_470,1,8.8,8.8
Hardware,dell,vostro_5390,1,8.8,8.8
Hardware,dell,xps_13_9310_2-in-1,1,8.8,8.8
Hardware,dell,xps_13_9310,1,8.8,8.8
Hardware,dell,xps_13_9305,1,8.8,8.8
Hardware,dell,xps_13_9300,1,8.8,8.8
Hardware,dell,vostro_3905,1,8.8,8.8
Hardware,dell,vostro_3902,1,8.8,8.8
Hardware,dell,vostro_3901,1,8.8,8.8
Hardware,dell,vostro_3900g,1,8.8,8.8
Hardware,dell,vostro_3900,1,8.8,8.8
Hardware,dell,vostro_3890,1,8.8,8.8
Hardware,dell,vostro_3584,1,8.8,8.8
Hardware,dell,vostro_3881,1,8.8,8.8
Hardware,dell,vostro_3800,1,8.8,8.8
Hardware,dell,vostro_3690,1,8.8,8.8
Hardware,dell,vostro_3681,1,8.8,8.8
Hardware,dell,vostro_3671,1,8.8,8.8
Hardware,dell,vostro_5890,1,8.8,8.8
Hardware,dell,vostro_5880,1,8.8,8.8
Hardware,dell,vostro_5591,1,8.8,8.8
Hardware,dell,vostro_5590,1,8.8,8.8
Hardware,dell,vostro_3660,1,8.8,8.8
Hardware,dell,vostro_3591,1,8.8,8.8
Hardware,dell,vostro_3590,1,8.8,8.8
Hardware,dell,vostro_3888,1,8.8,8.8
Hardware,dell,precision_t3600,1,8.8,8.8
Hardware,dell,precision_t3500,1,8.8,8.8
Hardware,dell,precision_t1700,1,8.8,8.8
Hardware,dell,precision_r5500,1,8.8,8.8
Hardware,dell,precision_m6700,1,8.8,8.8
Hardware,dell,vostro_220s,1,8.8,8.8
Hardware,dell,vostro_20_3055,1,8.8,8.8
Hardware,dell,vostro_20_3052,1,8.8,8.8
Hardware,dell,vostro_15_7580,1,8.8,8.8
Hardware,dell,precision_7920_tower,1,8.8,8.8
Hardware,dell,precision_7820_xl_tower,1,8.8,8.8
Hardware,dell,vostro_3670,1,8.8,8.8
Hardware,dell,precision_7750,1,8.8,8.8
Hardware,dell,precision_7740,1,8.8,8.8
Hardware,dell,precision_7730,1,8.8,8.8
Hardware,dell,precision_7720,1,8.8,8.8
Hardware,dell,precision_7710,1,8.8,8.8
Hardware,dell,precision_7550,1,8.8,8.8
Hardware,dell,precision_7540,1,8.8,8.8
Hardware,dell,precision_7530,1,8.8,8.8
Hardware,dell,precision_7520,1,8.8,8.8
Hardware,dell,thunderbolt_dock_tb16,1,8.8,8.8
Hardware,dell,precision_t7910,1,8.8,8.8
Hardware,dell,precision_t7810,1,8.8,8.8
Hardware,dell,precision_7820_tower,1,8.8,8.8
Hardware,dell,vostro_3669,1,8.8,8.8
Hardware,dell,vostro_3668,1,8.8,8.8
Hardware,dell,vostro_3667,1,8.8,8.8
Hardware,dell,vostro_15_7570,1,8.8,8.8
Hardware,dell,vostro_15_5568,1,8.8,8.8
Hardware,dell,vostro_15_3561,1,8.8,8.8
Hardware,dell,vostro_1550,1,8.8,8.8
Hardware,dell,vostro_14_5471,1,8.8,8.8
Hardware,dell,vostro_14_5468,1,8.8,8.8
Hardware,dell,vostro_14_3458,1,8.8,8.8
Hardware,dell,vostro_1450,1,8.8,8.8
Hardware,dell,vostro_14-5459,1,8.8,8.8
Hardware,dell,precision_t3610,1,8.8,8.8
Hardware,dell,vostro_13_5370,1,8.8,8.8
Hardware,dell,thunderbolt_dock_tb18dc,1,8.8,8.8
Hardware,dell,vostro_3481,1,8.8,8.8
Hardware,dell,vostro_3480,1,8.8,8.8
Hardware,dell,vostro_3471,1,8.8,8.8
Hardware,dell,vostro_3470,1,8.8,8.8
Hardware,dell,precision_t7600,1,8.8,8.8
Hardware,dell,precision_t7500,1,8.8,8.8
Hardware,dell,precision_t5810,1,8.8,8.8
Hardware,dell,precision_t5610,1,8.8,8.8
Hardware,dell,precision_t5600,1,8.8,8.8
Hardware,dell,precision_t5500,1,8.8,8.8
Hardware,dell,vostro_14-3446,1,8.8,8.8
Hardware,dlink,dir-808l,1,9.8,9.8
Hardware,dlink,dir-655,1,9.8,9.8
Hardware,dlink,dir-652,1,9.8,9.8
Hardware,dlink,dir-651,1,9.8,9.8
Hardware,dlink,dir-645,1,8.8,8.8
Hardware,dlink,dir-640l,1,7.5,7.5
Hardware,dlink,dir-636l,1,9.8,9.8
Hardware,dlink,dir-866l,1,9.8,9.8
Hardware,dlink,dir-862l,1,9.8,9.8
Hardware,dlink,dir-860l,1,9.8,9.8
Hardware,dlink,dir-859,1,9.8,9.8
Hardware,dell,vostro_5391,1,8.8,8.8
Hardware,dlink,dir-615_j1,1,9.8,9.8
Hardware,dlink,dir-600m,1,9.8,9.8
Hardware,dlink,dir-600l,1,9.8,9.8
Hardware,dlink,dir-600,1,8.0,8.0
Hardware,dlink,dir-515,1,9.8,9.8
Hardware,dlink,dir-501,1,9.8,9.8
Hardware,dlink,dir-3040,1,4.3,4.3
Hardware,dlink,dir-300,1,5.7,5.7
Hardware,dlink,dir-140l,1,7.5,7.5
Hardware,dlink,dir-823,1,9.8,9.8
Hardware,dlink,dir-822,1,9.8,9.8
Hardware,dlink,dir-820lw,1,9.8,9.8
Hardware,dlink,dir-855l,1,9.8,9.8
Aplicación,pickplugins,product_slider_for_woocommerce,1,6.1,6.1
Aplicación,pickplugins,post_grid,1,6.1,6.1
Aplicación,piano_led_visualizer_project,piano_led_visualizer,1,9.9,9.9
Hardware,dlink,dir-895r,1,9.8,9.8
Hardware,dlink,dir-895l,1,9.8,9.8
Hardware,dlink,dir-890r,1,9.8,9.8
Hardware,dlink,dir-890l,1,9.8,9.8
Hardware,dlink,dir-885r,1,9.8,9.8
Hardware,dlink,dir-885l,1,9.8,9.8
Hardware,dlink,dir-869,1,9.8,9.8
Hardware,dlink,dir-868l_b1,1,9.8,9.8
Hardware,dlink,dir-809,1,9.8,9.8
Hardware,dw,spectrum_server,1,7.5,7.5
Hardware,dlink,dir-850l,1,6.1,6.1
Hardware,dlink,dir-835,1,9.8,9.8
Hardware,dlink,dir-825\/gf,1,9.8,9.8
Hardware,dlink,dir-825\/acf,1,9.8,9.8
Hardware,dlink,dir-825\/ac,1,9.8,9.8
Hardware,dlink,dir-825\/a,1,9.8,9.8
Hardware,dlink,dsl-2760u,1,5.4,5.4
Hardware,dlink,dsl-2750b,1,9.8,9.8
Hardware,dlink,dnr-322l,1,8.8,8.8
Hardware,dlink,dir-905l,1,9.8,9.8
Hardware,dlink,dir-900l,1,9.8,9.8
Hardware,emerson,dixell_xweb-500,1,9.8,9.8
Hardware,dell,xps_12_9250,1,8.8,8.8
Hardware,dell,wyse_7040_thin_client,1,8.8,8.8
Hardware,dell,wyse_7030,1,5.4,5.4
Hardware,dell,wyse_5470_all-in-one,1,8.8,8.8
Hardware,dell,wyse_5470,1,8.8,8.8
Hardware,dell,wyse_5070,1,8.8,8.8
Hardware,dell,wyse_5050_all-in-one,1,5.4,5.4
Hardware,dell,wyse_5030,1,5.4,5.4
Hardware,dell,vostro_7590,1,8.8,8.8
Hardware,dell,vostro_7500,1,8.8,8.8
Hardware,dell,xps_9350,1,8.8,8.8
Hardware,dlink,dir-818lx,1,9.8,9.8
Hardware,dell,xps_8900,1,8.8,8.8
Hardware,dell,xps_8700,1,8.8,8.8
Hardware,dell,vostro_5581,1,8.8,8.8
Hardware,dell,vostro_5502,1,8.8,8.8
Hardware,dell,vostro_5501,1,8.8,8.8
Hardware,dell,vostro_5491,1,8.8,8.8
Hardware,dell,vostro_5490,1,8.8,8.8
Hardware,dell,vostro_5481,1,8.8,8.8
Hardware,dell,vostro_5480,1,8.8,8.8
Hardware,dell,vostro_5410,1,8.8,8.8
Hardware,dell,vostro_5402,1,8.8,8.8
Hardware,dell,vostro_5401,1,8.8,8.8
Hardware,dell,xps_8940,1,8.8,8.8
Hardware,dlink,dir-817lw_a1,1,9.8,9.8
Hardware,dlink,dap-1620,1,7.5,7.5
Hardware,dlink,dap-1533,1,9.8,9.8
Hardware,dell,xps_one_2710,1,8.8,8.8
Hardware,dell,xps_9550,1,8.8,8.8
Hardware,dell,xps_9530,1,8.8,8.8
Hardware,dlink,dir-626l,1,9.8,9.8
Hardware,dlink,dir-619l,1,9.8,9.8
Hardware,dlink,dir-615jx10,1,9.8,9.8
Hardware,dlink,dir-615_t1,1,9.8,9.8
Hardware,dell,xps_7590,1,8.8,8.8
Hardware,dell,xps_27_7760,1,8.8,8.8
Hardware,dell,xps_13_7390,1,8.8,8.8
Hardware,dell,xps_15_9575_2-in-1,1,8.8,8.8
Hardware,dell,xps_15_9570,1,8.8,8.8
Hardware,dell,xps_15_9560,1,8.8,8.8
Hardware,dell,xps_15_9500,1,8.8,8.8
Hardware,dell,xps_13_9380,1,8.8,8.8
Hardware,dell,xps_13_9370,1,8.8,8.8
Hardware,dell,xps_13_9365_2-in-1,1,8.8,8.8
Hardware,dell,xps_13_9360,1,8.8,8.8
Hardware,dell,xps_13_9343,1,8.8,8.8
Hardware,dlink,dhp-1565,1,9.8,9.8
Hardware,dlink,dcs-930l,1,7.2,7.2
Hardware,dell,xps_13_7390_2-in-1,1,8.8,8.8
Hardware,dell,xps_17_9700,1,8.8,8.8
