cve_id,cwe,cvss_v31_base_score,cvss_v31_exploitability_score,cvss_v31_impact_score,cvss_v2_base_score,cvss_v2_exploitability_score,cvss_v2_impact_score,fuente_cisa,fuente_nuclei
CVE-2000-0114,NVD-CWE-Other,,,,5.0,10.0,2.9,False,True
CVE-2000-0760,NVD-CWE-Other,,,,6.4,10.0,4.9,False,True
CVE-2001-0537,CWE-287,,,,9.3,8.6,10.0,False,True
CVE-2001-1473,CWE-310,,,,7.5,10.0,6.4,False,True
CVE-2002-0367,CWE-269,7.8,1.8,5.9,7.2,3.9,10.0,True,False
CVE-2002-1131,NVD-CWE-Other,,,,7.5,10.0,6.4,False,True
CVE-2004-0210,CWE-120,7.8,1.8,5.9,7.2,3.9,10.0,True,False
CVE-2004-0437,NVD-CWE-Other,,,,5.0,10.0,2.9,False,True
CVE-2004-0519,NVD-CWE-Other,,,,6.8,8.6,6.4,False,True
CVE-2004-0656,NVD-CWE-Other,,,,5.0,10.0,2.9,False,True
CVE-2004-1464,CWE-400,5.9,2.2,3.6,5.0,10.0,2.9,True,False
CVE-2004-1602,CWE-203,,,,5.0,10.0,2.9,False,True
CVE-2004-1641,NVD-CWE-Other,,,,5.0,10.0,2.9,False,True
CVE-2004-1965,NVD-CWE-Other,,,,4.3,8.6,2.9,False,True
CVE-2004-2687,CWE-16,,,,9.3,8.6,10.0,False,True
CVE-2005-0850,CWE-20,,,,5.0,10.0,2.9,False,True
CVE-2005-0851,CWE-835,,,,5.0,10.0,2.9,False,True
CVE-2005-2428,NVD-CWE-Other,,,,5.0,10.0,2.9,False,True
CVE-2005-2773,CWE-77,9.8,3.9,5.9,7.5,10.0,6.4,True,False
CVE-2005-3128,NVD-CWE-Other,,,,4.3,8.6,2.9,False,True
CVE-2005-3344,NVD-CWE-Other,,,,10.0,10.0,10.0,False,True
CVE-2005-3634,NVD-CWE-Other,,,,5.0,10.0,2.9,False,True
CVE-2005-4385,NVD-CWE-Other,,,,4.3,8.6,2.9,False,True
CVE-2006-1547,NVD-CWE-Other,7.5,3.9,3.6,7.8,10.0,6.9,True,False
CVE-2006-1547,CWE-749,7.5,3.9,3.6,7.8,10.0,6.9,True,False
CVE-2006-1681,NVD-CWE-Other,,,,4.3,8.6,2.9,False,True
CVE-2006-2173,NVD-CWE-Other,,,,6.4,10.0,4.9,False,True
CVE-2006-2492,CWE-120,8.8,2.8,5.9,7.6,4.9,10.0,True,False
CVE-2006-2842,NVD-CWE-Other,,,,7.5,10.0,6.4,False,True
CVE-2006-3392,NVD-CWE-Other,,,,5.0,10.0,2.9,False,True
CVE-2006-6565,CWE-476,,,,4.0,8.0,2.9,False,True
CVE-2007-0671,NVD-CWE-noinfo,8.8,2.8,5.9,9.3,8.6,10.0,True,False
CVE-2007-0885,NVD-CWE-Other,,,,6.8,8.6,6.4,False,True
CVE-2007-2449,NVD-CWE-Other,,,,4.3,8.6,2.9,False,True
CVE-2007-3010,NVD-CWE-noinfo,9.8,3.9,5.9,10.0,10.0,10.0,True,True
CVE-2007-3010,CWE-77,9.8,3.9,5.9,10.0,10.0,10.0,True,True
CVE-2007-4504,NVD-CWE-Other,,,,5.0,10.0,2.9,False,True
CVE-2007-4556,NVD-CWE-Other,,,,6.8,8.6,6.4,False,True
CVE-2007-5659,CWE-120,7.8,1.8,5.9,9.3,8.6,10.0,True,False
CVE-2007-5728,CWE-79,,,,4.3,8.6,2.9,False,True
CVE-2008-0015,CWE-119,8.8,2.8,5.9,9.3,8.6,10.0,True,False
CVE-2008-0015,CWE-121,8.8,2.8,5.9,9.3,8.6,10.0,True,False
CVE-2008-0655,CWE-200,8.8,2.8,5.9,9.3,8.6,10.0,True,False
CVE-2008-0702,CWE-119,,,,9.3,8.6,10.0,False,True
CVE-2008-1059,CWE-94,,,,7.5,10.0,6.4,False,True
CVE-2008-1061,CWE-79,,,,4.3,8.6,2.9,False,True
CVE-2008-1547,CWE-601,,,,4.3,8.6,2.9,False,True
CVE-2008-2398,CWE-79,,,,4.3,8.6,2.9,False,True
CVE-2008-2650,CWE-22,,,,6.8,8.6,6.4,False,True
CVE-2008-2992,CWE-787,7.8,1.8,5.9,9.3,8.6,10.0,True,False
CVE-2008-3431,NVD-CWE-noinfo,8.8,2.0,6.0,7.2,3.9,10.0,True,False
CVE-2008-4668,CWE-22,,,,9.0,10.0,8.5,False,True
CVE-2008-4764,CWE-22,,,,5.0,10.0,2.9,False,True
CVE-2008-5281,CWE-119,,,,10.0,10.0,10.0,False,True
CVE-2008-5587,CWE-22,,,,4.3,8.6,2.9,False,True
CVE-2008-6080,CWE-22,,,,5.0,10.0,2.9,False,True
CVE-2008-6172,CWE-22,,,,6.8,8.6,6.4,False,True
CVE-2008-6222,CWE-22,,,,5.0,10.0,2.9,False,True
CVE-2008-6465,CWE-79,,,,4.3,8.6,2.9,False,True
CVE-2008-6668,CWE-22,,,,5.0,10.0,2.9,False,True
CVE-2008-6982,CWE-79,,,,4.3,8.6,2.9,False,True
CVE-2008-7269,CWE-20,,,,5.8,8.6,4.9,False,True
CVE-2009-0238,CWE-94,8.8,2.8,5.9,9.3,8.6,10.0,True,False
CVE-2009-0347,CWE-59,,,,5.8,8.6,4.9,False,True
CVE-2009-0545,CWE-20,,,,10.0,10.0,10.0,False,True
CVE-2009-0556,CWE-94,8.8,2.8,5.9,9.3,8.6,10.0,True,False
CVE-2009-0557,CWE-94,7.8,1.8,5.9,9.3,8.6,10.0,True,False
CVE-2009-0563,CWE-787,7.8,1.8,5.9,9.3,8.6,10.0,True,False
CVE-2009-0884,CWE-120,,,,4.3,8.6,2.9,False,True
CVE-2009-0927,CWE-20,8.8,2.8,5.9,9.3,8.6,10.0,True,False
CVE-2009-0927,CWE-121,8.8,2.8,5.9,9.3,8.6,10.0,True,False
CVE-2009-0932,CWE-22,,,,6.4,10.0,4.9,False,True
CVE-2009-1123,NVD-CWE-noinfo,7.8,1.8,5.9,7.2,3.9,10.0,True,False
CVE-2009-1151,CWE-94,9.8,3.9,5.9,7.5,10.0,6.4,True,True
CVE-2009-1496,CWE-22,,,,5.0,10.0,2.9,False,True
CVE-2009-1558,CWE-22,,,,7.8,10.0,6.9,False,True
CVE-2009-1862,CWE-787,7.8,1.8,5.9,9.3,8.6,10.0,True,False
CVE-2009-1872,CWE-79,,,,4.3,8.6,2.9,False,True
CVE-2009-2015,CWE-22,,,,7.5,10.0,6.4,False,True
CVE-2009-2055,CWE-20,5.9,2.2,3.6,4.3,8.6,2.9,True,False
CVE-2009-2100,CWE-22,,,,5.0,10.0,2.9,False,True
CVE-2009-3053,CWE-22,,,,6.8,8.6,6.4,False,True
CVE-2009-3129,CWE-787,7.8,1.8,5.9,9.3,8.6,10.0,True,False
CVE-2009-3318,CWE-22,,,,7.5,10.0,6.4,False,True
CVE-2009-3953,CWE-787,8.8,2.8,5.9,10.0,10.0,10.0,True,False
CVE-2009-3960,NVD-CWE-noinfo,6.5,2.8,3.6,4.3,8.6,2.9,True,False
CVE-2009-4202,CWE-22,,,,7.5,10.0,6.4,False,True
CVE-2009-4223,CWE-94,,,,7.5,10.0,6.4,False,True
CVE-2009-4324,CWE-416,7.8,1.8,5.9,9.3,8.6,10.0,True,False
CVE-2009-4679,CWE-22,,,,7.5,10.0,6.4,False,True
CVE-2009-5020,CWE-20,,,,5.8,8.6,4.9,False,True
CVE-2009-5114,CWE-22,,,,5.0,10.0,2.9,False,True
CVE-2010-0157,CWE-22,,,,7.5,10.0,6.4,False,True
CVE-2010-0188,NVD-CWE-noinfo,7.8,1.8,5.9,9.3,8.6,10.0,True,False
CVE-2010-0219,CWE-255,,,,10.0,10.0,10.0,False,True
CVE-2010-0232,NVD-CWE-noinfo,7.8,1.8,5.9,7.2,3.9,10.0,True,False
CVE-2010-0467,CWE-22,5.8,3.9,1.4,5.0,10.0,2.9,False,True
CVE-2010-0696,CWE-22,,,,5.0,10.0,2.9,False,True
CVE-2010-0738,NVD-CWE-noinfo,5.3,3.9,1.4,5.0,10.0,2.9,True,False
CVE-2010-0738,CWE-749,5.3,3.9,1.4,5.0,10.0,2.9,True,False
CVE-2010-0759,CWE-22,,,,7.5,10.0,6.4,False,True
CVE-2010-0840,NVD-CWE-noinfo,9.8,3.9,5.9,7.5,10.0,6.4,True,False
CVE-2010-0942,CWE-22,,,,5.0,10.0,2.9,False,True
CVE-2010-0943,CWE-22,,,,5.0,10.0,2.9,False,True
CVE-2010-0944,CWE-22,,,,5.0,10.0,2.9,False,True
CVE-2010-0972,CWE-22,,,,7.5,10.0,6.4,False,True
CVE-2010-0982,CWE-22,,,,4.3,8.6,2.9,False,True
CVE-2010-0985,CWE-22,,,,7.5,10.0,6.4,False,True
CVE-2010-1056,CWE-22,,,,6.8,8.6,6.4,False,True
CVE-2010-1081,CWE-22,,,,5.0,10.0,2.9,False,True
CVE-2010-1217,CWE-22,,,,4.3,8.6,2.9,False,True
CVE-2010-1219,CWE-22,,,,6.8,8.6,6.4,False,True
CVE-2010-1297,CWE-787,7.8,1.8,5.9,9.3,8.6,10.0,True,False
CVE-2010-1302,CWE-22,,,,5.0,10.0,2.9,False,True
CVE-2010-1304,CWE-22,,,,5.0,10.0,2.9,False,True
CVE-2010-1305,CWE-22,,,,5.0,10.0,2.9,False,True
CVE-2010-1306,CWE-22,,,,7.5,10.0,6.4,False,True
CVE-2010-1307,CWE-22,,,,5.0,10.0,2.9,False,True
CVE-2010-1308,CWE-22,,,,5.0,10.0,2.9,False,True
CVE-2010-1312,CWE-22,,,,5.0,10.0,2.9,False,True
CVE-2010-1313,CWE-22,,,,4.3,8.6,2.9,False,True
CVE-2010-1314,CWE-22,,,,5.0,10.0,2.9,False,True
CVE-2010-1315,CWE-22,,,,5.0,10.0,2.9,False,True
CVE-2010-1340,CWE-22,,,,5.0,10.0,2.9,False,True
CVE-2010-1345,CWE-22,,,,5.0,10.0,2.9,False,True
CVE-2010-1352,CWE-22,,,,5.0,10.0,2.9,False,True
CVE-2010-1353,CWE-22,,,,5.0,10.0,2.9,False,True
CVE-2010-1354,CWE-22,,,,5.0,10.0,2.9,False,True
CVE-2010-1428,NVD-CWE-noinfo,7.5,3.9,3.6,5.0,10.0,2.9,True,False
CVE-2010-1428,CWE-749,7.5,3.9,3.6,5.0,10.0,2.9,True,False
CVE-2010-1429,CWE-264,,,,5.0,10.0,2.9,False,True
CVE-2010-1461,CWE-22,,,,5.0,10.0,2.9,False,True
CVE-2010-1469,CWE-22,,,,6.8,8.6,6.4,False,True
CVE-2010-1470,CWE-22,,,,7.5,10.0,6.4,False,True
CVE-2010-1471,CWE-22,,,,7.5,10.0,6.4,False,True
CVE-2010-1472,CWE-22,,,,7.5,10.0,6.4,False,True
CVE-2010-1473,CWE-22,,,,6.8,8.6,6.4,False,True
CVE-2010-1474,CWE-22,,,,6.8,8.6,6.4,False,True
CVE-2010-1475,CWE-22,,,,6.8,8.6,6.4,False,True
CVE-2010-1476,CWE-22,,,,6.8,8.6,6.4,False,True
CVE-2010-1478,CWE-22,,,,6.8,8.6,6.4,False,True
CVE-2010-1491,CWE-22,,,,5.0,10.0,2.9,False,True
CVE-2010-1494,CWE-22,,,,5.0,10.0,2.9,False,True
CVE-2010-1495,CWE-22,,,,7.5,10.0,6.4,False,True
CVE-2010-1531,CWE-22,,,,7.5,10.0,6.4,False,True
CVE-2010-1532,CWE-22,,,,5.0,10.0,2.9,False,True
CVE-2010-1533,CWE-22,,,,7.5,10.0,6.4,False,True
CVE-2010-1534,CWE-22,,,,5.0,10.0,2.9,False,True
CVE-2010-1535,CWE-22,,,,7.5,10.0,6.4,False,True
CVE-2010-1540,CWE-22,,,,5.0,10.0,2.9,False,True
CVE-2010-1586,CWE-20,,,,4.3,8.6,2.9,False,True
CVE-2010-1601,CWE-22,,,,5.0,10.0,2.9,False,True
CVE-2010-1602,CWE-22,,,,7.5,10.0,6.4,False,True
CVE-2010-1603,CWE-22,,,,7.5,10.0,6.4,False,True
CVE-2010-1607,CWE-22,,,,6.8,8.6,6.4,False,True
CVE-2010-1653,CWE-22,,,,7.5,10.0,6.4,False,True
CVE-2010-1657,CWE-22,,,,5.0,10.0,2.9,False,True
CVE-2010-1658,CWE-22,,,,5.0,10.0,2.9,False,True
CVE-2010-1659,CWE-22,,,,5.0,10.0,2.9,False,True
CVE-2010-1714,CWE-22,,,,5.0,10.0,2.9,False,True
CVE-2010-1715,CWE-22,,,,6.8,8.6,6.4,False,True
CVE-2010-1717,CWE-22,,,,7.5,10.0,6.4,False,True
CVE-2010-1718,CWE-22,,,,6.8,8.6,6.4,False,True
CVE-2010-1719,CWE-22,,,,6.8,8.6,6.4,False,True
CVE-2010-1722,CWE-22,,,,6.8,8.6,6.4,False,True
CVE-2010-1723,CWE-22,,,,6.8,8.6,6.4,False,True
CVE-2010-1858,CWE-22,,,,5.0,10.0,2.9,False,True
CVE-2010-1870,NVD-CWE-Other,,,,5.0,10.0,2.9,False,True
CVE-2010-1871,CWE-917,8.8,2.8,5.9,6.8,8.6,6.4,True,False
CVE-2010-1875,CWE-22,,,,7.5,10.0,6.4,False,True
CVE-2010-1878,CWE-22,,,,7.5,10.0,6.4,False,True
CVE-2010-1952,CWE-22,,,,7.5,10.0,6.4,False,True
CVE-2010-1953,CWE-22,,,,7.5,10.0,6.4,False,True
CVE-2010-1954,CWE-22,,,,7.5,10.0,6.4,False,True
CVE-2010-1955,CWE-22,,,,7.5,10.0,6.4,False,True
CVE-2010-1956,CWE-22,,,,7.5,10.0,6.4,False,True
CVE-2010-1957,CWE-22,,,,7.5,10.0,6.4,False,True
CVE-2010-1977,CWE-22,,,,7.5,10.0,6.4,False,True
CVE-2010-1979,CWE-22,,,,6.8,8.6,6.4,False,True
CVE-2010-1980,CWE-22,,,,7.5,10.0,6.4,False,True
CVE-2010-1981,CWE-22,,,,6.8,8.6,6.4,False,True
CVE-2010-1982,CWE-22,,,,5.0,10.0,2.9,False,True
CVE-2010-1983,CWE-22,,,,7.5,10.0,6.4,False,True
CVE-2010-20103,CWE-912,9.8,3.9,5.9,,,,False,True
CVE-2010-2018,CWE-22,,,,5.0,10.0,2.9,False,True
CVE-2010-2033,CWE-22,,,,7.5,10.0,6.4,False,True
CVE-2010-2034,CWE-22,,,,7.5,10.0,6.4,False,True
CVE-2010-2035,CWE-22,,,,7.5,10.0,6.4,False,True
CVE-2010-2036,CWE-22,,,,7.5,10.0,6.4,False,True
CVE-2010-2037,CWE-22,,,,7.5,10.0,6.4,False,True
CVE-2010-2045,CWE-22,,,,7.5,10.0,6.4,False,True
CVE-2010-2050,CWE-22,,,,7.5,10.0,6.4,False,True
CVE-2010-2122,CWE-22,,,,6.8,8.6,6.4,False,True
CVE-2010-2128,CWE-22,,,,7.5,10.0,6.4,False,True
CVE-2010-2259,CWE-22,,,,7.5,10.0,6.4,False,True
CVE-2010-2307,CWE-22,,,,5.0,10.0,2.9,False,True
CVE-2010-2507,CWE-22,,,,6.8,8.6,6.4,False,True
CVE-2010-2568,NVD-CWE-noinfo,7.8,1.8,5.9,9.3,8.6,10.0,True,False
CVE-2010-2572,CWE-120,7.8,1.8,5.9,9.3,8.6,10.0,True,False
CVE-2010-2680,CWE-22,,,,6.8,8.6,6.4,False,True
CVE-2010-2682,CWE-22,,,,7.5,10.0,6.4,False,True
CVE-2010-2857,CWE-22,,,,6.8,8.6,6.4,False,True
CVE-2010-2861,CWE-22,9.8,3.9,5.9,7.5,10.0,6.4,True,True
CVE-2010-2883,CWE-787,7.3,1.3,5.9,9.3,8.6,10.0,True,False
CVE-2010-2918,CWE-94,,,,7.5,10.0,6.4,False,True
CVE-2010-2920,CWE-22,,,,6.8,8.6,6.4,False,True
CVE-2010-3035,NVD-CWE-noinfo,7.5,3.9,3.6,5.0,10.0,2.9,True,False
CVE-2010-3203,CWE-22,,,,5.0,10.0,2.9,False,True
CVE-2010-3333,CWE-787,7.8,1.8,5.9,9.3,8.6,10.0,True,False
CVE-2010-3426,CWE-22,,,,7.5,10.0,6.4,False,True
CVE-2010-3765,CWE-119,9.8,3.9,5.9,9.3,8.6,10.0,True,False
CVE-2010-3867,CWE-22,,,,7.1,3.9,10.0,False,True
CVE-2010-3904,CWE-1284,7.8,1.8,5.9,7.2,3.9,10.0,True,False
CVE-2010-3962,CWE-416,8.1,2.2,5.9,9.3,8.6,10.0,True,False
CVE-2010-4231,CWE-22,,,,7.8,10.0,6.9,False,True
CVE-2010-4239,CWE-20,9.8,3.9,5.9,7.5,10.0,6.4,False,True
CVE-2010-4282,CWE-22,,,,7.5,10.0,6.4,False,True
CVE-2010-4344,CWE-787,9.8,3.9,5.9,9.3,8.6,10.0,True,False
CVE-2010-4345,NVD-CWE-noinfo,7.8,1.8,5.9,6.9,3.4,10.0,True,False
CVE-2010-4345,CWE-77,7.8,1.8,5.9,6.9,3.4,10.0,True,False
CVE-2010-4398,CWE-787,7.8,1.8,5.9,7.2,3.9,10.0,True,False
CVE-2010-4617,CWE-22,,,,6.8,8.6,6.4,False,True
CVE-2010-4719,CWE-22,,,,7.5,10.0,6.4,False,True
CVE-2010-4769,CWE-22,,,,7.5,10.0,6.4,False,True
CVE-2010-4977,CWE-89,,,,7.5,10.0,6.4,False,True
CVE-2010-5028,CWE-89,,,,7.5,10.0,6.4,False,True
CVE-2010-5278,CWE-22,,,,4.3,8.6,2.9,False,True
CVE-2010-5286,CWE-22,,,,10.0,10.0,10.0,False,True
CVE-2010-5326,NVD-CWE-noinfo,10.0,3.9,6.0,10.0,10.0,10.0,True,False
CVE-2010-5326,CWE-306,10.0,3.9,6.0,10.0,10.0,10.0,True,False
CVE-2010-5330,CWE-77,9.8,3.9,5.9,5.0,10.0,2.9,True,False
CVE-2011-0049,CWE-22,,,,5.0,10.0,2.9,False,True
CVE-2011-0518,CWE-22,,,,5.1,4.9,6.4,False,True
CVE-2011-0609,NVD-CWE-noinfo,7.8,1.8,5.9,9.3,8.6,10.0,True,False
CVE-2011-0611,CWE-843,8.8,2.8,5.9,9.3,8.6,10.0,True,False
CVE-2011-0762,CWE-400,,,,4.0,8.0,2.9,False,True
CVE-2011-1669,CWE-22,,,,5.0,10.0,2.9,False,True
CVE-2011-1823,CWE-190,7.8,1.8,5.9,7.2,3.9,10.0,True,False
CVE-2011-1889,CWE-119,9.8,3.9,5.9,10.0,10.0,10.0,True,False
CVE-2011-2005,NVD-CWE-noinfo,7.8,1.8,5.9,7.2,3.9,10.0,True,False
CVE-2011-2462,CWE-787,9.8,3.9,5.9,10.0,10.0,10.0,True,False
CVE-2011-2523,CWE-78,9.8,3.9,5.9,10.0,10.0,10.0,False,True
CVE-2011-2744,CWE-22,,,,6.8,8.6,6.4,False,True
CVE-2011-2780,CWE-22,,,,5.0,10.0,2.9,False,True
CVE-2011-3171,CWE-22,,,,3.6,3.9,4.9,False,True
CVE-2011-3315,CWE-22,,,,7.8,10.0,6.9,False,True
CVE-2011-3402,NVD-CWE-noinfo,8.8,2.8,5.9,9.3,8.6,10.0,True,False
CVE-2011-3544,NVD-CWE-noinfo,9.8,3.9,5.9,10.0,10.0,10.0,True,False
CVE-2011-3544,CWE-284,9.8,3.9,5.9,10.0,10.0,10.0,True,False
CVE-2011-3600,CWE-611,7.5,3.9,3.6,5.0,10.0,2.9,False,True
CVE-2011-4336,CWE-79,6.1,2.8,2.7,4.3,8.6,2.9,False,True
CVE-2011-4618,CWE-79,,,,4.3,8.6,2.9,False,True
CVE-2011-4624,CWE-79,,,,4.3,8.6,2.9,False,True
CVE-2011-4640,CWE-22,,,,4.0,8.0,2.9,False,True
CVE-2011-4723,CWE-312,5.7,2.1,3.6,6.8,8.0,6.9,True,False
CVE-2011-4804,CWE-22,,,,5.0,10.0,2.9,False,True
CVE-2011-4926,CWE-79,,,,4.3,8.6,2.9,False,True
CVE-2011-5106,CWE-79,,,,4.3,8.6,2.9,False,True
CVE-2011-5107,CWE-79,,,,4.3,8.6,2.9,False,True
CVE-2011-5179,CWE-79,,,,4.3,8.6,2.9,False,True
CVE-2011-5181,CWE-79,,,,4.3,8.6,2.9,False,True
CVE-2011-5252,CWE-20,,,,5.8,8.6,4.9,False,True
CVE-2011-5265,CWE-79,,,,4.3,8.6,2.9,False,True
CVE-2012-0151,CWE-20,7.8,1.8,5.9,9.3,8.6,10.0,True,False
CVE-2012-0158,CWE-94,8.8,2.8,5.9,9.3,8.6,10.0,True,False
CVE-2012-0391,CWE-94,9.8,3.9,5.9,9.3,8.6,10.0,True,False
CVE-2012-0392,NVD-CWE-noinfo,,,,6.8,8.6,6.4,False,True
CVE-2012-0394,CWE-94,,,,6.8,8.6,6.4,False,True
CVE-2012-0507,NVD-CWE-noinfo,9.8,3.9,5.9,10.0,10.0,10.0,True,False
CVE-2012-0507,CWE-843,9.8,3.9,5.9,10.0,10.0,10.0,True,False
CVE-2012-0518,CWE-601,4.7,2.8,1.4,4.3,8.6,2.9,True,False
CVE-2012-0754,CWE-787,8.1,2.2,5.9,9.3,8.6,10.0,True,False
CVE-2012-0767,CWE-79,6.1,2.8,2.7,4.3,8.6,2.9,True,False
CVE-2012-0896,CWE-22,,,,5.0,10.0,2.9,False,True
CVE-2012-0901,CWE-79,,,,4.3,8.6,2.9,False,True
CVE-2012-0981,CWE-22,,,,5.0,10.0,2.9,False,True
CVE-2012-0991,CWE-22,,,,3.5,6.8,2.9,False,True
CVE-2012-0996,CWE-22,,,,5.0,10.0,2.9,False,True
CVE-2012-10018,CWE-918,8.3,3.9,3.7,,,,False,True
CVE-2012-1226,CWE-22,,,,7.5,10.0,6.4,False,True
CVE-2012-1535,CWE-20,7.8,1.8,5.9,9.3,8.6,10.0,True,False
CVE-2012-1535,CWE-94,7.8,1.8,5.9,9.3,8.6,10.0,True,False
CVE-2012-1710,NVD-CWE-noinfo,9.8,3.9,5.9,7.5,10.0,6.4,True,False
CVE-2012-1723,NVD-CWE-noinfo,9.8,3.9,5.9,10.0,10.0,10.0,True,False
CVE-2012-1723,CWE-284,9.8,3.9,5.9,10.0,10.0,10.0,True,False
CVE-2012-1823,CWE-77,9.8,3.9,5.9,7.5,10.0,6.4,True,True
CVE-2012-1835,CWE-79,,,,4.3,8.6,2.9,False,True
CVE-2012-1854,NVD-CWE-Other,7.8,1.8,5.9,6.9,3.4,10.0,True,False
CVE-2012-1854,CWE-426,7.8,1.8,5.9,6.9,3.4,10.0,True,False
CVE-2012-1856,NVD-CWE-noinfo,8.8,2.8,5.9,9.3,8.6,10.0,True,False
CVE-2012-1889,CWE-787,8.8,2.8,5.9,9.3,8.6,10.0,True,False
CVE-2012-2034,CWE-119,7.5,1.6,5.9,9.3,8.6,10.0,True,False
CVE-2012-2122,CWE-287,,,,5.1,4.9,6.4,False,True
CVE-2012-2371,CWE-79,,,,4.3,8.6,2.9,False,True
CVE-2012-2539,CWE-787,7.8,1.8,5.9,9.3,8.6,10.0,True,False
CVE-2012-3152,NVD-CWE-noinfo,9.1,3.9,5.2,6.4,10.0,4.9,True,False
CVE-2012-3153,NVD-CWE-noinfo,,,,6.4,10.0,4.9,False,True
CVE-2012-4032,CWE-20,,,,5.8,8.6,4.9,False,True
CVE-2012-4242,CWE-79,,,,4.3,8.6,2.9,False,True
CVE-2012-4253,CWE-22,,,,4.3,8.6,2.9,False,True
CVE-2012-4273,CWE-79,,,,4.3,8.6,2.9,False,True
CVE-2012-4547,CWE-79,,,,4.3,8.6,2.9,False,True
CVE-2012-4681,NVD-CWE-Other,9.8,3.9,5.9,10.0,10.0,10.0,True,False
CVE-2012-4681,CWE-284,9.8,3.9,5.9,10.0,10.0,10.0,True,False
CVE-2012-4768,CWE-79,,,,4.3,8.6,2.9,False,True
CVE-2012-4792,CWE-416,8.8,2.8,5.9,9.3,8.6,10.0,True,False
CVE-2012-4878,CWE-22,,,,5.0,10.0,2.9,False,True
CVE-2012-4889,CWE-79,,,,4.3,8.6,2.9,False,True
CVE-2012-4940,CWE-22,,,,6.4,10.0,4.9,False,True
CVE-2012-4969,CWE-416,8.1,2.2,5.9,9.3,8.6,10.0,True,False
CVE-2012-4982,CWE-20,,,,5.8,8.6,4.9,False,True
CVE-2012-5054,CWE-190,8.8,2.8,5.9,9.3,8.6,10.0,True,False
CVE-2012-5076,NVD-CWE-Other,9.8,3.9,5.9,10.0,10.0,10.0,True,False
CVE-2012-5076,CWE-284,9.8,3.9,5.9,10.0,10.0,10.0,True,False
CVE-2012-5321,CWE-20,,,,5.8,8.6,4.9,False,True
CVE-2012-5913,CWE-79,,,,4.3,8.6,2.9,False,True
CVE-2012-6499,CWE-20,,,,5.8,8.6,4.9,False,True
CVE-2013-0074,NVD-CWE-noinfo,7.8,1.8,5.9,9.3,8.6,10.0,True,False
CVE-2013-0422,NVD-CWE-Other,9.8,3.9,5.9,10.0,10.0,10.0,True,False
CVE-2013-0422,CWE-284,9.8,3.9,5.9,10.0,10.0,10.0,True,False
CVE-2013-0431,NVD-CWE-Other,5.3,3.9,1.4,5.0,10.0,2.9,True,False
CVE-2013-0431,CWE-693,5.3,3.9,1.4,5.0,10.0,2.9,True,False
CVE-2013-0625,CWE-287,9.8,3.9,5.9,6.8,8.6,6.4,True,False
CVE-2013-0629,NVD-CWE-noinfo,7.5,3.9,3.6,4.3,8.6,2.9,True,False
CVE-2013-0631,NVD-CWE-noinfo,7.5,3.9,3.6,5.0,10.0,2.9,True,False
CVE-2013-0632,CWE-276,9.8,3.9,5.9,10.0,10.0,10.0,True,False
CVE-2013-0640,CWE-787,7.8,1.8,5.9,9.3,8.6,10.0,True,False
CVE-2013-0641,CWE-120,7.8,1.8,5.9,9.3,8.6,10.0,True,False
CVE-2013-0643,NVD-CWE-noinfo,8.8,2.8,5.9,9.3,8.6,10.0,True,False
CVE-2013-0643,CWE-269,8.8,2.8,5.9,9.3,8.6,10.0,True,False
CVE-2013-0648,NVD-CWE-noinfo,8.8,2.8,5.9,9.3,8.6,10.0,True,False
CVE-2013-1331,CWE-120,7.8,1.8,5.9,9.3,8.6,10.0,True,False
CVE-2013-1347,CWE-416,8.8,2.8,5.9,9.3,8.6,10.0,True,False
CVE-2013-1675,CWE-665,6.5,2.8,3.6,4.3,8.6,2.9,True,False
CVE-2013-1690,CWE-119,8.8,2.8,5.9,9.3,8.6,10.0,True,False
CVE-2013-1965,CWE-94,,,,9.3,8.6,10.0,False,True
CVE-2013-2094,CWE-189,8.4,2.5,5.9,7.2,3.9,10.0,True,False
CVE-2013-2248,CWE-20,,,,5.8,8.6,4.9,False,True
CVE-2013-2251,CWE-74,9.8,3.9,5.9,9.3,8.6,10.0,True,True
CVE-2013-2287,CWE-79,,,,4.3,8.6,2.9,False,True
CVE-2013-2423,NVD-CWE-noinfo,3.7,2.2,1.4,4.3,8.6,2.9,True,False
CVE-2013-2423,CWE-284,3.7,2.2,1.4,4.3,8.6,2.9,True,False
CVE-2013-2465,NVD-CWE-noinfo,9.8,3.9,5.9,10.0,10.0,10.0,True,False
CVE-2013-2465,CWE-693,9.8,3.9,5.9,10.0,10.0,10.0,True,False
CVE-2013-2551,CWE-416,8.8,2.8,5.9,9.3,8.6,10.0,True,False
CVE-2013-2596,CWE-190,7.8,1.8,5.9,6.9,3.4,10.0,True,False
CVE-2013-2597,NVD-CWE-Other,8.4,2.5,5.9,7.2,3.9,10.0,True,False
CVE-2013-2597,CWE-121,8.4,2.5,5.9,7.2,3.9,10.0,True,False
CVE-2013-2621,CWE-601,6.1,2.8,2.7,5.8,8.6,4.9,False,True
CVE-2013-2729,CWE-190,9.8,3.9,5.9,10.0,10.0,10.0,True,False
CVE-2013-3163,CWE-787,8.8,2.8,5.9,9.3,8.6,10.0,True,False
CVE-2013-3346,CWE-787,9.8,3.9,5.9,10.0,10.0,10.0,True,False
CVE-2013-3526,CWE-79,,,,4.3,8.6,2.9,False,True
CVE-2013-3660,CWE-119,7.8,1.8,5.9,6.9,3.4,10.0,True,False
CVE-2013-3827,NVD-CWE-noinfo,,,,5.0,10.0,2.9,False,True
CVE-2013-3893,CWE-416,8.8,2.8,5.9,9.3,8.6,10.0,True,False
CVE-2013-3896,NVD-CWE-noinfo,5.5,1.8,3.6,4.3,8.6,2.9,True,False
CVE-2013-3897,CWE-416,8.8,2.8,5.9,9.3,8.6,10.0,True,False
CVE-2013-3900,CWE-347,5.5,1.8,3.6,7.6,4.9,10.0,True,False
CVE-2013-3906,CWE-94,7.8,1.8,5.9,9.3,8.6,10.0,True,False
CVE-2013-3918,CWE-787,8.8,2.8,5.9,9.3,8.6,10.0,True,False
CVE-2013-3993,CWE-22,6.5,2.8,3.6,3.5,6.8,2.9,True,False
CVE-2013-4117,CWE-79,,,,4.3,8.6,2.9,False,True
CVE-2013-4625,CWE-79,,,,4.3,8.6,2.9,False,True
CVE-2013-4810,CWE-94,9.8,3.9,5.9,10.0,10.0,10.0,True,False
CVE-2013-4982,CWE-287,9.8,3.9,5.9,7.5,10.0,6.4,False,True
CVE-2013-5065,NVD-CWE-noinfo,7.8,1.8,5.9,7.2,3.9,10.0,True,False
CVE-2013-5223,CWE-79,5.4,2.3,2.7,3.5,6.8,2.9,True,False
CVE-2013-5528,CWE-22,,,,4.0,8.0,2.9,False,True
CVE-2013-5979,CWE-22,,,,5.0,10.0,2.9,False,True
CVE-2013-6281,CWE-79,,,,4.3,8.6,2.9,False,True
CVE-2013-6282,CWE-20,8.8,2.8,5.9,7.2,3.9,10.0,True,False
CVE-2013-7091,CWE-22,,,,5.0,10.0,2.9,False,True
CVE-2013-7240,CWE-22,,,,5.0,10.0,2.9,False,True
CVE-2013-7285,CWE-78,9.8,3.9,5.9,7.5,10.0,6.4,False,True
CVE-2013-7331,CWE-209,6.5,3.9,2.5,4.3,8.6,2.9,True,False
CVE-2014-0130,CWE-22,7.5,3.9,3.6,4.3,8.6,2.9,True,False
CVE-2014-0160,CWE-125,7.5,3.9,3.6,5.0,10.0,2.9,True,False
CVE-2014-0196,CWE-362,5.5,1.8,3.6,6.9,3.4,10.0,True,False
CVE-2014-0322,CWE-416,8.8,2.8,5.9,9.3,8.6,10.0,True,False
CVE-2014-0496,CWE-416,8.8,2.8,5.9,10.0,10.0,10.0,True,False
CVE-2014-0497,CWE-191,9.8,3.9,5.9,10.0,10.0,10.0,True,False
CVE-2014-0502,CWE-415,8.8,2.8,5.9,10.0,10.0,10.0,True,False
CVE-2014-0546,NVD-CWE-noinfo,9.8,3.9,5.9,10.0,10.0,10.0,True,False
CVE-2014-0780,CWE-22,9.8,3.9,5.9,7.5,10.0,6.4,True,False
CVE-2014-100004,CWE-79,,,,4.3,8.6,2.9,False,True
CVE-2014-100005,CWE-352,8.0,2.1,5.9,6.8,8.6,6.4,True,False
CVE-2014-10037,CWE-22,,,,7.5,10.0,6.4,False,True
CVE-2014-1203,CWE-77,9.8,3.9,5.9,7.5,10.0,6.4,False,True
CVE-2014-1761,CWE-787,7.8,1.8,5.9,9.3,8.6,10.0,True,False
CVE-2014-1776,CWE-416,9.8,3.9,5.9,10.0,10.0,10.0,True,False
CVE-2014-1812,CWE-255,8.8,2.8,5.9,9.0,8.0,10.0,True,False
CVE-2014-1812,CWE-522,8.8,2.8,5.9,9.0,8.0,10.0,True,False
CVE-2014-1841,CWE-22,,,,5.0,10.0,2.9,False,True
CVE-2014-1842,CWE-22,,,,5.0,10.0,2.9,False,True
CVE-2014-1843,CWE-22,,,,5.0,10.0,2.9,False,True
CVE-2014-2120,CWE-79,6.1,2.8,2.7,4.3,8.6,2.9,True,False
CVE-2014-2321,CWE-264,,,,10.0,10.0,10.0,False,True
CVE-2014-2323,CWE-89,9.8,3.9,5.9,7.5,10.0,6.4,False,True
CVE-2014-2383,CWE-200,,,,6.8,8.6,6.4,False,True
CVE-2014-2817,NVD-CWE-noinfo,8.8,2.8,5.9,6.8,8.6,6.4,True,False
CVE-2014-2908,CWE-79,,,,4.3,8.6,2.9,False,True
CVE-2014-2962,CWE-22,,,,7.8,10.0,6.9,False,True
CVE-2014-3120,CWE-284,8.1,2.8,5.2,6.8,8.6,6.4,True,True
CVE-2014-3153,NVD-CWE-noinfo,7.8,1.8,5.9,7.2,3.9,10.0,True,False
CVE-2014-3206,CWE-20,,,,10.0,10.0,10.0,False,True
CVE-2014-3704,CWE-89,,,,7.5,10.0,6.4,False,True
CVE-2014-3744,CWE-22,,,,5.0,10.0,2.9,False,True
CVE-2014-3931,CWE-119,9.8,3.9,5.9,7.5,10.0,6.4,True,False
CVE-2014-4077,NVD-CWE-noinfo,7.8,1.8,5.9,9.3,8.6,10.0,True,False
CVE-2014-4113,NVD-CWE-noinfo,7.8,1.8,5.9,7.2,3.9,10.0,True,False
CVE-2014-4114,NVD-CWE-noinfo,7.8,1.8,5.9,9.3,8.6,10.0,True,False
CVE-2014-4123,NVD-CWE-noinfo,8.8,2.8,5.9,6.8,8.6,6.4,True,False
CVE-2014-4148,CWE-94,8.8,2.8,5.9,9.3,8.6,10.0,True,False
CVE-2014-4210,NVD-CWE-noinfo,,,,5.0,10.0,2.9,False,True
CVE-2014-4404,CWE-787,7.8,1.8,5.9,9.3,8.6,10.0,True,False
CVE-2014-4513,CWE-79,,,,4.3,8.6,2.9,False,True
CVE-2014-4535,CWE-79,6.1,2.8,2.7,4.3,8.6,2.9,False,True
CVE-2014-4536,CWE-79,6.1,2.8,2.7,4.3,8.6,2.9,False,True
CVE-2014-4539,CWE-79,6.1,2.8,2.7,4.3,8.6,2.9,False,True
CVE-2014-4544,CWE-79,6.1,2.8,2.7,4.3,8.6,2.9,False,True
CVE-2014-4550,CWE-79,6.1,2.8,2.7,4.3,8.6,2.9,False,True
CVE-2014-4558,CWE-79,6.1,2.8,2.7,4.3,8.6,2.9,False,True
CVE-2014-4561,CWE-79,6.1,2.8,2.7,4.3,8.6,2.9,False,True
CVE-2014-4577,CWE-22,,,,5.0,10.0,2.9,False,True
CVE-2014-4592,CWE-79,6.1,2.8,2.7,4.3,8.6,2.9,False,True
CVE-2014-4940,CWE-22,,,,5.0,10.0,2.9,False,True
CVE-2014-4941,CWE-22,,,,5.0,10.0,2.9,False,True
CVE-2014-4942,CWE-200,,,,5.0,10.0,2.9,False,True
CVE-2014-5111,CWE-22,,,,5.0,10.0,2.9,False,True
CVE-2014-5181,CWE-22,,,,5.0,10.0,2.9,False,True
CVE-2014-5187,CWE-22,,,,5.0,10.0,2.9,False,True
CVE-2014-5258,CWE-22,,,,4.0,8.0,2.9,False,True
CVE-2014-5368,CWE-22,,,,5.0,10.0,2.9,False,True
CVE-2014-6271,CWE-78,9.8,3.9,5.9,10.0,10.0,10.0,True,True
CVE-2014-6278,CWE-78,8.8,2.8,5.9,10.0,10.0,10.0,True,False
CVE-2014-6287,CWE-94,9.8,3.9,5.9,10.0,10.0,10.0,True,True
CVE-2014-6308,CWE-22,,,,5.0,10.0,2.9,False,True
CVE-2014-6324,NVD-CWE-noinfo,8.8,2.8,5.9,9.0,8.0,10.0,True,False
CVE-2014-6332,CWE-119,8.8,2.8,5.9,9.3,8.6,10.0,True,False
CVE-2014-6352,NVD-CWE-noinfo,7.8,1.8,5.9,9.3,8.6,10.0,True,False
CVE-2014-7169,CWE-78,9.8,3.9,5.9,10.0,10.0,10.0,True,False
CVE-2014-8361,NVD-CWE-noinfo,9.8,3.9,5.9,10.0,10.0,10.0,True,False
CVE-2014-8439,CWE-119,8.8,2.8,5.9,10.0,10.0,10.0,True,False
CVE-2014-8439,CWE-416,8.8,2.8,5.9,10.0,10.0,10.0,True,False
CVE-2014-8676,CWE-22,,,,5.0,10.0,2.9,False,True
CVE-2014-8682,CWE-89,,,,7.5,10.0,6.4,False,True
CVE-2014-8739,CWE-434,9.8,3.9,5.9,7.5,10.0,6.4,False,True
CVE-2014-8799,CWE-22,,,,5.0,10.0,2.9,False,True
CVE-2014-9094,CWE-79,,,,4.3,8.6,2.9,False,True
CVE-2014-9119,CWE-22,,,,5.0,10.0,2.9,False,True
CVE-2014-9163,NVD-CWE-Other,7.8,1.8,5.9,10.0,10.0,10.0,True,False
CVE-2014-9163,CWE-121,7.8,1.8,5.9,10.0,10.0,10.0,True,False
CVE-2014-9180,NVD-CWE-Other,,,,5.0,10.0,2.9,False,True
CVE-2014-9444,CWE-79,,,,4.3,8.6,2.9,False,True
CVE-2014-9606,CWE-79,6.1,2.8,2.7,4.3,8.6,2.9,False,True
CVE-2014-9607,CWE-79,6.1,2.8,2.7,4.3,8.6,2.9,False,True
CVE-2014-9608,CWE-79,6.1,2.8,2.7,4.3,8.6,2.9,False,True
CVE-2014-9609,CWE-22,5.3,3.9,1.4,5.0,10.0,2.9,False,True
CVE-2014-9614,CWE-798,9.8,3.9,5.9,7.5,10.0,6.4,False,True
CVE-2014-9615,CWE-79,6.1,2.8,2.7,4.3,8.6,2.9,False,True
CVE-2014-9617,CWE-601,6.1,2.8,2.7,5.8,8.6,4.9,False,True
CVE-2014-9618,CWE-287,,,,7.5,10.0,6.4,False,True
CVE-2014-9735,CWE-264,,,,7.5,10.0,6.4,False,True
CVE-2015-0016,CWE-22,7.8,1.8,5.9,9.3,8.6,10.0,True,False
CVE-2015-0071,NVD-CWE-noinfo,6.5,2.8,3.6,4.3,8.6,2.9,True,False
CVE-2015-0310,NVD-CWE-noinfo,7.8,1.8,5.9,10.0,10.0,10.0,True,False
CVE-2015-0310,CWE-200,7.8,1.8,5.9,10.0,10.0,10.0,True,False
CVE-2015-0311,NVD-CWE-noinfo,9.8,3.9,5.9,10.0,10.0,10.0,True,False
CVE-2015-0313,CWE-416,9.8,3.9,5.9,10.0,10.0,10.0,True,False
CVE-2015-0554,CWE-264,,,,9.4,10.0,9.2,False,True
CVE-2015-0666,CWE-22,7.5,3.9,3.6,7.8,10.0,6.9,True,False
CVE-2015-1000005,CWE-22,,,,5.0,10.0,2.9,False,True
CVE-2015-1000010,CWE-284,,,,5.0,10.0,2.9,False,True
CVE-2015-1000012,CWE-200,,,,5.0,10.0,2.9,False,True
CVE-2015-10141,CWE-78,,,,,,,False,True
CVE-2015-10141,CWE-306,,,,,,,False,True
CVE-2015-1130,CWE-59,7.8,1.8,5.9,7.2,3.9,10.0,True,False
CVE-2015-1187,CWE-287,9.8,3.9,5.9,10.0,10.0,10.0,True,False
CVE-2015-1419,NVD-CWE-noinfo,,,,5.0,10.0,2.9,False,True
CVE-2015-1427,NVD-CWE-noinfo,9.8,3.9,5.9,7.5,10.0,6.4,True,True
CVE-2015-1503,CWE-22,,,,7.8,10.0,6.9,False,True
CVE-2015-1579,CWE-22,,,,5.0,10.0,2.9,False,True
CVE-2015-1635,CWE-94,9.8,3.9,5.9,10.0,10.0,10.0,True,True
CVE-2015-1641,CWE-787,7.8,1.8,5.9,9.3,8.6,10.0,True,False
CVE-2015-1642,CWE-787,7.8,1.8,5.9,9.3,8.6,10.0,True,False
CVE-2015-1671,NVD-CWE-noinfo,7.8,1.8,5.9,9.3,8.6,10.0,True,False
CVE-2015-1701,NVD-CWE-noinfo,7.8,1.8,5.9,7.2,3.9,10.0,True,False
CVE-2015-1769,CWE-264,6.6,0.7,5.9,7.2,3.9,10.0,True,False
CVE-2015-1770,CWE-824,8.8,2.8,5.9,9.3,8.6,10.0,True,False
CVE-2015-1880,CWE-79,,,,4.3,8.6,2.9,False,True
CVE-2015-20067,CWE-862,7.5,3.9,3.6,5.0,10.0,2.9,False,True
CVE-2015-2051,CWE-77,8.8,2.8,5.9,10.0,10.0,10.0,True,False
CVE-2015-2067,CWE-22,,,,5.0,10.0,2.9,False,True
CVE-2015-2068,CWE-79,,,,4.3,8.6,2.9,False,True
CVE-2015-2080,CWE-200,,,,5.0,10.0,2.9,False,True
CVE-2015-2166,CWE-22,,,,5.0,10.0,2.9,False,True
CVE-2015-2196,CWE-89,,,,7.5,10.0,6.4,False,True
CVE-2015-2291,CWE-20,7.8,1.8,5.9,7.2,3.9,10.0,True,False
CVE-2015-2360,CWE-119,8.8,2.8,5.9,7.2,3.9,10.0,True,False
CVE-2015-2360,CWE-416,8.8,2.8,5.9,7.2,3.9,10.0,True,False
CVE-2015-2387,CWE-787,7.8,1.8,5.9,7.2,3.9,10.0,True,False
CVE-2015-2419,CWE-787,8.8,2.8,5.9,9.3,8.6,10.0,True,False
CVE-2015-2424,CWE-787,8.8,2.8,5.9,9.3,8.6,10.0,True,False
CVE-2015-2425,CWE-787,8.8,2.8,5.9,9.3,8.6,10.0,True,False
CVE-2015-2426,CWE-119,8.8,2.8,5.9,9.3,8.6,10.0,True,False
CVE-2015-2426,CWE-124,8.8,2.8,5.9,9.3,8.6,10.0,True,False
CVE-2015-2502,CWE-787,8.8,2.8,5.9,9.3,8.6,10.0,True,False
CVE-2015-2545,NVD-CWE-noinfo,7.8,1.8,5.9,9.3,8.6,10.0,True,False
CVE-2015-2546,CWE-119,8.2,1.5,6.0,6.9,3.4,10.0,True,False
CVE-2015-2590,NVD-CWE-noinfo,9.8,3.9,5.9,10.0,10.0,10.0,True,False
CVE-2015-2755,CWE-352,,,,6.8,8.6,6.4,False,True
CVE-2015-2794,CWE-264,,,,7.5,10.0,6.4,False,True
CVE-2015-2807,CWE-79,,,,4.3,8.6,2.9,False,True
CVE-2015-2863,NVD-CWE-Other,,,,4.3,8.6,2.9,False,True
CVE-2015-2996,CWE-22,,,,8.5,10.0,7.8,False,True
CVE-2015-3035,CWE-22,7.5,3.9,3.6,7.8,10.0,6.9,True,True
CVE-2015-3043,CWE-787,9.8,3.9,5.9,10.0,10.0,10.0,True,False
CVE-2015-3113,CWE-787,9.8,3.9,5.9,10.0,10.0,10.0,True,False
CVE-2015-3113,CWE-122,9.8,3.9,5.9,10.0,10.0,10.0,True,False
CVE-2015-3224,CWE-284,,,,4.3,8.6,2.9,False,True
CVE-2015-3306,CWE-284,,,,10.0,10.0,10.0,False,True
CVE-2015-3337,CWE-22,,,,4.3,8.6,2.9,False,True
CVE-2015-3648,CWE-22,,,,7.5,10.0,6.4,False,True
CVE-2015-3897,CWE-22,,,,5.0,10.0,2.9,False,True
CVE-2015-4050,CWE-284,,,,4.3,8.6,2.9,False,True
CVE-2015-4062,CWE-89,,,,6.5,8.0,6.4,False,True
CVE-2015-4063,CWE-79,,,,3.5,6.8,2.9,False,True
CVE-2015-4068,CWE-22,9.1,3.9,5.2,9.4,10.0,9.2,True,False
CVE-2015-4074,CWE-22,,,,5.0,10.0,2.9,False,True
CVE-2015-4127,CWE-79,,,,4.3,8.6,2.9,False,True
CVE-2015-4414,CWE-22,,,,5.0,10.0,2.9,False,True
CVE-2015-4455,CWE-434,,,,7.5,10.0,6.4,False,True
CVE-2015-4495,NVD-CWE-noinfo,8.8,2.8,5.9,4.3,8.6,2.9,True,False
CVE-2015-4495,CWE-346,8.8,2.8,5.9,4.3,8.6,2.9,True,False
CVE-2015-4632,CWE-22,,,,5.0,10.0,2.9,False,True
CVE-2015-4666,CWE-22,,,,5.0,10.0,2.9,False,True
CVE-2015-4668,CWE-601,,,,5.8,8.6,4.9,False,True
CVE-2015-4694,CWE-22,,,,5.0,10.0,2.9,False,True
CVE-2015-4852,CWE-502,9.8,3.9,5.9,7.5,10.0,6.4,True,False
CVE-2015-4902,NVD-CWE-noinfo,5.3,3.9,1.4,5.0,10.0,2.9,True,False
CVE-2015-4902,CWE-284,5.3,3.9,1.4,5.0,10.0,2.9,True,False
CVE-2015-5119,CWE-416,9.8,3.9,5.9,10.0,10.0,10.0,True,False
CVE-2015-5122,CWE-416,9.8,3.9,5.9,10.0,10.0,10.0,True,False
CVE-2015-5123,CWE-416,9.8,3.9,5.9,10.0,10.0,10.0,True,False
CVE-2015-5317,CWE-200,7.5,3.9,3.6,5.0,10.0,2.9,True,False
CVE-2015-5354,CWE-601,,,,5.8,8.6,4.9,False,True
CVE-2015-5461,NVD-CWE-Other,,,,6.4,10.0,4.9,False,True
CVE-2015-5469,CWE-22,,,,5.0,10.0,2.9,False,True
CVE-2015-5471,CWE-22,,,,5.0,10.0,2.9,False,True
CVE-2015-5531,CWE-22,,,,5.0,10.0,2.9,False,True
CVE-2015-5688,CWE-22,,,,5.0,10.0,2.9,False,True
CVE-2015-6175,NVD-CWE-noinfo,7.8,1.8,5.9,7.2,3.9,10.0,True,False
CVE-2015-6477,CWE-79,,,,4.3,8.6,2.9,False,True
CVE-2015-6544,CWE-79,,,,4.3,8.6,2.9,False,True
CVE-2015-6920,CWE-79,,,,4.3,8.6,2.9,False,True
CVE-2015-7245,CWE-22,,,,5.0,10.0,2.9,False,True
CVE-2015-7297,CWE-89,,,,7.5,10.0,6.4,False,True
CVE-2015-7377,CWE-79,,,,4.3,8.6,2.9,False,True
CVE-2015-7450,CWE-502,9.8,3.9,5.9,10.0,10.0,10.0,True,True
CVE-2015-7645,NVD-CWE-noinfo,7.8,1.8,5.9,9.3,8.6,10.0,True,False
CVE-2015-7755,CWE-287,9.8,3.9,5.9,10.0,10.0,10.0,True,False
CVE-2015-7780,CWE-22,,,,4.0,8.0,2.9,False,True
CVE-2015-7823,NVD-CWE-Other,,,,5.8,8.6,4.9,False,True
CVE-2015-8349,CWE-79,,,,4.3,8.6,2.9,False,True
CVE-2015-8350,CWE-79,,,,4.3,8.6,2.9,False,True
CVE-2015-8399,CWE-200,,,,4.0,8.0,2.9,False,True
CVE-2015-8562,CWE-20,,,,7.5,10.0,6.4,False,True
CVE-2015-8651,CWE-190,8.8,2.8,5.9,9.3,8.6,10.0,True,False
CVE-2015-8813,CWE-918,,,,4.3,8.6,2.9,False,True
CVE-2015-9312,CWE-79,,,,4.3,8.6,2.9,False,True
CVE-2015-9323,CWE-89,9.8,3.9,5.9,7.5,10.0,6.4,False,True
CVE-2015-9406,CWE-22,7.5,3.9,3.6,5.0,10.0,2.9,False,True
CVE-2015-9414,CWE-79,6.1,2.8,2.7,4.3,8.6,2.9,False,True
CVE-2015-9415,CWE-20,7.5,3.9,3.6,5.0,10.0,2.9,False,True
CVE-2015-9480,CWE-22,7.5,3.9,3.6,5.0,10.0,2.9,False,True
CVE-2015-9499,CWE-434,9.8,3.9,5.9,7.5,10.0,6.4,False,True
CVE-2016-0034,NVD-CWE-noinfo,8.8,2.8,5.9,9.3,8.6,10.0,True,False
CVE-2016-0040,NVD-CWE-noinfo,7.8,1.8,5.9,7.2,3.9,10.0,True,False
CVE-2016-0099,CWE-120,7.8,1.8,5.9,7.2,3.9,10.0,True,False
CVE-2016-0151,CWE-269,7.8,1.8,5.9,7.2,3.9,10.0,True,False
CVE-2016-0162,NVD-CWE-noinfo,4.3,2.8,1.4,4.3,8.6,2.9,True,False
CVE-2016-0165,NVD-CWE-noinfo,7.8,1.8,5.9,7.2,3.9,10.0,True,False
CVE-2016-0167,NVD-CWE-noinfo,7.8,1.8,5.9,7.2,3.9,10.0,True,False
CVE-2016-0185,NVD-CWE-noinfo,7.8,1.8,5.9,9.3,8.6,10.0,True,False
CVE-2016-0189,CWE-787,7.5,1.6,5.9,7.6,4.9,10.0,True,False
CVE-2016-0752,CWE-22,7.5,3.9,3.6,5.0,10.0,2.9,True,False
CVE-2016-0957,NVD-CWE-noinfo,,,,7.8,10.0,6.9,False,True
CVE-2016-0984,CWE-416,8.8,2.8,5.9,9.3,8.6,10.0,True,False
CVE-2016-1000126,CWE-79,,,,4.3,8.6,2.9,False,True
CVE-2016-1000127,CWE-79,,,,4.3,8.6,2.9,False,True
CVE-2016-1000128,CWE-79,,,,4.3,8.6,2.9,False,True
CVE-2016-1000129,CWE-79,,,,4.3,8.6,2.9,False,True
CVE-2016-1000130,CWE-79,,,,4.3,8.6,2.9,False,True
CVE-2016-1000131,CWE-79,,,,4.3,8.6,2.9,False,True
CVE-2016-1000132,CWE-79,,,,4.3,8.6,2.9,False,True
CVE-2016-1000133,CWE-79,,,,4.3,8.6,2.9,False,True
CVE-2016-1000134,CWE-79,,,,4.3,8.6,2.9,False,True
CVE-2016-1000135,CWE-79,,,,4.3,8.6,2.9,False,True
CVE-2016-1000136,CWE-79,,,,4.3,8.6,2.9,False,True
CVE-2016-1000137,CWE-79,,,,4.3,8.6,2.9,False,True
CVE-2016-1000138,CWE-79,,,,4.3,8.6,2.9,False,True
CVE-2016-1000139,CWE-79,,,,4.3,8.6,2.9,False,True
CVE-2016-1000140,CWE-79,,,,4.3,8.6,2.9,False,True
CVE-2016-1000141,CWE-79,,,,4.3,8.6,2.9,False,True
CVE-2016-1000142,CWE-79,,,,4.3,8.6,2.9,False,True
CVE-2016-1000143,CWE-79,,,,4.3,8.6,2.9,False,True
CVE-2016-1000146,CWE-79,,,,4.3,8.6,2.9,False,True
CVE-2016-1000148,CWE-79,,,,4.3,8.6,2.9,False,True
CVE-2016-1000149,CWE-79,,,,4.3,8.6,2.9,False,True
CVE-2016-1000152,CWE-79,,,,4.3,8.6,2.9,False,True
CVE-2016-1000153,CWE-79,,,,4.3,8.6,2.9,False,True
CVE-2016-1000154,CWE-79,,,,4.3,8.6,2.9,False,True
CVE-2016-1000155,CWE-79,,,,4.3,8.6,2.9,False,True
CVE-2016-10033,CWE-88,9.8,3.9,5.9,7.5,10.0,6.4,True,True
CVE-2016-1010,CWE-190,8.8,2.8,5.9,9.3,8.6,10.0,True,False
CVE-2016-10108,CWE-77,,,,10.0,10.0,10.0,False,True
CVE-2016-10134,CWE-89,,,,7.5,10.0,6.4,False,True
CVE-2016-10174,CWE-120,9.8,3.9,5.9,10.0,10.0,10.0,True,False
CVE-2016-1019,NVD-CWE-noinfo,9.8,3.9,5.9,10.0,10.0,10.0,True,False
CVE-2016-10367,CWE-22,,,,5.0,10.0,2.9,False,True
CVE-2016-10368,CWE-601,,,,5.8,8.6,4.9,False,True
CVE-2016-10924,CWE-22,,,,5.0,10.0,2.9,False,True
CVE-2016-10940,CWE-89,7.2,1.2,5.9,6.5,8.0,6.4,False,True
CVE-2016-10956,CWE-20,7.5,3.9,3.6,5.0,10.0,2.9,False,True
CVE-2016-10960,CWE-20,8.8,2.8,5.9,6.5,8.0,6.4,False,True
CVE-2016-10972,CWE-269,9.8,3.9,5.9,7.5,10.0,6.4,False,True
CVE-2016-10973,CWE-79,6.1,2.8,2.7,4.3,8.6,2.9,False,True
CVE-2016-10976,CWE-79,6.1,2.8,2.7,4.3,8.6,2.9,False,True
CVE-2016-10993,CWE-79,5.4,2.3,2.7,3.5,6.8,2.9,False,True
CVE-2016-11021,CWE-78,7.2,1.2,5.9,9.0,8.0,10.0,True,False
CVE-2016-15041,CWE-79,7.2,3.9,2.7,,,,False,True
CVE-2016-15042,CWE-434,9.8,3.9,5.9,,,,False,True
CVE-2016-15043,CWE-434,9.8,3.9,5.9,,,,False,True
CVE-2016-1555,CWE-77,9.8,3.9,5.9,10.0,10.0,10.0,True,True
CVE-2016-1646,CWE-125,8.8,2.8,5.9,9.3,8.6,10.0,True,False
CVE-2016-20017,CWE-77,9.8,3.9,5.9,,,,True,False
CVE-2016-2004,CWE-306,,,,9.3,8.6,10.0,False,True
CVE-2016-2386,CWE-89,9.8,3.9,5.9,7.5,10.0,6.4,True,False
CVE-2016-2388,CWE-200,5.3,3.9,1.4,5.0,10.0,2.9,True,False
CVE-2016-2389,CWE-22,,,,7.8,10.0,6.9,False,True
CVE-2016-3081,CWE-77,,,,9.3,8.6,10.0,False,True
CVE-2016-3088,CWE-434,9.8,3.9,5.9,7.5,10.0,6.4,True,True
CVE-2016-3235,NVD-CWE-noinfo,7.8,1.8,5.9,9.3,8.6,10.0,True,False
CVE-2016-3298,NVD-CWE-noinfo,6.5,2.8,3.6,2.6,4.9,2.9,True,False
CVE-2016-3309,NVD-CWE-noinfo,7.8,1.8,5.9,7.2,3.9,10.0,True,False
CVE-2016-3351,NVD-CWE-noinfo,6.5,2.8,3.6,2.6,4.9,2.9,True,False
CVE-2016-3393,NVD-CWE-noinfo,7.8,1.8,5.9,9.3,8.6,10.0,True,False
CVE-2016-3427,NVD-CWE-noinfo,9.8,3.9,5.9,10.0,10.0,10.0,True,False
CVE-2016-3427,CWE-284,9.8,3.9,5.9,10.0,10.0,10.0,True,False
CVE-2016-3510,NVD-CWE-noinfo,,,,10.0,10.0,10.0,False,True
CVE-2016-3643,CWE-264,7.8,1.8,5.9,7.2,3.9,10.0,True,False
CVE-2016-3714,CWE-20,8.4,2.5,5.9,10.0,10.0,10.0,True,False
CVE-2016-3715,NVD-CWE-noinfo,5.5,1.8,3.6,5.8,8.6,4.9,True,False
CVE-2016-3715,CWE-552,5.5,1.8,3.6,5.8,8.6,4.9,True,False
CVE-2016-3718,CWE-918,5.5,1.8,3.6,4.3,8.6,2.9,True,False
CVE-2016-3976,CWE-22,7.5,3.9,3.6,5.0,10.0,2.9,True,False
CVE-2016-3978,CWE-79,,,,4.3,8.6,2.9,False,True
CVE-2016-4117,NVD-CWE-noinfo,9.8,3.9,5.9,10.0,10.0,10.0,True,False
CVE-2016-4171,NVD-CWE-noinfo,9.8,3.9,5.9,10.0,10.0,10.0,True,False
CVE-2016-4437,NVD-CWE-noinfo,9.8,3.9,5.9,6.8,8.6,6.4,True,True
CVE-2016-4437,CWE-321,9.8,3.9,5.9,6.8,8.6,6.4,True,True
CVE-2016-4523,CWE-125,7.5,3.9,3.6,5.0,10.0,2.9,True,False
CVE-2016-4655,NVD-CWE-noinfo,5.5,1.8,3.6,7.1,8.6,6.9,True,False
CVE-2016-4656,CWE-787,7.8,1.8,5.9,9.3,8.6,10.0,True,False
CVE-2016-4657,CWE-787,8.8,2.8,5.9,6.8,8.6,6.4,True,False
CVE-2016-4975,CWE-93,,,,4.3,8.6,2.9,False,True
CVE-2016-4977,CWE-19,,,,6.5,8.0,6.4,False,True
CVE-2016-5195,CWE-362,7.0,1.0,5.9,7.2,3.9,10.0,True,False
CVE-2016-5198,CWE-787,8.8,2.8,5.9,6.8,8.6,6.4,True,False
CVE-2016-5649,CWE-319,,,,5.0,10.0,2.9,False,True
CVE-2016-5649,CWE-200,,,,5.0,10.0,2.9,False,True
CVE-2016-5674,CWE-20,,,,10.0,10.0,10.0,False,True
CVE-2016-6195,CWE-89,,,,7.5,10.0,6.4,False,True
CVE-2016-6277,CWE-352,8.8,2.8,5.9,9.3,8.6,10.0,True,True
CVE-2016-6366,CWE-120,8.8,2.8,5.9,8.5,6.8,10.0,True,False
CVE-2016-6367,CWE-77,7.8,1.8,5.9,6.8,3.1,10.0,True,False
CVE-2016-6415,CWE-200,7.5,3.9,3.6,5.0,10.0,2.9,True,False
CVE-2016-6601,CWE-22,,,,5.0,10.0,2.9,False,True
CVE-2016-7193,CWE-119,7.8,1.8,5.9,9.3,8.6,10.0,True,False
CVE-2016-7200,CWE-787,8.8,2.8,5.9,7.6,4.9,10.0,True,False
CVE-2016-7201,CWE-843,8.8,2.8,5.9,7.6,4.9,10.0,True,False
CVE-2016-7255,NVD-CWE-noinfo,7.8,1.8,5.9,7.2,3.9,10.0,True,False
CVE-2016-7256,NVD-CWE-noinfo,8.8,2.8,5.9,9.3,8.6,10.0,True,False
CVE-2016-7262,NVD-CWE-noinfo,7.8,1.8,5.9,6.8,8.6,6.4,True,False
CVE-2016-7552,CWE-22,,,,10.0,10.0,10.0,False,True
CVE-2016-7834,CWE-200,,,,3.3,6.5,2.9,False,True
CVE-2016-7836,CWE-287,9.8,3.9,5.9,10.0,10.0,10.0,True,False
CVE-2016-7855,CWE-416,8.8,2.8,5.9,9.3,8.6,10.0,True,False
CVE-2016-7892,CWE-416,8.8,2.8,5.9,9.3,8.6,10.0,True,False
CVE-2016-7981,CWE-79,,,,4.3,8.6,2.9,False,True
CVE-2016-8527,CWE-79,,,,4.3,8.6,2.9,False,True
CVE-2016-8562,NVD-CWE-noinfo,7.5,1.6,5.9,3.5,6.8,2.9,True,False
CVE-2016-8706,CWE-190,,,,6.8,8.6,6.4,False,True
CVE-2016-8735,NVD-CWE-noinfo,9.8,3.9,5.9,7.5,10.0,6.4,True,False
CVE-2016-9079,CWE-416,7.5,3.9,3.6,5.0,10.0,2.9,True,False
CVE-2016-9299,CWE-90,,,,7.5,10.0,6.4,False,True
CVE-2016-9563,CWE-611,6.5,2.8,3.6,4.0,8.0,2.9,True,False
CVE-2017-0001,NVD-CWE-noinfo,7.8,1.8,5.9,7.2,3.9,10.0,True,False
CVE-2017-0005,SIN_CWE,,,,,,,True,False
CVE-2017-0022,SIN_CWE,,,,,,,True,False
CVE-2017-0037,SIN_CWE,,,,,,,True,False
CVE-2017-0059,SIN_CWE,,,,,,,True,False
CVE-2017-0101,SIN_CWE,,,,,,,True,False
CVE-2017-0143,SIN_CWE,,,,,,,True,False
CVE-2017-0144,SIN_CWE,,,,,,,True,False
CVE-2017-0145,SIN_CWE,,,,,,,True,False
CVE-2017-0146,SIN_CWE,,,,,,,True,False
CVE-2017-0147,SIN_CWE,,,,,,,True,False
CVE-2017-0148,SIN_CWE,,,,,,,True,False
CVE-2017-0149,SIN_CWE,,,,,,,True,False
CVE-2017-0199,SIN_CWE,,,,,,,True,False
CVE-2017-0210,SIN_CWE,,,,,,,True,False
CVE-2017-0213,SIN_CWE,,,,,,,True,False
CVE-2017-0222,SIN_CWE,,,,,,,True,False
CVE-2017-0261,SIN_CWE,,,,,,,True,False
CVE-2017-0262,SIN_CWE,,,,,,,True,False
CVE-2017-0263,SIN_CWE,,,,,,,True,False
CVE-2017-0929,SIN_CWE,,,,,,,False,True
CVE-2017-1000028,SIN_CWE,,,,,,,False,True
CVE-2017-1000029,SIN_CWE,,,,,,,False,True
CVE-2017-1000163,SIN_CWE,,,,,,,False,True
CVE-2017-1000170,SIN_CWE,,,,,,,False,True
CVE-2017-1000253,SIN_CWE,,,,,,,True,False
CVE-2017-1000353,SIN_CWE,,,,,,,True,False
CVE-2017-1000486,SIN_CWE,,,,,,,True,True
CVE-2017-10075,SIN_CWE,,,,,,,False,True
CVE-2017-10271,SIN_CWE,,,,,,,True,True
CVE-2017-10974,SIN_CWE,,,,,,,False,True
CVE-2017-11107,SIN_CWE,,,,,,,False,True
CVE-2017-11165,SIN_CWE,,,,,,,False,True
CVE-2017-11292,SIN_CWE,,,,,,,True,False
CVE-2017-11317,SIN_CWE,,,,,,,True,False
CVE-2017-11357,SIN_CWE,,,,,,,True,False
CVE-2017-11444,SIN_CWE,,,,,,,False,True
CVE-2017-11512,SIN_CWE,,,,,,,False,True
CVE-2017-11586,SIN_CWE,,,,,,,False,True
CVE-2017-11610,SIN_CWE,,,,,,,False,True
CVE-2017-11629,SIN_CWE,,,,,,,False,True
CVE-2017-11774,SIN_CWE,,,,,,,True,False
CVE-2017-11826,SIN_CWE,,,,,,,True,False
CVE-2017-11882,SIN_CWE,,,,,,,True,False
CVE-2017-12138,SIN_CWE,,,,,,,False,True
CVE-2017-12149,SIN_CWE,,,,,,,True,True
CVE-2017-12231,SIN_CWE,,,,,,,True,False
CVE-2017-12232,SIN_CWE,,,,,,,True,False
CVE-2017-12233,SIN_CWE,,,,,,,True,False
CVE-2017-12234,SIN_CWE,,,,,,,True,False
CVE-2017-12235,SIN_CWE,,,,,,,True,False
CVE-2017-12237,SIN_CWE,,,,,,,True,False
CVE-2017-12238,SIN_CWE,,,,,,,True,False
CVE-2017-12240,SIN_CWE,,,,,,,True,False
CVE-2017-12319,SIN_CWE,,,,,,,True,False
CVE-2017-12542,SIN_CWE,,,,,,,False,True
CVE-2017-12544,SIN_CWE,,,,,,,False,True
CVE-2017-12583,SIN_CWE,,,,,,,False,True
CVE-2017-12611,SIN_CWE,,,,,,,False,True
CVE-2017-12615,SIN_CWE,,,,,,,True,True
CVE-2017-12617,SIN_CWE,,,,,,,True,True
CVE-2017-12629,SIN_CWE,,,,,,,False,True
CVE-2017-12635,SIN_CWE,,,,,,,False,True
CVE-2017-12637,SIN_CWE,,,,,,,True,True
CVE-2017-12794,SIN_CWE,,,,,,,False,True
CVE-2017-14135,SIN_CWE,,,,,,,False,True
CVE-2017-14186,SIN_CWE,,,,,,,False,True
CVE-2017-14524,SIN_CWE,,,,,,,False,True
CVE-2017-14535,SIN_CWE,,,,,,,False,True
CVE-2017-14537,SIN_CWE,,,,,,,False,True
CVE-2017-14622,SIN_CWE,,,,,,,False,True
CVE-2017-14651,SIN_CWE,,,,,,,False,True
CVE-2017-14725,SIN_CWE,,,,,,,False,True
CVE-2017-14849,SIN_CWE,,,,,,,False,True
CVE-2017-14942,SIN_CWE,,,,,,,False,True
CVE-2017-15287,SIN_CWE,,,,,,,False,True
CVE-2017-15363,SIN_CWE,,,,,,,False,True
CVE-2017-15647,SIN_CWE,,,,,,,False,True
CVE-2017-15715,SIN_CWE,,,,,,,False,True
CVE-2017-15944,SIN_CWE,,,,,,,True,True
CVE-2017-16651,SIN_CWE,,,,,,,True,False
CVE-2017-16806,SIN_CWE,,,,,,,False,True
CVE-2017-16877,SIN_CWE,,,,,,,False,True
CVE-2017-16894,SIN_CWE,,,,,,,False,True
CVE-2017-17043,SIN_CWE,,,,,,,False,True
CVE-2017-17059,SIN_CWE,,,,,,,False,True
CVE-2017-17092,SIN_CWE,,,,,,,False,True
CVE-2017-17451,SIN_CWE,,,,,,,False,True
CVE-2017-17562,SIN_CWE,,,,,,,True,True
CVE-2017-17731,SIN_CWE,,,,,,,False,True
CVE-2017-17736,SIN_CWE,,,,,,,False,True
CVE-2017-17762,SIN_CWE,,,,,,,False,True
CVE-2017-18024,SIN_CWE,,,,,,,False,True
CVE-2017-18349,SIN_CWE,,,,,,,False,True
CVE-2017-18362,SIN_CWE,,,,,,,True,True
CVE-2017-18368,SIN_CWE,,,,,,,True,False
CVE-2017-18487,SIN_CWE,,,,,,,False,True
CVE-2017-18490,SIN_CWE,,,,,,,False,True
CVE-2017-18491,SIN_CWE,,,,,,,False,True
CVE-2017-18492,SIN_CWE,,,,,,,False,True
CVE-2017-18493,SIN_CWE,,,,,,,False,True
CVE-2017-18494,SIN_CWE,,,,,,,False,True
CVE-2017-18496,SIN_CWE,,,,,,,False,True
CVE-2017-18500,SIN_CWE,,,,,,,False,True
CVE-2017-18501,SIN_CWE,,,,,,,False,True
CVE-2017-18502,SIN_CWE,,,,,,,False,True
CVE-2017-18505,SIN_CWE,,,,,,,False,True
CVE-2017-18516,SIN_CWE,,,,,,,False,True
CVE-2017-18517,SIN_CWE,,,,,,,False,True
CVE-2017-18518,SIN_CWE,,,,,,,False,True
CVE-2017-18527,SIN_CWE,,,,,,,False,True
CVE-2017-18528,SIN_CWE,,,,,,,False,True
CVE-2017-18529,SIN_CWE,,,,,,,False,True
CVE-2017-18530,SIN_CWE,,,,,,,False,True
CVE-2017-18532,SIN_CWE,,,,,,,False,True
CVE-2017-18536,SIN_CWE,,,,,,,False,True
CVE-2017-18537,SIN_CWE,,,,,,,False,True
CVE-2017-18542,SIN_CWE,,,,,,,False,True
CVE-2017-18556,SIN_CWE,,,,,,,False,True
CVE-2017-18557,SIN_CWE,,,,,,,False,True
CVE-2017-18558,SIN_CWE,,,,,,,False,True
CVE-2017-18562,SIN_CWE,,,,,,,False,True
CVE-2017-18564,SIN_CWE,,,,,,,False,True
CVE-2017-18565,SIN_CWE,,,,,,,False,True
CVE-2017-18566,SIN_CWE,,,,,,,False,True
CVE-2017-18580,SIN_CWE,,,,,,,False,True
CVE-2017-18590,SIN_CWE,,,,,,,False,True
CVE-2017-18598,SIN_CWE,,,,,,,False,True
CVE-2017-18638,SIN_CWE,,,,,,,False,True
CVE-2017-20192,SIN_CWE,,,,,,,False,True
CVE-2017-20194,SIN_CWE,,,,,,,False,True
CVE-2017-3066,SIN_CWE,,,,,,,True,False
CVE-2017-3131,SIN_CWE,,,,,,,False,True
CVE-2017-3132,SIN_CWE,,,,,,,False,True
CVE-2017-3133,SIN_CWE,,,,,,,False,True
CVE-2017-3506,SIN_CWE,,,,,,,True,True
CVE-2017-3528,SIN_CWE,,,,,,,False,True
CVE-2017-3881,SIN_CWE,,,,,,,True,True
CVE-2017-4011,SIN_CWE,,,,,,,False,True
CVE-2017-5030,SIN_CWE,,,,,,,True,False
CVE-2017-5070,SIN_CWE,,,,,,,True,False
CVE-2017-5521,SIN_CWE,,,,,,,True,True
CVE-2017-5631,SIN_CWE,,,,,,,False,True
CVE-2017-5638,SIN_CWE,,,,,,,True,True
CVE-2017-5645,SIN_CWE,,,,,,,False,True
CVE-2017-5689,SIN_CWE,,,,,,,True,True
CVE-2017-5868,SIN_CWE,,,,,,,False,True
CVE-2017-5871,SIN_CWE,,,,,,,False,True
CVE-2017-5982,SIN_CWE,,,,,,,False,True
CVE-2017-5983,SIN_CWE,,,,,,,False,True
CVE-2017-6077,SIN_CWE,,,,,,,True,False
CVE-2017-6090,SIN_CWE,,,,,,,False,True
CVE-2017-6316,SIN_CWE,,,,,,,True,False
CVE-2017-6327,SIN_CWE,,,,,,,True,False
CVE-2017-6334,SIN_CWE,,,,,,,True,False
CVE-2017-6478,SIN_CWE,,,,,,,False,True
CVE-2017-6627,SIN_CWE,,,,,,,True,False
CVE-2017-6663,SIN_CWE,,,,,,,True,False
CVE-2017-6736,SIN_CWE,,,,,,,True,False
CVE-2017-6737,SIN_CWE,,,,,,,True,False
CVE-2017-6738,SIN_CWE,,,,,,,True,False
CVE-2017-6739,SIN_CWE,,,,,,,True,False
CVE-2017-6740,SIN_CWE,,,,,,,True,False
CVE-2017-6742,SIN_CWE,,,,,,,True,False
CVE-2017-6743,SIN_CWE,,,,,,,True,False
CVE-2017-6744,SIN_CWE,,,,,,,True,False
CVE-2017-6862,SIN_CWE,,,,,,,True,False
CVE-2017-6884,SIN_CWE,,,,,,,True,False
CVE-2017-7269,SIN_CWE,,,,,,,True,True
CVE-2017-7391,SIN_CWE,,,,,,,False,True
CVE-2017-7494,SIN_CWE,,,,,,,True,False
CVE-2017-7615,SIN_CWE,,,,,,,False,True
CVE-2017-7855,SIN_CWE,,,,,,,False,True
CVE-2017-7921,SIN_CWE,,,,,,,True,True
CVE-2017-7925,SIN_CWE,,,,,,,False,True
CVE-2017-8046,SIN_CWE,,,,,,,False,True
CVE-2017-8229,SIN_CWE,,,,,,,False,True
CVE-2017-8291,SIN_CWE,,,,,,,True,False
CVE-2017-8464,SIN_CWE,,,,,,,True,False
CVE-2017-8540,SIN_CWE,,,,,,,True,False
CVE-2017-8543,SIN_CWE,,,,,,,True,False
CVE-2017-8570,SIN_CWE,,,,,,,True,False
CVE-2017-8759,SIN_CWE,,,,,,,True,False
CVE-2017-8917,SIN_CWE,,,,,,,False,True
CVE-2017-9140,SIN_CWE,,,,,,,False,True
CVE-2017-9248,SIN_CWE,,,,,,,True,False
CVE-2017-9288,SIN_CWE,,,,,,,False,True
CVE-2017-9416,SIN_CWE,,,,,,,False,True
CVE-2017-9506,SIN_CWE,,,,,,,False,True
CVE-2017-9791,SIN_CWE,,,,,,,True,True
CVE-2017-9805,SIN_CWE,,,,,,,True,True
CVE-2017-9822,SIN_CWE,,,,,,,True,True
CVE-2017-9833,SIN_CWE,,,,,,,False,True
CVE-2017-9841,SIN_CWE,,,,,,,True,True
CVE-2017-9965,SIN_CWE,,,,,,,False,True
CVE-2018-0125,SIN_CWE,,,,,,,True,False
CVE-2018-0127,SIN_CWE,,,,,,,False,True
CVE-2018-0147,SIN_CWE,,,,,,,True,False
CVE-2018-0151,SIN_CWE,,,,,,,True,False
CVE-2018-0154,SIN_CWE,,,,,,,True,False
CVE-2018-0155,SIN_CWE,,,,,,,True,False
CVE-2018-0156,SIN_CWE,,,,,,,True,False
CVE-2018-0158,SIN_CWE,,,,,,,True,False
CVE-2018-0159,SIN_CWE,,,,,,,True,False
CVE-2018-0161,SIN_CWE,,,,,,,True,False
CVE-2018-0167,SIN_CWE,,,,,,,True,False
CVE-2018-0171,SIN_CWE,,,,,,,True,True
CVE-2018-0172,SIN_CWE,,,,,,,True,False
CVE-2018-0173,SIN_CWE,,,,,,,True,False
CVE-2018-0174,SIN_CWE,,,,,,,True,False
CVE-2018-0175,SIN_CWE,,,,,,,True,False
CVE-2018-0179,SIN_CWE,,,,,,,True,False
CVE-2018-0180,SIN_CWE,,,,,,,True,False
CVE-2018-0296,SIN_CWE,,,,,,,True,True
CVE-2018-0798,SIN_CWE,,,,,,,True,False
CVE-2018-0802,SIN_CWE,,,,,,,True,False
CVE-2018-0824,SIN_CWE,,,,,,,True,False
CVE-2018-1000129,SIN_CWE,,,,,,,False,True
CVE-2018-1000130,SIN_CWE,,,,,,,False,True
CVE-2018-1000226,SIN_CWE,,,,,,,False,True
CVE-2018-1000533,SIN_CWE,,,,,,,False,True
CVE-2018-1000600,SIN_CWE,,,,,,,False,True
CVE-2018-1000671,SIN_CWE,,,,,,,False,True
CVE-2018-1000856,SIN_CWE,,,,,,,False,True
CVE-2018-1000861,SIN_CWE,,,,,,,True,True
CVE-2018-10088,SIN_CWE,,,,,,,False,True
CVE-2018-10093,SIN_CWE,,,,,,,False,True
CVE-2018-10095,SIN_CWE,,,,,,,False,True
CVE-2018-10141,SIN_CWE,,,,,,,False,True
CVE-2018-10201,SIN_CWE,,,,,,,False,True
CVE-2018-10230,SIN_CWE,,,,,,,False,True
CVE-2018-10245,SIN_CWE,,,,,,,False,True
CVE-2018-10383,SIN_CWE,,,,,,,False,True
CVE-2018-10561,SIN_CWE,,,,,,,True,False
CVE-2018-10562,SIN_CWE,,,,,,,True,True
CVE-2018-10735,SIN_CWE,,,,,,,False,True
CVE-2018-10736,SIN_CWE,,,,,,,False,True
CVE-2018-10737,SIN_CWE,,,,,,,False,True
CVE-2018-10738,SIN_CWE,,,,,,,False,True
CVE-2018-10818,SIN_CWE,,,,,,,False,True
CVE-2018-10822,SIN_CWE,,,,,,,False,True
CVE-2018-10823,SIN_CWE,,,,,,,False,True
CVE-2018-10942,SIN_CWE,,,,,,,False,True
CVE-2018-10956,SIN_CWE,,,,,,,False,True
CVE-2018-11133,SIN_CWE,,,,,,,False,True
CVE-2018-11138,SIN_CWE,,,,,,,True,True
CVE-2018-11222,SIN_CWE,,,,,,,False,True
CVE-2018-11227,SIN_CWE,,,,,,,False,True
CVE-2018-11231,SIN_CWE,,,,,,,False,True
CVE-2018-11409,SIN_CWE,,,,,,,False,True
CVE-2018-11473,SIN_CWE,,,,,,,False,True
CVE-2018-11511,SIN_CWE,,,,,,,False,True
CVE-2018-11686,SIN_CWE,,,,,,,False,True
CVE-2018-11709,SIN_CWE,,,,,,,False,True
CVE-2018-11759,SIN_CWE,,,,,,,False,True
CVE-2018-11776,SIN_CWE,,,,,,,True,True
CVE-2018-11784,SIN_CWE,,,,,,,False,True
CVE-2018-12031,SIN_CWE,,,,,,,False,True
CVE-2018-12054,SIN_CWE,,,,,,,False,True
CVE-2018-1207,SIN_CWE,,,,,,,False,True
CVE-2018-12095,SIN_CWE,,,,,,,False,True
CVE-2018-1217,SIN_CWE,,,,,,,False,True
CVE-2018-12296,SIN_CWE,,,,,,,False,True
CVE-2018-12300,SIN_CWE,,,,,,,False,True
CVE-2018-12455,SIN_CWE,,,,,,,False,True
CVE-2018-12613,SIN_CWE,,,,,,,False,True
CVE-2018-12634,SIN_CWE,,,,,,,False,True
CVE-2018-12675,SIN_CWE,,,,,,,False,True
CVE-2018-1271,SIN_CWE,,,,,,,False,True
CVE-2018-1273,SIN_CWE,,,,,,,True,True
CVE-2018-12909,SIN_CWE,,,,,,,False,True
CVE-2018-12998,SIN_CWE,,,,,,,False,True
CVE-2018-13317,SIN_CWE,,,,,,,False,True
CVE-2018-1335,SIN_CWE,,,,,,,False,True
CVE-2018-13374,SIN_CWE,,,,,,,True,False
CVE-2018-13379,SIN_CWE,,,,,,,True,True
CVE-2018-13380,SIN_CWE,,,,,,,False,True
CVE-2018-13382,SIN_CWE,,,,,,,True,False
CVE-2018-13383,SIN_CWE,,,,,,,True,False
CVE-2018-13980,SIN_CWE,,,,,,,False,True
CVE-2018-14013,SIN_CWE,,,,,,,False,True
CVE-2018-14064,SIN_CWE,,,,,,,False,True
CVE-2018-14474,SIN_CWE,,,,,,,False,True
CVE-2018-14558,SIN_CWE,,,,,,,True,False
CVE-2018-14574,SIN_CWE,,,,,,,False,True
CVE-2018-14634,SIN_CWE,,,,,,,True,False
CVE-2018-14667,SIN_CWE,,,,,,,True,False
CVE-2018-14728,SIN_CWE,,,,,,,False,True
CVE-2018-14839,SIN_CWE,,,,,,,True,False
CVE-2018-14847,SIN_CWE,,,,,,,True,False
CVE-2018-14912,SIN_CWE,,,,,,,False,True
CVE-2018-14916,SIN_CWE,,,,,,,False,True
CVE-2018-14918,SIN_CWE,,,,,,,False,True
CVE-2018-14931,SIN_CWE,,,,,,,False,True
CVE-2018-14933,SIN_CWE,,,,,,,True,True
CVE-2018-15133,SIN_CWE,,,,,,,True,False
CVE-2018-15138,SIN_CWE,,,,,,,False,True
CVE-2018-15517,SIN_CWE,,,,,,,False,True
CVE-2018-15535,SIN_CWE,,,,,,,False,True
CVE-2018-15745,SIN_CWE,,,,,,,False,True
CVE-2018-15811,SIN_CWE,,,,,,,True,True
CVE-2018-15917,SIN_CWE,,,,,,,False,True
CVE-2018-15961,SIN_CWE,,,,,,,True,True
CVE-2018-15982,SIN_CWE,,,,,,,True,False
CVE-2018-16059,SIN_CWE,,,,,,,False,True
CVE-2018-16133,SIN_CWE,,,,,,,False,True
CVE-2018-16139,SIN_CWE,,,,,,,False,True
CVE-2018-16159,SIN_CWE,,,,,,,False,True
CVE-2018-16167,SIN_CWE,,,,,,,False,True
CVE-2018-16283,SIN_CWE,,,,,,,False,True
CVE-2018-16288,SIN_CWE,,,,,,,False,True
CVE-2018-16299,SIN_CWE,,,,,,,False,True
CVE-2018-16341,SIN_CWE,,,,,,,False,True
CVE-2018-16363,SIN_CWE,,,,,,,False,True
CVE-2018-16668,SIN_CWE,,,,,,,False,True
CVE-2018-16670,SIN_CWE,,,,,,,False,True
CVE-2018-16671,SIN_CWE,,,,,,,False,True
CVE-2018-16716,SIN_CWE,,,,,,,False,True
CVE-2018-16761,SIN_CWE,,,,,,,False,True
CVE-2018-16763,SIN_CWE,,,,,,,False,True
CVE-2018-16836,SIN_CWE,,,,,,,False,True
CVE-2018-16979,SIN_CWE,,,,,,,False,True
CVE-2018-17082,SIN_CWE,,,,,,,False,True
CVE-2018-17153,SIN_CWE,,,,,,,False,True
CVE-2018-17173,SIN_CWE,,,,,,,False,True
CVE-2018-17207,SIN_CWE,,,,,,,False,True
CVE-2018-17246,SIN_CWE,,,,,,,False,True
CVE-2018-17254,SIN_CWE,,,,,,,False,True
CVE-2018-17283,SIN_CWE,,,,,,,False,True
CVE-2018-17422,SIN_CWE,,,,,,,False,True
CVE-2018-17431,SIN_CWE,,,,,,,False,True
CVE-2018-17463,SIN_CWE,,,,,,,True,False
CVE-2018-17480,SIN_CWE,,,,,,,True,False
CVE-2018-18069,SIN_CWE,,,,,,,False,True
CVE-2018-18264,SIN_CWE,,,,,,,False,True
CVE-2018-18323,SIN_CWE,,,,,,,False,True
CVE-2018-18325,SIN_CWE,,,,,,,True,True
CVE-2018-18570,SIN_CWE,,,,,,,False,True
CVE-2018-18608,SIN_CWE,,,,,,,False,True
CVE-2018-18775,SIN_CWE,,,,,,,False,True
CVE-2018-18777,SIN_CWE,,,,,,,False,True
CVE-2018-18778,SIN_CWE,,,,,,,False,True
CVE-2018-18809,SIN_CWE,,,,,,,True,True
CVE-2018-18925,SIN_CWE,,,,,,,False,True
CVE-2018-19127,SIN_CWE,,,,,,,False,True
CVE-2018-19136,SIN_CWE,,,,,,,False,True
CVE-2018-19137,SIN_CWE,,,,,,,False,True
CVE-2018-19207,SIN_CWE,,,,,,,False,True
CVE-2018-19276,SIN_CWE,,,,,,,False,True
CVE-2018-19287,SIN_CWE,,,,,,,False,True
CVE-2018-19320,SIN_CWE,,,,,,,True,False
CVE-2018-19321,SIN_CWE,,,,,,,True,False
CVE-2018-19322,SIN_CWE,,,,,,,True,False
CVE-2018-19323,SIN_CWE,,,,,,,True,False
CVE-2018-19326,SIN_CWE,,,,,,,False,True
CVE-2018-19365,SIN_CWE,,,,,,,False,True
CVE-2018-19386,SIN_CWE,,,,,,,False,True
CVE-2018-19410,SIN_CWE,,,,,,,True,True
CVE-2018-19439,SIN_CWE,,,,,,,False,True
CVE-2018-19458,SIN_CWE,,,,,,,False,True
CVE-2018-19749,SIN_CWE,,,,,,,False,True
CVE-2018-19751,SIN_CWE,,,,,,,False,True
CVE-2018-19752,SIN_CWE,,,,,,,False,True
CVE-2018-19753,SIN_CWE,,,,,,,False,True
CVE-2018-19877,SIN_CWE,,,,,,,False,True
CVE-2018-19892,SIN_CWE,,,,,,,False,True
CVE-2018-19914,SIN_CWE,,,,,,,False,True
CVE-2018-19915,SIN_CWE,,,,,,,False,True
CVE-2018-19943,SIN_CWE,,,,,,,True,False
CVE-2018-19949,SIN_CWE,,,,,,,True,False
CVE-2018-19953,SIN_CWE,,,,,,,True,False
CVE-2018-20009,SIN_CWE,,,,,,,False,True
CVE-2018-20010,SIN_CWE,,,,,,,False,True
CVE-2018-20011,SIN_CWE,,,,,,,False,True
CVE-2018-20062,SIN_CWE,,,,,,,True,True
CVE-2018-20250,SIN_CWE,,,,,,,True,False
CVE-2018-20462,SIN_CWE,,,,,,,False,True
CVE-2018-20463,SIN_CWE,,,,,,,False,True
CVE-2018-20470,SIN_CWE,,,,,,,False,True
CVE-2018-20526,SIN_CWE,,,,,,,False,True
CVE-2018-20608,SIN_CWE,,,,,,,False,True
CVE-2018-20753,SIN_CWE,,,,,,,True,False
CVE-2018-20824,SIN_CWE,,,,,,,False,True
CVE-2018-20985,SIN_CWE,,,,,,,False,True
CVE-2018-2380,SIN_CWE,,,,,,,True,False
CVE-2018-2392,SIN_CWE,,,,,,,False,True
CVE-2018-25114,SIN_CWE,,,,,,,False,True
CVE-2018-2628,SIN_CWE,,,,,,,True,True
CVE-2018-2791,SIN_CWE,,,,,,,False,True
CVE-2018-2893,SIN_CWE,,,,,,,False,True
CVE-2018-2894,SIN_CWE,,,,,,,False,True
CVE-2018-3167,SIN_CWE,,,,,,,False,True
CVE-2018-3238,SIN_CWE,,,,,,,False,True
CVE-2018-3714,SIN_CWE,,,,,,,False,True
CVE-2018-3760,SIN_CWE,,,,,,,False,True
CVE-2018-3810,SIN_CWE,,,,,,,False,True
CVE-2018-4063,SIN_CWE,,,,,,,True,False
CVE-2018-4344,SIN_CWE,,,,,,,True,False
CVE-2018-4878,SIN_CWE,,,,,,,True,False
CVE-2018-4939,SIN_CWE,,,,,,,True,False
CVE-2018-4990,SIN_CWE,,,,,,,True,False
CVE-2018-5002,SIN_CWE,,,,,,,True,False
CVE-2018-5230,SIN_CWE,,,,,,,False,True
CVE-2018-5233,SIN_CWE,,,,,,,False,True
CVE-2018-5316,SIN_CWE,,,,,,,False,True
CVE-2018-5430,SIN_CWE,,,,,,,True,False
CVE-2018-5715,SIN_CWE,,,,,,,False,True
CVE-2018-6008,SIN_CWE,,,,,,,False,True
CVE-2018-6065,SIN_CWE,,,,,,,True,False
CVE-2018-6184,SIN_CWE,,,,,,,False,True
CVE-2018-6200,SIN_CWE,,,,,,,False,True
CVE-2018-6530,SIN_CWE,,,,,,,True,True
CVE-2018-6605,SIN_CWE,,,,,,,False,True
CVE-2018-6789,SIN_CWE,,,,,,,True,False
CVE-2018-6882,SIN_CWE,,,,,,,True,True
CVE-2018-6910,SIN_CWE,,,,,,,False,True
CVE-2018-6961,SIN_CWE,,,,,,,True,True
CVE-2018-7192,SIN_CWE,,,,,,,False,True
CVE-2018-7193,SIN_CWE,,,,,,,False,True
CVE-2018-7196,SIN_CWE,,,,,,,False,True
CVE-2018-7251,SIN_CWE,,,,,,,False,True
CVE-2018-7282,SIN_CWE,,,,,,,False,True
CVE-2018-7314,SIN_CWE,,,,,,,False,True
CVE-2018-7422,SIN_CWE,,,,,,,False,True
CVE-2018-7445,SIN_CWE,,,,,,,True,False
CVE-2018-7467,SIN_CWE,,,,,,,False,True
CVE-2018-7490,SIN_CWE,,,,,,,False,True
CVE-2018-7600,SIN_CWE,,,,,,,True,True
CVE-2018-7602,SIN_CWE,,,,,,,True,True
CVE-2018-7653,SIN_CWE,,,,,,,False,True
CVE-2018-7662,SIN_CWE,,,,,,,False,True
CVE-2018-7700,SIN_CWE,,,,,,,False,True
CVE-2018-7719,SIN_CWE,,,,,,,False,True
CVE-2018-7765,SIN_CWE,,,,,,,False,True
CVE-2018-7841,SIN_CWE,,,,,,,True,True
CVE-2018-8006,SIN_CWE,,,,,,,False,True
CVE-2018-8011,SIN_CWE,,,,,,,False,True
CVE-2018-8024,SIN_CWE,,,,,,,False,True
CVE-2018-8033,SIN_CWE,,,,,,,False,True
CVE-2018-8120,SIN_CWE,,,,,,,True,False
CVE-2018-8174,SIN_CWE,,,,,,,True,False
CVE-2018-8298,SIN_CWE,,,,,,,True,False
CVE-2018-8373,SIN_CWE,,,,,,,True,False
CVE-2018-8405,SIN_CWE,,,,,,,True,False
CVE-2018-8406,SIN_CWE,,,,,,,True,False
CVE-2018-8414,SIN_CWE,,,,,,,True,False
CVE-2018-8440,SIN_CWE,,,,,,,True,False
CVE-2018-8453,SIN_CWE,,,,,,,True,False
CVE-2018-8581,SIN_CWE,,,,,,,True,False
CVE-2018-8589,SIN_CWE,,,,,,,True,False
CVE-2018-8611,SIN_CWE,,,,,,,True,False
CVE-2018-8639,SIN_CWE,,,,,,,True,False
CVE-2018-8653,SIN_CWE,,,,,,,True,False
CVE-2018-8715,SIN_CWE,,,,,,,False,True
CVE-2018-8719,SIN_CWE,,,,,,,False,True
CVE-2018-8727,SIN_CWE,,,,,,,False,True
CVE-2018-8770,SIN_CWE,,,,,,,False,True
CVE-2018-8823,SIN_CWE,,,,,,,False,True
CVE-2018-9118,SIN_CWE,,,,,,,False,True
CVE-2018-9161,SIN_CWE,,,,,,,False,True
CVE-2018-9205,SIN_CWE,,,,,,,False,True
CVE-2018-9206,SIN_CWE,,,,,,,False,True
CVE-2018-9276,SIN_CWE,,,,,,,True,False
CVE-2018-9845,SIN_CWE,,,,,,,False,True
CVE-2018-9995,SIN_CWE,,,,,,,False,True
CVE-2019-0192,SIN_CWE,,,,,,,False,True
CVE-2019-0193,SIN_CWE,,,,,,,True,True
CVE-2019-0211,SIN_CWE,,,,,,,True,False
CVE-2019-0221,SIN_CWE,,,,,,,False,True
CVE-2019-0230,SIN_CWE,,,,,,,False,True
CVE-2019-0232,SIN_CWE,,,,,,,False,True
CVE-2019-0344,SIN_CWE,,,,,,,True,False
CVE-2019-0541,SIN_CWE,,,,,,,True,False
CVE-2019-0543,SIN_CWE,,,,,,,True,False
CVE-2019-0604,SIN_CWE,,,,,,,True,False
CVE-2019-0676,SIN_CWE,,,,,,,True,False
CVE-2019-0703,SIN_CWE,,,,,,,True,False
CVE-2019-0708,SIN_CWE,,,,,,,True,False
CVE-2019-0752,SIN_CWE,,,,,,,True,False
CVE-2019-0797,SIN_CWE,,,,,,,True,False
CVE-2019-0803,SIN_CWE,,,,,,,True,False
CVE-2019-0808,SIN_CWE,,,,,,,True,False
CVE-2019-0841,SIN_CWE,,,,,,,True,False
CVE-2019-0859,SIN_CWE,,,,,,,True,False
CVE-2019-0863,SIN_CWE,,,,,,,True,False
CVE-2019-0880,SIN_CWE,,,,,,,True,False
CVE-2019-0903,SIN_CWE,,,,,,,True,False
CVE-2019-1003000,SIN_CWE,,,,,,,False,True
CVE-2019-1003029,SIN_CWE,,,,,,,True,False
CVE-2019-1003030,SIN_CWE,,,,,,,True,False
CVE-2019-10068,SIN_CWE,,,,,,,True,True
CVE-2019-10092,SIN_CWE,,,,,,,False,True
CVE-2019-10098,SIN_CWE,,,,,,,False,True
CVE-2019-1010287,SIN_CWE,,,,,,,False,True
CVE-2019-1010290,SIN_CWE,,,,,,,False,True
CVE-2019-10149,SIN_CWE,,,,,,,True,False
CVE-2019-10232,SIN_CWE,,,,,,,False,True
CVE-2019-10405,SIN_CWE,,,,,,,False,True
CVE-2019-10475,SIN_CWE,,,,,,,False,True
CVE-2019-1064,SIN_CWE,,,,,,,True,False
CVE-2019-10647,SIN_CWE,,,,,,,False,True
CVE-2019-1069,SIN_CWE,,,,,,,True,False
CVE-2019-10692,SIN_CWE,,,,,,,False,True
CVE-2019-10717,SIN_CWE,,,,,,,False,True
CVE-2019-10758,SIN_CWE,,,,,,,True,True
CVE-2019-11001,SIN_CWE,,,,,,,True,False
CVE-2019-11013,SIN_CWE,,,,,,,False,True
CVE-2019-11043,SIN_CWE,,,,,,,True,False
CVE-2019-11248,SIN_CWE,,,,,,,False,True
CVE-2019-11253,SIN_CWE,,,,,,,False,True
CVE-2019-1129,SIN_CWE,,,,,,,True,False
CVE-2019-1130,SIN_CWE,,,,,,,True,False
CVE-2019-1132,SIN_CWE,,,,,,,True,False
CVE-2019-11370,SIN_CWE,,,,,,,False,True
CVE-2019-11507,SIN_CWE,,,,,,,False,True
CVE-2019-11510,SIN_CWE,,,,,,,True,True
CVE-2019-11539,SIN_CWE,,,,,,,True,False
CVE-2019-11580,SIN_CWE,,,,,,,True,True
CVE-2019-11581,SIN_CWE,,,,,,,True,True
CVE-2019-11634,SIN_CWE,,,,,,,True,False
CVE-2019-11707,SIN_CWE,,,,,,,True,False
CVE-2019-11708,SIN_CWE,,,,,,,True,False
CVE-2019-11869,SIN_CWE,,,,,,,False,True
CVE-2019-11886,SIN_CWE,,,,,,,False,True
CVE-2019-1214,SIN_CWE,,,,,,,True,False
CVE-2019-1215,SIN_CWE,,,,,,,True,False
CVE-2019-12276,SIN_CWE,,,,,,,False,True
CVE-2019-12314,SIN_CWE,,,,,,,False,True
CVE-2019-12461,SIN_CWE,,,,,,,False,True
CVE-2019-1253,SIN_CWE,,,,,,,True,False
CVE-2019-12581,SIN_CWE,,,,,,,False,True
CVE-2019-12583,SIN_CWE,,,,,,,False,True
CVE-2019-12593,SIN_CWE,,,,,,,False,True
CVE-2019-12725,SIN_CWE,,,,,,,False,True
CVE-2019-12935,SIN_CWE,,,,,,,False,True
CVE-2019-12962,SIN_CWE,,,,,,,False,True
CVE-2019-1297,SIN_CWE,,,,,,,True,False
CVE-2019-12985,SIN_CWE,,,,,,,False,True
CVE-2019-12986,SIN_CWE,,,,,,,False,True
CVE-2019-12987,SIN_CWE,,,,,,,False,True
CVE-2019-12988,SIN_CWE,,,,,,,False,True
CVE-2019-12989,SIN_CWE,,,,,,,True,True
CVE-2019-12990,SIN_CWE,,,,,,,False,True
CVE-2019-12991,SIN_CWE,,,,,,,True,False
CVE-2019-13101,SIN_CWE,,,,,,,False,True
CVE-2019-1315,SIN_CWE,,,,,,,True,False
CVE-2019-1322,SIN_CWE,,,,,,,True,False
CVE-2019-13272,SIN_CWE,,,,,,,True,False
CVE-2019-13372,SIN_CWE,,,,,,,False,True
CVE-2019-13392,SIN_CWE,,,,,,,False,True
CVE-2019-13396,SIN_CWE,,,,,,,False,True
CVE-2019-13462,SIN_CWE,,,,,,,False,True
CVE-2019-13608,SIN_CWE,,,,,,,True,True
CVE-2019-1367,SIN_CWE,,,,,,,True,False
CVE-2019-13720,SIN_CWE,,,,,,,True,False
CVE-2019-1385,SIN_CWE,,,,,,,True,False
CVE-2019-1388,SIN_CWE,,,,,,,True,False
CVE-2019-1405,SIN_CWE,,,,,,,True,False
CVE-2019-14205,SIN_CWE,,,,,,,False,True
CVE-2019-14206,SIN_CWE,,,,,,,False,True
CVE-2019-14223,SIN_CWE,,,,,,,False,True
CVE-2019-14251,SIN_CWE,,,,,,,False,True
CVE-2019-1429,SIN_CWE,,,,,,,True,False
CVE-2019-14312,SIN_CWE,,,,,,,False,True
CVE-2019-14322,SIN_CWE,,,,,,,False,True
CVE-2019-14470,SIN_CWE,,,,,,,False,True
CVE-2019-14530,SIN_CWE,,,,,,,False,True
CVE-2019-1458,SIN_CWE,,,,,,,True,False
CVE-2019-14696,SIN_CWE,,,,,,,False,True
CVE-2019-14750,SIN_CWE,,,,,,,False,True
CVE-2019-14789,SIN_CWE,,,,,,,False,True
CVE-2019-14950,SIN_CWE,,,,,,,False,True
CVE-2019-14974,SIN_CWE,,,,,,,False,True
CVE-2019-15043,SIN_CWE,,,,,,,False,True
CVE-2019-15107,SIN_CWE,,,,,,,True,True
CVE-2019-15271,SIN_CWE,,,,,,,True,False
CVE-2019-15501,SIN_CWE,,,,,,,False,True
CVE-2019-15642,SIN_CWE,,,,,,,False,True
CVE-2019-15713,SIN_CWE,,,,,,,False,True
CVE-2019-15752,SIN_CWE,,,,,,,True,False
CVE-2019-15774,SIN_CWE,,,,,,,False,True
CVE-2019-1579,SIN_CWE,,,,,,,True,False
CVE-2019-15811,SIN_CWE,,,,,,,False,True
CVE-2019-15823,SIN_CWE,,,,,,,False,True
CVE-2019-15829,SIN_CWE,,,,,,,False,True
CVE-2019-15858,SIN_CWE,,,,,,,False,True
CVE-2019-15859,SIN_CWE,,,,,,,False,True
CVE-2019-15889,SIN_CWE,,,,,,,False,True
CVE-2019-15949,SIN_CWE,,,,,,,True,False
CVE-2019-16057,SIN_CWE,,,,,,,True,True
CVE-2019-16072,SIN_CWE,,,,,,,False,True
CVE-2019-16097,SIN_CWE,,,,,,,False,True
CVE-2019-16123,SIN_CWE,,,,,,,False,True
CVE-2019-16256,SIN_CWE,,,,,,,True,False
CVE-2019-16278,SIN_CWE,,,,,,,True,True
CVE-2019-16313,SIN_CWE,,,,,,,False,True
CVE-2019-16332,SIN_CWE,,,,,,,False,True
CVE-2019-16469,SIN_CWE,,,,,,,False,True
CVE-2019-1652,SIN_CWE,,,,,,,True,False
CVE-2019-16525,SIN_CWE,,,,,,,False,True
CVE-2019-1653,SIN_CWE,,,,,,,True,True
CVE-2019-16662,SIN_CWE,,,,,,,False,True
CVE-2019-16759,SIN_CWE,,,,,,,True,True
CVE-2019-16920,SIN_CWE,,,,,,,True,True
CVE-2019-16928,SIN_CWE,,,,,,,True,False
CVE-2019-16931,SIN_CWE,,,,,,,False,True
CVE-2019-16932,SIN_CWE,,,,,,,False,True
CVE-2019-16996,SIN_CWE,,,,,,,False,True
CVE-2019-16997,SIN_CWE,,,,,,,False,True
CVE-2019-17026,SIN_CWE,,,,,,,True,False
CVE-2019-17228,SIN_CWE,,,,,,,False,True
CVE-2019-17230,SIN_CWE,,,,,,,False,True
CVE-2019-17231,SIN_CWE,,,,,,,False,True
CVE-2019-17232,SIN_CWE,,,,,,,False,True
CVE-2019-17233,SIN_CWE,,,,,,,False,True
CVE-2019-17270,SIN_CWE,,,,,,,False,True
CVE-2019-17382,SIN_CWE,,,,,,,False,True
CVE-2019-17418,SIN_CWE,,,,,,,False,True
CVE-2019-17444,SIN_CWE,,,,,,,False,True
CVE-2019-17503,SIN_CWE,,,,,,,False,True
CVE-2019-17506,SIN_CWE,,,,,,,False,True
CVE-2019-17538,SIN_CWE,,,,,,,False,True
CVE-2019-17558,SIN_CWE,,,,,,,True,True
CVE-2019-17564,SIN_CWE,,,,,,,False,True
CVE-2019-17574,SIN_CWE,,,,,,,False,True
CVE-2019-17621,SIN_CWE,,,,,,,True,False
CVE-2019-17662,SIN_CWE,,,,,,,False,True
CVE-2019-17671,SIN_CWE,,,,,,,False,True
CVE-2019-18187,SIN_CWE,,,,,,,True,False
CVE-2019-1821,SIN_CWE,,,,,,,False,True
CVE-2019-18217,SIN_CWE,,,,,,,False,True
CVE-2019-18371,SIN_CWE,,,,,,,False,True
CVE-2019-18393,SIN_CWE,,,,,,,False,True
CVE-2019-18394,SIN_CWE,,,,,,,False,True
CVE-2019-18426,SIN_CWE,,,,,,,True,False
CVE-2019-18665,SIN_CWE,,,,,,,False,True
CVE-2019-18818,SIN_CWE,,,,,,,False,True
CVE-2019-18922,SIN_CWE,,,,,,,False,True
CVE-2019-18935,SIN_CWE,,,,,,,True,False
CVE-2019-18952,SIN_CWE,,,,,,,False,True
CVE-2019-18957,SIN_CWE,,,,,,,False,True
CVE-2019-1898,SIN_CWE,,,,,,,False,True
CVE-2019-18988,SIN_CWE,,,,,,,True,False
CVE-2019-19006,SIN_CWE,,,,,,,True,False
CVE-2019-19134,SIN_CWE,,,,,,,False,True
CVE-2019-19356,SIN_CWE,,,,,,,True,False
CVE-2019-19368,SIN_CWE,,,,,,,False,True
CVE-2019-19411,SIN_CWE,,,,,,,False,True
CVE-2019-1943,SIN_CWE,,,,,,,False,True
CVE-2019-19781,SIN_CWE,,,,,,,True,True
CVE-2019-19822,SIN_CWE,,,,,,,False,True
CVE-2019-19823,SIN_CWE,,,,,,,False,True
CVE-2019-19824,SIN_CWE,,,,,,,False,True
CVE-2019-19825,SIN_CWE,,,,,,,False,True
CVE-2019-19908,SIN_CWE,,,,,,,False,True
CVE-2019-19985,SIN_CWE,,,,,,,False,True
CVE-2019-20085,SIN_CWE,,,,,,,True,True
CVE-2019-20141,SIN_CWE,,,,,,,False,True
CVE-2019-20176,SIN_CWE,,,,,,,False,True
CVE-2019-20183,SIN_CWE,,,,,,,False,True
CVE-2019-20210,SIN_CWE,,,,,,,False,True
CVE-2019-20224,SIN_CWE,,,,,,,False,True
CVE-2019-20500,SIN_CWE,,,,,,,True,False
CVE-2019-20504,SIN_CWE,,,,,,,False,True
CVE-2019-20933,SIN_CWE,,,,,,,False,True
CVE-2019-2215,SIN_CWE,,,,,,,True,False
CVE-2019-25141,SIN_CWE,,,,,,,False,True
CVE-2019-25152,SIN_CWE,,,,,,,False,True
CVE-2019-25213,SIN_CWE,,,,,,,False,True
CVE-2019-2578,SIN_CWE,,,,,,,False,True
CVE-2019-2579,SIN_CWE,,,,,,,False,True
CVE-2019-2588,SIN_CWE,,,,,,,False,True
CVE-2019-2616,SIN_CWE,,,,,,,True,True
CVE-2019-2725,SIN_CWE,,,,,,,True,True
CVE-2019-2729,SIN_CWE,,,,,,,False,True
CVE-2019-2767,SIN_CWE,,,,,,,False,True
CVE-2019-3010,SIN_CWE,,,,,,,True,False
CVE-2019-3396,SIN_CWE,,,,,,,True,True
CVE-2019-3398,SIN_CWE,,,,,,,True,True
CVE-2019-3401,SIN_CWE,,,,,,,False,True
CVE-2019-3402,SIN_CWE,,,,,,,False,True
CVE-2019-3403,SIN_CWE,,,,,,,False,True
CVE-2019-3568,SIN_CWE,,,,,,,True,False
CVE-2019-3799,SIN_CWE,,,,,,,False,True
CVE-2019-3911,SIN_CWE,,,,,,,False,True
CVE-2019-3912,SIN_CWE,,,,,,,False,True
CVE-2019-3929,SIN_CWE,,,,,,,True,True
CVE-2019-4061,SIN_CWE,,,,,,,False,True
CVE-2019-4716,SIN_CWE,,,,,,,True,True
CVE-2019-5127,SIN_CWE,,,,,,,False,True
CVE-2019-5128,SIN_CWE,,,,,,,False,True
CVE-2019-5129,SIN_CWE,,,,,,,False,True
CVE-2019-5418,SIN_CWE,,,,,,,True,True
CVE-2019-5434,SIN_CWE,,,,,,,False,True
CVE-2019-5544,SIN_CWE,,,,,,,True,True
CVE-2019-5591,SIN_CWE,,,,,,,True,True
CVE-2019-5786,SIN_CWE,,,,,,,True,False
CVE-2019-5825,SIN_CWE,,,,,,,True,False
CVE-2019-6112,SIN_CWE,,,,,,,False,True
CVE-2019-6223,SIN_CWE,,,,,,,True,False
CVE-2019-6340,SIN_CWE,,,,,,,True,True
CVE-2019-6443,SIN_CWE,,,,,,,False,True
CVE-2019-6693,SIN_CWE,,,,,,,True,False
CVE-2019-6703,SIN_CWE,,,,,,,False,True
CVE-2019-6715,SIN_CWE,,,,,,,False,True
CVE-2019-6793,SIN_CWE,,,,,,,False,True
CVE-2019-6799,SIN_CWE,,,,,,,False,True
CVE-2019-6802,SIN_CWE,,,,,,,False,True
CVE-2019-7139,SIN_CWE,,,,,,,False,True
CVE-2019-7192,SIN_CWE,,,,,,,True,True
CVE-2019-7193,SIN_CWE,,,,,,,True,False
CVE-2019-7194,SIN_CWE,,,,,,,True,True
CVE-2019-7195,SIN_CWE,,,,,,,True,True
CVE-2019-7219,SIN_CWE,,,,,,,False,True
CVE-2019-7238,SIN_CWE,,,,,,,True,True
CVE-2019-7254,SIN_CWE,,,,,,,False,True
CVE-2019-7255,SIN_CWE,,,,,,,False,True
CVE-2019-7256,SIN_CWE,,,,,,,True,True
CVE-2019-7275,SIN_CWE,,,,,,,False,True
CVE-2019-7276,SIN_CWE,,,,,,,False,True
CVE-2019-7286,SIN_CWE,,,,,,,True,False
CVE-2019-7287,SIN_CWE,,,,,,,True,False
CVE-2019-7315,SIN_CWE,,,,,,,False,True
CVE-2019-7481,SIN_CWE,,,,,,,True,True
CVE-2019-7483,SIN_CWE,,,,,,,True,False
CVE-2019-7543,SIN_CWE,,,,,,,False,True
CVE-2019-7609,SIN_CWE,,,,,,,True,True
CVE-2019-8086,SIN_CWE,,,,,,,False,True
CVE-2019-8390,SIN_CWE,,,,,,,False,True
CVE-2019-8394,SIN_CWE,,,,,,,True,False
CVE-2019-8442,SIN_CWE,,,,,,,False,True
CVE-2019-8446,SIN_CWE,,,,,,,False,True
CVE-2019-8449,SIN_CWE,,,,,,,False,True
CVE-2019-8451,SIN_CWE,,,,,,,False,True
CVE-2019-8506,SIN_CWE,,,,,,,True,False
CVE-2019-8526,SIN_CWE,,,,,,,True,False
CVE-2019-8605,SIN_CWE,,,,,,,True,False
CVE-2019-8720,SIN_CWE,,,,,,,True,False
CVE-2019-8903,SIN_CWE,,,,,,,False,True
CVE-2019-8937,SIN_CWE,,,,,,,False,True
CVE-2019-8943,SIN_CWE,,,,,,,False,True
CVE-2019-8982,SIN_CWE,,,,,,,False,True
CVE-2019-9041,SIN_CWE,,,,,,,False,True
CVE-2019-9082,SIN_CWE,,,,,,,True,True
CVE-2019-9193,SIN_CWE,,,,,,,False,True
CVE-2019-9194,SIN_CWE,,,,,,,False,True
CVE-2019-9618,SIN_CWE,,,,,,,False,True
CVE-2019-9621,SIN_CWE,,,,,,,True,True
CVE-2019-9632,SIN_CWE,,,,,,,False,True
CVE-2019-9670,SIN_CWE,,,,,,,True,True
CVE-2019-9726,SIN_CWE,,,,,,,False,True
CVE-2019-9733,SIN_CWE,,,,,,,False,True
CVE-2019-9757,SIN_CWE,,,,,,,False,True
CVE-2019-9762,SIN_CWE,,,,,,,False,True
CVE-2019-9874,SIN_CWE,,,,,,,True,True
CVE-2019-9875,SIN_CWE,,,,,,,True,False
CVE-2019-9879,SIN_CWE,,,,,,,False,True
CVE-2019-9880,SIN_CWE,,,,,,,False,True
CVE-2019-9881,SIN_CWE,,,,,,,False,True
CVE-2019-9912,SIN_CWE,,,,,,,False,True
CVE-2019-9915,SIN_CWE,,,,,,,False,True
CVE-2019-9922,SIN_CWE,,,,,,,False,True
CVE-2019-9955,SIN_CWE,,,,,,,False,True
CVE-2019-9978,SIN_CWE,,,,,,,True,True
CVE-2020-0041,SIN_CWE,,,,,,,True,False
CVE-2020-0069,SIN_CWE,,,,,,,True,False
CVE-2020-0601,SIN_CWE,,,,,,,True,False
CVE-2020-0618,SIN_CWE,,,,,,,True,True
CVE-2020-0638,SIN_CWE,,,,,,,True,False
CVE-2020-0646,SIN_CWE,,,,,,,True,False
CVE-2020-0674,SIN_CWE,,,,,,,True,False
CVE-2020-0683,SIN_CWE,,,,,,,True,False
CVE-2020-0688,SIN_CWE,,,,,,,True,False
CVE-2020-0787,SIN_CWE,,,,,,,True,False
CVE-2020-0796,SIN_CWE,,,,,,,True,True
CVE-2020-0878,SIN_CWE,,,,,,,True,False
CVE-2020-0938,SIN_CWE,,,,,,,True,False
CVE-2020-0968,SIN_CWE,,,,,,,True,False
CVE-2020-0986,SIN_CWE,,,,,,,True,False
CVE-2020-10148,SIN_CWE,,,,,,,True,True
CVE-2020-10181,SIN_CWE,,,,,,,True,False
CVE-2020-10189,SIN_CWE,,,,,,,True,True
CVE-2020-10199,SIN_CWE,,,,,,,True,True
CVE-2020-1020,SIN_CWE,,,,,,,True,False
CVE-2020-10220,SIN_CWE,,,,,,,False,True
CVE-2020-10221,SIN_CWE,,,,,,,True,False
CVE-2020-10257,SIN_CWE,,,,,,,False,True
CVE-2020-1027,SIN_CWE,,,,,,,True,False
CVE-2020-1040,SIN_CWE,,,,,,,True,False
CVE-2020-1054,SIN_CWE,,,,,,,True,False
CVE-2020-10546,SIN_CWE,,,,,,,False,True
CVE-2020-10547,SIN_CWE,,,,,,,False,True
CVE-2020-10548,SIN_CWE,,,,,,,False,True
CVE-2020-10549,SIN_CWE,,,,,,,False,True
CVE-2020-10770,SIN_CWE,,,,,,,False,True
CVE-2020-10973,SIN_CWE,,,,,,,False,True
CVE-2020-10987,SIN_CWE,,,,,,,True,True
CVE-2020-11023,SIN_CWE,,,,,,,True,False
CVE-2020-11034,SIN_CWE,,,,,,,False,True
CVE-2020-11110,SIN_CWE,,,,,,,False,True
CVE-2020-11261,SIN_CWE,,,,,,,True,False
CVE-2020-11441,SIN_CWE,,,,,,,False,True
CVE-2020-11450,SIN_CWE,,,,,,,False,True
CVE-2020-11455,SIN_CWE,,,,,,,False,True
CVE-2020-1147,SIN_CWE,,,,,,,True,False
CVE-2020-11514,SIN_CWE,,,,,,,False,True
CVE-2020-11515,SIN_CWE,,,,,,,False,True
CVE-2020-11529,SIN_CWE,,,,,,,False,True
CVE-2020-11530,SIN_CWE,,,,,,,False,True
CVE-2020-11546,SIN_CWE,,,,,,,False,True
CVE-2020-11547,SIN_CWE,,,,,,,False,True
CVE-2020-11651,SIN_CWE,,,,,,,True,False
CVE-2020-11652,SIN_CWE,,,,,,,True,False
CVE-2020-11710,SIN_CWE,,,,,,,False,True
CVE-2020-11732,SIN_CWE,,,,,,,False,True
CVE-2020-11738,SIN_CWE,,,,,,,True,True
CVE-2020-11798,SIN_CWE,,,,,,,False,True
CVE-2020-11853,SIN_CWE,,,,,,,False,True
CVE-2020-11854,SIN_CWE,,,,,,,False,True
CVE-2020-11899,SIN_CWE,,,,,,,True,False
CVE-2020-11930,SIN_CWE,,,,,,,False,True
CVE-2020-11975,SIN_CWE,,,,,,,False,True
CVE-2020-11978,SIN_CWE,,,,,,,True,True
CVE-2020-11981,SIN_CWE,,,,,,,False,True
CVE-2020-11984,SIN_CWE,,,,,,,False,True
CVE-2020-11991,SIN_CWE,,,,,,,False,True
CVE-2020-12054,SIN_CWE,,,,,,,False,True
CVE-2020-12116,SIN_CWE,,,,,,,False,True
CVE-2020-12124,SIN_CWE,,,,,,,False,True
CVE-2020-12127,SIN_CWE,,,,,,,False,True
CVE-2020-12256,SIN_CWE,,,,,,,False,True
CVE-2020-12259,SIN_CWE,,,,,,,False,True
CVE-2020-12262,SIN_CWE,,,,,,,False,True
CVE-2020-12271,SIN_CWE,,,,,,,True,False
CVE-2020-12447,SIN_CWE,,,,,,,False,True
CVE-2020-12478,SIN_CWE,,,,,,,False,True
CVE-2020-12641,SIN_CWE,,,,,,,True,True
CVE-2020-12720,SIN_CWE,,,,,,,False,True
CVE-2020-12800,SIN_CWE,,,,,,,False,True
CVE-2020-12812,SIN_CWE,,,,,,,True,False
CVE-2020-12832,SIN_CWE,,,,,,,False,True
CVE-2020-13117,SIN_CWE,,,,,,,False,True
CVE-2020-13121,SIN_CWE,,,,,,,False,True
CVE-2020-13125,SIN_CWE,,,,,,,False,True
CVE-2020-13158,SIN_CWE,,,,,,,False,True
CVE-2020-13167,SIN_CWE,,,,,,,False,True
CVE-2020-13258,SIN_CWE,,,,,,,False,True
CVE-2020-13379,SIN_CWE,,,,,,,False,True
CVE-2020-13405,SIN_CWE,,,,,,,False,True
CVE-2020-13483,SIN_CWE,,,,,,,False,True
CVE-2020-1350,SIN_CWE,,,,,,,True,False
CVE-2020-13638,SIN_CWE,,,,,,,False,True
CVE-2020-13640,SIN_CWE,,,,,,,False,True
CVE-2020-13671,SIN_CWE,,,,,,,True,False
CVE-2020-13700,SIN_CWE,,,,,,,False,True
CVE-2020-1380,SIN_CWE,,,,,,,True,False
CVE-2020-13820,SIN_CWE,,,,,,,False,True
CVE-2020-13851,SIN_CWE,,,,,,,False,True
CVE-2020-13886,SIN_CWE,,,,,,,False,True
CVE-2020-13927,SIN_CWE,,,,,,,True,True
CVE-2020-13937,SIN_CWE,,,,,,,False,True
CVE-2020-13942,SIN_CWE,,,,,,,False,True
CVE-2020-13945,SIN_CWE,,,,,,,False,True
CVE-2020-13965,SIN_CWE,,,,,,,True,False
CVE-2020-14092,SIN_CWE,,,,,,,False,True
CVE-2020-14144,SIN_CWE,,,,,,,False,True
CVE-2020-14179,SIN_CWE,,,,,,,False,True
CVE-2020-14181,SIN_CWE,,,,,,,False,True
CVE-2020-14408,SIN_CWE,,,,,,,False,True
CVE-2020-14413,SIN_CWE,,,,,,,False,True
CVE-2020-1464,SIN_CWE,,,,,,,True,False
CVE-2020-14644,SIN_CWE,,,,,,,True,True
CVE-2020-1472,SIN_CWE,,,,,,,True,False
CVE-2020-14750,SIN_CWE,,,,,,,True,True
CVE-2020-14864,SIN_CWE,,,,,,,True,True
CVE-2020-14871,SIN_CWE,,,,,,,True,False
CVE-2020-14882,SIN_CWE,,,,,,,True,True
CVE-2020-14883,SIN_CWE,,,,,,,True,True
CVE-2020-15050,SIN_CWE,,,,,,,False,True
CVE-2020-15069,SIN_CWE,,,,,,,True,False
CVE-2020-15081,SIN_CWE,,,,,,,False,True
CVE-2020-15129,SIN_CWE,,,,,,,False,True
CVE-2020-15148,SIN_CWE,,,,,,,False,True
CVE-2020-15227,SIN_CWE,,,,,,,False,True
CVE-2020-15415,SIN_CWE,,,,,,,True,True
CVE-2020-15500,SIN_CWE,,,,,,,False,True
CVE-2020-15505,SIN_CWE,,,,,,,True,True
CVE-2020-15568,SIN_CWE,,,,,,,False,True
CVE-2020-15718,SIN_CWE,,,,,,,False,True
CVE-2020-15867,SIN_CWE,,,,,,,False,True
CVE-2020-15895,SIN_CWE,,,,,,,False,True
CVE-2020-15906,SIN_CWE,,,,,,,False,True
CVE-2020-15920,SIN_CWE,,,,,,,False,True
CVE-2020-15999,SIN_CWE,,,,,,,True,False
CVE-2020-16009,SIN_CWE,,,,,,,True,False
CVE-2020-16010,SIN_CWE,,,,,,,True,False
CVE-2020-16013,SIN_CWE,,,,,,,True,False
CVE-2020-16017,SIN_CWE,,,,,,,True,False
CVE-2020-16139,SIN_CWE,,,,,,,False,True
CVE-2020-16248,SIN_CWE,,,,,,,False,True
CVE-2020-1631,SIN_CWE,,,,,,,True,False
CVE-2020-16846,SIN_CWE,,,,,,,True,True
CVE-2020-16952,SIN_CWE,,,,,,,False,True
CVE-2020-17087,SIN_CWE,,,,,,,True,False
CVE-2020-17144,SIN_CWE,,,,,,,True,False
CVE-2020-17362,SIN_CWE,,,,,,,False,True
CVE-2020-17453,SIN_CWE,,,,,,,False,True
CVE-2020-17456,SIN_CWE,,,,,,,False,True
CVE-2020-17463,SIN_CWE,,,,,,,True,True
CVE-2020-17496,SIN_CWE,,,,,,,True,True
CVE-2020-17505,SIN_CWE,,,,,,,False,True
CVE-2020-17506,SIN_CWE,,,,,,,False,True
CVE-2020-17518,SIN_CWE,,,,,,,False,True
CVE-2020-17519,SIN_CWE,,,,,,,True,True
CVE-2020-17526,SIN_CWE,,,,,,,False,True
CVE-2020-17530,SIN_CWE,,,,,,,True,True
CVE-2020-18268,SIN_CWE,,,,,,,False,True
CVE-2020-19282,SIN_CWE,,,,,,,False,True
CVE-2020-19283,SIN_CWE,,,,,,,False,True
CVE-2020-19295,SIN_CWE,,,,,,,False,True
CVE-2020-19360,SIN_CWE,,,,,,,False,True
CVE-2020-19363,SIN_CWE,,,,,,,False,True
CVE-2020-1938,SIN_CWE,,,,,,,True,True
CVE-2020-1943,SIN_CWE,,,,,,,False,True
CVE-2020-19515,SIN_CWE,,,,,,,False,True
CVE-2020-1956,SIN_CWE,,,,,,,True,True
CVE-2020-19625,SIN_CWE,,,,,,,False,True
CVE-2020-2021,SIN_CWE,,,,,,,True,False
CVE-2020-20285,SIN_CWE,,,,,,,False,True
CVE-2020-20300,SIN_CWE,,,,,,,False,True
CVE-2020-2036,SIN_CWE,,,,,,,False,True
CVE-2020-20601,SIN_CWE,,,,,,,False,True
CVE-2020-20627,SIN_CWE,,,,,,,False,True
CVE-2020-2096,SIN_CWE,,,,,,,False,True
CVE-2020-20982,SIN_CWE,,,,,,,False,True
CVE-2020-20988,SIN_CWE,,,,,,,False,True
CVE-2020-2103,SIN_CWE,,,,,,,False,True
CVE-2020-21224,SIN_CWE,,,,,,,False,True
CVE-2020-2140,SIN_CWE,,,,,,,False,True
CVE-2020-21998,SIN_CWE,,,,,,,False,True
CVE-2020-22165,SIN_CWE,,,,,,,False,True
CVE-2020-22208,SIN_CWE,,,,,,,False,True
CVE-2020-22209,SIN_CWE,,,,,,,False,True
CVE-2020-22210,SIN_CWE,,,,,,,False,True
CVE-2020-22211,SIN_CWE,,,,,,,False,True
CVE-2020-22840,SIN_CWE,,,,,,,False,True
CVE-2020-23015,SIN_CWE,,,,,,,False,True
CVE-2020-23517,SIN_CWE,,,,,,,False,True
CVE-2020-23575,SIN_CWE,,,,,,,False,True
CVE-2020-23697,SIN_CWE,,,,,,,False,True
CVE-2020-23814,SIN_CWE,,,,,,,False,True
CVE-2020-23972,SIN_CWE,,,,,,,False,True
CVE-2020-24148,SIN_CWE,,,,,,,False,True
CVE-2020-24186,SIN_CWE,,,,,,,False,True
CVE-2020-24223,SIN_CWE,,,,,,,False,True
CVE-2020-24285,SIN_CWE,,,,,,,False,True
CVE-2020-24312,SIN_CWE,,,,,,,False,True
CVE-2020-24363,SIN_CWE,,,,,,,True,False
CVE-2020-24391,SIN_CWE,,,,,,,False,True
CVE-2020-24550,SIN_CWE,,,,,,,False,True
CVE-2020-24557,SIN_CWE,,,,,,,True,False
CVE-2020-24571,SIN_CWE,,,,,,,False,True
CVE-2020-24579,SIN_CWE,,,,,,,False,True
CVE-2020-24589,SIN_CWE,,,,,,,False,True
CVE-2020-24701,SIN_CWE,,,,,,,False,True
CVE-2020-24881,SIN_CWE,,,,,,,False,True
CVE-2020-24902,SIN_CWE,,,,,,,False,True
CVE-2020-24903,SIN_CWE,,,,,,,False,True
CVE-2020-24912,SIN_CWE,,,,,,,False,True
CVE-2020-24949,SIN_CWE,,,,,,,False,True
CVE-2020-2506,SIN_CWE,,,,,,,True,False
CVE-2020-25078,SIN_CWE,,,,,,,True,True
CVE-2020-25079,SIN_CWE,,,,,,,True,False
CVE-2020-2509,SIN_CWE,,,,,,,True,False
CVE-2020-25200,SIN_CWE,,,,,,,False,True
CVE-2020-25213,SIN_CWE,,,,,,,True,True
CVE-2020-25223,SIN_CWE,,,,,,,True,True
CVE-2020-25495,SIN_CWE,,,,,,,False,True
CVE-2020-25506,SIN_CWE,,,,,,,True,True
CVE-2020-2551,SIN_CWE,,,,,,,True,True
CVE-2020-25540,SIN_CWE,,,,,,,False,True
CVE-2020-2555,SIN_CWE,,,,,,,True,False
CVE-2020-25780,SIN_CWE,,,,,,,False,True
CVE-2020-25864,SIN_CWE,,,,,,,False,True
CVE-2020-26073,SIN_CWE,,,,,,,False,True
CVE-2020-26153,SIN_CWE,,,,,,,False,True
CVE-2020-26214,SIN_CWE,,,,,,,False,True
CVE-2020-26217,SIN_CWE,,,,,,,False,True
CVE-2020-26248,SIN_CWE,,,,,,,False,True
CVE-2020-26258,SIN_CWE,,,,,,,False,True
CVE-2020-26413,SIN_CWE,,,,,,,False,True
CVE-2020-26836,SIN_CWE,,,,,,,False,True
CVE-2020-26876,SIN_CWE,,,,,,,False,True
CVE-2020-26879,SIN_CWE,,,,,,,False,True
CVE-2020-26919,SIN_CWE,,,,,,,True,True
CVE-2020-26935,SIN_CWE,,,,,,,False,True
CVE-2020-26948,SIN_CWE,,,,,,,False,True
CVE-2020-27191,SIN_CWE,,,,,,,False,True
CVE-2020-2733,SIN_CWE,,,,,,,False,True
CVE-2020-27361,SIN_CWE,,,,,,,False,True
CVE-2020-27467,SIN_CWE,,,,,,,False,True
CVE-2020-27481,SIN_CWE,,,,,,,False,True
CVE-2020-27615,SIN_CWE,,,,,,,False,True
CVE-2020-27735,SIN_CWE,,,,,,,False,True
CVE-2020-27838,SIN_CWE,,,,,,,False,True
CVE-2020-27866,SIN_CWE,,,,,,,False,True
CVE-2020-27930,SIN_CWE,,,,,,,True,False
CVE-2020-27932,SIN_CWE,,,,,,,True,False
CVE-2020-27950,SIN_CWE,,,,,,,True,False
CVE-2020-27982,SIN_CWE,,,,,,,False,True
CVE-2020-27986,SIN_CWE,,,,,,,False,True
CVE-2020-28185,SIN_CWE,,,,,,,False,True
CVE-2020-28188,SIN_CWE,,,,,,,False,True
CVE-2020-28208,SIN_CWE,,,,,,,False,True
CVE-2020-28351,SIN_CWE,,,,,,,False,True
CVE-2020-28429,SIN_CWE,,,,,,,False,True
CVE-2020-28653,SIN_CWE,,,,,,,False,True
CVE-2020-2883,SIN_CWE,,,,,,,True,True
CVE-2020-28871,SIN_CWE,,,,,,,False,True
CVE-2020-28949,SIN_CWE,,,,,,,True,False
CVE-2020-28976,SIN_CWE,,,,,,,False,True
CVE-2020-29047,SIN_CWE,,,,,,,False,True
CVE-2020-29164,SIN_CWE,,,,,,,False,True
CVE-2020-29214,SIN_CWE,,,,,,,False,True
CVE-2020-29227,SIN_CWE,,,,,,,False,True
CVE-2020-29279,SIN_CWE,,,,,,,False,True
CVE-2020-29390,SIN_CWE,,,,,,,False,True
CVE-2020-29395,SIN_CWE,,,,,,,False,True
CVE-2020-29453,SIN_CWE,,,,,,,False,True
CVE-2020-29557,SIN_CWE,,,,,,,True,False
CVE-2020-29574,SIN_CWE,,,,,,,True,False
CVE-2020-29583,SIN_CWE,,,,,,,True,True
CVE-2020-29597,SIN_CWE,,,,,,,False,True
CVE-2020-3118,SIN_CWE,,,,,,,True,False
CVE-2020-3153,SIN_CWE,,,,,,,True,False
CVE-2020-3161,SIN_CWE,,,,,,,True,False
CVE-2020-3187,SIN_CWE,,,,,,,False,True
CVE-2020-3259,SIN_CWE,,,,,,,True,False
CVE-2020-3433,SIN_CWE,,,,,,,True,False
CVE-2020-3452,SIN_CWE,,,,,,,True,True
CVE-2020-35131,SIN_CWE,,,,,,,False,True
CVE-2020-35234,SIN_CWE,,,,,,,False,True
CVE-2020-35338,SIN_CWE,,,,,,,False,True
CVE-2020-35359,SIN_CWE,,,,,,,False,True
CVE-2020-35476,SIN_CWE,,,,,,,False,True
CVE-2020-35580,SIN_CWE,,,,,,,False,True
CVE-2020-35598,SIN_CWE,,,,,,,False,True
CVE-2020-3566,SIN_CWE,,,,,,,True,False
CVE-2020-3569,SIN_CWE,,,,,,,True,False
CVE-2020-35713,SIN_CWE,,,,,,,False,True
CVE-2020-35729,SIN_CWE,,,,,,,False,True
CVE-2020-35730,SIN_CWE,,,,,,,True,False
CVE-2020-35736,SIN_CWE,,,,,,,False,True
CVE-2020-35749,SIN_CWE,,,,,,,False,True
CVE-2020-35774,SIN_CWE,,,,,,,False,True
CVE-2020-3580,SIN_CWE,,,,,,,True,True
CVE-2020-35846,SIN_CWE,,,,,,,False,True
CVE-2020-35847,SIN_CWE,,,,,,,False,True
CVE-2020-35848,SIN_CWE,,,,,,,False,True
CVE-2020-35951,SIN_CWE,,,,,,,False,True
CVE-2020-35984,SIN_CWE,,,,,,,False,True
CVE-2020-35985,SIN_CWE,,,,,,,False,True
CVE-2020-35986,SIN_CWE,,,,,,,False,True
CVE-2020-35987,SIN_CWE,,,,,,,False,True
CVE-2020-36112,SIN_CWE,,,,,,,False,True
CVE-2020-36155,SIN_CWE,,,,,,,False,True
CVE-2020-36193,SIN_CWE,,,,,,,True,False
CVE-2020-36289,SIN_CWE,,,,,,,False,True
CVE-2020-36333,SIN_CWE,,,,,,,False,True
CVE-2020-36365,SIN_CWE,,,,,,,False,True
CVE-2020-36510,SIN_CWE,,,,,,,False,True
CVE-2020-36705,SIN_CWE,,,,,,,False,True
CVE-2020-36708,SIN_CWE,,,,,,,False,True
CVE-2020-36719,SIN_CWE,,,,,,,False,True
CVE-2020-36723,SIN_CWE,,,,,,,False,True
CVE-2020-36728,SIN_CWE,,,,,,,False,True
CVE-2020-36731,SIN_CWE,,,,,,,False,True
CVE-2020-36836,SIN_CWE,,,,,,,False,True
CVE-2020-37123,SIN_CWE,,,,,,,False,True
CVE-2020-3837,SIN_CWE,,,,,,,True,False
CVE-2020-3950,SIN_CWE,,,,,,,True,False
CVE-2020-3952,SIN_CWE,,,,,,,True,True
CVE-2020-3992,SIN_CWE,,,,,,,True,False
CVE-2020-4006,SIN_CWE,,,,,,,True,False
CVE-2020-4427,SIN_CWE,,,,,,,True,True
CVE-2020-4428,SIN_CWE,,,,,,,True,False
CVE-2020-4429,SIN_CWE,,,,,,,False,True
CVE-2020-4430,SIN_CWE,,,,,,,True,False
CVE-2020-4463,SIN_CWE,,,,,,,False,True
CVE-2020-5135,SIN_CWE,,,,,,,True,False
CVE-2020-5191,SIN_CWE,,,,,,,False,True
CVE-2020-5192,SIN_CWE,,,,,,,False,True
CVE-2020-5284,SIN_CWE,,,,,,,False,True
CVE-2020-5307,SIN_CWE,,,,,,,False,True
CVE-2020-5405,SIN_CWE,,,,,,,False,True
CVE-2020-5410,SIN_CWE,,,,,,,True,True
CVE-2020-5412,SIN_CWE,,,,,,,False,True
CVE-2020-5722,SIN_CWE,,,,,,,True,True
CVE-2020-5735,SIN_CWE,,,,,,,True,False
CVE-2020-5741,SIN_CWE,,,,,,,True,False
CVE-2020-5766,SIN_CWE,,,,,,,False,True
CVE-2020-5775,SIN_CWE,,,,,,,False,True
CVE-2020-5776,SIN_CWE,,,,,,,False,True
CVE-2020-5777,SIN_CWE,,,,,,,False,True
CVE-2020-5847,SIN_CWE,,,,,,,True,True
CVE-2020-5849,SIN_CWE,,,,,,,True,False
CVE-2020-5902,SIN_CWE,,,,,,,True,True
CVE-2020-6171,SIN_CWE,,,,,,,False,True
CVE-2020-6207,SIN_CWE,,,,,,,True,True
CVE-2020-6287,SIN_CWE,,,,,,,True,True
CVE-2020-6308,SIN_CWE,,,,,,,False,True
CVE-2020-6418,SIN_CWE,,,,,,,True,False
CVE-2020-6572,SIN_CWE,,,,,,,True,False
CVE-2020-6637,SIN_CWE,,,,,,,False,True
CVE-2020-6819,SIN_CWE,,,,,,,True,False
CVE-2020-6820,SIN_CWE,,,,,,,True,False
CVE-2020-6950,SIN_CWE,,,,,,,False,True
CVE-2020-7107,SIN_CWE,,,,,,,False,True
CVE-2020-7136,SIN_CWE,,,,,,,False,True
CVE-2020-7209,SIN_CWE,,,,,,,False,True
CVE-2020-7247,SIN_CWE,,,,,,,True,True
CVE-2020-7318,SIN_CWE,,,,,,,False,True
CVE-2020-7796,SIN_CWE,,,,,,,True,True
CVE-2020-7943,SIN_CWE,,,,,,,False,True
CVE-2020-7961,SIN_CWE,,,,,,,True,True
CVE-2020-7980,SIN_CWE,,,,,,,False,True
CVE-2020-8115,SIN_CWE,,,,,,,False,True
CVE-2020-8163,SIN_CWE,,,,,,,False,True
CVE-2020-8191,SIN_CWE,,,,,,,False,True
CVE-2020-8193,SIN_CWE,,,,,,,True,True
CVE-2020-8194,SIN_CWE,,,,,,,False,True
CVE-2020-8195,SIN_CWE,,,,,,,True,False
CVE-2020-8196,SIN_CWE,,,,,,,True,False
CVE-2020-8209,SIN_CWE,,,,,,,False,True
CVE-2020-8218,SIN_CWE,,,,,,,True,False
CVE-2020-8243,SIN_CWE,,,,,,,True,False
CVE-2020-8260,SIN_CWE,,,,,,,True,False
CVE-2020-8467,SIN_CWE,,,,,,,True,False
CVE-2020-8468,SIN_CWE,,,,,,,True,False
CVE-2020-8497,SIN_CWE,,,,,,,False,True
CVE-2020-8512,SIN_CWE,,,,,,,False,True
CVE-2020-8515,SIN_CWE,,,,,,,True,True
CVE-2020-8599,SIN_CWE,,,,,,,True,False
CVE-2020-8615,SIN_CWE,,,,,,,False,True
CVE-2020-8641,SIN_CWE,,,,,,,False,True
CVE-2020-8644,SIN_CWE,,,,,,,True,True
CVE-2020-8654,SIN_CWE,,,,,,,False,True
CVE-2020-8655,SIN_CWE,,,,,,,True,False
CVE-2020-8656,SIN_CWE,,,,,,,False,True
CVE-2020-8657,SIN_CWE,,,,,,,True,True
CVE-2020-8771,SIN_CWE,,,,,,,False,True
CVE-2020-8772,SIN_CWE,,,,,,,False,True
CVE-2020-8813,SIN_CWE,,,,,,,False,True
CVE-2020-8816,SIN_CWE,,,,,,,True,False
CVE-2020-8982,SIN_CWE,,,,,,,False,True
CVE-2020-9036,SIN_CWE,,,,,,,False,True
CVE-2020-9039,SIN_CWE,,,,,,,False,True
CVE-2020-9043,SIN_CWE,,,,,,,False,True
CVE-2020-9047,SIN_CWE,,,,,,,False,True
CVE-2020-9054,SIN_CWE,,,,,,,True,True
CVE-2020-9274,SIN_CWE,,,,,,,False,True
CVE-2020-9314,SIN_CWE,,,,,,,False,True
CVE-2020-9315,SIN_CWE,,,,,,,False,True
CVE-2020-9344,SIN_CWE,,,,,,,False,True
CVE-2020-9365,SIN_CWE,,,,,,,False,True
CVE-2020-9376,SIN_CWE,,,,,,,False,True
CVE-2020-9377,SIN_CWE,,,,,,,True,False
CVE-2020-9425,SIN_CWE,,,,,,,False,True
CVE-2020-9480,SIN_CWE,,,,,,,False,True
CVE-2020-9483,SIN_CWE,,,,,,,False,True
CVE-2020-9484,SIN_CWE,,,,,,,False,True
CVE-2020-9496,SIN_CWE,,,,,,,False,True
CVE-2020-9547,SIN_CWE,,,,,,,False,True
CVE-2020-9548,SIN_CWE,,,,,,,False,True
CVE-2020-9715,SIN_CWE,,,,,,,True,False
CVE-2020-9757,SIN_CWE,,,,,,,False,True
CVE-2020-9818,SIN_CWE,,,,,,,True,False
CVE-2020-9819,SIN_CWE,,,,,,,True,False
CVE-2020-9859,SIN_CWE,,,,,,,True,False
CVE-2020-9907,SIN_CWE,,,,,,,True,False
CVE-2020-9934,SIN_CWE,,,,,,,True,False
CVE-2021-0920,SIN_CWE,,,,,,,True,False
CVE-2021-1048,SIN_CWE,,,,,,,True,False
CVE-2021-1472,SIN_CWE,,,,,,,False,True
CVE-2021-1497,SIN_CWE,,,,,,,True,True
CVE-2021-1498,SIN_CWE,,,,,,,True,True
CVE-2021-1499,SIN_CWE,,,,,,,False,True
CVE-2021-1647,SIN_CWE,,,,,,,True,False
CVE-2021-1675,SIN_CWE,,,,,,,True,False
CVE-2021-1732,SIN_CWE,,,,,,,True,False
CVE-2021-1782,SIN_CWE,,,,,,,True,False
CVE-2021-1789,SIN_CWE,,,,,,,True,False
CVE-2021-1870,SIN_CWE,,,,,,,True,False
CVE-2021-1871,SIN_CWE,,,,,,,True,False
CVE-2021-1879,SIN_CWE,,,,,,,True,False
CVE-2021-1905,SIN_CWE,,,,,,,True,False
CVE-2021-1906,SIN_CWE,,,,,,,True,False
CVE-2021-20016,SIN_CWE,,,,,,,True,False
CVE-2021-20021,SIN_CWE,,,,,,,True,True
CVE-2021-20022,SIN_CWE,,,,,,,True,False
CVE-2021-20023,SIN_CWE,,,,,,,True,False
CVE-2021-20028,SIN_CWE,,,,,,,True,False
CVE-2021-20031,SIN_CWE,,,,,,,False,True
CVE-2021-20035,SIN_CWE,,,,,,,True,False
CVE-2021-20038,SIN_CWE,,,,,,,True,True
CVE-2021-20086,SIN_CWE,,,,,,,False,True
CVE-2021-20090,SIN_CWE,,,,,,,True,True
CVE-2021-20091,SIN_CWE,,,,,,,False,True
CVE-2021-20092,SIN_CWE,,,,,,,False,True
CVE-2021-20114,SIN_CWE,,,,,,,False,True
CVE-2021-20123,SIN_CWE,,,,,,,True,True
CVE-2021-20124,SIN_CWE,,,,,,,True,True
CVE-2021-20137,SIN_CWE,,,,,,,False,True
CVE-2021-20150,SIN_CWE,,,,,,,False,True
CVE-2021-20158,SIN_CWE,,,,,,,False,True
CVE-2021-20167,SIN_CWE,,,,,,,False,True
CVE-2021-20323,SIN_CWE,,,,,,,False,True
CVE-2021-20617,SIN_CWE,,,,,,,False,True
CVE-2021-20792,SIN_CWE,,,,,,,False,True
CVE-2021-20837,SIN_CWE,,,,,,,False,True
CVE-2021-21017,SIN_CWE,,,,,,,True,False
CVE-2021-21087,SIN_CWE,,,,,,,False,True
CVE-2021-21148,SIN_CWE,,,,,,,True,False
CVE-2021-21166,SIN_CWE,,,,,,,True,False
CVE-2021-21193,SIN_CWE,,,,,,,True,False
CVE-2021-21206,SIN_CWE,,,,,,,True,False
CVE-2021-21220,SIN_CWE,,,,,,,True,False
CVE-2021-21224,SIN_CWE,,,,,,,True,False
CVE-2021-21234,SIN_CWE,,,,,,,False,True
CVE-2021-21246,SIN_CWE,,,,,,,False,True
CVE-2021-21287,SIN_CWE,,,,,,,False,True
CVE-2021-21307,SIN_CWE,,,,,,,False,True
CVE-2021-21311,SIN_CWE,,,,,,,True,True
CVE-2021-21315,SIN_CWE,,,,,,,True,True
CVE-2021-21345,SIN_CWE,,,,,,,False,True
CVE-2021-2135,SIN_CWE,,,,,,,False,True
CVE-2021-21351,SIN_CWE,,,,,,,False,True
CVE-2021-21389,SIN_CWE,,,,,,,False,True
CVE-2021-21402,SIN_CWE,,,,,,,False,True
CVE-2021-21479,SIN_CWE,,,,,,,False,True
CVE-2021-21551,SIN_CWE,,,,,,,True,False
CVE-2021-21745,SIN_CWE,,,,,,,False,True
CVE-2021-21799,SIN_CWE,,,,,,,False,True
CVE-2021-21800,SIN_CWE,,,,,,,False,True
CVE-2021-21801,SIN_CWE,,,,,,,False,True
CVE-2021-21802,SIN_CWE,,,,,,,False,True
CVE-2021-21803,SIN_CWE,,,,,,,False,True
CVE-2021-21805,SIN_CWE,,,,,,,False,True
CVE-2021-21816,SIN_CWE,,,,,,,False,True
CVE-2021-21881,SIN_CWE,,,,,,,False,True
CVE-2021-21972,SIN_CWE,,,,,,,True,True
CVE-2021-21973,SIN_CWE,,,,,,,True,True
CVE-2021-21975,SIN_CWE,,,,,,,True,True
CVE-2021-21978,SIN_CWE,,,,,,,False,True
CVE-2021-21985,SIN_CWE,,,,,,,True,True
CVE-2021-22005,SIN_CWE,,,,,,,True,True
CVE-2021-22017,SIN_CWE,,,,,,,True,True
CVE-2021-22053,SIN_CWE,,,,,,,False,True
CVE-2021-22054,SIN_CWE,,,,,,,True,True
CVE-2021-22122,SIN_CWE,,,,,,,False,True
CVE-2021-22145,SIN_CWE,,,,,,,False,True
CVE-2021-22175,SIN_CWE,,,,,,,True,True
CVE-2021-22204,SIN_CWE,,,,,,,True,False
CVE-2021-22205,SIN_CWE,,,,,,,True,True
CVE-2021-22214,SIN_CWE,,,,,,,False,True
CVE-2021-22502,SIN_CWE,,,,,,,True,True
CVE-2021-22506,SIN_CWE,,,,,,,True,False
CVE-2021-22555,SIN_CWE,,,,,,,True,False
CVE-2021-22600,SIN_CWE,,,,,,,True,False
CVE-2021-22681,SIN_CWE,,,,,,,True,False
CVE-2021-22707,SIN_CWE,,,,,,,False,True
CVE-2021-22873,SIN_CWE,,,,,,,False,True
CVE-2021-22881,SIN_CWE,,,,,,,False,True
CVE-2021-22893,SIN_CWE,,,,,,,True,False
CVE-2021-22894,SIN_CWE,,,,,,,True,False
CVE-2021-22899,SIN_CWE,,,,,,,True,False
CVE-2021-22900,SIN_CWE,,,,,,,True,False
CVE-2021-22911,SIN_CWE,,,,,,,False,True
CVE-2021-22941,SIN_CWE,,,,,,,True,False
CVE-2021-22986,SIN_CWE,,,,,,,True,True
CVE-2021-22991,SIN_CWE,,,,,,,True,False
CVE-2021-23241,SIN_CWE,,,,,,,False,True
CVE-2021-23337,SIN_CWE,,,,,,,False,True
CVE-2021-23394,SIN_CWE,,,,,,,False,True
CVE-2021-23874,SIN_CWE,,,,,,,True,False
CVE-2021-24139,SIN_CWE,,,,,,,False,True
CVE-2021-24145,SIN_CWE,,,,,,,False,True
CVE-2021-24146,SIN_CWE,,,,,,,False,True
CVE-2021-24150,SIN_CWE,,,,,,,False,True
CVE-2021-24155,SIN_CWE,,,,,,,False,True
CVE-2021-24165,SIN_CWE,,,,,,,False,True
CVE-2021-24169,SIN_CWE,,,,,,,False,True
CVE-2021-24170,SIN_CWE,,,,,,,False,True
CVE-2021-24175,SIN_CWE,,,,,,,False,True
CVE-2021-24176,SIN_CWE,,,,,,,False,True
CVE-2021-24210,SIN_CWE,,,,,,,False,True
CVE-2021-24212,SIN_CWE,,,,,,,False,True
CVE-2021-24213,SIN_CWE,,,,,,,False,True
CVE-2021-24214,SIN_CWE,,,,,,,False,True
CVE-2021-24215,SIN_CWE,,,,,,,False,True
CVE-2021-24219,SIN_CWE,,,,,,,False,True
CVE-2021-24220,SIN_CWE,,,,,,,False,True
CVE-2021-24226,SIN_CWE,,,,,,,False,True
CVE-2021-24227,SIN_CWE,,,,,,,False,True
CVE-2021-24235,SIN_CWE,,,,,,,False,True
CVE-2021-24236,SIN_CWE,,,,,,,False,True
CVE-2021-24237,SIN_CWE,,,,,,,False,True
CVE-2021-24239,SIN_CWE,,,,,,,False,True
CVE-2021-24245,SIN_CWE,,,,,,,False,True
CVE-2021-24274,SIN_CWE,,,,,,,False,True
CVE-2021-24275,SIN_CWE,,,,,,,False,True
CVE-2021-24276,SIN_CWE,,,,,,,False,True
CVE-2021-24278,SIN_CWE,,,,,,,False,True
CVE-2021-24284,SIN_CWE,,,,,,,False,True
CVE-2021-24285,SIN_CWE,,,,,,,False,True
CVE-2021-24286,SIN_CWE,,,,,,,False,True
CVE-2021-24287,SIN_CWE,,,,,,,False,True
CVE-2021-24288,SIN_CWE,,,,,,,False,True
CVE-2021-24291,SIN_CWE,,,,,,,False,True
CVE-2021-24295,SIN_CWE,,,,,,,False,True
CVE-2021-24298,SIN_CWE,,,,,,,False,True
CVE-2021-24300,SIN_CWE,,,,,,,False,True
CVE-2021-24316,SIN_CWE,,,,,,,False,True
CVE-2021-24320,SIN_CWE,,,,,,,False,True
CVE-2021-24335,SIN_CWE,,,,,,,False,True
CVE-2021-24340,SIN_CWE,,,,,,,False,True
CVE-2021-24342,SIN_CWE,,,,,,,False,True
CVE-2021-24347,SIN_CWE,,,,,,,False,True
CVE-2021-24351,SIN_CWE,,,,,,,False,True
CVE-2021-24358,SIN_CWE,,,,,,,False,True
CVE-2021-24364,SIN_CWE,,,,,,,False,True
CVE-2021-24370,SIN_CWE,,,,,,,False,True
CVE-2021-24387,SIN_CWE,,,,,,,False,True
CVE-2021-24389,SIN_CWE,,,,,,,False,True
CVE-2021-24406,SIN_CWE,,,,,,,False,True
CVE-2021-24407,SIN_CWE,,,,,,,False,True
CVE-2021-24409,SIN_CWE,,,,,,,False,True
CVE-2021-24435,SIN_CWE,,,,,,,False,True
CVE-2021-24436,SIN_CWE,,,,,,,False,True
CVE-2021-24442,SIN_CWE,,,,,,,False,True
CVE-2021-24452,SIN_CWE,,,,,,,False,True
CVE-2021-24472,SIN_CWE,,,,,,,False,True
CVE-2021-24488,SIN_CWE,,,,,,,False,True
CVE-2021-24495,SIN_CWE,,,,,,,False,True
CVE-2021-24498,SIN_CWE,,,,,,,False,True
CVE-2021-24499,SIN_CWE,,,,,,,False,True
CVE-2021-24510,SIN_CWE,,,,,,,False,True
CVE-2021-24522,SIN_CWE,,,,,,,False,True
CVE-2021-24527,SIN_CWE,,,,,,,False,True
CVE-2021-24554,SIN_CWE,,,,,,,False,True
CVE-2021-24627,SIN_CWE,,,,,,,False,True
CVE-2021-24644,SIN_CWE,,,,,,,False,True
CVE-2021-24647,SIN_CWE,,,,,,,False,True
CVE-2021-24657,SIN_CWE,,,,,,,False,True
CVE-2021-24666,SIN_CWE,,,,,,,False,True
CVE-2021-24681,SIN_CWE,,,,,,,False,True
CVE-2021-24731,SIN_CWE,,,,,,,False,True
CVE-2021-24746,SIN_CWE,,,,,,,False,True
CVE-2021-24750,SIN_CWE,,,,,,,False,True
CVE-2021-24762,SIN_CWE,,,,,,,False,True
CVE-2021-24786,SIN_CWE,,,,,,,False,True
CVE-2021-24791,SIN_CWE,,,,,,,False,True
CVE-2021-24827,SIN_CWE,,,,,,,False,True
CVE-2021-24838,SIN_CWE,,,,,,,False,True
CVE-2021-24849,SIN_CWE,,,,,,,False,True
CVE-2021-24862,SIN_CWE,,,,,,,False,True
CVE-2021-24875,SIN_CWE,,,,,,,False,True
CVE-2021-24876,SIN_CWE,,,,,,,False,True
CVE-2021-24878,SIN_CWE,,,,,,,False,True
CVE-2021-24891,SIN_CWE,,,,,,,False,True
CVE-2021-24910,SIN_CWE,,,,,,,False,True
CVE-2021-24915,SIN_CWE,,,,,,,False,True
CVE-2021-24917,SIN_CWE,,,,,,,False,True
CVE-2021-24926,SIN_CWE,,,,,,,False,True
CVE-2021-24931,SIN_CWE,,,,,,,False,True
CVE-2021-24934,SIN_CWE,,,,,,,False,True
CVE-2021-24940,SIN_CWE,,,,,,,False,True
CVE-2021-24943,SIN_CWE,,,,,,,False,True
CVE-2021-24946,SIN_CWE,,,,,,,False,True
CVE-2021-24947,SIN_CWE,,,,,,,False,True
CVE-2021-24956,SIN_CWE,,,,,,,False,True
CVE-2021-24970,SIN_CWE,,,,,,,False,True
CVE-2021-24979,SIN_CWE,,,,,,,False,True
CVE-2021-24987,SIN_CWE,,,,,,,False,True
CVE-2021-24991,SIN_CWE,,,,,,,False,True
CVE-2021-24997,SIN_CWE,,,,,,,False,True
CVE-2021-25003,SIN_CWE,,,,,,,False,True
CVE-2021-25008,SIN_CWE,,,,,,,False,True
CVE-2021-25016,SIN_CWE,,,,,,,False,True
CVE-2021-25028,SIN_CWE,,,,,,,False,True
CVE-2021-25032,SIN_CWE,,,,,,,False,True
CVE-2021-25033,SIN_CWE,,,,,,,False,True
CVE-2021-25052,SIN_CWE,,,,,,,False,True
CVE-2021-25055,SIN_CWE,,,,,,,False,True
CVE-2021-25063,SIN_CWE,,,,,,,False,True
CVE-2021-25065,SIN_CWE,,,,,,,False,True
CVE-2021-25067,SIN_CWE,,,,,,,False,True
CVE-2021-25074,SIN_CWE,,,,,,,False,True
CVE-2021-25075,SIN_CWE,,,,,,,False,True
CVE-2021-25078,SIN_CWE,,,,,,,False,True
CVE-2021-25079,SIN_CWE,,,,,,,False,True
CVE-2021-25082,SIN_CWE,,,,,,,False,True
CVE-2021-25085,SIN_CWE,,,,,,,False,True
CVE-2021-25094,SIN_CWE,,,,,,,False,True
CVE-2021-25099,SIN_CWE,,,,,,,False,True
CVE-2021-25104,SIN_CWE,,,,,,,False,True
CVE-2021-25111,SIN_CWE,,,,,,,False,True
CVE-2021-25112,SIN_CWE,,,,,,,False,True
CVE-2021-25114,SIN_CWE,,,,,,,False,True
CVE-2021-25118,SIN_CWE,,,,,,,False,True
CVE-2021-25120,SIN_CWE,,,,,,,False,True
CVE-2021-25161,SIN_CWE,,,,,,,False,True
CVE-2021-25281,SIN_CWE,,,,,,,False,True
CVE-2021-25296,SIN_CWE,,,,,,,True,True
CVE-2021-25297,SIN_CWE,,,,,,,True,True
CVE-2021-25298,SIN_CWE,,,,,,,True,True
CVE-2021-25299,SIN_CWE,,,,,,,False,True
CVE-2021-25337,SIN_CWE,,,,,,,True,False
CVE-2021-25369,SIN_CWE,,,,,,,True,False
CVE-2021-25370,SIN_CWE,,,,,,,True,False
CVE-2021-25371,SIN_CWE,,,,,,,True,False
CVE-2021-25372,SIN_CWE,,,,,,,True,False
CVE-2021-25394,SIN_CWE,,,,,,,True,False
CVE-2021-25395,SIN_CWE,,,,,,,True,False
CVE-2021-25487,SIN_CWE,,,,,,,True,False
CVE-2021-25489,SIN_CWE,,,,,,,True,False
CVE-2021-25646,SIN_CWE,,,,,,,False,True
CVE-2021-25864,SIN_CWE,,,,,,,False,True
CVE-2021-25899,SIN_CWE,,,,,,,False,True
CVE-2021-26072,SIN_CWE,,,,,,,False,True
CVE-2021-26084,SIN_CWE,,,,,,,True,True
CVE-2021-26085,SIN_CWE,,,,,,,True,True
CVE-2021-26086,SIN_CWE,,,,,,,True,True
CVE-2021-26247,SIN_CWE,,,,,,,False,True
CVE-2021-26292,SIN_CWE,,,,,,,False,True
CVE-2021-26294,SIN_CWE,,,,,,,False,True
CVE-2021-26295,SIN_CWE,,,,,,,False,True
CVE-2021-26411,SIN_CWE,,,,,,,True,False
CVE-2021-26475,SIN_CWE,,,,,,,False,True
CVE-2021-26598,SIN_CWE,,,,,,,False,True
CVE-2021-26599,SIN_CWE,,,,,,,False,True
CVE-2021-26702,SIN_CWE,,,,,,,False,True
CVE-2021-26710,SIN_CWE,,,,,,,False,True
CVE-2021-26723,SIN_CWE,,,,,,,False,True
CVE-2021-26812,SIN_CWE,,,,,,,False,True
CVE-2021-26828,SIN_CWE,,,,,,,True,False
CVE-2021-26829,SIN_CWE,,,,,,,True,False
CVE-2021-26855,SIN_CWE,,,,,,,True,True
CVE-2021-26857,SIN_CWE,,,,,,,True,False
CVE-2021-26858,SIN_CWE,,,,,,,True,False
CVE-2021-26947,SIN_CWE,,,,,,,False,True
CVE-2021-27059,SIN_CWE,,,,,,,True,False
CVE-2021-27065,SIN_CWE,,,,,,,True,False
CVE-2021-27085,SIN_CWE,,,,,,,True,False
CVE-2021-27101,SIN_CWE,,,,,,,True,False
CVE-2021-27102,SIN_CWE,,,,,,,True,False
CVE-2021-27103,SIN_CWE,,,,,,,True,False
CVE-2021-27104,SIN_CWE,,,,,,,True,False
CVE-2021-27124,SIN_CWE,,,,,,,False,True
CVE-2021-27132,SIN_CWE,,,,,,,False,True
CVE-2021-27309,SIN_CWE,,,,,,,False,True
CVE-2021-27310,SIN_CWE,,,,,,,False,True
CVE-2021-27314,SIN_CWE,,,,,,,False,True
CVE-2021-27315,SIN_CWE,,,,,,,False,True
CVE-2021-27316,SIN_CWE,,,,,,,False,True
CVE-2021-27319,SIN_CWE,,,,,,,False,True
CVE-2021-27320,SIN_CWE,,,,,,,False,True
CVE-2021-27330,SIN_CWE,,,,,,,False,True
CVE-2021-27358,SIN_CWE,,,,,,,False,True
CVE-2021-27519,SIN_CWE,,,,,,,False,True
CVE-2021-27520,SIN_CWE,,,,,,,False,True
CVE-2021-27561,SIN_CWE,,,,,,,True,True
CVE-2021-27562,SIN_CWE,,,,,,,True,False
CVE-2021-27651,SIN_CWE,,,,,,,False,True
CVE-2021-27670,SIN_CWE,,,,,,,False,True
CVE-2021-27748,SIN_CWE,,,,,,,False,True
CVE-2021-27850,SIN_CWE,,,,,,,False,True
CVE-2021-27852,SIN_CWE,,,,,,,True,False
CVE-2021-27856,SIN_CWE,,,,,,,False,True
CVE-2021-27858,SIN_CWE,,,,,,,False,True
CVE-2021-27860,SIN_CWE,,,,,,,True,False
CVE-2021-27876,SIN_CWE,,,,,,,True,False
CVE-2021-27877,SIN_CWE,,,,,,,True,True
CVE-2021-27878,SIN_CWE,,,,,,,True,False
CVE-2021-27905,SIN_CWE,,,,,,,False,True
CVE-2021-27909,SIN_CWE,,,,,,,False,True
CVE-2021-27931,SIN_CWE,,,,,,,False,True
CVE-2021-27964,SIN_CWE,,,,,,,False,True
CVE-2021-28073,SIN_CWE,,,,,,,False,True
CVE-2021-28149,SIN_CWE,,,,,,,False,True
CVE-2021-28150,SIN_CWE,,,,,,,False,True
CVE-2021-28151,SIN_CWE,,,,,,,False,True
CVE-2021-28164,SIN_CWE,,,,,,,False,True
CVE-2021-28169,SIN_CWE,,,,,,,False,True
CVE-2021-28310,SIN_CWE,,,,,,,True,False
CVE-2021-28377,SIN_CWE,,,,,,,False,True
CVE-2021-28480,SIN_CWE,,,,,,,False,True
CVE-2021-28481,SIN_CWE,,,,,,,False,True
CVE-2021-28550,SIN_CWE,,,,,,,True,False
CVE-2021-28663,SIN_CWE,,,,,,,True,False
CVE-2021-28664,SIN_CWE,,,,,,,True,False
CVE-2021-28799,SIN_CWE,,,,,,,True,True
CVE-2021-28854,SIN_CWE,,,,,,,False,True
CVE-2021-28918,SIN_CWE,,,,,,,False,True
CVE-2021-28937,SIN_CWE,,,,,,,False,True
CVE-2021-29006,SIN_CWE,,,,,,,False,True
CVE-2021-29156,SIN_CWE,,,,,,,False,True
CVE-2021-29200,SIN_CWE,,,,,,,False,True
CVE-2021-29203,SIN_CWE,,,,,,,False,True
CVE-2021-29256,SIN_CWE,,,,,,,True,False
CVE-2021-29441,SIN_CWE,,,,,,,False,True
CVE-2021-29442,SIN_CWE,,,,,,,False,True
CVE-2021-29484,SIN_CWE,,,,,,,False,True
CVE-2021-29490,SIN_CWE,,,,,,,False,True
CVE-2021-29505,SIN_CWE,,,,,,,False,True
CVE-2021-29622,SIN_CWE,,,,,,,False,True
CVE-2021-29625,SIN_CWE,,,,,,,False,True
CVE-2021-3002,SIN_CWE,,,,,,,False,True
CVE-2021-30047,SIN_CWE,,,,,,,False,True
CVE-2021-30049,SIN_CWE,,,,,,,False,True
CVE-2021-3007,SIN_CWE,,,,,,,False,True
CVE-2021-30116,SIN_CWE,,,,,,,True,True
CVE-2021-30118,SIN_CWE,,,,,,,False,True
CVE-2021-30128,SIN_CWE,,,,,,,False,True
CVE-2021-30134,SIN_CWE,,,,,,,False,True
CVE-2021-30151,SIN_CWE,,,,,,,False,True
CVE-2021-3017,SIN_CWE,,,,,,,False,True
CVE-2021-30175,SIN_CWE,,,,,,,False,True
CVE-2021-3018,SIN_CWE,,,,,,,False,True
CVE-2021-3019,SIN_CWE,,,,,,,False,True
CVE-2021-30203,SIN_CWE,,,,,,,False,True
CVE-2021-30213,SIN_CWE,,,,,,,False,True
CVE-2021-30461,SIN_CWE,,,,,,,False,True
CVE-2021-30497,SIN_CWE,,,,,,,False,True
CVE-2021-30533,SIN_CWE,,,,,,,True,False
CVE-2021-30551,SIN_CWE,,,,,,,True,False
CVE-2021-30554,SIN_CWE,,,,,,,True,False
CVE-2021-30563,SIN_CWE,,,,,,,True,False
CVE-2021-30632,SIN_CWE,,,,,,,True,False
CVE-2021-30633,SIN_CWE,,,,,,,True,False
CVE-2021-30657,SIN_CWE,,,,,,,True,False
CVE-2021-30661,SIN_CWE,,,,,,,True,False
CVE-2021-30663,SIN_CWE,,,,,,,True,False
CVE-2021-30665,SIN_CWE,,,,,,,True,False
CVE-2021-30666,SIN_CWE,,,,,,,True,False
CVE-2021-30713,SIN_CWE,,,,,,,True,False
CVE-2021-30761,SIN_CWE,,,,,,,True,False
CVE-2021-30762,SIN_CWE,,,,,,,True,False
CVE-2021-30807,SIN_CWE,,,,,,,True,False
CVE-2021-30858,SIN_CWE,,,,,,,True,False
CVE-2021-30860,SIN_CWE,,,,,,,True,False
CVE-2021-30869,SIN_CWE,,,,,,,True,False
CVE-2021-30883,SIN_CWE,,,,,,,True,False
CVE-2021-30900,SIN_CWE,,,,,,,True,False
CVE-2021-30952,SIN_CWE,,,,,,,True,False
CVE-2021-30983,SIN_CWE,,,,,,,True,False
CVE-2021-31010,SIN_CWE,,,,,,,True,False
CVE-2021-3110,SIN_CWE,,,,,,,False,True
CVE-2021-31166,SIN_CWE,,,,,,,True,False
CVE-2021-31195,SIN_CWE,,,,,,,False,True
CVE-2021-31196,SIN_CWE,,,,,,,True,False
CVE-2021-31199,SIN_CWE,,,,,,,True,False
CVE-2021-31201,SIN_CWE,,,,,,,True,False
CVE-2021-31207,SIN_CWE,,,,,,,True,False
CVE-2021-3122,SIN_CWE,,,,,,,False,True
CVE-2021-31249,SIN_CWE,,,,,,,False,True
CVE-2021-31250,SIN_CWE,,,,,,,False,True
CVE-2021-3129,SIN_CWE,,,,,,,True,True
CVE-2021-31316,SIN_CWE,,,,,,,False,True
CVE-2021-31324,SIN_CWE,,,,,,,False,True
CVE-2021-3152,SIN_CWE,,,,,,,False,True
CVE-2021-31537,SIN_CWE,,,,,,,False,True
CVE-2021-3156,SIN_CWE,,,,,,,True,False
CVE-2021-31581,SIN_CWE,,,,,,,False,True
CVE-2021-31589,SIN_CWE,,,,,,,False,True
CVE-2021-31602,SIN_CWE,,,,,,,False,True
CVE-2021-31682,SIN_CWE,,,,,,,False,True
CVE-2021-31755,SIN_CWE,,,,,,,True,True
CVE-2021-31805,SIN_CWE,,,,,,,False,True
CVE-2021-31856,SIN_CWE,,,,,,,False,True
CVE-2021-31862,SIN_CWE,,,,,,,False,True
CVE-2021-31955,SIN_CWE,,,,,,,True,False
CVE-2021-31956,SIN_CWE,,,,,,,True,False
CVE-2021-31979,SIN_CWE,,,,,,,True,False
CVE-2021-32030,SIN_CWE,,,,,,,True,True
CVE-2021-32172,SIN_CWE,,,,,,,False,True
CVE-2021-3223,SIN_CWE,,,,,,,False,True
CVE-2021-32305,SIN_CWE,,,,,,,False,True
CVE-2021-32478,SIN_CWE,,,,,,,False,True
CVE-2021-32618,SIN_CWE,,,,,,,False,True
CVE-2021-32648,SIN_CWE,,,,,,,True,True
CVE-2021-32682,SIN_CWE,,,,,,,False,True
CVE-2021-32789,SIN_CWE,,,,,,,False,True
CVE-2021-32819,SIN_CWE,,,,,,,False,True
CVE-2021-32820,SIN_CWE,,,,,,,False,True
CVE-2021-32853,SIN_CWE,,,,,,,False,True
CVE-2021-3287,SIN_CWE,,,,,,,False,True
CVE-2021-3293,SIN_CWE,,,,,,,False,True
CVE-2021-3297,SIN_CWE,,,,,,,False,True
CVE-2021-33044,SIN_CWE,,,,,,,True,True
CVE-2021-33045,SIN_CWE,,,,,,,True,True
CVE-2021-33221,SIN_CWE,,,,,,,False,True
CVE-2021-33357,SIN_CWE,,,,,,,False,True
CVE-2021-33544,SIN_CWE,,,,,,,False,True
CVE-2021-33558,SIN_CWE,,,,,,,False,True
CVE-2021-33564,SIN_CWE,,,,,,,False,True
CVE-2021-33690,SIN_CWE,,,,,,,False,True
CVE-2021-33739,SIN_CWE,,,,,,,True,False
CVE-2021-3374,SIN_CWE,,,,,,,False,True
CVE-2021-33742,SIN_CWE,,,,,,,True,False
CVE-2021-33766,SIN_CWE,,,,,,,True,True
CVE-2021-3377,SIN_CWE,,,,,,,False,True
CVE-2021-33771,SIN_CWE,,,,,,,True,False
CVE-2021-3378,SIN_CWE,,,,,,,False,True
CVE-2021-33807,SIN_CWE,,,,,,,False,True
CVE-2021-33829,SIN_CWE,,,,,,,False,True
CVE-2021-33851,SIN_CWE,,,,,,,False,True
CVE-2021-33904,SIN_CWE,,,,,,,False,True
CVE-2021-34187,SIN_CWE,,,,,,,False,True
CVE-2021-34370,SIN_CWE,,,,,,,False,True
CVE-2021-34427,SIN_CWE,,,,,,,False,True
CVE-2021-34429,SIN_CWE,,,,,,,False,True
CVE-2021-34448,SIN_CWE,,,,,,,True,False
CVE-2021-34473,SIN_CWE,,,,,,,True,True
CVE-2021-34484,SIN_CWE,,,,,,,True,False
CVE-2021-34486,SIN_CWE,,,,,,,True,False
CVE-2021-34523,SIN_CWE,,,,,,,True,False
CVE-2021-34527,SIN_CWE,,,,,,,True,False
CVE-2021-34621,SIN_CWE,,,,,,,False,True
CVE-2021-34622,SIN_CWE,,,,,,,False,True
CVE-2021-34624,SIN_CWE,,,,,,,False,True
CVE-2021-34630,SIN_CWE,,,,,,,False,True
CVE-2021-34640,SIN_CWE,,,,,,,False,True
CVE-2021-34643,SIN_CWE,,,,,,,False,True
CVE-2021-34805,SIN_CWE,,,,,,,False,True
CVE-2021-3493,SIN_CWE,,,,,,,True,False
CVE-2021-35064,SIN_CWE,,,,,,,False,True
CVE-2021-35211,SIN_CWE,,,,,,,True,True
CVE-2021-35247,SIN_CWE,,,,,,,True,False
CVE-2021-35250,SIN_CWE,,,,,,,False,True
CVE-2021-35265,SIN_CWE,,,,,,,False,True
CVE-2021-35323,SIN_CWE,,,,,,,False,True
CVE-2021-35336,SIN_CWE,,,,,,,False,True
CVE-2021-35380,SIN_CWE,,,,,,,False,True
CVE-2021-35394,SIN_CWE,,,,,,,True,True
CVE-2021-35395,SIN_CWE,,,,,,,True,True
CVE-2021-35464,SIN_CWE,,,,,,,True,True
CVE-2021-35488,SIN_CWE,,,,,,,False,True
CVE-2021-35587,SIN_CWE,,,,,,,True,True
CVE-2021-3560,SIN_CWE,,,,,,,True,False
CVE-2021-3577,SIN_CWE,,,,,,,False,True
CVE-2021-36260,SIN_CWE,,,,,,,True,True
CVE-2021-36356,SIN_CWE,,,,,,,False,True
CVE-2021-36380,SIN_CWE,,,,,,,True,True
CVE-2021-36450,SIN_CWE,,,,,,,False,True
CVE-2021-3654,SIN_CWE,,,,,,,False,True
CVE-2021-36580,SIN_CWE,,,,,,,False,True
CVE-2021-36646,SIN_CWE,,,,,,,False,True
CVE-2021-36741,SIN_CWE,,,,,,,True,False
CVE-2021-36742,SIN_CWE,,,,,,,True,False
CVE-2021-36748,SIN_CWE,,,,,,,False,True
CVE-2021-36749,SIN_CWE,,,,,,,False,True
CVE-2021-36754,SIN_CWE,,,,,,,False,True
CVE-2021-36873,SIN_CWE,,,,,,,False,True
CVE-2021-36888,SIN_CWE,,,,,,,False,True
CVE-2021-36934,SIN_CWE,,,,,,,True,False
CVE-2021-36942,SIN_CWE,,,,,,,True,False
CVE-2021-36948,SIN_CWE,,,,,,,True,False
CVE-2021-36955,SIN_CWE,,,,,,,True,False
CVE-2021-37216,SIN_CWE,,,,,,,False,True
CVE-2021-37291,SIN_CWE,,,,,,,False,True
CVE-2021-37292,SIN_CWE,,,,,,,False,True
CVE-2021-37304,SIN_CWE,,,,,,,False,True
CVE-2021-37305,SIN_CWE,,,,,,,False,True
CVE-2021-37415,SIN_CWE,,,,,,,True,True
CVE-2021-37416,SIN_CWE,,,,,,,False,True
CVE-2021-37538,SIN_CWE,,,,,,,False,True
CVE-2021-37573,SIN_CWE,,,,,,,False,True
CVE-2021-37580,SIN_CWE,,,,,,,False,True
CVE-2021-37589,SIN_CWE,,,,,,,False,True
CVE-2021-37598,SIN_CWE,,,,,,,False,True
CVE-2021-37704,SIN_CWE,,,,,,,False,True
CVE-2021-37833,SIN_CWE,,,,,,,False,True
CVE-2021-37973,SIN_CWE,,,,,,,True,False
CVE-2021-37975,SIN_CWE,,,,,,,True,False
CVE-2021-37976,SIN_CWE,,,,,,,True,False
CVE-2021-38000,SIN_CWE,,,,,,,True,False
CVE-2021-38003,SIN_CWE,,,,,,,True,False
CVE-2021-38146,SIN_CWE,,,,,,,False,True
CVE-2021-38147,SIN_CWE,,,,,,,False,True
CVE-2021-38154,SIN_CWE,,,,,,,False,True
CVE-2021-38156,SIN_CWE,,,,,,,False,True
CVE-2021-38163,SIN_CWE,,,,,,,True,False
CVE-2021-3831,SIN_CWE,,,,,,,False,True
CVE-2021-38314,SIN_CWE,,,,,,,False,True
CVE-2021-38406,SIN_CWE,,,,,,,True,False
CVE-2021-38540,SIN_CWE,,,,,,,False,True
CVE-2021-38645,SIN_CWE,,,,,,,True,False
CVE-2021-38646,SIN_CWE,,,,,,,True,False
CVE-2021-38647,SIN_CWE,,,,,,,True,True
CVE-2021-38648,SIN_CWE,,,,,,,True,False
CVE-2021-38649,SIN_CWE,,,,,,,True,False
CVE-2021-38702,SIN_CWE,,,,,,,False,True
CVE-2021-38704,SIN_CWE,,,,,,,False,True
CVE-2021-38751,SIN_CWE,,,,,,,False,True
CVE-2021-39141,SIN_CWE,,,,,,,False,True
CVE-2021-39144,SIN_CWE,,,,,,,True,True
CVE-2021-39146,SIN_CWE,,,,,,,False,True
CVE-2021-39152,SIN_CWE,,,,,,,False,True
CVE-2021-39165,SIN_CWE,,,,,,,False,True
CVE-2021-39211,SIN_CWE,,,,,,,False,True
CVE-2021-39226,SIN_CWE,,,,,,,True,True
CVE-2021-39312,SIN_CWE,,,,,,,False,True
CVE-2021-39316,SIN_CWE,,,,,,,False,True
CVE-2021-39320,SIN_CWE,,,,,,,False,True
CVE-2021-39322,SIN_CWE,,,,,,,False,True
CVE-2021-39327,SIN_CWE,,,,,,,False,True
CVE-2021-39341,SIN_CWE,,,,,,,False,True
CVE-2021-39350,SIN_CWE,,,,,,,False,True
CVE-2021-39411,SIN_CWE,,,,,,,False,True
CVE-2021-39433,SIN_CWE,,,,,,,False,True
CVE-2021-39501,SIN_CWE,,,,,,,False,True
CVE-2021-39793,SIN_CWE,,,,,,,True,False
CVE-2021-39935,SIN_CWE,,,,,,,True,False
CVE-2021-40149,SIN_CWE,,,,,,,False,True
CVE-2021-40150,SIN_CWE,,,,,,,False,True
CVE-2021-40272,SIN_CWE,,,,,,,False,True
CVE-2021-40323,SIN_CWE,,,,,,,False,True
CVE-2021-4034,SIN_CWE,,,,,,,True,False
CVE-2021-40407,SIN_CWE,,,,,,,True,False
CVE-2021-40438,SIN_CWE,,,,,,,True,True
CVE-2021-40444,SIN_CWE,,,,,,,True,False
CVE-2021-40449,SIN_CWE,,,,,,,True,False
CVE-2021-40450,SIN_CWE,,,,,,,True,False
CVE-2021-40524,SIN_CWE,,,,,,,False,True
CVE-2021-40539,SIN_CWE,,,,,,,True,True
CVE-2021-40542,SIN_CWE,,,,,,,False,True
CVE-2021-40651,SIN_CWE,,,,,,,False,True
CVE-2021-40655,SIN_CWE,,,,,,,True,True
CVE-2021-40661,SIN_CWE,,,,,,,False,True
CVE-2021-4073,SIN_CWE,,,,,,,False,True
CVE-2021-40822,SIN_CWE,,,,,,,False,True
CVE-2021-40856,SIN_CWE,,,,,,,False,True
CVE-2021-40859,SIN_CWE,,,,,,,False,True
CVE-2021-40868,SIN_CWE,,,,,,,False,True
CVE-2021-40870,SIN_CWE,,,,,,,True,True
CVE-2021-40875,SIN_CWE,,,,,,,False,True
CVE-2021-40960,SIN_CWE,,,,,,,False,True
CVE-2021-40968,SIN_CWE,,,,,,,False,True
CVE-2021-40969,SIN_CWE,,,,,,,False,True
CVE-2021-40970,SIN_CWE,,,,,,,False,True
CVE-2021-40971,SIN_CWE,,,,,,,False,True
CVE-2021-40972,SIN_CWE,,,,,,,False,True
CVE-2021-40973,SIN_CWE,,,,,,,False,True
CVE-2021-40978,SIN_CWE,,,,,,,False,True
CVE-2021-4102,SIN_CWE,,,,,,,True,False
CVE-2021-41097,SIN_CWE,,,,,,,False,True
CVE-2021-41174,SIN_CWE,,,,,,,False,True
CVE-2021-41192,SIN_CWE,,,,,,,False,True
CVE-2021-41266,SIN_CWE,,,,,,,False,True
CVE-2021-41277,SIN_CWE,,,,,,,True,True
CVE-2021-41282,SIN_CWE,,,,,,,False,True
CVE-2021-41291,SIN_CWE,,,,,,,False,True
CVE-2021-41293,SIN_CWE,,,,,,,False,True
CVE-2021-41349,SIN_CWE,,,,,,,False,True
CVE-2021-41357,SIN_CWE,,,,,,,True,False
CVE-2021-41379,SIN_CWE,,,,,,,True,False
CVE-2021-41381,SIN_CWE,,,,,,,False,True
CVE-2021-41419,SIN_CWE,,,,,,,False,True
CVE-2021-41432,SIN_CWE,,,,,,,False,True
CVE-2021-41460,SIN_CWE,,,,,,,False,True
CVE-2021-41467,SIN_CWE,,,,,,,False,True
CVE-2021-41569,SIN_CWE,,,,,,,False,True
CVE-2021-41648,SIN_CWE,,,,,,,False,True
CVE-2021-41649,SIN_CWE,,,,,,,False,True
CVE-2021-41653,SIN_CWE,,,,,,,False,True
CVE-2021-41691,SIN_CWE,,,,,,,False,True
CVE-2021-41749,SIN_CWE,,,,,,,False,True
CVE-2021-41773,SIN_CWE,,,,,,,True,True
CVE-2021-41826,SIN_CWE,,,,,,,False,True
CVE-2021-41878,SIN_CWE,,,,,,,False,True
CVE-2021-4191,SIN_CWE,,,,,,,False,True
CVE-2021-41951,SIN_CWE,,,,,,,False,True
CVE-2021-42013,SIN_CWE,,,,,,,True,True
CVE-2021-42063,SIN_CWE,,,,,,,False,True
CVE-2021-42071,SIN_CWE,,,,,,,False,True
CVE-2021-42192,SIN_CWE,,,,,,,False,True
CVE-2021-42237,SIN_CWE,,,,,,,True,True
CVE-2021-42258,SIN_CWE,,,,,,,True,True
CVE-2021-42278,SIN_CWE,,,,,,,True,False
CVE-2021-42287,SIN_CWE,,,,,,,True,False
CVE-2021-42292,SIN_CWE,,,,,,,True,False
CVE-2021-42321,SIN_CWE,,,,,,,True,False
CVE-2021-42359,SIN_CWE,,,,,,,False,True
CVE-2021-42551,SIN_CWE,,,,,,,False,True
CVE-2021-42565,SIN_CWE,,,,,,,False,True
CVE-2021-42566,SIN_CWE,,,,,,,False,True
CVE-2021-42567,SIN_CWE,,,,,,,False,True
CVE-2021-42627,SIN_CWE,,,,,,,False,True
CVE-2021-42663,SIN_CWE,,,,,,,False,True
CVE-2021-42667,SIN_CWE,,,,,,,False,True
CVE-2021-42887,SIN_CWE,,,,,,,False,True
CVE-2021-43062,SIN_CWE,,,,,,,False,True
CVE-2021-43226,SIN_CWE,,,,,,,True,False
CVE-2021-43287,SIN_CWE,,,,,,,False,True
CVE-2021-43421,SIN_CWE,,,,,,,False,True
CVE-2021-43495,SIN_CWE,,,,,,,False,True
CVE-2021-43496,SIN_CWE,,,,,,,False,True
CVE-2021-43510,SIN_CWE,,,,,,,False,True
CVE-2021-43574,SIN_CWE,,,,,,,False,True
CVE-2021-43725,SIN_CWE,,,,,,,False,True
CVE-2021-43734,SIN_CWE,,,,,,,False,True
CVE-2021-4374,SIN_CWE,,,,,,,False,True
CVE-2021-43778,SIN_CWE,,,,,,,False,True
CVE-2021-43798,SIN_CWE,,,,,,,True,True
CVE-2021-4380,SIN_CWE,,,,,,,False,True
CVE-2021-43810,SIN_CWE,,,,,,,False,True
CVE-2021-43831,SIN_CWE,,,,,,,False,True
CVE-2021-43890,SIN_CWE,,,,,,,True,False
CVE-2021-44026,SIN_CWE,,,,,,,True,False
CVE-2021-44077,SIN_CWE,,,,,,,True,True
CVE-2021-44138,SIN_CWE,,,,,,,False,True
CVE-2021-44139,SIN_CWE,,,,,,,False,True
CVE-2021-44152,SIN_CWE,,,,,,,False,True
CVE-2021-44168,SIN_CWE,,,,,,,True,False
CVE-2021-44207,SIN_CWE,,,,,,,True,False
CVE-2021-44228,CWE-20,10.0,3.9,6.0,9.3,8.6,10.0,True,True
CVE-2021-44228,CWE-400,10.0,3.9,6.0,9.3,8.6,10.0,True,True
CVE-2021-44228,CWE-502,10.0,3.9,6.0,9.3,8.6,10.0,True,True
CVE-2021-44228,CWE-917,10.0,3.9,6.0,9.3,8.6,10.0,True,True
CVE-2021-44260,SIN_CWE,,,,,,,False,True
CVE-2021-4436,SIN_CWE,,,,,,,False,True
CVE-2021-44427,SIN_CWE,,,,,,,False,True
CVE-2021-44451,SIN_CWE,,,,,,,False,True
CVE-2021-4448,SIN_CWE,,,,,,,False,True
CVE-2021-4449,SIN_CWE,,,,,,,False,True
CVE-2021-44515,SIN_CWE,,,,,,,True,True
CVE-2021-44521,SIN_CWE,,,,,,,False,True
CVE-2021-44528,SIN_CWE,,,,,,,False,True
CVE-2021-44529,SIN_CWE,,,,,,,True,True
CVE-2021-4462,SIN_CWE,,,,,,,False,True
CVE-2021-44848,SIN_CWE,,,,,,,False,True
CVE-2021-44910,SIN_CWE,,,,,,,False,True
CVE-2021-45027,SIN_CWE,,,,,,,False,True
CVE-2021-45043,SIN_CWE,,,,,,,False,True
CVE-2021-45046,SIN_CWE,,,,,,,True,True
CVE-2021-45092,SIN_CWE,,,,,,,False,True
CVE-2021-45232,SIN_CWE,,,,,,,False,True
CVE-2021-45328,SIN_CWE,,,,,,,False,True
CVE-2021-45380,SIN_CWE,,,,,,,False,True
CVE-2021-45382,SIN_CWE,,,,,,,True,True
CVE-2021-45420,SIN_CWE,,,,,,,False,True
CVE-2021-45422,SIN_CWE,,,,,,,False,True
CVE-2021-45428,SIN_CWE,,,,,,,False,True
CVE-2021-45467,SIN_CWE,,,,,,,False,True
CVE-2021-45793,SIN_CWE,,,,,,,False,True
CVE-2021-45811,SIN_CWE,,,,,,,False,True
CVE-2021-45967,SIN_CWE,,,,,,,False,True
CVE-2021-45968,SIN_CWE,,,,,,,False,True
CVE-2021-46005,SIN_CWE,,,,,,,False,True
CVE-2021-46068,SIN_CWE,,,,,,,False,True
CVE-2021-46069,SIN_CWE,,,,,,,False,True
CVE-2021-46071,SIN_CWE,,,,,,,False,True
CVE-2021-46072,SIN_CWE,,,,,,,False,True
CVE-2021-46073,SIN_CWE,,,,,,,False,True
CVE-2021-46104,SIN_CWE,,,,,,,False,True
CVE-2021-46107,SIN_CWE,,,,,,,False,True
CVE-2021-46371,SIN_CWE,,,,,,,False,True
CVE-2021-46379,SIN_CWE,,,,,,,False,True
CVE-2021-46381,SIN_CWE,,,,,,,False,True
CVE-2021-46387,SIN_CWE,,,,,,,False,True
CVE-2021-46417,SIN_CWE,,,,,,,False,True
CVE-2021-46418,SIN_CWE,,,,,,,False,True
CVE-2021-46419,SIN_CWE,,,,,,,False,True
CVE-2021-46422,SIN_CWE,,,,,,,False,True
CVE-2021-46424,SIN_CWE,,,,,,,False,True
CVE-2021-46704,SIN_CWE,,,,,,,False,True
CVE-2022-0028,SIN_CWE,,,,,,,True,False
CVE-2022-0087,SIN_CWE,,,,,,,False,True
CVE-2022-0140,SIN_CWE,,,,,,,False,True
CVE-2022-0147,SIN_CWE,,,,,,,False,True
CVE-2022-0148,SIN_CWE,,,,,,,False,True
CVE-2022-0149,SIN_CWE,,,,,,,False,True
CVE-2022-0150,SIN_CWE,,,,,,,False,True
CVE-2022-0165,SIN_CWE,,,,,,,False,True
CVE-2022-0169,SIN_CWE,,,,,,,False,True
CVE-2022-0185,SIN_CWE,,,,,,,True,False
CVE-2022-0188,SIN_CWE,,,,,,,False,True
CVE-2022-0189,SIN_CWE,,,,,,,False,True
CVE-2022-0201,SIN_CWE,,,,,,,False,True
CVE-2022-0206,SIN_CWE,,,,,,,False,True
CVE-2022-0208,SIN_CWE,,,,,,,False,True
CVE-2022-0212,SIN_CWE,,,,,,,False,True
CVE-2022-0218,SIN_CWE,,,,,,,False,True
CVE-2022-0220,SIN_CWE,,,,,,,False,True
CVE-2022-0228,SIN_CWE,,,,,,,False,True
CVE-2022-0234,SIN_CWE,,,,,,,False,True
CVE-2022-0250,SIN_CWE,,,,,,,False,True
CVE-2022-0271,SIN_CWE,,,,,,,False,True
CVE-2022-0281,SIN_CWE,,,,,,,False,True
CVE-2022-0288,SIN_CWE,,,,,,,False,True
CVE-2022-0342,SIN_CWE,,,,,,,False,True
CVE-2022-0346,SIN_CWE,,,,,,,False,True
CVE-2022-0349,SIN_CWE,,,,,,,False,True
CVE-2022-0378,SIN_CWE,,,,,,,False,True
CVE-2022-0381,SIN_CWE,,,,,,,False,True
CVE-2022-0412,SIN_CWE,,,,,,,False,True
CVE-2022-0415,SIN_CWE,,,,,,,False,True
CVE-2022-0422,SIN_CWE,,,,,,,False,True
CVE-2022-0424,SIN_CWE,,,,,,,False,True
CVE-2022-0429,SIN_CWE,,,,,,,False,True
CVE-2022-0432,SIN_CWE,,,,,,,False,True
CVE-2022-0434,SIN_CWE,,,,,,,False,True
CVE-2022-0437,SIN_CWE,,,,,,,False,True
CVE-2022-0439,SIN_CWE,,,,,,,False,True
CVE-2022-0441,SIN_CWE,,,,,,,False,True
CVE-2022-0479,SIN_CWE,,,,,,,False,True
CVE-2022-0482,SIN_CWE,,,,,,,False,True
CVE-2022-0533,SIN_CWE,,,,,,,False,True
CVE-2022-0535,SIN_CWE,,,,,,,False,True
CVE-2022-0540,SIN_CWE,,,,,,,False,True
CVE-2022-0543,SIN_CWE,,,,,,,True,True
CVE-2022-0591,SIN_CWE,,,,,,,False,True
CVE-2022-0592,SIN_CWE,,,,,,,False,True
CVE-2022-0594,SIN_CWE,,,,,,,False,True
CVE-2022-0595,SIN_CWE,,,,,,,False,True
CVE-2022-0597,SIN_CWE,,,,,,,False,True
CVE-2022-0599,SIN_CWE,,,,,,,False,True
CVE-2022-0609,SIN_CWE,,,,,,,True,False
CVE-2022-0651,SIN_CWE,,,,,,,False,True
CVE-2022-0653,SIN_CWE,,,,,,,False,True
CVE-2022-0656,SIN_CWE,,,,,,,False,True
CVE-2022-0658,SIN_CWE,,,,,,,False,True
CVE-2022-0660,SIN_CWE,,,,,,,False,True
CVE-2022-0666,SIN_CWE,,,,,,,False,True
CVE-2022-0678,SIN_CWE,,,,,,,False,True
CVE-2022-0679,SIN_CWE,,,,,,,False,True
CVE-2022-0692,SIN_CWE,,,,,,,False,True
CVE-2022-0693,SIN_CWE,,,,,,,False,True
CVE-2022-0735,SIN_CWE,,,,,,,False,True
CVE-2022-0747,SIN_CWE,,,,,,,False,True
CVE-2022-0760,SIN_CWE,,,,,,,False,True
CVE-2022-0765,SIN_CWE,,,,,,,False,True
CVE-2022-0769,SIN_CWE,,,,,,,False,True
CVE-2022-0773,SIN_CWE,,,,,,,False,True
CVE-2022-0776,SIN_CWE,,,,,,,False,True
CVE-2022-0781,SIN_CWE,,,,,,,False,True
CVE-2022-0783,SIN_CWE,,,,,,,False,True
CVE-2022-0784,SIN_CWE,,,,,,,False,True
CVE-2022-0785,SIN_CWE,,,,,,,False,True
CVE-2022-0786,SIN_CWE,,,,,,,False,True
CVE-2022-0787,SIN_CWE,,,,,,,False,True
CVE-2022-0788,SIN_CWE,,,,,,,False,True
CVE-2022-0814,SIN_CWE,,,,,,,False,True
CVE-2022-0817,SIN_CWE,,,,,,,False,True
CVE-2022-0824,SIN_CWE,,,,,,,False,True
CVE-2022-0826,SIN_CWE,,,,,,,False,True
CVE-2022-0827,SIN_CWE,,,,,,,False,True
CVE-2022-0846,SIN_CWE,,,,,,,False,True
CVE-2022-0847,SIN_CWE,,,,,,,True,False
CVE-2022-0864,SIN_CWE,,,,,,,False,True
CVE-2022-0867,SIN_CWE,,,,,,,False,True
CVE-2022-0869,SIN_CWE,,,,,,,False,True
CVE-2022-0870,SIN_CWE,,,,,,,False,True
CVE-2022-0873,SIN_CWE,,,,,,,False,True
CVE-2022-0879,SIN_CWE,,,,,,,False,True
CVE-2022-0885,SIN_CWE,,,,,,,False,True
CVE-2022-0899,SIN_CWE,,,,,,,False,True
CVE-2022-0928,SIN_CWE,,,,,,,False,True
CVE-2022-0948,SIN_CWE,,,,,,,False,True
CVE-2022-0949,SIN_CWE,,,,,,,False,True
CVE-2022-0952,SIN_CWE,,,,,,,False,True
CVE-2022-0954,SIN_CWE,,,,,,,False,True
CVE-2022-0963,SIN_CWE,,,,,,,False,True
CVE-2022-0968,SIN_CWE,,,,,,,False,True
CVE-2022-1007,SIN_CWE,,,,,,,False,True
CVE-2022-1013,SIN_CWE,,,,,,,False,True
CVE-2022-1020,SIN_CWE,,,,,,,False,True
CVE-2022-1026,SIN_CWE,,,,,,,False,True
CVE-2022-1029,SIN_CWE,,,,,,,False,True
CVE-2022-1040,SIN_CWE,,,,,,,True,True
CVE-2022-1054,SIN_CWE,,,,,,,False,True
CVE-2022-1057,SIN_CWE,,,,,,,False,True
CVE-2022-1058,SIN_CWE,,,,,,,False,True
CVE-2022-1096,SIN_CWE,,,,,,,True,False
CVE-2022-1119,SIN_CWE,,,,,,,False,True
CVE-2022-1162,SIN_CWE,,,,,,,False,True
CVE-2022-1168,SIN_CWE,,,,,,,False,True
CVE-2022-1170,SIN_CWE,,,,,,,False,True
CVE-2022-1221,SIN_CWE,,,,,,,False,True
CVE-2022-1329,SIN_CWE,,,,,,,False,True
CVE-2022-1364,SIN_CWE,,,,,,,True,False
CVE-2022-1386,SIN_CWE,,,,,,,False,True
CVE-2022-1388,SIN_CWE,,,,,,,True,True
CVE-2022-1390,SIN_CWE,,,,,,,False,True
CVE-2022-1391,SIN_CWE,,,,,,,False,True
CVE-2022-1392,SIN_CWE,,,,,,,False,True
CVE-2022-1398,SIN_CWE,,,,,,,False,True
CVE-2022-1439,SIN_CWE,,,,,,,False,True
CVE-2022-1442,SIN_CWE,,,,,,,False,True
CVE-2022-1453,SIN_CWE,,,,,,,False,True
CVE-2022-1574,SIN_CWE,,,,,,,False,True
CVE-2022-1580,SIN_CWE,,,,,,,False,True
CVE-2022-1595,SIN_CWE,,,,,,,False,True
CVE-2022-1597,SIN_CWE,,,,,,,False,True
CVE-2022-1598,SIN_CWE,,,,,,,False,True
CVE-2022-1609,SIN_CWE,,,,,,,False,True
CVE-2022-1692,SIN_CWE,,,,,,,False,True
CVE-2022-1711,SIN_CWE,,,,,,,False,True
CVE-2022-1713,SIN_CWE,,,,,,,False,True
CVE-2022-1724,SIN_CWE,,,,,,,False,True
CVE-2022-1756,SIN_CWE,,,,,,,False,True
CVE-2022-1768,SIN_CWE,,,,,,,False,True
CVE-2022-1815,SIN_CWE,,,,,,,False,True
CVE-2022-1883,SIN_CWE,,,,,,,False,True
CVE-2022-1903,SIN_CWE,,,,,,,False,True
CVE-2022-1904,SIN_CWE,,,,,,,False,True
CVE-2022-1906,SIN_CWE,,,,,,,False,True
CVE-2022-1910,SIN_CWE,,,,,,,False,True
CVE-2022-1916,SIN_CWE,,,,,,,False,True
CVE-2022-1933,SIN_CWE,,,,,,,False,True
CVE-2022-1937,SIN_CWE,,,,,,,False,True
CVE-2022-1946,SIN_CWE,,,,,,,False,True
CVE-2022-1950,SIN_CWE,,,,,,,False,True
CVE-2022-1952,SIN_CWE,,,,,,,False,True
CVE-2022-2034,SIN_CWE,,,,,,,False,True
CVE-2022-20699,SIN_CWE,,,,,,,True,False
CVE-2022-20700,SIN_CWE,,,,,,,True,False
CVE-2022-20701,SIN_CWE,,,,,,,True,False
CVE-2022-20703,SIN_CWE,,,,,,,True,False
CVE-2022-20708,SIN_CWE,,,,,,,True,False
CVE-2022-20775,SIN_CWE,,,,,,,True,False
CVE-2022-20821,SIN_CWE,,,,,,,True,False
CVE-2022-2130,SIN_CWE,,,,,,,False,True
CVE-2022-21371,SIN_CWE,,,,,,,False,True
CVE-2022-21445,SIN_CWE,,,,,,,True,False
CVE-2022-21500,SIN_CWE,,,,,,,False,True
CVE-2022-21587,SIN_CWE,,,,,,,True,True
CVE-2022-21661,SIN_CWE,,,,,,,False,True
CVE-2022-2168,SIN_CWE,,,,,,,False,True
CVE-2022-21705,SIN_CWE,,,,,,,False,True
CVE-2022-2174,SIN_CWE,,,,,,,False,True
CVE-2022-2185,SIN_CWE,,,,,,,False,True
CVE-2022-2187,SIN_CWE,,,,,,,False,True
CVE-2022-21882,SIN_CWE,,,,,,,True,False
CVE-2022-21919,SIN_CWE,,,,,,,True,False
CVE-2022-21971,SIN_CWE,,,,,,,True,False
CVE-2022-21999,SIN_CWE,,,,,,,True,False
CVE-2022-22047,SIN_CWE,,,,,,,True,False
CVE-2022-22071,SIN_CWE,,,,,,,True,False
CVE-2022-2219,SIN_CWE,,,,,,,False,True
CVE-2022-22242,SIN_CWE,,,,,,,False,True
CVE-2022-22265,SIN_CWE,,,,,,,True,False
CVE-2022-22536,SIN_CWE,,,,,,,True,True
CVE-2022-22587,SIN_CWE,,,,,,,True,False
CVE-2022-22620,SIN_CWE,,,,,,,True,False
CVE-2022-22674,SIN_CWE,,,,,,,True,False
CVE-2022-22675,SIN_CWE,,,,,,,True,False
CVE-2022-22706,SIN_CWE,,,,,,,True,False
CVE-2022-22718,SIN_CWE,,,,,,,True,False
CVE-2022-22733,SIN_CWE,,,,,,,False,True
CVE-2022-22897,SIN_CWE,,,,,,,False,True
CVE-2022-2290,SIN_CWE,,,,,,,False,True
CVE-2022-2294,SIN_CWE,,,,,,,True,False
CVE-2022-22947,SIN_CWE,,,,,,,True,True
CVE-2022-22948,SIN_CWE,,,,,,,True,False
CVE-2022-22954,SIN_CWE,,,,,,,True,True
CVE-2022-22956,SIN_CWE,,,,,,,False,True
CVE-2022-22960,SIN_CWE,,,,,,,True,False
CVE-2022-22963,SIN_CWE,,,,,,,True,True
CVE-2022-22965,SIN_CWE,,,,,,,True,True
CVE-2022-22972,SIN_CWE,,,,,,,False,True
CVE-2022-23102,SIN_CWE,,,,,,,False,True
CVE-2022-23131,SIN_CWE,,,,,,,True,True
CVE-2022-23134,SIN_CWE,,,,,,,True,True
CVE-2022-2314,SIN_CWE,,,,,,,False,True
CVE-2022-23176,SIN_CWE,,,,,,,True,False
CVE-2022-23178,SIN_CWE,,,,,,,False,True
CVE-2022-23227,SIN_CWE,,,,,,,True,False
CVE-2022-23347,SIN_CWE,,,,,,,False,True
CVE-2022-23348,SIN_CWE,,,,,,,False,True
CVE-2022-23397,SIN_CWE,,,,,,,False,True
CVE-2022-23544,SIN_CWE,,,,,,,False,True
CVE-2022-2373,SIN_CWE,,,,,,,False,True
CVE-2022-23748,SIN_CWE,,,,,,,True,False
CVE-2022-2376,SIN_CWE,,,,,,,False,True
CVE-2022-23779,SIN_CWE,,,,,,,False,True
CVE-2022-2379,SIN_CWE,,,,,,,False,True
CVE-2022-23808,SIN_CWE,,,,,,,False,True
CVE-2022-2383,SIN_CWE,,,,,,,False,True
CVE-2022-23854,SIN_CWE,,,,,,,False,True
CVE-2022-23881,SIN_CWE,,,,,,,False,True
CVE-2022-23898,SIN_CWE,,,,,,,False,True
CVE-2022-23944,SIN_CWE,,,,,,,False,True
CVE-2022-24086,SIN_CWE,,,,,,,True,True
CVE-2022-24112,SIN_CWE,,,,,,,True,True
CVE-2022-24124,SIN_CWE,,,,,,,False,True
CVE-2022-24129,SIN_CWE,,,,,,,False,True
CVE-2022-2414,SIN_CWE,,,,,,,False,True
CVE-2022-24181,SIN_CWE,,,,,,,False,True
CVE-2022-24223,SIN_CWE,,,,,,,False,True
CVE-2022-24260,SIN_CWE,,,,,,,False,True
CVE-2022-24264,SIN_CWE,,,,,,,False,True
CVE-2022-24265,SIN_CWE,,,,,,,False,True
CVE-2022-24266,SIN_CWE,,,,,,,False,True
CVE-2022-24288,SIN_CWE,,,,,,,False,True
CVE-2022-24384,SIN_CWE,,,,,,,False,True
CVE-2022-24521,SIN_CWE,,,,,,,True,False
CVE-2022-2461,SIN_CWE,,,,,,,False,True
CVE-2022-2462,SIN_CWE,,,,,,,False,True
CVE-2022-24627,SIN_CWE,,,,,,,False,True
CVE-2022-24637,SIN_CWE,,,,,,,False,True
CVE-2022-2467,SIN_CWE,,,,,,,False,True
CVE-2022-24681,SIN_CWE,,,,,,,False,True
CVE-2022-24682,SIN_CWE,,,,,,,True,True
CVE-2022-24706,SIN_CWE,,,,,,,True,True
CVE-2022-24716,SIN_CWE,,,,,,,False,True
CVE-2022-24816,SIN_CWE,,,,,,,True,True
CVE-2022-24819,SIN_CWE,,,,,,,False,True
CVE-2022-24856,SIN_CWE,,,,,,,False,True
CVE-2022-2486,SIN_CWE,,,,,,,False,True
CVE-2022-2487,SIN_CWE,,,,,,,False,True
CVE-2022-2488,SIN_CWE,,,,,,,False,True
CVE-2022-24899,SIN_CWE,,,,,,,False,True
CVE-2022-24900,SIN_CWE,,,,,,,False,True
CVE-2022-24990,SIN_CWE,,,,,,,True,True
CVE-2022-25061,SIN_CWE,,,,,,,False,True
CVE-2022-25082,SIN_CWE,,,,,,,False,True
CVE-2022-25125,SIN_CWE,,,,,,,False,True
CVE-2022-25148,SIN_CWE,,,,,,,False,True
CVE-2022-25149,SIN_CWE,,,,,,,False,True
CVE-2022-25216,SIN_CWE,,,,,,,False,True
CVE-2022-25226,SIN_CWE,,,,,,,False,True
CVE-2022-25237,SIN_CWE,,,,,,,False,True
CVE-2022-25322,SIN_CWE,,,,,,,False,True
CVE-2022-25323,SIN_CWE,,,,,,,False,True
CVE-2022-2535,SIN_CWE,,,,,,,False,True
CVE-2022-25356,SIN_CWE,,,,,,,False,True
CVE-2022-25369,SIN_CWE,,,,,,,False,True
CVE-2022-2544,SIN_CWE,,,,,,,False,True
CVE-2022-2546,SIN_CWE,,,,,,,False,True
CVE-2022-25481,SIN_CWE,,,,,,,False,True
CVE-2022-25485,SIN_CWE,,,,,,,False,True
CVE-2022-25486,SIN_CWE,,,,,,,False,True
CVE-2022-25487,SIN_CWE,,,,,,,False,True
CVE-2022-25488,SIN_CWE,,,,,,,False,True
CVE-2022-25489,SIN_CWE,,,,,,,False,True
CVE-2022-25497,SIN_CWE,,,,,,,False,True
CVE-2022-2551,SIN_CWE,,,,,,,False,True
CVE-2022-2552,SIN_CWE,,,,,,,False,True
CVE-2022-25568,SIN_CWE,,,,,,,False,True
CVE-2022-2586,SIN_CWE,,,,,,,True,False
CVE-2022-2599,SIN_CWE,,,,,,,False,True
CVE-2022-26134,SIN_CWE,,,,,,,True,True
CVE-2022-26138,SIN_CWE,,,,,,,True,True
CVE-2022-26143,SIN_CWE,,,,,,,True,True
CVE-2022-26148,SIN_CWE,,,,,,,False,True
CVE-2022-26159,SIN_CWE,,,,,,,False,True
CVE-2022-26233,SIN_CWE,,,,,,,False,True
CVE-2022-26258,SIN_CWE,,,,,,,True,False
CVE-2022-26263,SIN_CWE,,,,,,,False,True
CVE-2022-2627,SIN_CWE,,,,,,,False,True
CVE-2022-26271,SIN_CWE,,,,,,,False,True
CVE-2022-26318,SIN_CWE,,,,,,,True,False
CVE-2022-2633,SIN_CWE,,,,,,,False,True
CVE-2022-26352,SIN_CWE,,,,,,,True,True
CVE-2022-26485,SIN_CWE,,,,,,,True,False
CVE-2022-26486,SIN_CWE,,,,,,,True,False
CVE-2022-26500,SIN_CWE,,,,,,,True,False
CVE-2022-26501,SIN_CWE,,,,,,,True,False
CVE-2022-26564,SIN_CWE,,,,,,,False,True
CVE-2022-26585,SIN_CWE,,,,,,,False,True
CVE-2022-26833,SIN_CWE,,,,,,,False,True
CVE-2022-26871,SIN_CWE,,,,,,,True,False
CVE-2022-26904,SIN_CWE,,,,,,,True,False
CVE-2022-26923,SIN_CWE,,,,,,,True,False
CVE-2022-26925,SIN_CWE,,,,,,,True,False
CVE-2022-26960,SIN_CWE,,,,,,,False,True
CVE-2022-27043,SIN_CWE,,,,,,,False,True
CVE-2022-27228,SIN_CWE,,,,,,,False,True
CVE-2022-2733,SIN_CWE,,,,,,,False,True
CVE-2022-27518,SIN_CWE,,,,,,,True,False
CVE-2022-2756,SIN_CWE,,,,,,,False,True
CVE-2022-27593,SIN_CWE,,,,,,,True,True
CVE-2022-27849,SIN_CWE,,,,,,,False,True
CVE-2022-27924,SIN_CWE,,,,,,,True,True
CVE-2022-27925,SIN_CWE,,,,,,,True,False
CVE-2022-27926,SIN_CWE,,,,,,,True,True
CVE-2022-27927,SIN_CWE,,,,,,,False,True
CVE-2022-27984,SIN_CWE,,,,,,,False,True
CVE-2022-27985,SIN_CWE,,,,,,,False,True
CVE-2022-28032,SIN_CWE,,,,,,,False,True
CVE-2022-28033,SIN_CWE,,,,,,,False,True
CVE-2022-28079,SIN_CWE,,,,,,,False,True
CVE-2022-28080,SIN_CWE,,,,,,,False,True
CVE-2022-28117,SIN_CWE,,,,,,,False,True
CVE-2022-28219,SIN_CWE,,,,,,,False,True
CVE-2022-28290,SIN_CWE,,,,,,,False,True
CVE-2022-28363,SIN_CWE,,,,,,,False,True
CVE-2022-28365,SIN_CWE,,,,,,,False,True
CVE-2022-28508,SIN_CWE,,,,,,,False,True
CVE-2022-2856,SIN_CWE,,,,,,,True,False
CVE-2022-2863,SIN_CWE,,,,,,,False,True
CVE-2022-28666,SIN_CWE,,,,,,,False,True
CVE-2022-28810,SIN_CWE,,,,,,,True,False
CVE-2022-28923,SIN_CWE,,,,,,,False,True
CVE-2022-28955,SIN_CWE,,,,,,,False,True
CVE-2022-28987,SIN_CWE,,,,,,,False,True
CVE-2022-29004,SIN_CWE,,,,,,,False,True
CVE-2022-29005,SIN_CWE,,,,,,,False,True
CVE-2022-29006,SIN_CWE,,,,,,,False,True
CVE-2022-29007,SIN_CWE,,,,,,,False,True
CVE-2022-29009,SIN_CWE,,,,,,,False,True
CVE-2022-29013,SIN_CWE,,,,,,,False,True
CVE-2022-29014,SIN_CWE,,,,,,,False,True
CVE-2022-29078,SIN_CWE,,,,,,,False,True
CVE-2022-29081,SIN_CWE,,,,,,,False,True
CVE-2022-29153,SIN_CWE,,,,,,,False,True
CVE-2022-29272,SIN_CWE,,,,,,,False,True
CVE-2022-29298,SIN_CWE,,,,,,,False,True
CVE-2022-29299,SIN_CWE,,,,,,,False,True
CVE-2022-29301,SIN_CWE,,,,,,,False,True
CVE-2022-29303,SIN_CWE,,,,,,,True,True
CVE-2022-29316,SIN_CWE,,,,,,,False,True
CVE-2022-29349,SIN_CWE,,,,,,,False,True
CVE-2022-29383,SIN_CWE,,,,,,,False,True
CVE-2022-29455,SIN_CWE,,,,,,,False,True
CVE-2022-29464,SIN_CWE,,,,,,,True,True
CVE-2022-29495,SIN_CWE,,,,,,,False,True
CVE-2022-29499,SIN_CWE,,,,,,,True,False
CVE-2022-29548,SIN_CWE,,,,,,,False,True
CVE-2022-29775,SIN_CWE,,,,,,,False,True
CVE-2022-30073,SIN_CWE,,,,,,,False,True
CVE-2022-30190,SIN_CWE,,,,,,,True,False
CVE-2022-30333,SIN_CWE,,,,,,,True,False
CVE-2022-3038,SIN_CWE,,,,,,,True,False
CVE-2022-30489,SIN_CWE,,,,,,,False,True
CVE-2022-30512,SIN_CWE,,,,,,,False,True
CVE-2022-30513,SIN_CWE,,,,,,,False,True
CVE-2022-30514,SIN_CWE,,,,,,,False,True
CVE-2022-30525,SIN_CWE,,,,,,,True,True
CVE-2022-3062,SIN_CWE,,,,,,,False,True
CVE-2022-3075,SIN_CWE,,,,,,,True,False
CVE-2022-30776,SIN_CWE,,,,,,,False,True
CVE-2022-30777,SIN_CWE,,,,,,,False,True
CVE-2022-31101,SIN_CWE,,,,,,,False,True
CVE-2022-31126,SIN_CWE,,,,,,,False,True
CVE-2022-31137,SIN_CWE,,,,,,,False,True
CVE-2022-31161,SIN_CWE,,,,,,,False,True
CVE-2022-31181,SIN_CWE,,,,,,,False,True
CVE-2022-31199,SIN_CWE,,,,,,,True,False
CVE-2022-3124,SIN_CWE,,,,,,,False,True
CVE-2022-31260,SIN_CWE,,,,,,,False,True
CVE-2022-31268,SIN_CWE,,,,,,,False,True
CVE-2022-31269,SIN_CWE,,,,,,,False,True
CVE-2022-31299,SIN_CWE,,,,,,,False,True
CVE-2022-31373,SIN_CWE,,,,,,,False,True
CVE-2022-3142,SIN_CWE,,,,,,,False,True
CVE-2022-31470,SIN_CWE,,,,,,,False,True
CVE-2022-31474,SIN_CWE,,,,,,,False,True
CVE-2022-31499,SIN_CWE,,,,,,,False,True
CVE-2022-31656,SIN_CWE,,,,,,,False,True
CVE-2022-31678,SIN_CWE,,,,,,,False,True
CVE-2022-31704,SIN_CWE,,,,,,,False,True
CVE-2022-31706,SIN_CWE,,,,,,,False,True
CVE-2022-31711,SIN_CWE,,,,,,,False,True
CVE-2022-31793,SIN_CWE,,,,,,,False,True
CVE-2022-31798,SIN_CWE,,,,,,,False,True
CVE-2022-31814,SIN_CWE,,,,,,,False,True
CVE-2022-31845,SIN_CWE,,,,,,,False,True
CVE-2022-31846,SIN_CWE,,,,,,,False,True
CVE-2022-31847,SIN_CWE,,,,,,,False,True
CVE-2022-31854,SIN_CWE,,,,,,,False,True
CVE-2022-31974,SIN_CWE,,,,,,,False,True
CVE-2022-31975,SIN_CWE,,,,,,,False,True
CVE-2022-31976,SIN_CWE,,,,,,,False,True
CVE-2022-31977,SIN_CWE,,,,,,,False,True
CVE-2022-31978,SIN_CWE,,,,,,,False,True
CVE-2022-31984,SIN_CWE,,,,,,,False,True
CVE-2022-32007,SIN_CWE,,,,,,,False,True
CVE-2022-32015,SIN_CWE,,,,,,,False,True
CVE-2022-32018,SIN_CWE,,,,,,,False,True
CVE-2022-32022,SIN_CWE,,,,,,,False,True
CVE-2022-32024,SIN_CWE,,,,,,,False,True
CVE-2022-32025,SIN_CWE,,,,,,,False,True
CVE-2022-32026,SIN_CWE,,,,,,,False,True
CVE-2022-32028,SIN_CWE,,,,,,,False,True
CVE-2022-32094,SIN_CWE,,,,,,,False,True
CVE-2022-32195,SIN_CWE,,,,,,,False,True
CVE-2022-3236,SIN_CWE,,,,,,,True,True
CVE-2022-32409,SIN_CWE,,,,,,,False,True
CVE-2022-3242,SIN_CWE,,,,,,,False,True
CVE-2022-32429,SIN_CWE,,,,,,,False,True
CVE-2022-32430,SIN_CWE,,,,,,,False,True
CVE-2022-32444,SIN_CWE,,,,,,,False,True
CVE-2022-3254,SIN_CWE,,,,,,,False,True
CVE-2022-32770,SIN_CWE,,,,,,,False,True
CVE-2022-32771,SIN_CWE,,,,,,,False,True
CVE-2022-32772,SIN_CWE,,,,,,,False,True
CVE-2022-32893,SIN_CWE,,,,,,,True,False
CVE-2022-32894,SIN_CWE,,,,,,,True,False
CVE-2022-32917,SIN_CWE,,,,,,,True,False
CVE-2022-33119,SIN_CWE,,,,,,,False,True
CVE-2022-33174,SIN_CWE,,,,,,,False,True
CVE-2022-33198,SIN_CWE,,,,,,,False,True
CVE-2022-33891,SIN_CWE,,,,,,,True,True
CVE-2022-33901,SIN_CWE,,,,,,,False,True
CVE-2022-33965,SIN_CWE,,,,,,,False,True
CVE-2022-34045,SIN_CWE,,,,,,,False,True
CVE-2022-34046,SIN_CWE,,,,,,,False,True
CVE-2022-34047,SIN_CWE,,,,,,,False,True
CVE-2022-34048,SIN_CWE,,,,,,,False,True
CVE-2022-34049,SIN_CWE,,,,,,,False,True
CVE-2022-34093,SIN_CWE,,,,,,,False,True
CVE-2022-34094,SIN_CWE,,,,,,,False,True
CVE-2022-34121,SIN_CWE,,,,,,,False,True
CVE-2022-34267,SIN_CWE,,,,,,,False,True
CVE-2022-34305,SIN_CWE,,,,,,,False,True
CVE-2022-34328,SIN_CWE,,,,,,,False,True
CVE-2022-34487,SIN_CWE,,,,,,,False,True
CVE-2022-34534,SIN_CWE,,,,,,,False,True
CVE-2022-34576,SIN_CWE,,,,,,,False,True
CVE-2022-34590,SIN_CWE,,,,,,,False,True
CVE-2022-34713,SIN_CWE,,,,,,,True,False
CVE-2022-34753,SIN_CWE,,,,,,,False,True
CVE-2022-3477,SIN_CWE,,,,,,,False,True
CVE-2022-3481,SIN_CWE,,,,,,,False,True
CVE-2022-3484,SIN_CWE,,,,,,,False,True
CVE-2022-3506,SIN_CWE,,,,,,,False,True
CVE-2022-35151,SIN_CWE,,,,,,,False,True
CVE-2022-35405,SIN_CWE,,,,,,,True,True
CVE-2022-35413,SIN_CWE,,,,,,,False,True
CVE-2022-35416,SIN_CWE,,,,,,,False,True
CVE-2022-35493,SIN_CWE,,,,,,,False,True
CVE-2022-35507,SIN_CWE,,,,,,,False,True
CVE-2022-35653,SIN_CWE,,,,,,,False,True
CVE-2022-3578,SIN_CWE,,,,,,,False,True
CVE-2022-3590,SIN_CWE,,,,,,,False,True
CVE-2022-35914,SIN_CWE,,,,,,,True,True
CVE-2022-36446,SIN_CWE,,,,,,,False,True
CVE-2022-36537,SIN_CWE,,,,,,,True,True
CVE-2022-36553,SIN_CWE,,,,,,,False,True
CVE-2022-36642,SIN_CWE,,,,,,,False,True
CVE-2022-36804,SIN_CWE,,,,,,,True,True
CVE-2022-36883,SIN_CWE,,,,,,,False,True
CVE-2022-36923,SIN_CWE,,,,,,,False,True
CVE-2022-37042,SIN_CWE,,,,,,,True,True
CVE-2022-37055,SIN_CWE,,,,,,,True,False
CVE-2022-37061,SIN_CWE,,,,,,,False,True
CVE-2022-37122,SIN_CWE,,,,,,,False,True
CVE-2022-37153,SIN_CWE,,,,,,,False,True
CVE-2022-37190,SIN_CWE,,,,,,,False,True
CVE-2022-37191,SIN_CWE,,,,,,,False,True
CVE-2022-3723,SIN_CWE,,,,,,,True,False
CVE-2022-37299,SIN_CWE,,,,,,,False,True
CVE-2022-3766,SIN_CWE,,,,,,,False,True
CVE-2022-3768,SIN_CWE,,,,,,,False,True
CVE-2022-37932,SIN_CWE,,,,,,,False,True
CVE-2022-37969,SIN_CWE,,,,,,,True,False
CVE-2022-3800,SIN_CWE,,,,,,,False,True
CVE-2022-38028,SIN_CWE,,,,,,,True,False
CVE-2022-3805,SIN_CWE,,,,,,,False,True
CVE-2022-38130,SIN_CWE,,,,,,,False,True
CVE-2022-38131,SIN_CWE,,,,,,,False,True
CVE-2022-38181,SIN_CWE,,,,,,,True,False
CVE-2022-38295,SIN_CWE,,,,,,,False,True
CVE-2022-38296,SIN_CWE,,,,,,,False,True
CVE-2022-38322,SIN_CWE,,,,,,,False,True
CVE-2022-38463,SIN_CWE,,,,,,,False,True
CVE-2022-38467,SIN_CWE,,,,,,,False,True
CVE-2022-38553,SIN_CWE,,,,,,,False,True
CVE-2022-38627,SIN_CWE,,,,,,,False,True
CVE-2022-38637,SIN_CWE,,,,,,,False,True
CVE-2022-3869,SIN_CWE,,,,,,,False,True
CVE-2022-38794,SIN_CWE,,,,,,,False,True
CVE-2022-38812,SIN_CWE,,,,,,,False,True
CVE-2022-38817,SIN_CWE,,,,,,,False,True
CVE-2022-38840,SIN_CWE,,,,,,,False,True
CVE-2022-38870,SIN_CWE,,,,,,,False,True
CVE-2022-39048,SIN_CWE,,,,,,,False,True
CVE-2022-3908,SIN_CWE,,,,,,,False,True
CVE-2022-39195,SIN_CWE,,,,,,,False,True
CVE-2022-39197,SIN_CWE,,,,,,,True,False
CVE-2022-3933,SIN_CWE,,,,,,,False,True
CVE-2022-3934,SIN_CWE,,,,,,,False,True
CVE-2022-3980,SIN_CWE,,,,,,,False,True
CVE-2022-3982,SIN_CWE,,,,,,,False,True
CVE-2022-39952,SIN_CWE,,,,,,,False,True
CVE-2022-39960,SIN_CWE,,,,,,,False,True
CVE-2022-39986,SIN_CWE,,,,,,,False,True
CVE-2022-40022,SIN_CWE,,,,,,,False,True
CVE-2022-40032,SIN_CWE,,,,,,,False,True
CVE-2022-40047,SIN_CWE,,,,,,,False,True
CVE-2022-40083,SIN_CWE,,,,,,,False,True
CVE-2022-40127,SIN_CWE,,,,,,,False,True
CVE-2022-40139,SIN_CWE,,,,,,,True,False
CVE-2022-40359,SIN_CWE,,,,,,,False,True
CVE-2022-40443,SIN_CWE,,,,,,,False,True
CVE-2022-4049,SIN_CWE,,,,,,,False,True
CVE-2022-4050,SIN_CWE,,,,,,,False,True
CVE-2022-4057,SIN_CWE,,,,,,,False,True
CVE-2022-4059,SIN_CWE,,,,,,,False,True
CVE-2022-4060,SIN_CWE,,,,,,,False,True
CVE-2022-40624,SIN_CWE,,,,,,,False,True
CVE-2022-4063,SIN_CWE,,,,,,,False,True
CVE-2022-40684,SIN_CWE,,,,,,,True,True
CVE-2022-40734,SIN_CWE,,,,,,,False,True
CVE-2022-40765,SIN_CWE,,,,,,,True,False
CVE-2022-40799,SIN_CWE,,,,,,,True,False
CVE-2022-40843,SIN_CWE,,,,,,,False,True
CVE-2022-40879,SIN_CWE,,,,,,,False,True
CVE-2022-40881,SIN_CWE,,,,,,,False,True
CVE-2022-41033,SIN_CWE,,,,,,,True,False
CVE-2022-41040,SIN_CWE,,,,,,,True,False
CVE-2022-41049,SIN_CWE,,,,,,,True,False
CVE-2022-41073,SIN_CWE,,,,,,,True,False
CVE-2022-41080,SIN_CWE,,,,,,,True,False
CVE-2022-41082,SIN_CWE,,,,,,,True,False
CVE-2022-41091,SIN_CWE,,,,,,,True,False
CVE-2022-41125,SIN_CWE,,,,,,,True,False
CVE-2022-41128,SIN_CWE,,,,,,,True,False
CVE-2022-4117,SIN_CWE,,,,,,,False,True
CVE-2022-41223,SIN_CWE,,,,,,,True,False
CVE-2022-41328,SIN_CWE,,,,,,,True,False
CVE-2022-4135,SIN_CWE,,,,,,,True,False
CVE-2022-41352,SIN_CWE,,,,,,,True,True
CVE-2022-4140,SIN_CWE,,,,,,,False,True
CVE-2022-41412,SIN_CWE,,,,,,,False,True
CVE-2022-41441,SIN_CWE,,,,,,,False,True
CVE-2022-41473,SIN_CWE,,,,,,,False,True
CVE-2022-41678,SIN_CWE,,,,,,,False,True
CVE-2022-41697,SIN_CWE,,,,,,,False,True
CVE-2022-41800,SIN_CWE,,,,,,,False,True
CVE-2022-41840,SIN_CWE,,,,,,,False,True
CVE-2022-42094,SIN_CWE,,,,,,,False,True
CVE-2022-42095,SIN_CWE,,,,,,,False,True
CVE-2022-42096,SIN_CWE,,,,,,,False,True
CVE-2022-42118,SIN_CWE,,,,,,,False,True
CVE-2022-42149,SIN_CWE,,,,,,,False,True
CVE-2022-4223,SIN_CWE,,,,,,,False,True
CVE-2022-42233,SIN_CWE,,,,,,,False,True
CVE-2022-42475,SIN_CWE,,,,,,,True,False
CVE-2022-4260,SIN_CWE,,,,,,,False,True
CVE-2022-4262,SIN_CWE,,,,,,,True,False
CVE-2022-42746,SIN_CWE,,,,,,,False,True
CVE-2022-42747,SIN_CWE,,,,,,,False,True
CVE-2022-42748,SIN_CWE,,,,,,,False,True
CVE-2022-42749,SIN_CWE,,,,,,,False,True
CVE-2022-42827,SIN_CWE,,,,,,,True,False
CVE-2022-42856,SIN_CWE,,,,,,,True,False
CVE-2022-42948,SIN_CWE,,,,,,,True,False
CVE-2022-4295,SIN_CWE,,,,,,,False,True
CVE-2022-4301,SIN_CWE,,,,,,,False,True
CVE-2022-43014,SIN_CWE,,,,,,,False,True
CVE-2022-43015,SIN_CWE,,,,,,,False,True
CVE-2022-43016,SIN_CWE,,,,,,,False,True
CVE-2022-43017,SIN_CWE,,,,,,,False,True
CVE-2022-43018,SIN_CWE,,,,,,,False,True
CVE-2022-4305,SIN_CWE,,,,,,,False,True
CVE-2022-4306,SIN_CWE,,,,,,,False,True
CVE-2022-43140,SIN_CWE,,,,,,,False,True
CVE-2022-43164,SIN_CWE,,,,,,,False,True
CVE-2022-43165,SIN_CWE,,,,,,,False,True
CVE-2022-43166,SIN_CWE,,,,,,,False,True
CVE-2022-43167,SIN_CWE,,,,,,,False,True
CVE-2022-43169,SIN_CWE,,,,,,,False,True
CVE-2022-43170,SIN_CWE,,,,,,,False,True
CVE-2022-43185,SIN_CWE,,,,,,,False,True
CVE-2022-4320,SIN_CWE,,,,,,,False,True
CVE-2022-4321,SIN_CWE,,,,,,,False,True
CVE-2022-4325,SIN_CWE,,,,,,,False,True
CVE-2022-4328,SIN_CWE,,,,,,,False,True
CVE-2022-4375,SIN_CWE,,,,,,,False,True
CVE-2022-43769,SIN_CWE,,,,,,,True,True
CVE-2022-43939,SIN_CWE,,,,,,,True,True
CVE-2022-44290,SIN_CWE,,,,,,,False,True
CVE-2022-44291,SIN_CWE,,,,,,,False,True
CVE-2022-44356,SIN_CWE,,,,,,,False,True
CVE-2022-4447,SIN_CWE,,,,,,,False,True
CVE-2022-44588,SIN_CWE,,,,,,,False,True
CVE-2022-44698,SIN_CWE,,,,,,,True,False
CVE-2022-44877,SIN_CWE,,,,,,,True,True
CVE-2022-44944,SIN_CWE,,,,,,,False,True
CVE-2022-44946,SIN_CWE,,,,,,,False,True
CVE-2022-44947,SIN_CWE,,,,,,,False,True
CVE-2022-44948,SIN_CWE,,,,,,,False,True
CVE-2022-44949,SIN_CWE,,,,,,,False,True
CVE-2022-44950,SIN_CWE,,,,,,,False,True
CVE-2022-44951,SIN_CWE,,,,,,,False,True
CVE-2022-44952,SIN_CWE,,,,,,,False,True
CVE-2022-44957,SIN_CWE,,,,,,,False,True
CVE-2022-45037,SIN_CWE,,,,,,,False,True
CVE-2022-45038,SIN_CWE,,,,,,,False,True
CVE-2022-45269,SIN_CWE,,,,,,,False,True
CVE-2022-45354,SIN_CWE,,,,,,,False,True
CVE-2022-45362,SIN_CWE,,,,,,,False,True
CVE-2022-45365,SIN_CWE,,,,,,,False,True
CVE-2022-45699,SIN_CWE,,,,,,,False,True
CVE-2022-45805,SIN_CWE,,,,,,,False,True
CVE-2022-45808,SIN_CWE,,,,,,,False,True
CVE-2022-45835,SIN_CWE,,,,,,,False,True
CVE-2022-45836,SIN_CWE,,,,,,,False,True
CVE-2022-45917,SIN_CWE,,,,,,,False,True
CVE-2022-45933,SIN_CWE,,,,,,,False,True
CVE-2022-46020,SIN_CWE,,,,,,,False,True
CVE-2022-46071,SIN_CWE,,,,,,,False,True
CVE-2022-46073,SIN_CWE,,,,,,,False,True
CVE-2022-46169,SIN_CWE,,,,,,,True,True
CVE-2022-46381,SIN_CWE,,,,,,,False,True
CVE-2022-46443,SIN_CWE,,,,,,,False,True
CVE-2022-46888,SIN_CWE,,,,,,,False,True
CVE-2022-46934,SIN_CWE,,,,,,,False,True
CVE-2022-47002,SIN_CWE,,,,,,,False,True
CVE-2022-47003,SIN_CWE,,,,,,,False,True
CVE-2022-47075,SIN_CWE,,,,,,,False,True
CVE-2022-47501,SIN_CWE,,,,,,,False,True
CVE-2022-47615,SIN_CWE,,,,,,,False,True
CVE-2022-47945,SIN_CWE,,,,,,,False,True
CVE-2022-47966,SIN_CWE,,,,,,,True,True
CVE-2022-47986,SIN_CWE,,,,,,,True,True
CVE-2022-48012,SIN_CWE,,,,,,,False,True
CVE-2022-48164,SIN_CWE,,,,,,,False,True
CVE-2022-48165,SIN_CWE,,,,,,,False,True
CVE-2022-48166,SIN_CWE,,,,,,,False,True
CVE-2022-48197,SIN_CWE,,,,,,,False,True
CVE-2022-48323,SIN_CWE,,,,,,,False,True
CVE-2022-48503,SIN_CWE,,,,,,,True,False
CVE-2022-48618,SIN_CWE,,,,,,,True,False
CVE-2022-4897,SIN_CWE,,,,,,,False,True
CVE-2022-4940,SIN_CWE,,,,,,,False,True
CVE-2022-4971,SIN_CWE,,,,,,,False,True
CVE-2023-0037,SIN_CWE,,,,,,,False,True
CVE-2023-0099,SIN_CWE,,,,,,,False,True
CVE-2023-0126,SIN_CWE,,,,,,,False,True
CVE-2023-0159,SIN_CWE,,,,,,,False,True
CVE-2023-0236,SIN_CWE,,,,,,,False,True
CVE-2023-0261,SIN_CWE,,,,,,,False,True
CVE-2023-0266,SIN_CWE,,,,,,,True,False
CVE-2023-0297,SIN_CWE,,,,,,,False,True
CVE-2023-0334,SIN_CWE,,,,,,,False,True
CVE-2023-0386,SIN_CWE,,,,,,,True,False
CVE-2023-0448,SIN_CWE,,,,,,,False,True
CVE-2023-0514,SIN_CWE,,,,,,,False,True
CVE-2023-0527,SIN_CWE,,,,,,,False,True
CVE-2023-0552,SIN_CWE,,,,,,,False,True
CVE-2023-0562,SIN_CWE,,,,,,,False,True
CVE-2023-0563,SIN_CWE,,,,,,,False,True
CVE-2023-0600,SIN_CWE,,,,,,,False,True
CVE-2023-0602,SIN_CWE,,,,,,,False,True
CVE-2023-0630,SIN_CWE,,,,,,,False,True
CVE-2023-0669,SIN_CWE,,,,,,,True,True
CVE-2023-0676,SIN_CWE,,,,,,,False,True
CVE-2023-0678,SIN_CWE,,,,,,,False,True
CVE-2023-0777,SIN_CWE,,,,,,,False,True
CVE-2023-0876,SIN_CWE,,,,,,,False,True
CVE-2023-0900,SIN_CWE,,,,,,,False,True
CVE-2023-0942,SIN_CWE,,,,,,,False,True
CVE-2023-0947,SIN_CWE,,,,,,,False,True
CVE-2023-0948,SIN_CWE,,,,,,,False,True
CVE-2023-0968,SIN_CWE,,,,,,,False,True
CVE-2023-1020,SIN_CWE,,,,,,,False,True
CVE-2023-1080,SIN_CWE,,,,,,,False,True
CVE-2023-1119,SIN_CWE,,,,,,,False,True
CVE-2023-1177,SIN_CWE,,,,,,,False,True
CVE-2023-1263,SIN_CWE,,,,,,,False,True
CVE-2023-1315,SIN_CWE,,,,,,,False,True
CVE-2023-1317,SIN_CWE,,,,,,,False,True
CVE-2023-1318,SIN_CWE,,,,,,,False,True
CVE-2023-1362,SIN_CWE,,,,,,,False,True
CVE-2023-1389,SIN_CWE,,,,,,,True,True
CVE-2023-1408,SIN_CWE,,,,,,,False,True
CVE-2023-1434,SIN_CWE,,,,,,,False,True
CVE-2023-1454,SIN_CWE,,,,,,,False,True
CVE-2023-1496,SIN_CWE,,,,,,,False,True
CVE-2023-1546,SIN_CWE,,,,,,,False,True
CVE-2023-1671,SIN_CWE,,,,,,,True,True
CVE-2023-1698,SIN_CWE,,,,,,,False,True
CVE-2023-1719,SIN_CWE,,,,,,,False,True
CVE-2023-1730,SIN_CWE,,,,,,,False,True
CVE-2023-1780,SIN_CWE,,,,,,,False,True
CVE-2023-1835,SIN_CWE,,,,,,,False,True
CVE-2023-1880,SIN_CWE,,,,,,,False,True
CVE-2023-1890,SIN_CWE,,,,,,,False,True
CVE-2023-1892,SIN_CWE,,,,,,,False,True
CVE-2023-1893,SIN_CWE,,,,,,,False,True
CVE-2023-20073,SIN_CWE,,,,,,,False,True
CVE-2023-2009,SIN_CWE,,,,,,,False,True
CVE-2023-20109,SIN_CWE,,,,,,,True,False
CVE-2023-20118,SIN_CWE,,,,,,,True,False
CVE-2023-20198,SIN_CWE,,,,,,,True,True
CVE-2023-2023,SIN_CWE,,,,,,,False,True
CVE-2023-20269,SIN_CWE,,,,,,,True,False
CVE-2023-20273,SIN_CWE,,,,,,,True,False
CVE-2023-2033,SIN_CWE,,,,,,,True,False
CVE-2023-2059,SIN_CWE,,,,,,,False,True
CVE-2023-20864,SIN_CWE,,,,,,,False,True
CVE-2023-20867,SIN_CWE,,,,,,,True,False
CVE-2023-20887,SIN_CWE,,,,,,,True,True
CVE-2023-20888,SIN_CWE,,,,,,,False,True
CVE-2023-20889,SIN_CWE,,,,,,,False,True
CVE-2023-20963,SIN_CWE,,,,,,,True,False
CVE-2023-2122,SIN_CWE,,,,,,,False,True
CVE-2023-21237,SIN_CWE,,,,,,,True,False
CVE-2023-2130,SIN_CWE,,,,,,,False,True
CVE-2023-2136,SIN_CWE,,,,,,,True,False
CVE-2023-21492,SIN_CWE,,,,,,,True,False
CVE-2023-21529,SIN_CWE,,,,,,,True,False
CVE-2023-21608,SIN_CWE,,,,,,,True,False
CVE-2023-21674,SIN_CWE,,,,,,,True,False
CVE-2023-21715,SIN_CWE,,,,,,,True,False
CVE-2023-2178,SIN_CWE,,,,,,,False,True
CVE-2023-21823,SIN_CWE,,,,,,,True,False
CVE-2023-21839,SIN_CWE,,,,,,,True,True
CVE-2023-22047,SIN_CWE,,,,,,,False,True
CVE-2023-22232,SIN_CWE,,,,,,,False,True
CVE-2023-2224,SIN_CWE,,,,,,,False,True
CVE-2023-2227,SIN_CWE,,,,,,,False,True
CVE-2023-22432,SIN_CWE,,,,,,,False,True
CVE-2023-22463,SIN_CWE,,,,,,,False,True
CVE-2023-22478,SIN_CWE,,,,,,,False,True
CVE-2023-22480,SIN_CWE,,,,,,,False,True
CVE-2023-22515,SIN_CWE,,,,,,,True,True
CVE-2023-22518,SIN_CWE,,,,,,,True,True
CVE-2023-2252,SIN_CWE,,,,,,,False,True
CVE-2023-22527,SIN_CWE,,,,,,,True,True
CVE-2023-2256,SIN_CWE,,,,,,,False,True
CVE-2023-22620,SIN_CWE,,,,,,,False,True
CVE-2023-22621,SIN_CWE,,,,,,,False,True
CVE-2023-22629,SIN_CWE,,,,,,,False,True
CVE-2023-2272,SIN_CWE,,,,,,,False,True
CVE-2023-22893,SIN_CWE,,,,,,,False,True
CVE-2023-22897,SIN_CWE,,,,,,,False,True
CVE-2023-22952,SIN_CWE,,,,,,,True,True
CVE-2023-23063,SIN_CWE,,,,,,,False,True
CVE-2023-2309,SIN_CWE,,,,,,,False,True
CVE-2023-23161,SIN_CWE,,,,,,,False,True
CVE-2023-23333,SIN_CWE,,,,,,,False,True
CVE-2023-23376,SIN_CWE,,,,,,,True,False
CVE-2023-23397,SIN_CWE,,,,,,,True,False
CVE-2023-23488,SIN_CWE,,,,,,,False,True
CVE-2023-23489,SIN_CWE,,,,,,,False,True
CVE-2023-23491,SIN_CWE,,,,,,,False,True
CVE-2023-23492,SIN_CWE,,,,,,,False,True
CVE-2023-23529,SIN_CWE,,,,,,,True,False
CVE-2023-2356,SIN_CWE,,,,,,,False,True
CVE-2023-23752,SIN_CWE,,,,,,,True,True
CVE-2023-23897,SIN_CWE,,,,,,,False,True
CVE-2023-24000,SIN_CWE,,,,,,,False,True
CVE-2023-24243,SIN_CWE,,,,,,,False,True
CVE-2023-24278,SIN_CWE,,,,,,,False,True
CVE-2023-24322,SIN_CWE,,,,,,,False,True
CVE-2023-24367,SIN_CWE,,,,,,,False,True
CVE-2023-2437,SIN_CWE,,,,,,,False,True
CVE-2023-24488,SIN_CWE,,,,,,,False,True
CVE-2023-24489,SIN_CWE,,,,,,,True,True
CVE-2023-24657,SIN_CWE,,,,,,,False,True
CVE-2023-24733,SIN_CWE,,,,,,,False,True
CVE-2023-24735,SIN_CWE,,,,,,,False,True
CVE-2023-24737,SIN_CWE,,,,,,,False,True
CVE-2023-2479,SIN_CWE,,,,,,,False,True
CVE-2023-24880,SIN_CWE,,,,,,,True,False
CVE-2023-24955,SIN_CWE,,,,,,,True,False
CVE-2023-25135,SIN_CWE,,,,,,,False,True
CVE-2023-25157,SIN_CWE,,,,,,,False,True
CVE-2023-2518,SIN_CWE,,,,,,,False,True
CVE-2023-25194,SIN_CWE,,,,,,,False,True
CVE-2023-25280,SIN_CWE,,,,,,,True,True
CVE-2023-2533,SIN_CWE,,,,,,,True,False
CVE-2023-25346,SIN_CWE,,,,,,,False,True
CVE-2023-25573,SIN_CWE,,,,,,,False,True
CVE-2023-25717,SIN_CWE,,,,,,,True,True
CVE-2023-26035,SIN_CWE,,,,,,,False,True
CVE-2023-26067,SIN_CWE,,,,,,,False,True
CVE-2023-26083,SIN_CWE,,,,,,,True,False
CVE-2023-2624,SIN_CWE,,,,,,,False,True
CVE-2023-26255,SIN_CWE,,,,,,,False,True
CVE-2023-26256,SIN_CWE,,,,,,,False,True
CVE-2023-26258,SIN_CWE,,,,,,,False,True
CVE-2023-26347,SIN_CWE,,,,,,,False,True
CVE-2023-26359,SIN_CWE,,,,,,,True,False
CVE-2023-26360,SIN_CWE,,,,,,,True,True
CVE-2023-26369,SIN_CWE,,,,,,,True,False
CVE-2023-26469,SIN_CWE,,,,,,,False,True
CVE-2023-2648,SIN_CWE,,,,,,,False,True
CVE-2023-26802,SIN_CWE,,,,,,,False,True
CVE-2023-26842,SIN_CWE,,,,,,,False,True
CVE-2023-26843,SIN_CWE,,,,,,,False,True
CVE-2023-27008,SIN_CWE,,,,,,,False,True
CVE-2023-27032,SIN_CWE,,,,,,,False,True
CVE-2023-27034,SIN_CWE,,,,,,,False,True
CVE-2023-27159,SIN_CWE,,,,,,,False,True
CVE-2023-27163,SIN_CWE,,,,,,,False,True
CVE-2023-27179,SIN_CWE,,,,,,,False,True
CVE-2023-27292,SIN_CWE,,,,,,,False,True
CVE-2023-2732,SIN_CWE,,,,,,,False,True
CVE-2023-2734,SIN_CWE,,,,,,,False,True
CVE-2023-27350,SIN_CWE,,,,,,,True,True
CVE-2023-27351,SIN_CWE,,,,,,,True,True
CVE-2023-27372,SIN_CWE,,,,,,,False,True
CVE-2023-2745,SIN_CWE,,,,,,,False,True
CVE-2023-27482,SIN_CWE,,,,,,,False,True
CVE-2023-27524,SIN_CWE,,,,,,,True,True
CVE-2023-27532,SIN_CWE,,,,,,,True,False
CVE-2023-27584,SIN_CWE,,,,,,,False,True
CVE-2023-27587,SIN_CWE,,,,,,,False,True
CVE-2023-27624,SIN_CWE,,,,,,,False,True
CVE-2023-27637,SIN_CWE,,,,,,,False,True
CVE-2023-27638,SIN_CWE,,,,,,,False,True
CVE-2023-27639,SIN_CWE,,,,,,,False,True
CVE-2023-27640,SIN_CWE,,,,,,,False,True
CVE-2023-27641,SIN_CWE,,,,,,,False,True
CVE-2023-2766,SIN_CWE,,,,,,,False,True
CVE-2023-2779,SIN_CWE,,,,,,,False,True
CVE-2023-2780,SIN_CWE,,,,,,,False,True
CVE-2023-27847,SIN_CWE,,,,,,,False,True
CVE-2023-27922,SIN_CWE,,,,,,,False,True
CVE-2023-2796,SIN_CWE,,,,,,,False,True
CVE-2023-27992,SIN_CWE,,,,,,,True,False
CVE-2023-27997,SIN_CWE,,,,,,,True,False
CVE-2023-28121,SIN_CWE,,,,,,,False,True
CVE-2023-2813,SIN_CWE,,,,,,,False,True
CVE-2023-28204,SIN_CWE,,,,,,,True,False
CVE-2023-28205,SIN_CWE,,,,,,,True,False
CVE-2023-28206,SIN_CWE,,,,,,,True,False
CVE-2023-2822,SIN_CWE,,,,,,,False,True
CVE-2023-28229,SIN_CWE,,,,,,,True,False
CVE-2023-2825,SIN_CWE,,,,,,,False,True
CVE-2023-28252,SIN_CWE,,,,,,,True,False
CVE-2023-28343,SIN_CWE,,,,,,,False,True
CVE-2023-28432,SIN_CWE,,,,,,,True,True
CVE-2023-28434,SIN_CWE,,,,,,,True,False
CVE-2023-28461,SIN_CWE,,,,,,,True,False
CVE-2023-28662,SIN_CWE,,,,,,,False,True
CVE-2023-28665,SIN_CWE,,,,,,,False,True
CVE-2023-2868,SIN_CWE,,,,,,,True,False
CVE-2023-28771,SIN_CWE,,,,,,,True,False
CVE-2023-28787,SIN_CWE,,,,,,,False,True
CVE-2023-29084,SIN_CWE,,,,,,,False,True
CVE-2023-29204,SIN_CWE,,,,,,,False,True
CVE-2023-29298,SIN_CWE,,,,,,,True,True
CVE-2023-29300,SIN_CWE,,,,,,,True,True
CVE-2023-29336,SIN_CWE,,,,,,,True,False
CVE-2023-29357,SIN_CWE,,,,,,,True,True
CVE-2023-29360,SIN_CWE,,,,,,,True,False
CVE-2023-29439,SIN_CWE,,,,,,,False,True
CVE-2023-2948,SIN_CWE,,,,,,,False,True
CVE-2023-29489,SIN_CWE,,,,,,,False,True
CVE-2023-2949,SIN_CWE,,,,,,,False,True
CVE-2023-29492,SIN_CWE,,,,,,,True,False
CVE-2023-29506,SIN_CWE,,,,,,,False,True
CVE-2023-29552,SIN_CWE,,,,,,,True,False
CVE-2023-29623,SIN_CWE,,,,,,,False,True
CVE-2023-2982,SIN_CWE,,,,,,,False,True
CVE-2023-29827,SIN_CWE,,,,,,,False,True
CVE-2023-29887,SIN_CWE,,,,,,,False,True
CVE-2023-29919,SIN_CWE,,,,,,,False,True
CVE-2023-29922,SIN_CWE,,,,,,,False,True
CVE-2023-29923,SIN_CWE,,,,,,,False,True
CVE-2023-30013,SIN_CWE,,,,,,,False,True
CVE-2023-30019,SIN_CWE,,,,,,,False,True
CVE-2023-30150,SIN_CWE,,,,,,,False,True
CVE-2023-30192,SIN_CWE,,,,,,,False,True
CVE-2023-30194,SIN_CWE,,,,,,,False,True
CVE-2023-30210,SIN_CWE,,,,,,,False,True
CVE-2023-30212,SIN_CWE,,,,,,,False,True
CVE-2023-30256,SIN_CWE,,,,,,,False,True
CVE-2023-30258,SIN_CWE,,,,,,,False,True
CVE-2023-30534,SIN_CWE,,,,,,,False,True
CVE-2023-30625,SIN_CWE,,,,,,,False,True
CVE-2023-3077,SIN_CWE,,,,,,,False,True
CVE-2023-30777,SIN_CWE,,,,,,,False,True
CVE-2023-3079,SIN_CWE,,,,,,,True,False
CVE-2023-30868,SIN_CWE,,,,,,,False,True
CVE-2023-30869,SIN_CWE,,,,,,,False,True
CVE-2023-30943,SIN_CWE,,,,,,,False,True
CVE-2023-31059,SIN_CWE,,,,,,,False,True
CVE-2023-3139,SIN_CWE,,,,,,,False,True
CVE-2023-31446,SIN_CWE,,,,,,,False,True
CVE-2023-31465,SIN_CWE,,,,,,,False,True
CVE-2023-31478,SIN_CWE,,,,,,,False,True
CVE-2023-31548,SIN_CWE,,,,,,,False,True
CVE-2023-3169,SIN_CWE,,,,,,,False,True
CVE-2023-3188,SIN_CWE,,,,,,,False,True
CVE-2023-3197,SIN_CWE,,,,,,,False,True
CVE-2023-32046,SIN_CWE,,,,,,,True,False
CVE-2023-32049,SIN_CWE,,,,,,,True,False
CVE-2023-32068,SIN_CWE,,,,,,,False,True
CVE-2023-32077,SIN_CWE,,,,,,,False,True
CVE-2023-32117,SIN_CWE,,,,,,,False,True
CVE-2023-3219,SIN_CWE,,,,,,,False,True
CVE-2023-32235,SIN_CWE,,,,,,,False,True
CVE-2023-32243,SIN_CWE,,,,,,,False,True
CVE-2023-32315,SIN_CWE,,,,,,,True,True
CVE-2023-32373,SIN_CWE,,,,,,,True,False
CVE-2023-32409,SIN_CWE,,,,,,,True,False
CVE-2023-32434,SIN_CWE,,,,,,,True,False
CVE-2023-32435,SIN_CWE,,,,,,,True,False
CVE-2023-32439,SIN_CWE,,,,,,,True,False
CVE-2023-32563,SIN_CWE,,,,,,,False,True
CVE-2023-32590,SIN_CWE,,,,,,,False,True
CVE-2023-3277,SIN_CWE,,,,,,,False,True
CVE-2023-33009,SIN_CWE,,,,,,,True,False
CVE-2023-33010,SIN_CWE,,,,,,,True,False
CVE-2023-33063,SIN_CWE,,,,,,,True,False
CVE-2023-33106,SIN_CWE,,,,,,,True,False
CVE-2023-33107,SIN_CWE,,,,,,,True,False
CVE-2023-33193,SIN_CWE,,,,,,,False,True
CVE-2023-33246,SIN_CWE,,,,,,,True,True
CVE-2023-33338,SIN_CWE,,,,,,,False,True
CVE-2023-33405,SIN_CWE,,,,,,,False,True
CVE-2023-33439,SIN_CWE,,,,,,,False,True
CVE-2023-33440,SIN_CWE,,,,,,,False,True
CVE-2023-3345,SIN_CWE,,,,,,,False,True
CVE-2023-33510,SIN_CWE,,,,,,,False,True
CVE-2023-33538,SIN_CWE,,,,,,,True,False
CVE-2023-33568,SIN_CWE,,,,,,,False,True
CVE-2023-33629,SIN_CWE,,,,,,,False,True
CVE-2023-3368,SIN_CWE,,,,,,,False,True
CVE-2023-3380,SIN_CWE,,,,,,,False,True
CVE-2023-33831,SIN_CWE,,,,,,,False,True
CVE-2023-3388,SIN_CWE,,,,,,,False,True
CVE-2023-33960,SIN_CWE,,,,,,,False,True
CVE-2023-34020,SIN_CWE,,,,,,,False,True
CVE-2023-34039,SIN_CWE,,,,,,,False,True
CVE-2023-34048,SIN_CWE,,,,,,,True,True
CVE-2023-34092,SIN_CWE,,,,,,,False,True
CVE-2023-34105,SIN_CWE,,,,,,,False,True
CVE-2023-34124,SIN_CWE,,,,,,,False,True
CVE-2023-34133,SIN_CWE,,,,,,,False,True
CVE-2023-34192,SIN_CWE,,,,,,,True,True
CVE-2023-34259,SIN_CWE,,,,,,,False,True
CVE-2023-34362,SIN_CWE,,,,,,,True,True
CVE-2023-3452,SIN_CWE,,,,,,,False,True
CVE-2023-34537,SIN_CWE,,,,,,,False,True
CVE-2023-34598,SIN_CWE,,,,,,,False,True
CVE-2023-34599,SIN_CWE,,,,,,,False,True
CVE-2023-3460,SIN_CWE,,,,,,,False,True
CVE-2023-34659,SIN_CWE,,,,,,,False,True
CVE-2023-34751,SIN_CWE,,,,,,,False,True
CVE-2023-34752,SIN_CWE,,,,,,,False,True
CVE-2023-34753,SIN_CWE,,,,,,,False,True
CVE-2023-34754,SIN_CWE,,,,,,,False,True
CVE-2023-34755,SIN_CWE,,,,,,,False,True
CVE-2023-34756,SIN_CWE,,,,,,,False,True
CVE-2023-3479,SIN_CWE,,,,,,,False,True
CVE-2023-34843,SIN_CWE,,,,,,,False,True
CVE-2023-34960,SIN_CWE,,,,,,,False,True
CVE-2023-34990,SIN_CWE,,,,,,,False,True
CVE-2023-34993,SIN_CWE,,,,,,,False,True
CVE-2023-35078,SIN_CWE,,,,,,,True,True
CVE-2023-35081,SIN_CWE,,,,,,,True,False
CVE-2023-35082,SIN_CWE,,,,,,,True,True
CVE-2023-35155,SIN_CWE,,,,,,,False,True
CVE-2023-35156,SIN_CWE,,,,,,,False,True
CVE-2023-35158,SIN_CWE,,,,,,,False,True
CVE-2023-35159,SIN_CWE,,,,,,,False,True
CVE-2023-35160,SIN_CWE,,,,,,,False,True
CVE-2023-35161,SIN_CWE,,,,,,,False,True
CVE-2023-35162,SIN_CWE,,,,,,,False,True
CVE-2023-3519,SIN_CWE,,,,,,,True,True
CVE-2023-3521,SIN_CWE,,,,,,,False,True
CVE-2023-35311,SIN_CWE,,,,,,,True,False
CVE-2023-35674,SIN_CWE,,,,,,,True,False
CVE-2023-35708,SIN_CWE,,,,,,,False,True
CVE-2023-3578,SIN_CWE,,,,,,,False,True
CVE-2023-35813,SIN_CWE,,,,,,,False,True
CVE-2023-35843,SIN_CWE,,,,,,,False,True
CVE-2023-35844,SIN_CWE,,,,,,,False,True
CVE-2023-35885,SIN_CWE,,,,,,,False,True
CVE-2023-36025,SIN_CWE,,,,,,,True,False
CVE-2023-36033,SIN_CWE,,,,,,,True,False
CVE-2023-36036,SIN_CWE,,,,,,,True,False
CVE-2023-36144,SIN_CWE,,,,,,,False,True
CVE-2023-36284,SIN_CWE,,,,,,,False,True
CVE-2023-36287,SIN_CWE,,,,,,,False,True
CVE-2023-36289,SIN_CWE,,,,,,,False,True
CVE-2023-36306,SIN_CWE,,,,,,,False,True
CVE-2023-36346,SIN_CWE,,,,,,,False,True
CVE-2023-36347,SIN_CWE,,,,,,,False,True
CVE-2023-36424,SIN_CWE,,,,,,,True,False
CVE-2023-3643,SIN_CWE,,,,,,,False,True
CVE-2023-36563,SIN_CWE,,,,,,,True,False
CVE-2023-36584,SIN_CWE,,,,,,,True,False
CVE-2023-36761,SIN_CWE,,,,,,,True,False
CVE-2023-36802,SIN_CWE,,,,,,,True,False
CVE-2023-36844,SIN_CWE,,,,,,,True,True
CVE-2023-36845,SIN_CWE,,,,,,,True,True
CVE-2023-36846,SIN_CWE,,,,,,,True,False
CVE-2023-36847,SIN_CWE,,,,,,,True,False
CVE-2023-36851,SIN_CWE,,,,,,,True,False
CVE-2023-36874,SIN_CWE,,,,,,,True,False
CVE-2023-36884,SIN_CWE,,,,,,,True,False
CVE-2023-36934,SIN_CWE,,,,,,,False,True
CVE-2023-3710,SIN_CWE,,,,,,,False,True
CVE-2023-3722,SIN_CWE,,,,,,,False,True
CVE-2023-37265,SIN_CWE,,,,,,,False,True
CVE-2023-37266,SIN_CWE,,,,,,,False,True
CVE-2023-37270,SIN_CWE,,,,,,,False,True
CVE-2023-37450,SIN_CWE,,,,,,,True,False
CVE-2023-37462,SIN_CWE,,,,,,,False,True
CVE-2023-37474,SIN_CWE,,,,,,,False,True
CVE-2023-37580,SIN_CWE,,,,,,,True,True
CVE-2023-37582,SIN_CWE,,,,,,,False,True
CVE-2023-37599,SIN_CWE,,,,,,,False,True
CVE-2023-37629,SIN_CWE,,,,,,,False,True
CVE-2023-37645,SIN_CWE,,,,,,,False,True
CVE-2023-3765,SIN_CWE,,,,,,,False,True
CVE-2023-37679,SIN_CWE,,,,,,,False,True
CVE-2023-37728,SIN_CWE,,,,,,,False,True
CVE-2023-37979,SIN_CWE,,,,,,,False,True
CVE-2023-37988,SIN_CWE,,,,,,,False,True
CVE-2023-37999,SIN_CWE,,,,,,,False,True
CVE-2023-38035,SIN_CWE,,,,,,,True,True
CVE-2023-38040,SIN_CWE,,,,,,,False,True
CVE-2023-38180,SIN_CWE,,,,,,,True,False
CVE-2023-38192,SIN_CWE,,,,,,,False,True
CVE-2023-38194,SIN_CWE,,,,,,,False,True
CVE-2023-38203,SIN_CWE,,,,,,,True,True
CVE-2023-38205,SIN_CWE,,,,,,,True,True
CVE-2023-3836,SIN_CWE,,,,,,,False,True
CVE-2023-3843,SIN_CWE,,,,,,,False,True
CVE-2023-38433,SIN_CWE,,,,,,,False,True
CVE-2023-3844,SIN_CWE,,,,,,,False,True
CVE-2023-3845,SIN_CWE,,,,,,,False,True
CVE-2023-3846,SIN_CWE,,,,,,,False,True
CVE-2023-3847,SIN_CWE,,,,,,,False,True
CVE-2023-3848,SIN_CWE,,,,,,,False,True
CVE-2023-3849,SIN_CWE,,,,,,,False,True
CVE-2023-38501,SIN_CWE,,,,,,,False,True
CVE-2023-38606,SIN_CWE,,,,,,,True,False
CVE-2023-38646,SIN_CWE,,,,,,,False,True
CVE-2023-38831,SIN_CWE,,,,,,,True,False
CVE-2023-38875,SIN_CWE,,,,,,,False,True
CVE-2023-38879,SIN_CWE,,,,,,,False,True
CVE-2023-38950,SIN_CWE,,,,,,,True,True
CVE-2023-38952,SIN_CWE,,,,,,,False,True
CVE-2023-38964,SIN_CWE,,,,,,,False,True
CVE-2023-38992,SIN_CWE,,,,,,,False,True
CVE-2023-39002,SIN_CWE,,,,,,,False,True
CVE-2023-39007,SIN_CWE,,,,,,,False,True
CVE-2023-39024,SIN_CWE,,,,,,,False,True
CVE-2023-39026,SIN_CWE,,,,,,,False,True
CVE-2023-39108,SIN_CWE,,,,,,,False,True
CVE-2023-39109,SIN_CWE,,,,,,,False,True
CVE-2023-39110,SIN_CWE,,,,,,,False,True
CVE-2023-39120,SIN_CWE,,,,,,,False,True
CVE-2023-39121,SIN_CWE,,,,,,,False,True
CVE-2023-39141,SIN_CWE,,,,,,,False,True
CVE-2023-39143,SIN_CWE,,,,,,,False,True
CVE-2023-3936,SIN_CWE,,,,,,,False,True
CVE-2023-39361,SIN_CWE,,,,,,,False,True
CVE-2023-39560,SIN_CWE,,,,,,,False,True
CVE-2023-39598,SIN_CWE,,,,,,,False,True
CVE-2023-39600,SIN_CWE,,,,,,,False,True
CVE-2023-39650,SIN_CWE,,,,,,,False,True
CVE-2023-39676,SIN_CWE,,,,,,,False,True
CVE-2023-39677,SIN_CWE,,,,,,,False,True
CVE-2023-39700,SIN_CWE,,,,,,,False,True
CVE-2023-39780,SIN_CWE,,,,,,,True,False
CVE-2023-39796,SIN_CWE,,,,,,,False,True
CVE-2023-3990,SIN_CWE,,,,,,,False,True
CVE-2023-40000,SIN_CWE,,,,,,,False,True
CVE-2023-40044,SIN_CWE,,,,,,,True,True
CVE-2023-40208,SIN_CWE,,,,,,,False,True
CVE-2023-40211,SIN_CWE,,,,,,,False,True
CVE-2023-40355,SIN_CWE,,,,,,,False,True
CVE-2023-40504,SIN_CWE,,,,,,,False,True
CVE-2023-40600,SIN_CWE,,,,,,,False,True
CVE-2023-40748,SIN_CWE,,,,,,,False,True
CVE-2023-40749,SIN_CWE,,,,,,,False,True
CVE-2023-40750,SIN_CWE,,,,,,,False,True
CVE-2023-40751,SIN_CWE,,,,,,,False,True
CVE-2023-40752,SIN_CWE,,,,,,,False,True
CVE-2023-40753,SIN_CWE,,,,,,,False,True
CVE-2023-40755,SIN_CWE,,,,,,,False,True
CVE-2023-40779,SIN_CWE,,,,,,,False,True
CVE-2023-40924,SIN_CWE,,,,,,,False,True
CVE-2023-40931,SIN_CWE,,,,,,,False,True
CVE-2023-41061,SIN_CWE,,,,,,,True,False
CVE-2023-41064,SIN_CWE,,,,,,,True,False
CVE-2023-4110,SIN_CWE,,,,,,,False,True
CVE-2023-41109,SIN_CWE,,,,,,,False,True
CVE-2023-4111,SIN_CWE,,,,,,,False,True
CVE-2023-4112,SIN_CWE,,,,,,,False,True
CVE-2023-4113,SIN_CWE,,,,,,,False,True
CVE-2023-4114,SIN_CWE,,,,,,,False,True
CVE-2023-4115,SIN_CWE,,,,,,,False,True
CVE-2023-4116,SIN_CWE,,,,,,,False,True
CVE-2023-41179,SIN_CWE,,,,,,,True,False
CVE-2023-41265,SIN_CWE,,,,,,,True,True
CVE-2023-41266,SIN_CWE,,,,,,,True,True
CVE-2023-4136,SIN_CWE,,,,,,,False,True
CVE-2023-4148,SIN_CWE,,,,,,,False,True
CVE-2023-4151,SIN_CWE,,,,,,,False,True
CVE-2023-41538,SIN_CWE,,,,,,,False,True
CVE-2023-41597,SIN_CWE,,,,,,,False,True
CVE-2023-41599,SIN_CWE,,,,,,,False,True
CVE-2023-41621,SIN_CWE,,,,,,,False,True
CVE-2023-41642,SIN_CWE,,,,,,,False,True
CVE-2023-4168,SIN_CWE,,,,,,,False,True
CVE-2023-4169,SIN_CWE,,,,,,,False,True
CVE-2023-4173,SIN_CWE,,,,,,,False,True
CVE-2023-4174,SIN_CWE,,,,,,,False,True
CVE-2023-41763,SIN_CWE,,,,,,,True,True
CVE-2023-41892,SIN_CWE,,,,,,,False,True
CVE-2023-41954,SIN_CWE,,,,,,,False,True
CVE-2023-41974,SIN_CWE,,,,,,,True,False
CVE-2023-41990,SIN_CWE,,,,,,,True,False
CVE-2023-41991,SIN_CWE,,,,,,,True,False
CVE-2023-41992,SIN_CWE,,,,,,,True,False
CVE-2023-41993,SIN_CWE,,,,,,,True,False
CVE-2023-4211,SIN_CWE,,,,,,,True,False
CVE-2023-4220,SIN_CWE,,,,,,,False,True
CVE-2023-42343,SIN_CWE,,,,,,,False,True
CVE-2023-42344,SIN_CWE,,,,,,,False,True
CVE-2023-42442,SIN_CWE,,,,,,,False,True
CVE-2023-42793,SIN_CWE,,,,,,,True,True
CVE-2023-42824,SIN_CWE,,,,,,,True,False
CVE-2023-4284,SIN_CWE,,,,,,,False,True
CVE-2023-42916,SIN_CWE,,,,,,,True,False
CVE-2023-42917,SIN_CWE,,,,,,,True,False
CVE-2023-43000,SIN_CWE,,,,,,,True,False
CVE-2023-43177,SIN_CWE,,,,,,,False,True
CVE-2023-43187,SIN_CWE,,,,,,,False,True
CVE-2023-43208,SIN_CWE,,,,,,,True,True
CVE-2023-43261,SIN_CWE,,,,,,,False,True
CVE-2023-43323,SIN_CWE,,,,,,,False,True
CVE-2023-43325,SIN_CWE,,,,,,,False,True
CVE-2023-43326,SIN_CWE,,,,,,,False,True
CVE-2023-43373,SIN_CWE,,,,,,,False,True
CVE-2023-43374,SIN_CWE,,,,,,,False,True
CVE-2023-43472,SIN_CWE,,,,,,,False,True
CVE-2023-43654,SIN_CWE,,,,,,,False,True
CVE-2023-43662,SIN_CWE,,,,,,,False,True
CVE-2023-43770,SIN_CWE,,,,,,,True,False
CVE-2023-43795,SIN_CWE,,,,,,,False,True
CVE-2023-44012,SIN_CWE,,,,,,,False,True
CVE-2023-4415,SIN_CWE,,,,,,,False,True
CVE-2023-44221,SIN_CWE,,,,,,,True,False
CVE-2023-44352,SIN_CWE,,,,,,,False,True
CVE-2023-44353,SIN_CWE,,,,,,,False,True
CVE-2023-44393,SIN_CWE,,,,,,,False,True
CVE-2023-44487,SIN_CWE,,,,,,,True,False
CVE-2023-4450,SIN_CWE,,,,,,,False,True
CVE-2023-4451,SIN_CWE,,,,,,,False,True
CVE-2023-44812,SIN_CWE,,,,,,,False,True
CVE-2023-44813,SIN_CWE,,,,,,,False,True
CVE-2023-4490,SIN_CWE,,,,,,,False,True
CVE-2023-44982,SIN_CWE,,,,,,,False,True
CVE-2023-45038,SIN_CWE,,,,,,,False,True
CVE-2023-45136,SIN_CWE,,,,,,,False,True
CVE-2023-4521,SIN_CWE,,,,,,,False,True
CVE-2023-45249,SIN_CWE,,,,,,,True,True
CVE-2023-45375,SIN_CWE,,,,,,,False,True
CVE-2023-4542,SIN_CWE,,,,,,,False,True
CVE-2023-4547,SIN_CWE,,,,,,,False,True
CVE-2023-45542,SIN_CWE,,,,,,,False,True
CVE-2023-45648,SIN_CWE,,,,,,,False,True
CVE-2023-45671,SIN_CWE,,,,,,,False,True
CVE-2023-4568,SIN_CWE,,,,,,,False,True
CVE-2023-45727,SIN_CWE,,,,,,,True,False
CVE-2023-45826,SIN_CWE,,,,,,,False,True
CVE-2023-45852,SIN_CWE,,,,,,,False,True
CVE-2023-45855,SIN_CWE,,,,,,,False,True
CVE-2023-45878,SIN_CWE,,,,,,,False,True
CVE-2023-4596,SIN_CWE,,,,,,,False,True
CVE-2023-4634,SIN_CWE,,,,,,,False,True
CVE-2023-46347,SIN_CWE,,,,,,,False,True
CVE-2023-46359,SIN_CWE,,,,,,,False,True
CVE-2023-46455,SIN_CWE,,,,,,,False,True
CVE-2023-46574,SIN_CWE,,,,,,,False,True
CVE-2023-46604,SIN_CWE,,,,,,,True,True
CVE-2023-4666,SIN_CWE,,,,,,,False,True
CVE-2023-46732,SIN_CWE,,,,,,,False,True
CVE-2023-46747,SIN_CWE,,,,,,,True,True
CVE-2023-46748,SIN_CWE,,,,,,,True,False
CVE-2023-46805,SIN_CWE,,,,,,,True,True
CVE-2023-46818,SIN_CWE,,,,,,,False,True
CVE-2023-47105,SIN_CWE,,,,,,,False,True
CVE-2023-47115,SIN_CWE,,,,,,,False,True
CVE-2023-47117,SIN_CWE,,,,,,,False,True
CVE-2023-4714,SIN_CWE,,,,,,,False,True
CVE-2023-47211,SIN_CWE,,,,,,,False,True
CVE-2023-47218,SIN_CWE,,,,,,,False,True
CVE-2023-47246,SIN_CWE,,,,,,,True,True
CVE-2023-47248,SIN_CWE,,,,,,,False,True
CVE-2023-47253,SIN_CWE,,,,,,,False,True
CVE-2023-47565,SIN_CWE,,,,,,,True,False
CVE-2023-4762,SIN_CWE,,,,,,,True,False
CVE-2023-47643,SIN_CWE,,,,,,,False,True
CVE-2023-47684,SIN_CWE,,,,,,,False,True
CVE-2023-47873,SIN_CWE,,,,,,,False,True
CVE-2023-48022,SIN_CWE,,,,,,,False,True
CVE-2023-48023,SIN_CWE,,,,,,,False,True
CVE-2023-48084,SIN_CWE,,,,,,,False,True
CVE-2023-48241,SIN_CWE,,,,,,,False,True
CVE-2023-48365,SIN_CWE,,,,,,,True,False
CVE-2023-4863,SIN_CWE,,,,,,,True,False
CVE-2023-48728,SIN_CWE,,,,,,,False,True
CVE-2023-48777,SIN_CWE,,,,,,,False,True
CVE-2023-48788,SIN_CWE,,,,,,,True,True
CVE-2023-48795,SIN_CWE,,,,,,,False,True
CVE-2023-49070,SIN_CWE,,,,,,,False,True
CVE-2023-49103,SIN_CWE,,,,,,,True,True
CVE-2023-4911,SIN_CWE,,,,,,,True,False
CVE-2023-49230,SIN_CWE,,,,,,,False,True
CVE-2023-49293,SIN_CWE,,,,,,,False,True
CVE-2023-49438,SIN_CWE,,,,,,,False,True
CVE-2023-49489,SIN_CWE,,,,,,,False,True
CVE-2023-49494,SIN_CWE,,,,,,,False,True
CVE-2023-4966,SIN_CWE,,,,,,,True,True
CVE-2023-4973,SIN_CWE,,,,,,,False,True
CVE-2023-4974,SIN_CWE,,,,,,,False,True
CVE-2023-49785,SIN_CWE,,,,,,,False,True
CVE-2023-49897,SIN_CWE,,,,,,,True,False
CVE-2023-5003,SIN_CWE,,,,,,,False,True
CVE-2023-50094,SIN_CWE,,,,,,,False,True
CVE-2023-50224,SIN_CWE,,,,,,,True,False
CVE-2023-50290,SIN_CWE,,,,,,,False,True
CVE-2023-50578,SIN_CWE,,,,,,,False,True
CVE-2023-50719,SIN_CWE,,,,,,,False,True
CVE-2023-50720,SIN_CWE,,,,,,,False,True
CVE-2023-5074,SIN_CWE,,,,,,,False,True
CVE-2023-50839,SIN_CWE,,,,,,,False,True
CVE-2023-5089,SIN_CWE,,,,,,,False,True
CVE-2023-50917,SIN_CWE,,,,,,,False,True
CVE-2023-50968,SIN_CWE,,,,,,,False,True
CVE-2023-51409,SIN_CWE,,,,,,,False,True
CVE-2023-51449,SIN_CWE,,,,,,,False,True
CVE-2023-51467,SIN_CWE,,,,,,,False,True
CVE-2023-51713,SIN_CWE,,,,,,,False,True
CVE-2023-5203,SIN_CWE,,,,,,,False,True
CVE-2023-5204,SIN_CWE,,,,,,,False,True
CVE-2023-52085,SIN_CWE,,,,,,,False,True
CVE-2023-52163,SIN_CWE,,,,,,,True,True
CVE-2023-5217,SIN_CWE,,,,,,,True,False
CVE-2023-5222,SIN_CWE,,,,,,,False,True
CVE-2023-52251,SIN_CWE,,,,,,,False,True
CVE-2023-5244,SIN_CWE,,,,,,,False,True
CVE-2023-5360,SIN_CWE,,,,,,,False,True
CVE-2023-5375,SIN_CWE,,,,,,,False,True
CVE-2023-5556,SIN_CWE,,,,,,,False,True
CVE-2023-5558,SIN_CWE,,,,,,,False,True
CVE-2023-5559,SIN_CWE,,,,,,,False,True
CVE-2023-5561,SIN_CWE,,,,,,,False,True
CVE-2023-5631,SIN_CWE,,,,,,,True,False
CVE-2023-5652,SIN_CWE,,,,,,,False,True
CVE-2023-5815,SIN_CWE,,,,,,,False,True
CVE-2023-5830,SIN_CWE,,,,,,,False,True
CVE-2023-5863,SIN_CWE,,,,,,,False,True
CVE-2023-5914,SIN_CWE,,,,,,,False,True
CVE-2023-5974,SIN_CWE,,,,,,,False,True
CVE-2023-5991,SIN_CWE,,,,,,,False,True
CVE-2023-6000,SIN_CWE,,,,,,,False,True
CVE-2023-6018,SIN_CWE,,,,,,,False,True
CVE-2023-6020,SIN_CWE,,,,,,,False,True
CVE-2023-6021,SIN_CWE,,,,,,,False,True
CVE-2023-6023,SIN_CWE,,,,,,,False,True
CVE-2023-6030,SIN_CWE,,,,,,,False,True
CVE-2023-6038,SIN_CWE,,,,,,,False,True
CVE-2023-6063,SIN_CWE,,,,,,,False,True
CVE-2023-6065,SIN_CWE,,,,,,,False,True
CVE-2023-6114,SIN_CWE,,,,,,,False,True
CVE-2023-6266,SIN_CWE,,,,,,,False,True
CVE-2023-6275,SIN_CWE,,,,,,,False,True
CVE-2023-6329,SIN_CWE,,,,,,,False,True
CVE-2023-6345,SIN_CWE,,,,,,,True,False
CVE-2023-6360,SIN_CWE,,,,,,,False,True
CVE-2023-6379,SIN_CWE,,,,,,,False,True
CVE-2023-6380,SIN_CWE,,,,,,,False,True
CVE-2023-6389,SIN_CWE,,,,,,,False,True
CVE-2023-6421,SIN_CWE,,,,,,,False,True
CVE-2023-6444,SIN_CWE,,,,,,,False,True
CVE-2023-6448,SIN_CWE,,,,,,,True,False
CVE-2023-6505,SIN_CWE,,,,,,,False,True
CVE-2023-6548,SIN_CWE,,,,,,,True,False
CVE-2023-6549,SIN_CWE,,,,,,,True,True
CVE-2023-6553,SIN_CWE,,,,,,,False,True
CVE-2023-6567,SIN_CWE,,,,,,,False,True
CVE-2023-6568,SIN_CWE,,,,,,,False,True
CVE-2023-6592,SIN_CWE,,,,,,,False,True
CVE-2023-6623,SIN_CWE,,,,,,,False,True
CVE-2023-6634,SIN_CWE,,,,,,,False,True
CVE-2023-6655,SIN_CWE,,,,,,,False,True
CVE-2023-6697,SIN_CWE,,,,,,,False,True
CVE-2023-6750,SIN_CWE,,,,,,,False,True
CVE-2023-6786,SIN_CWE,,,,,,,False,True
CVE-2023-6825,SIN_CWE,,,,,,,False,True
CVE-2023-6831,SIN_CWE,,,,,,,False,True
CVE-2023-6875,SIN_CWE,,,,,,,False,True
CVE-2023-6895,SIN_CWE,,,,,,,False,True
CVE-2023-6909,SIN_CWE,,,,,,,False,True
CVE-2023-6933,SIN_CWE,,,,,,,False,True
CVE-2023-6970,SIN_CWE,,,,,,,False,True
CVE-2023-6977,SIN_CWE,,,,,,,False,True
CVE-2023-6989,SIN_CWE,,,,,,,False,True
CVE-2023-7024,SIN_CWE,,,,,,,True,False
CVE-2023-7028,SIN_CWE,,,,,,,True,True
CVE-2023-7101,SIN_CWE,,,,,,,True,False
CVE-2023-7116,SIN_CWE,,,,,,,False,True
CVE-2023-7164,SIN_CWE,,,,,,,False,True
CVE-2023-7165,SIN_CWE,,,,,,,False,True
CVE-2023-7246,SIN_CWE,,,,,,,False,True
CVE-2023-7337,SIN_CWE,,,,,,,False,True
CVE-2024-0012,SIN_CWE,,,,,,,True,True
CVE-2024-0195,SIN_CWE,,,,,,,False,True
CVE-2024-0200,SIN_CWE,,,,,,,False,True
CVE-2024-0204,SIN_CWE,,,,,,,False,True
CVE-2024-0235,SIN_CWE,,,,,,,False,True
CVE-2024-0250,SIN_CWE,,,,,,,False,True
CVE-2024-0305,SIN_CWE,,,,,,,False,True
CVE-2024-0337,SIN_CWE,,,,,,,False,True
CVE-2024-0352,SIN_CWE,,,,,,,False,True
CVE-2024-0519,SIN_CWE,,,,,,,True,False
CVE-2024-0593,SIN_CWE,,,,,,,False,True
CVE-2024-0692,SIN_CWE,,,,,,,False,True
CVE-2024-0705,SIN_CWE,,,,,,,False,True
CVE-2024-0713,SIN_CWE,,,,,,,False,True
CVE-2024-0769,SIN_CWE,,,,,,,True,False
CVE-2024-0799,SIN_CWE,,,,,,,False,True
CVE-2024-0801,SIN_CWE,,,,,,,False,True
CVE-2024-0881,SIN_CWE,,,,,,,False,True
CVE-2024-0939,SIN_CWE,,,,,,,False,True
CVE-2024-0986,SIN_CWE,,,,,,,False,True
CVE-2024-10081,SIN_CWE,,,,,,,False,True
CVE-2024-10146,SIN_CWE,,,,,,,False,True
CVE-2024-10152,SIN_CWE,,,,,,,False,True
CVE-2024-1021,SIN_CWE,,,,,,,False,True
CVE-2024-10400,SIN_CWE,,,,,,,False,True
CVE-2024-10486,SIN_CWE,,,,,,,False,True
CVE-2024-10516,SIN_CWE,,,,,,,False,True
CVE-2024-10571,SIN_CWE,,,,,,,False,True
CVE-2024-1061,SIN_CWE,,,,,,,False,True
CVE-2024-10708,SIN_CWE,,,,,,,False,True
CVE-2024-1071,SIN_CWE,,,,,,,False,True
CVE-2024-10763,SIN_CWE,,,,,,,False,True
CVE-2024-10783,SIN_CWE,,,,,,,False,True
CVE-2024-10812,SIN_CWE,,,,,,,False,True
CVE-2024-1086,SIN_CWE,,,,,,,True,False
CVE-2024-10908,SIN_CWE,,,,,,,False,True
CVE-2024-10914,SIN_CWE,,,,,,,False,True
CVE-2024-10915,SIN_CWE,,,,,,,False,True
CVE-2024-10924,SIN_CWE,,,,,,,False,True
CVE-2024-11044,SIN_CWE,,,,,,,False,True
CVE-2024-11120,SIN_CWE,,,,,,,True,False
CVE-2024-11182,SIN_CWE,,,,,,,True,False
CVE-2024-11238,SIN_CWE,,,,,,,False,True
CVE-2024-11303,SIN_CWE,,,,,,,False,True
CVE-2024-11305,SIN_CWE,,,,,,,False,True
CVE-2024-11320,SIN_CWE,,,,,,,False,True
CVE-2024-11396,SIN_CWE,,,,,,,False,True
CVE-2024-11587,SIN_CWE,,,,,,,False,True
CVE-2024-11667,SIN_CWE,,,,,,,True,False
CVE-2024-11680,SIN_CWE,,,,,,,True,True
CVE-2024-11728,SIN_CWE,,,,,,,False,True
CVE-2024-11740,SIN_CWE,,,,,,,False,True
CVE-2024-1183,SIN_CWE,,,,,,,False,True
CVE-2024-11868,SIN_CWE,,,,,,,False,True
CVE-2024-11921,SIN_CWE,,,,,,,False,True
CVE-2024-11972,SIN_CWE,,,,,,,False,True
CVE-2024-12025,SIN_CWE,,,,,,,False,True
CVE-2024-1208,SIN_CWE,,,,,,,False,True
CVE-2024-1209,SIN_CWE,,,,,,,False,True
CVE-2024-1210,SIN_CWE,,,,,,,False,True
CVE-2024-1212,SIN_CWE,,,,,,,True,True
CVE-2024-12209,SIN_CWE,,,,,,,False,True
CVE-2024-12356,SIN_CWE,,,,,,,True,False
CVE-2024-12585,SIN_CWE,,,,,,,False,True
CVE-2024-12638,SIN_CWE,,,,,,,False,True
CVE-2024-12686,SIN_CWE,,,,,,,True,False
CVE-2024-12724,SIN_CWE,,,,,,,False,True
CVE-2024-12732,SIN_CWE,,,,,,,False,True
CVE-2024-12734,SIN_CWE,,,,,,,False,True
CVE-2024-12737,SIN_CWE,,,,,,,False,True
CVE-2024-12749,SIN_CWE,,,,,,,False,True
CVE-2024-12760,SIN_CWE,,,,,,,False,True
CVE-2024-12824,SIN_CWE,,,,,,,False,True
CVE-2024-12849,SIN_CWE,,,,,,,False,True
CVE-2024-12873,SIN_CWE,,,,,,,False,True
CVE-2024-12878,SIN_CWE,,,,,,,False,True
CVE-2024-12987,SIN_CWE,,,,,,,True,True
CVE-2024-13055,SIN_CWE,,,,,,,False,True
CVE-2024-13094,SIN_CWE,,,,,,,False,True
CVE-2024-13097,SIN_CWE,,,,,,,False,True
CVE-2024-13098,SIN_CWE,,,,,,,False,True
CVE-2024-13099,SIN_CWE,,,,,,,False,True
CVE-2024-13112,SIN_CWE,,,,,,,False,True
CVE-2024-13114,SIN_CWE,,,,,,,False,True
CVE-2024-13126,SIN_CWE,,,,,,,False,True
CVE-2024-13159,SIN_CWE,,,,,,,True,True
CVE-2024-13160,SIN_CWE,,,,,,,True,True
CVE-2024-13161,SIN_CWE,,,,,,,True,True
CVE-2024-13219,SIN_CWE,,,,,,,False,True
CVE-2024-13220,SIN_CWE,,,,,,,False,True
CVE-2024-13221,SIN_CWE,,,,,,,False,True
CVE-2024-13222,SIN_CWE,,,,,,,False,True
CVE-2024-13224,SIN_CWE,,,,,,,False,True
CVE-2024-13225,SIN_CWE,,,,,,,False,True
CVE-2024-13226,SIN_CWE,,,,,,,False,True
CVE-2024-13322,SIN_CWE,,,,,,,False,True
CVE-2024-13325,SIN_CWE,,,,,,,False,True
CVE-2024-13326,SIN_CWE,,,,,,,False,True
CVE-2024-13327,SIN_CWE,,,,,,,False,True
CVE-2024-13328,SIN_CWE,,,,,,,False,True
CVE-2024-13330,SIN_CWE,,,,,,,False,True
CVE-2024-13331,SIN_CWE,,,,,,,False,True
CVE-2024-13352,SIN_CWE,,,,,,,False,True
CVE-2024-13492,SIN_CWE,,,,,,,False,True
CVE-2024-13496,SIN_CWE,,,,,,,False,True
CVE-2024-13543,SIN_CWE,,,,,,,False,True
CVE-2024-13569,SIN_CWE,,,,,,,False,True
CVE-2024-13570,SIN_CWE,,,,,,,False,True
CVE-2024-13609,SIN_CWE,,,,,,,False,True
CVE-2024-13619,SIN_CWE,,,,,,,False,True
CVE-2024-13624,SIN_CWE,,,,,,,False,True
CVE-2024-13625,SIN_CWE,,,,,,,False,True
CVE-2024-13627,SIN_CWE,,,,,,,False,True
CVE-2024-13628,SIN_CWE,,,,,,,False,True
CVE-2024-13630,SIN_CWE,,,,,,,False,True
CVE-2024-13634,SIN_CWE,,,,,,,False,True
CVE-2024-13726,SIN_CWE,,,,,,,False,True
CVE-2024-13727,SIN_CWE,,,,,,,False,True
CVE-2024-1380,SIN_CWE,,,,,,,False,True
CVE-2024-13853,SIN_CWE,,,,,,,False,True
CVE-2024-13888,SIN_CWE,,,,,,,False,True
CVE-2024-13979,SIN_CWE,,,,,,,False,True
CVE-2024-14015,SIN_CWE,,,,,,,False,True
CVE-2024-1483,SIN_CWE,,,,,,,False,True
CVE-2024-1512,SIN_CWE,,,,,,,False,True
CVE-2024-1561,SIN_CWE,,,,,,,False,True
CVE-2024-1698,SIN_CWE,,,,,,,False,True
CVE-2024-1708,SIN_CWE,,,,,,,True,False
CVE-2024-1709,SIN_CWE,,,,,,,True,True
CVE-2024-1728,SIN_CWE,,,,,,,False,True
CVE-2024-1751,SIN_CWE,,,,,,,False,True
CVE-2024-20353,SIN_CWE,,,,,,,True,False
CVE-2024-20359,SIN_CWE,,,,,,,True,False
CVE-2024-20399,SIN_CWE,,,,,,,True,False
CVE-2024-20404,SIN_CWE,,,,,,,False,True
CVE-2024-20419,SIN_CWE,,,,,,,False,True
CVE-2024-20439,SIN_CWE,,,,,,,True,True
CVE-2024-20440,SIN_CWE,,,,,,,False,True
CVE-2024-20481,SIN_CWE,,,,,,,True,False
CVE-2024-2053,SIN_CWE,,,,,,,False,True
CVE-2024-20767,SIN_CWE,,,,,,,True,True
CVE-2024-20953,SIN_CWE,,,,,,,True,False
CVE-2024-21136,SIN_CWE,,,,,,,False,True
CVE-2024-21287,SIN_CWE,,,,,,,True,False
CVE-2024-21338,SIN_CWE,,,,,,,True,False
CVE-2024-21351,SIN_CWE,,,,,,,True,False
CVE-2024-21410,SIN_CWE,,,,,,,True,False
CVE-2024-21412,SIN_CWE,,,,,,,True,False
CVE-2024-21413,SIN_CWE,,,,,,,True,False
CVE-2024-21485,SIN_CWE,,,,,,,False,True
CVE-2024-21633,SIN_CWE,,,,,,,False,True
CVE-2024-21641,SIN_CWE,,,,,,,False,True
CVE-2024-21644,SIN_CWE,,,,,,,False,True
CVE-2024-21645,SIN_CWE,,,,,,,False,True
CVE-2024-21650,SIN_CWE,,,,,,,False,True
CVE-2024-21683,SIN_CWE,,,,,,,False,True
CVE-2024-21762,SIN_CWE,,,,,,,True,False
CVE-2024-21887,SIN_CWE,,,,,,,True,True
CVE-2024-21893,SIN_CWE,,,,,,,True,True
CVE-2024-22024,SIN_CWE,,,,,,,False,True
CVE-2024-22207,SIN_CWE,,,,,,,False,True
CVE-2024-22319,SIN_CWE,,,,,,,False,True
CVE-2024-22320,SIN_CWE,,,,,,,False,True
CVE-2024-22476,SIN_CWE,,,,,,,False,True
CVE-2024-22729,SIN_CWE,,,,,,,False,True
CVE-2024-22927,SIN_CWE,,,,,,,False,True
CVE-2024-23055,SIN_CWE,,,,,,,False,True
CVE-2024-23108,SIN_CWE,,,,,,,False,True
CVE-2024-23113,SIN_CWE,,,,,,,True,False
CVE-2024-23163,SIN_CWE,,,,,,,False,True
CVE-2024-23167,SIN_CWE,,,,,,,False,True
CVE-2024-23222,SIN_CWE,,,,,,,True,False
CVE-2024-23225,SIN_CWE,,,,,,,True,False
CVE-2024-23296,SIN_CWE,,,,,,,True,False
CVE-2024-2330,SIN_CWE,,,,,,,False,True
CVE-2024-23334,SIN_CWE,,,,,,,False,True
CVE-2024-2340,SIN_CWE,,,,,,,False,True
CVE-2024-23692,SIN_CWE,,,,,,,True,True
CVE-2024-2389,SIN_CWE,,,,,,,False,True
CVE-2024-23897,SIN_CWE,,,,,,,True,True
CVE-2024-23917,SIN_CWE,,,,,,,False,True
CVE-2024-24112,SIN_CWE,,,,,,,False,True
CVE-2024-24116,SIN_CWE,,,,,,,False,True
CVE-2024-24131,SIN_CWE,,,,,,,False,True
CVE-2024-24328,SIN_CWE,,,,,,,False,True
CVE-2024-24329,SIN_CWE,,,,,,,False,True
CVE-2024-24565,SIN_CWE,,,,,,,False,True
CVE-2024-2473,SIN_CWE,,,,,,,False,True
CVE-2024-24759,SIN_CWE,,,,,,,False,True
CVE-2024-24763,SIN_CWE,,,,,,,False,True
CVE-2024-24809,SIN_CWE,,,,,,,False,True
CVE-2024-24882,SIN_CWE,,,,,,,False,True
CVE-2024-24919,SIN_CWE,,,,,,,True,True
CVE-2024-25600,SIN_CWE,,,,,,,False,True
CVE-2024-25608,SIN_CWE,,,,,,,False,True
CVE-2024-25669,SIN_CWE,,,,,,,False,True
CVE-2024-25723,SIN_CWE,,,,,,,False,True
CVE-2024-25735,SIN_CWE,,,,,,,False,True
CVE-2024-25852,SIN_CWE,,,,,,,False,True
CVE-2024-26169,SIN_CWE,,,,,,,True,False
CVE-2024-2621,SIN_CWE,,,,,,,False,True
CVE-2024-26291,SIN_CWE,,,,,,,False,True
CVE-2024-26331,SIN_CWE,,,,,,,False,True
CVE-2024-2667,SIN_CWE,,,,,,,False,True
CVE-2024-27115,SIN_CWE,,,,,,,False,True
CVE-2024-27198,SIN_CWE,,,,,,,True,True
CVE-2024-27199,SIN_CWE,,,,,,,True,True
CVE-2024-27292,SIN_CWE,,,,,,,False,True
CVE-2024-27348,SIN_CWE,,,,,,,True,True
CVE-2024-27443,SIN_CWE,,,,,,,True,True
CVE-2024-27497,SIN_CWE,,,,,,,False,True
CVE-2024-27564,SIN_CWE,,,,,,,False,True
CVE-2024-2771,SIN_CWE,,,,,,,False,True
CVE-2024-27718,SIN_CWE,,,,,,,False,True
CVE-2024-2782,SIN_CWE,,,,,,,False,True
CVE-2024-27954,SIN_CWE,,,,,,,False,True
CVE-2024-27956,SIN_CWE,,,,,,,False,True
CVE-2024-28000,SIN_CWE,,,,,,,False,True
CVE-2024-28200,SIN_CWE,,,,,,,False,True
CVE-2024-28253,SIN_CWE,,,,,,,False,True
CVE-2024-28255,SIN_CWE,,,,,,,False,True
CVE-2024-28397,SIN_CWE,,,,,,,False,True
CVE-2024-2862,SIN_CWE,,,,,,,False,True
CVE-2024-28623,SIN_CWE,,,,,,,False,True
CVE-2024-2863,SIN_CWE,,,,,,,False,True
CVE-2024-28734,SIN_CWE,,,,,,,False,True
CVE-2024-28752,SIN_CWE,,,,,,,False,True
CVE-2024-2876,SIN_CWE,,,,,,,False,True
CVE-2024-2879,SIN_CWE,,,,,,,False,True
CVE-2024-28986,SIN_CWE,,,,,,,True,True
CVE-2024-28987,SIN_CWE,,,,,,,True,True
CVE-2024-28995,SIN_CWE,,,,,,,True,True
CVE-2024-29028,SIN_CWE,,,,,,,False,True
CVE-2024-29029,SIN_CWE,,,,,,,False,True
CVE-2024-29030,SIN_CWE,,,,,,,False,True
CVE-2024-29059,SIN_CWE,,,,,,,True,True
CVE-2024-29137,SIN_CWE,,,,,,,False,True
CVE-2024-29138,SIN_CWE,,,,,,,False,True
CVE-2024-29198,SIN_CWE,,,,,,,False,True
CVE-2024-29269,SIN_CWE,,,,,,,False,True
CVE-2024-29272,SIN_CWE,,,,,,,False,True
CVE-2024-2928,SIN_CWE,,,,,,,False,True
CVE-2024-29745,SIN_CWE,,,,,,,True,False
CVE-2024-29748,SIN_CWE,,,,,,,True,False
CVE-2024-29792,SIN_CWE,,,,,,,False,True
CVE-2024-29824,SIN_CWE,,,,,,,True,True
CVE-2024-29868,SIN_CWE,,,,,,,False,True
CVE-2024-29889,SIN_CWE,,,,,,,False,True
CVE-2024-29895,SIN_CWE,,,,,,,False,True
CVE-2024-29931,SIN_CWE,,,,,,,False,True
CVE-2024-29972,SIN_CWE,,,,,,,False,True
CVE-2024-29973,SIN_CWE,,,,,,,False,True
CVE-2024-29988,SIN_CWE,,,,,,,True,False
CVE-2024-30040,SIN_CWE,,,,,,,True,False
CVE-2024-30051,SIN_CWE,,,,,,,True,False
CVE-2024-30088,SIN_CWE,,,,,,,True,False
CVE-2024-30163,SIN_CWE,,,,,,,False,True
CVE-2024-30188,SIN_CWE,,,,,,,False,True
CVE-2024-30194,SIN_CWE,,,,,,,False,True
CVE-2024-30269,SIN_CWE,,,,,,,False,True
CVE-2024-3032,SIN_CWE,,,,,,,False,True
CVE-2024-30464,SIN_CWE,,,,,,,False,True
CVE-2024-30490,SIN_CWE,,,,,,,False,True
CVE-2024-30498,SIN_CWE,,,,,,,False,True
CVE-2024-30502,SIN_CWE,,,,,,,False,True
CVE-2024-30568,SIN_CWE,,,,,,,False,True
CVE-2024-30569,SIN_CWE,,,,,,,False,True
CVE-2024-30570,SIN_CWE,,,,,,,False,True
CVE-2024-3080,SIN_CWE,,,,,,,False,True
CVE-2024-3097,SIN_CWE,,,,,,,False,True
CVE-2024-31223,SIN_CWE,,,,,,,False,True
CVE-2024-3136,SIN_CWE,,,,,,,False,True
CVE-2024-31621,SIN_CWE,,,,,,,False,True
CVE-2024-31750,SIN_CWE,,,,,,,False,True
CVE-2024-31839,SIN_CWE,,,,,,,False,True
CVE-2024-31848,SIN_CWE,,,,,,,False,True
CVE-2024-31849,SIN_CWE,,,,,,,False,True
CVE-2024-31850,SIN_CWE,,,,,,,False,True
CVE-2024-31851,SIN_CWE,,,,,,,False,True
CVE-2024-31982,SIN_CWE,,,,,,,False,True
CVE-2024-32113,SIN_CWE,,,,,,,True,True
CVE-2024-32114,SIN_CWE,,,,,,,False,True
CVE-2024-32128,SIN_CWE,,,,,,,False,True
CVE-2024-32231,SIN_CWE,,,,,,,False,True
CVE-2024-32238,SIN_CWE,,,,,,,False,True
CVE-2024-3231,SIN_CWE,,,,,,,False,True
CVE-2024-3234,SIN_CWE,,,,,,,False,True
CVE-2024-32399,SIN_CWE,,,,,,,False,True
CVE-2024-32640,SIN_CWE,,,,,,,False,True
CVE-2024-32651,SIN_CWE,,,,,,,False,True
CVE-2024-32709,SIN_CWE,,,,,,,False,True
CVE-2024-3272,SIN_CWE,,,,,,,True,True
CVE-2024-3273,SIN_CWE,,,,,,,True,True
CVE-2024-32735,SIN_CWE,,,,,,,False,True
CVE-2024-32736,SIN_CWE,,,,,,,False,True
CVE-2024-32737,SIN_CWE,,,,,,,False,True
CVE-2024-32738,SIN_CWE,,,,,,,False,True
CVE-2024-32739,SIN_CWE,,,,,,,False,True
CVE-2024-3274,SIN_CWE,,,,,,,False,True
CVE-2024-32825,SIN_CWE,,,,,,,False,True
CVE-2024-32870,SIN_CWE,,,,,,,False,True
CVE-2024-32896,SIN_CWE,,,,,,,True,False
CVE-2024-32964,SIN_CWE,,,,,,,False,True
CVE-2024-3300,SIN_CWE,,,,,,,False,True
CVE-2024-33113,SIN_CWE,,,,,,,False,True
CVE-2024-33288,SIN_CWE,,,,,,,False,True
CVE-2024-33326,SIN_CWE,,,,,,,False,True
CVE-2024-33575,SIN_CWE,,,,,,,False,True
CVE-2024-33605,SIN_CWE,,,,,,,False,True
CVE-2024-33610,SIN_CWE,,,,,,,False,True
CVE-2024-33724,SIN_CWE,,,,,,,False,True
CVE-2024-3378,SIN_CWE,,,,,,,False,True
CVE-2024-33832,SIN_CWE,,,,,,,False,True
CVE-2024-3393,SIN_CWE,,,,,,,True,False
CVE-2024-33939,SIN_CWE,,,,,,,False,True
CVE-2024-3400,SIN_CWE,,,,,,,True,True
CVE-2024-34061,SIN_CWE,,,,,,,False,True
CVE-2024-3408,SIN_CWE,,,,,,,False,True
CVE-2024-34102,SIN_CWE,,,,,,,True,True
CVE-2024-34257,SIN_CWE,,,,,,,False,True
CVE-2024-34351,SIN_CWE,,,,,,,False,True
CVE-2024-34470,SIN_CWE,,,,,,,False,True
CVE-2024-3469,SIN_CWE,,,,,,,False,True
CVE-2024-3495,SIN_CWE,,,,,,,False,True
CVE-2024-34982,SIN_CWE,,,,,,,False,True
CVE-2024-35219,SIN_CWE,,,,,,,False,True
CVE-2024-35250,SIN_CWE,,,,,,,True,False
CVE-2024-35286,SIN_CWE,,,,,,,False,True
CVE-2024-3552,SIN_CWE,,,,,,,False,True
CVE-2024-35584,SIN_CWE,,,,,,,False,True
CVE-2024-35627,SIN_CWE,,,,,,,False,True
CVE-2024-35693,SIN_CWE,,,,,,,False,True
CVE-2024-35694,SIN_CWE,,,,,,,False,True
CVE-2024-3605,SIN_CWE,,,,,,,False,True
CVE-2024-36104,SIN_CWE,,,,,,,False,True
CVE-2024-36117,SIN_CWE,,,,,,,False,True
CVE-2024-36401,SIN_CWE,,,,,,,True,True
CVE-2024-36404,SIN_CWE,,,,,,,False,True
CVE-2024-36412,SIN_CWE,,,,,,,False,True
CVE-2024-36527,SIN_CWE,,,,,,,False,True
CVE-2024-3656,SIN_CWE,,,,,,,False,True
CVE-2024-36675,SIN_CWE,,,,,,,False,True
CVE-2024-36683,SIN_CWE,,,,,,,False,True
CVE-2024-3673,SIN_CWE,,,,,,,False,True
CVE-2024-36837,SIN_CWE,,,,,,,False,True
CVE-2024-36857,SIN_CWE,,,,,,,False,True
CVE-2024-36858,SIN_CWE,,,,,,,False,True
CVE-2024-36971,SIN_CWE,,,,,,,True,False
CVE-2024-36991,SIN_CWE,,,,,,,False,True
CVE-2024-37032,SIN_CWE,,,,,,,False,True
CVE-2024-37079,SIN_CWE,,,,,,,True,False
CVE-2024-37085,SIN_CWE,,,,,,,True,False
CVE-2024-37152,SIN_CWE,,,,,,,False,True
CVE-2024-37259,SIN_CWE,,,,,,,False,True
CVE-2024-37261,SIN_CWE,,,,,,,False,True
CVE-2024-37383,SIN_CWE,,,,,,,True,False
CVE-2024-37393,SIN_CWE,,,,,,,False,True
CVE-2024-3742,SIN_CWE,,,,,,,False,True
CVE-2024-3753,SIN_CWE,,,,,,,False,True
CVE-2024-37656,SIN_CWE,,,,,,,False,True
CVE-2024-37728,SIN_CWE,,,,,,,False,True
CVE-2024-37843,SIN_CWE,,,,,,,False,True
CVE-2024-37881,SIN_CWE,,,,,,,False,True
CVE-2024-38014,SIN_CWE,,,,,,,True,False
CVE-2024-38080,SIN_CWE,,,,,,,True,False
CVE-2024-38094,SIN_CWE,,,,,,,True,False
CVE-2024-38106,SIN_CWE,,,,,,,True,False
CVE-2024-38107,SIN_CWE,,,,,,,True,False
CVE-2024-38112,SIN_CWE,,,,,,,True,False
CVE-2024-38178,SIN_CWE,,,,,,,True,False
CVE-2024-38189,SIN_CWE,,,,,,,True,False
CVE-2024-38193,SIN_CWE,,,,,,,True,False
CVE-2024-38213,SIN_CWE,,,,,,,True,False
CVE-2024-38217,SIN_CWE,,,,,,,True,False
CVE-2024-3822,SIN_CWE,,,,,,,False,True
CVE-2024-38226,SIN_CWE,,,,,,,True,False
CVE-2024-38288,SIN_CWE,,,,,,,False,True
CVE-2024-38289,SIN_CWE,,,,,,,False,True
CVE-2024-38353,SIN_CWE,,,,,,,False,True
CVE-2024-38472,SIN_CWE,,,,,,,False,True
CVE-2024-38473,SIN_CWE,,,,,,,False,True
CVE-2024-38475,SIN_CWE,,,,,,,True,True
CVE-2024-3848,SIN_CWE,,,,,,,False,True
CVE-2024-3850,SIN_CWE,,,,,,,False,True
CVE-2024-38514,SIN_CWE,,,,,,,False,True
CVE-2024-38653,SIN_CWE,,,,,,,False,True
CVE-2024-38773,SIN_CWE,,,,,,,False,True
CVE-2024-38812,SIN_CWE,,,,,,,True,False
CVE-2024-38813,SIN_CWE,,,,,,,True,False
CVE-2024-38816,SIN_CWE,,,,,,,False,True
CVE-2024-38819,SIN_CWE,,,,,,,False,True
CVE-2024-38856,SIN_CWE,,,,,,,True,True
CVE-2024-3922,SIN_CWE,,,,,,,False,True
CVE-2024-39250,SIN_CWE,,,,,,,False,True
CVE-2024-39646,SIN_CWE,,,,,,,False,True
CVE-2024-39713,SIN_CWE,,,,,,,False,True
CVE-2024-39717,SIN_CWE,,,,,,,True,False
CVE-2024-39887,SIN_CWE,,,,,,,False,True
CVE-2024-39891,SIN_CWE,,,,,,,True,False
CVE-2024-39903,SIN_CWE,,,,,,,False,True
CVE-2024-39907,SIN_CWE,,,,,,,False,True
CVE-2024-39914,SIN_CWE,,,,,,,False,True
CVE-2024-40348,SIN_CWE,,,,,,,False,True
CVE-2024-4040,SIN_CWE,,,,,,,True,True
CVE-2024-40422,SIN_CWE,,,,,,,False,True
CVE-2024-40711,SIN_CWE,,,,,,,True,True
CVE-2024-40766,SIN_CWE,,,,,,,True,False
CVE-2024-40890,SIN_CWE,,,,,,,True,False
CVE-2024-40891,SIN_CWE,,,,,,,True,False
CVE-2024-41107,SIN_CWE,,,,,,,False,True
CVE-2024-41628,SIN_CWE,,,,,,,False,True
CVE-2024-41667,SIN_CWE,,,,,,,False,True
CVE-2024-41710,SIN_CWE,,,,,,,True,False
CVE-2024-41713,SIN_CWE,,,,,,,True,True
CVE-2024-4180,SIN_CWE,,,,,,,False,True
CVE-2024-41810,SIN_CWE,,,,,,,False,True
CVE-2024-41955,SIN_CWE,,,,,,,False,True
CVE-2024-42009,SIN_CWE,,,,,,,True,True
CVE-2024-4257,SIN_CWE,,,,,,,False,True
CVE-2024-42640,SIN_CWE,,,,,,,False,True
CVE-2024-42852,SIN_CWE,,,,,,,False,True
CVE-2024-4295,SIN_CWE,,,,,,,False,True
CVE-2024-43047,SIN_CWE,,,,,,,True,False
CVE-2024-43093,SIN_CWE,,,,,,,True,False
CVE-2024-43144,SIN_CWE,,,,,,,False,True
CVE-2024-43160,SIN_CWE,,,,,,,False,True
CVE-2024-4322,SIN_CWE,,,,,,,False,True
CVE-2024-4325,SIN_CWE,,,,,,,False,True
CVE-2024-43283,SIN_CWE,,,,,,,False,True
CVE-2024-43360,SIN_CWE,,,,,,,False,True
CVE-2024-43425,SIN_CWE,,,,,,,False,True
CVE-2024-43441,SIN_CWE,,,,,,,False,True
CVE-2024-43451,SIN_CWE,,,,,,,True,False
CVE-2024-43461,SIN_CWE,,,,,,,True,False
CVE-2024-43468,SIN_CWE,,,,,,,True,False
CVE-2024-4348,SIN_CWE,,,,,,,False,True
CVE-2024-43572,SIN_CWE,,,,,,,True,False
CVE-2024-43573,SIN_CWE,,,,,,,True,False
CVE-2024-4358,SIN_CWE,,,,,,,True,True
CVE-2024-43917,SIN_CWE,,,,,,,False,True
CVE-2024-43919,SIN_CWE,,,,,,,False,True
CVE-2024-43965,SIN_CWE,,,,,,,False,True
CVE-2024-43971,SIN_CWE,,,,,,,False,True
CVE-2024-4399,SIN_CWE,,,,,,,False,True
CVE-2024-44000,SIN_CWE,,,,,,,False,True
CVE-2024-44308,SIN_CWE,,,,,,,True,False
CVE-2024-44309,SIN_CWE,,,,,,,True,False
CVE-2024-4434,SIN_CWE,,,,,,,False,True
CVE-2024-44349,SIN_CWE,,,,,,,False,True
CVE-2024-4439,SIN_CWE,,,,,,,False,True
CVE-2024-4443,SIN_CWE,,,,,,,False,True
CVE-2024-4455,SIN_CWE,,,,,,,False,True
CVE-2024-44762,SIN_CWE,,,,,,,False,True
CVE-2024-44849,SIN_CWE,,,,,,,False,True
CVE-2024-45195,SIN_CWE,,,,,,,True,True
CVE-2024-45216,SIN_CWE,,,,,,,False,True
CVE-2024-45241,SIN_CWE,,,,,,,False,True
CVE-2024-45293,SIN_CWE,,,,,,,False,True
CVE-2024-45309,SIN_CWE,,,,,,,False,True
CVE-2024-45388,SIN_CWE,,,,,,,False,True
CVE-2024-45440,SIN_CWE,,,,,,,False,True
CVE-2024-45488,SIN_CWE,,,,,,,False,True
CVE-2024-45507,SIN_CWE,,,,,,,False,True
CVE-2024-45519,SIN_CWE,,,,,,,True,True
CVE-2024-45591,SIN_CWE,,,,,,,False,True
CVE-2024-45622,SIN_CWE,,,,,,,False,True
CVE-2024-4577,SIN_CWE,,,,,,,True,True
CVE-2024-4610,SIN_CWE,,,,,,,True,False
CVE-2024-4620,SIN_CWE,,,,,,,False,True
CVE-2024-46310,SIN_CWE,,,,,,,False,True
CVE-2024-46506,SIN_CWE,,,,,,,False,True
CVE-2024-46507,SIN_CWE,,,,,,,False,True
CVE-2024-46627,SIN_CWE,,,,,,,False,True
CVE-2024-4671,SIN_CWE,,,,,,,True,False
CVE-2024-46938,SIN_CWE,,,,,,,False,True
CVE-2024-46986,SIN_CWE,,,,,,,False,True
CVE-2024-47062,SIN_CWE,,,,,,,False,True
CVE-2024-47073,SIN_CWE,,,,,,,False,True
CVE-2024-47176,SIN_CWE,,,,,,,False,True
CVE-2024-47308,SIN_CWE,,,,,,,False,True
CVE-2024-47374,SIN_CWE,,,,,,,False,True
CVE-2024-47533,SIN_CWE,,,,,,,False,True
CVE-2024-47575,SIN_CWE,,,,,,,True,False
CVE-2024-4761,SIN_CWE,,,,,,,True,False
CVE-2024-48208,SIN_CWE,,,,,,,False,True
CVE-2024-48248,SIN_CWE,,,,,,,True,True
CVE-2024-48259,SIN_CWE,,,,,,,False,True
CVE-2024-48307,SIN_CWE,,,,,,,False,True
CVE-2024-4836,SIN_CWE,,,,,,,False,True
CVE-2024-48360,SIN_CWE,,,,,,,False,True
CVE-2024-4841,SIN_CWE,,,,,,,False,True
CVE-2024-48455,SIN_CWE,,,,,,,False,True
CVE-2024-48651,SIN_CWE,,,,,,,False,True
CVE-2024-48766,SIN_CWE,,,,,,,False,True
CVE-2024-4879,SIN_CWE,,,,,,,True,True
CVE-2024-4885,SIN_CWE,,,,,,,True,True
CVE-2024-48914,SIN_CWE,,,,,,,False,True
CVE-2024-4898,SIN_CWE,,,,,,,False,True
CVE-2024-49035,SIN_CWE,,,,,,,True,False
CVE-2024-49039,SIN_CWE,,,,,,,True,False
CVE-2024-49138,SIN_CWE,,,,,,,True,False
CVE-2024-49357,SIN_CWE,,,,,,,False,True
CVE-2024-49380,SIN_CWE,,,,,,,False,True
CVE-2024-4940,SIN_CWE,,,,,,,False,True
CVE-2024-4947,SIN_CWE,,,,,,,True,False
CVE-2024-4956,SIN_CWE,,,,,,,False,True
CVE-2024-49757,SIN_CWE,,,,,,,False,True
CVE-2024-4978,SIN_CWE,,,,,,,True,False
CVE-2024-50302,SIN_CWE,,,,,,,True,False
CVE-2024-50334,SIN_CWE,,,,,,,False,True
CVE-2024-50340,SIN_CWE,,,,,,,False,True
CVE-2024-50477,SIN_CWE,,,,,,,False,True
CVE-2024-50498,SIN_CWE,,,,,,,False,True
CVE-2024-5057,SIN_CWE,,,,,,,False,True
CVE-2024-50603,SIN_CWE,,,,,,,True,True
CVE-2024-50623,SIN_CWE,,,,,,,True,True
CVE-2024-5082,SIN_CWE,,,,,,,False,True
CVE-2024-5084,SIN_CWE,,,,,,,False,True
CVE-2024-50857,SIN_CWE,,,,,,,False,True
CVE-2024-50967,SIN_CWE,,,,,,,False,True
CVE-2024-51211,SIN_CWE,,,,,,,False,True
CVE-2024-51228,SIN_CWE,,,,,,,False,True
CVE-2024-51378,SIN_CWE,,,,,,,True,True
CVE-2024-51482,SIN_CWE,,,,,,,False,True
CVE-2024-51483,SIN_CWE,,,,,,,False,True
CVE-2024-51567,SIN_CWE,,,,,,,True,True
CVE-2024-51568,SIN_CWE,,,,,,,False,True
CVE-2024-51739,SIN_CWE,,,,,,,False,True
CVE-2024-51977,SIN_CWE,,,,,,,False,True
CVE-2024-51978,SIN_CWE,,,,,,,False,True
CVE-2024-5217,SIN_CWE,,,,,,,True,True
CVE-2024-5230,SIN_CWE,,,,,,,False,True
CVE-2024-52433,SIN_CWE,,,,,,,False,True
CVE-2024-5274,SIN_CWE,,,,,,,True,False
CVE-2024-5276,SIN_CWE,,,,,,,False,True
CVE-2024-52762,SIN_CWE,,,,,,,False,True
CVE-2024-52763,SIN_CWE,,,,,,,False,True
CVE-2024-52875,SIN_CWE,,,,,,,False,True
CVE-2024-53104,SIN_CWE,,,,,,,True,False
CVE-2024-5315,SIN_CWE,,,,,,,False,True
CVE-2024-53150,SIN_CWE,,,,,,,True,False
CVE-2024-53197,SIN_CWE,,,,,,,True,False
CVE-2024-5333,SIN_CWE,,,,,,,False,True
CVE-2024-5334,SIN_CWE,,,,,,,False,True
CVE-2024-53704,SIN_CWE,,,,,,,True,True
CVE-2024-53900,SIN_CWE,,,,,,,False,True
CVE-2024-53991,SIN_CWE,,,,,,,False,True
CVE-2024-53995,SIN_CWE,,,,,,,False,True
CVE-2024-54085,SIN_CWE,,,,,,,True,False
CVE-2024-5420,SIN_CWE,,,,,,,False,True
CVE-2024-5421,SIN_CWE,,,,,,,False,True
CVE-2024-54330,SIN_CWE,,,,,,,False,True
CVE-2024-54385,SIN_CWE,,,,,,,False,True
CVE-2024-54763,SIN_CWE,,,,,,,False,True
CVE-2024-54764,SIN_CWE,,,,,,,False,True
CVE-2024-54767,SIN_CWE,,,,,,,False,True
CVE-2024-5483,SIN_CWE,,,,,,,False,True
CVE-2024-5488,SIN_CWE,,,,,,,False,True
CVE-2024-55218,SIN_CWE,,,,,,,False,True
CVE-2024-5522,SIN_CWE,,,,,,,False,True
CVE-2024-55415,SIN_CWE,,,,,,,False,True
CVE-2024-55416,SIN_CWE,,,,,,,False,True
CVE-2024-55417,SIN_CWE,,,,,,,False,True
CVE-2024-55457,SIN_CWE,,,,,,,False,True
CVE-2024-55550,SIN_CWE,,,,,,,True,True
CVE-2024-55591,SIN_CWE,,,,,,,True,True
CVE-2024-55956,SIN_CWE,,,,,,,True,True
CVE-2024-56145,SIN_CWE,,,,,,,True,True
CVE-2024-56159,SIN_CWE,,,,,,,False,True
CVE-2024-56325,SIN_CWE,,,,,,,False,True
CVE-2024-56512,SIN_CWE,,,,,,,False,True
CVE-2024-57045,SIN_CWE,,,,,,,False,True
CVE-2024-57046,SIN_CWE,,,,,,,False,True
CVE-2024-57049,SIN_CWE,,,,,,,False,True
CVE-2024-57050,SIN_CWE,,,,,,,False,True
CVE-2024-57241,SIN_CWE,,,,,,,False,True
CVE-2024-57514,SIN_CWE,,,,,,,False,True
CVE-2024-5765,SIN_CWE,,,,,,,False,True
CVE-2024-57726,SIN_CWE,,,,,,,True,False
CVE-2024-57727,SIN_CWE,,,,,,,True,True
CVE-2024-57728,SIN_CWE,,,,,,,True,False
CVE-2024-57968,SIN_CWE,,,,,,,True,False
CVE-2024-58136,SIN_CWE,,,,,,,True,True
CVE-2024-5827,SIN_CWE,,,,,,,False,True
CVE-2024-5910,SIN_CWE,,,,,,,True,True
CVE-2024-5932,SIN_CWE,,,,,,,False,True
CVE-2024-5936,SIN_CWE,,,,,,,False,True
CVE-2024-5947,SIN_CWE,,,,,,,False,True
CVE-2024-5975,SIN_CWE,,,,,,,False,True
CVE-2024-6028,SIN_CWE,,,,,,,False,True
CVE-2024-6047,SIN_CWE,,,,,,,True,False
CVE-2024-6049,SIN_CWE,,,,,,,False,True
CVE-2024-6095,SIN_CWE,,,,,,,False,True
CVE-2024-6159,SIN_CWE,,,,,,,False,True
CVE-2024-6188,SIN_CWE,,,,,,,False,True
CVE-2024-6205,SIN_CWE,,,,,,,False,True
CVE-2024-6220,SIN_CWE,,,,,,,False,True
CVE-2024-6235,SIN_CWE,,,,,,,False,True
CVE-2024-6250,SIN_CWE,,,,,,,False,True
CVE-2024-6265,SIN_CWE,,,,,,,False,True
CVE-2024-6289,SIN_CWE,,,,,,,False,True
CVE-2024-6366,SIN_CWE,,,,,,,False,True
CVE-2024-6396,SIN_CWE,,,,,,,False,True
CVE-2024-6420,SIN_CWE,,,,,,,False,True
CVE-2024-6460,SIN_CWE,,,,,,,False,True
CVE-2024-6517,SIN_CWE,,,,,,,False,True
CVE-2024-6555,SIN_CWE,,,,,,,False,True
CVE-2024-6586,SIN_CWE,,,,,,,False,True
CVE-2024-6587,SIN_CWE,,,,,,,False,True
CVE-2024-6646,SIN_CWE,,,,,,,False,True
CVE-2024-6651,SIN_CWE,,,,,,,False,True
CVE-2024-6670,SIN_CWE,,,,,,,True,True
CVE-2024-6671,SIN_CWE,,,,,,,False,True
CVE-2024-6690,SIN_CWE,,,,,,,False,True
CVE-2024-6746,SIN_CWE,,,,,,,False,True
CVE-2024-6753,SIN_CWE,,,,,,,False,True
CVE-2024-6781,SIN_CWE,,,,,,,False,True
CVE-2024-6782,SIN_CWE,,,,,,,False,True
CVE-2024-6842,SIN_CWE,,,,,,,False,True
CVE-2024-6845,SIN_CWE,,,,,,,False,True
CVE-2024-6846,SIN_CWE,,,,,,,False,True
CVE-2024-6886,SIN_CWE,,,,,,,False,True
CVE-2024-6892,SIN_CWE,,,,,,,False,True
CVE-2024-6893,SIN_CWE,,,,,,,False,True
CVE-2024-6911,SIN_CWE,,,,,,,False,True
CVE-2024-6922,SIN_CWE,,,,,,,False,True
CVE-2024-6924,SIN_CWE,,,,,,,False,True
CVE-2024-6926,SIN_CWE,,,,,,,False,True
CVE-2024-6928,SIN_CWE,,,,,,,False,True
CVE-2024-7008,SIN_CWE,,,,,,,False,True
CVE-2024-7029,SIN_CWE,,,,,,,False,True
CVE-2024-7097,SIN_CWE,,,,,,,False,True
CVE-2024-7120,SIN_CWE,,,,,,,False,True
CVE-2024-7188,SIN_CWE,,,,,,,False,True
CVE-2024-7262,SIN_CWE,,,,,,,True,False
CVE-2024-7313,SIN_CWE,,,,,,,False,True
CVE-2024-7314,SIN_CWE,,,,,,,False,True
CVE-2024-7332,SIN_CWE,,,,,,,False,True
CVE-2024-7339,SIN_CWE,,,,,,,False,True
CVE-2024-7340,SIN_CWE,,,,,,,False,True
CVE-2024-7354,SIN_CWE,,,,,,,False,True
CVE-2024-7399,SIN_CWE,,,,,,,True,True
CVE-2024-7591,SIN_CWE,,,,,,,False,True
CVE-2024-7593,SIN_CWE,,,,,,,True,True
CVE-2024-7694,SIN_CWE,,,,,,,True,False
CVE-2024-7714,SIN_CWE,,,,,,,False,True
CVE-2024-7786,SIN_CWE,,,,,,,False,True
CVE-2024-7854,SIN_CWE,,,,,,,False,True
CVE-2024-7928,SIN_CWE,,,,,,,False,True
CVE-2024-7954,SIN_CWE,,,,,,,False,True
CVE-2024-7965,SIN_CWE,,,,,,,True,False
CVE-2024-7971,SIN_CWE,,,,,,,True,False
CVE-2024-8021,SIN_CWE,,,,,,,False,True
CVE-2024-8068,SIN_CWE,,,,,,,True,False
CVE-2024-8069,SIN_CWE,,,,,,,True,False
CVE-2024-8181,SIN_CWE,,,,,,,False,True
CVE-2024-8190,SIN_CWE,,,,,,,True,False
CVE-2024-8252,SIN_CWE,,,,,,,False,True
CVE-2024-8353,SIN_CWE,,,,,,,False,True
CVE-2024-8425,SIN_CWE,,,,,,,False,True
CVE-2024-8484,SIN_CWE,,,,,,,False,True
CVE-2024-8503,SIN_CWE,,,,,,,False,True
CVE-2024-8517,SIN_CWE,,,,,,,False,True
CVE-2024-8522,SIN_CWE,,,,,,,False,True
CVE-2024-8529,SIN_CWE,,,,,,,False,True
CVE-2024-8625,SIN_CWE,,,,,,,False,True
CVE-2024-8673,SIN_CWE,,,,,,,False,True
CVE-2024-8698,SIN_CWE,,,,,,,False,True
CVE-2024-8752,SIN_CWE,,,,,,,False,True
CVE-2024-8852,SIN_CWE,,,,,,,False,True
CVE-2024-8856,SIN_CWE,,,,,,,False,True
CVE-2024-8859,SIN_CWE,,,,,,,False,True
CVE-2024-8877,SIN_CWE,,,,,,,False,True
CVE-2024-8883,SIN_CWE,,,,,,,False,True
CVE-2024-8911,SIN_CWE,,,,,,,False,True
CVE-2024-8943,SIN_CWE,,,,,,,False,True
CVE-2024-8956,SIN_CWE,,,,,,,True,False
CVE-2024-8957,SIN_CWE,,,,,,,True,False
CVE-2024-8963,SIN_CWE,,,,,,,True,True
CVE-2024-9007,SIN_CWE,,,,,,,False,True
CVE-2024-9014,SIN_CWE,,,,,,,False,True
CVE-2024-9047,SIN_CWE,,,,,,,False,True
CVE-2024-9061,SIN_CWE,,,,,,,False,True
CVE-2024-9161,SIN_CWE,,,,,,,False,True
CVE-2024-9166,SIN_CWE,,,,,,,False,True
CVE-2024-9186,SIN_CWE,,,,,,,False,True
CVE-2024-9193,SIN_CWE,,,,,,,False,True
CVE-2024-9234,SIN_CWE,,,,,,,False,True
CVE-2024-9264,SIN_CWE,,,,,,,False,True
CVE-2024-9379,SIN_CWE,,,,,,,True,False
CVE-2024-9380,SIN_CWE,,,,,,,True,False
CVE-2024-9463,SIN_CWE,,,,,,,True,True
CVE-2024-9465,SIN_CWE,,,,,,,True,True
CVE-2024-9474,SIN_CWE,,,,,,,True,True
CVE-2024-9537,SIN_CWE,,,,,,,True,False
CVE-2024-9593,SIN_CWE,,,,,,,False,True
CVE-2024-9617,SIN_CWE,,,,,,,False,True
CVE-2024-9643,SIN_CWE,,,,,,,False,True
CVE-2024-9680,SIN_CWE,,,,,,,True,False
CVE-2024-9707,SIN_CWE,,,,,,,False,True
CVE-2024-9765,SIN_CWE,,,,,,,False,True
CVE-2024-9772,SIN_CWE,,,,,,,False,True
CVE-2024-9796,SIN_CWE,,,,,,,False,True
CVE-2024-9916,SIN_CWE,,,,,,,False,True
CVE-2024-9935,SIN_CWE,,,,,,,False,True
CVE-2024-9989,SIN_CWE,,,,,,,False,True
CVE-2025-0107,SIN_CWE,,,,,,,False,True
CVE-2025-0108,SIN_CWE,,,,,,,True,True
CVE-2025-0111,SIN_CWE,,,,,,,True,False
CVE-2025-0133,SIN_CWE,,,,,,,False,True
CVE-2025-0282,SIN_CWE,,,,,,,True,True
CVE-2025-0411,SIN_CWE,,,,,,,True,False
CVE-2025-0674,SIN_CWE,,,,,,,False,True
CVE-2025-0868,SIN_CWE,,,,,,,False,True
CVE-2025-0994,SIN_CWE,,,,,,,True,False
CVE-2025-10035,SIN_CWE,,,,,,,True,True
CVE-2025-10090,SIN_CWE,,,,,,,False,True
CVE-2025-10162,SIN_CWE,,,,,,,False,True
CVE-2025-10204,SIN_CWE,,,,,,,False,True
CVE-2025-10210,SIN_CWE,,,,,,,False,True
CVE-2025-10211,SIN_CWE,,,,,,,False,True
CVE-2025-1023,SIN_CWE,,,,,,,False,True
CVE-2025-1025,SIN_CWE,,,,,,,False,True
CVE-2025-1035,SIN_CWE,,,,,,,False,True
CVE-2025-10353,SIN_CWE,,,,,,,False,True
CVE-2025-10585,SIN_CWE,,,,,,,True,False
CVE-2025-10897,SIN_CWE,,,,,,,False,True
CVE-2025-1097,SIN_CWE,,,,,,,False,True
CVE-2025-1098,SIN_CWE,,,,,,,False,True
CVE-2025-11307,SIN_CWE,,,,,,,False,True
CVE-2025-11368,SIN_CWE,,,,,,,False,True
CVE-2025-11371,SIN_CWE,,,,,,,True,True
CVE-2025-11580,SIN_CWE,,,,,,,False,True
CVE-2025-11693,SIN_CWE,,,,,,,False,True
CVE-2025-11700,SIN_CWE,,,,,,,False,True
CVE-2025-11749,SIN_CWE,,,,,,,False,True
CVE-2025-11750,SIN_CWE,,,,,,,False,True
CVE-2025-11833,SIN_CWE,,,,,,,False,True
CVE-2025-11953,SIN_CWE,,,,,,,True,False
CVE-2025-12055,SIN_CWE,,,,,,,False,True
CVE-2025-12101,SIN_CWE,,,,,,,False,True
CVE-2025-12139,SIN_CWE,,,,,,,False,True
CVE-2025-1232,SIN_CWE,,,,,,,False,True
CVE-2025-12480,SIN_CWE,,,,,,,True,True
CVE-2025-12536,SIN_CWE,,,,,,,False,True
CVE-2025-1302,SIN_CWE,,,,,,,False,True
CVE-2025-1303,SIN_CWE,,,,,,,False,True
CVE-2025-13138,SIN_CWE,,,,,,,False,True
CVE-2025-1316,SIN_CWE,,,,,,,True,False
CVE-2025-13223,SIN_CWE,,,,,,,True,False
CVE-2025-1323,SIN_CWE,,,,,,,False,True
CVE-2025-13315,SIN_CWE,,,,,,,False,True
CVE-2025-1338,SIN_CWE,,,,,,,False,True
CVE-2025-13390,SIN_CWE,,,,,,,False,True
CVE-2025-13418,SIN_CWE,,,,,,,False,True
CVE-2025-13486,SIN_CWE,,,,,,,False,True
CVE-2025-1361,SIN_CWE,,,,,,,False,True
CVE-2025-13652,SIN_CWE,,,,,,,False,True
CVE-2025-13801,SIN_CWE,,,,,,,False,True
CVE-2025-13920,SIN_CWE,,,,,,,False,True
CVE-2025-13956,SIN_CWE,,,,,,,False,True
CVE-2025-14124,SIN_CWE,,,,,,,False,True
CVE-2025-14155,SIN_CWE,,,,,,,False,True
CVE-2025-14174,SIN_CWE,,,,,,,True,False
CVE-2025-14340,SIN_CWE,,,,,,,False,True
CVE-2025-14437,SIN_CWE,,,,,,,False,True
CVE-2025-14528,SIN_CWE,,,,,,,False,True
CVE-2025-14611,SIN_CWE,,,,,,,True,True
CVE-2025-14726,SIN_CWE,,,,,,,False,True
CVE-2025-14733,SIN_CWE,,,,,,,True,False
CVE-2025-14847,SIN_CWE,,,,,,,True,True
CVE-2025-15503,SIN_CWE,,,,,,,False,True
CVE-2025-15556,SIN_CWE,,,,,,,True,False
CVE-2025-1562,SIN_CWE,,,,,,,False,True
CVE-2025-1595,SIN_CWE,,,,,,,False,True
CVE-2025-1661,SIN_CWE,,,,,,,False,True
CVE-2025-1743,SIN_CWE,,,,,,,False,True
CVE-2025-1974,SIN_CWE,,,,,,,False,True
CVE-2025-1976,SIN_CWE,,,,,,,True,False
CVE-2025-2010,SIN_CWE,,,,,,,False,True
CVE-2025-2011,SIN_CWE,,,,,,,False,True
CVE-2025-20188,SIN_CWE,,,,,,,False,True
CVE-2025-20281,SIN_CWE,,,,,,,True,True
CVE-2025-20333,SIN_CWE,,,,,,,True,False
CVE-2025-20337,SIN_CWE,,,,,,,True,False
CVE-2025-20352,SIN_CWE,,,,,,,True,False
CVE-2025-20362,SIN_CWE,,,,,,,True,True
CVE-2025-20393,SIN_CWE,,,,,,,True,False
CVE-2025-2075,SIN_CWE,,,,,,,False,True
CVE-2025-21042,SIN_CWE,,,,,,,True,False
CVE-2025-21043,SIN_CWE,,,,,,,True,False
CVE-2025-2127,SIN_CWE,,,,,,,False,True
CVE-2025-2129,SIN_CWE,,,,,,,False,True
CVE-2025-21333,SIN_CWE,,,,,,,True,False
CVE-2025-21334,SIN_CWE,,,,,,,True,False
CVE-2025-21335,SIN_CWE,,,,,,,True,False
CVE-2025-21391,SIN_CWE,,,,,,,True,False
CVE-2025-21418,SIN_CWE,,,,,,,True,False
CVE-2025-21479,SIN_CWE,,,,,,,True,False
CVE-2025-21480,SIN_CWE,,,,,,,True,False
CVE-2025-21590,SIN_CWE,,,,,,,True,False
CVE-2025-2221,SIN_CWE,,,,,,,False,True
CVE-2025-22214,SIN_CWE,,,,,,,False,True
CVE-2025-22224,SIN_CWE,,,,,,,True,False
CVE-2025-22225,SIN_CWE,,,,,,,True,False
CVE-2025-22226,SIN_CWE,,,,,,,True,False
CVE-2025-22457,SIN_CWE,,,,,,,True,False
CVE-2025-2264,SIN_CWE,,,,,,,False,True
CVE-2025-22785,SIN_CWE,,,,,,,False,True
CVE-2025-2294,SIN_CWE,,,,,,,False,True
CVE-2025-22952,SIN_CWE,,,,,,,False,True
CVE-2025-23006,SIN_CWE,,,,,,,True,False
CVE-2025-23061,SIN_CWE,,,,,,,False,True
CVE-2025-23209,SIN_CWE,,,,,,,True,False
CVE-2025-23211,SIN_CWE,,,,,,,False,True
CVE-2025-24016,SIN_CWE,,,,,,,True,True
CVE-2025-24054,SIN_CWE,,,,,,,True,False
CVE-2025-24085,SIN_CWE,,,,,,,True,False
CVE-2025-24200,SIN_CWE,,,,,,,True,False
CVE-2025-24201,SIN_CWE,,,,,,,True,False
CVE-2025-24354,SIN_CWE,,,,,,,False,True
CVE-2025-24472,SIN_CWE,,,,,,,True,False
CVE-2025-24514,SIN_CWE,,,,,,,False,True
CVE-2025-24582,SIN_CWE,,,,,,,False,True
CVE-2025-2473,SIN_CWE,,,,,,,False,True
CVE-2025-24786,SIN_CWE,,,,,,,False,True
CVE-2025-24799,SIN_CWE,,,,,,,False,True
CVE-2025-24813,SIN_CWE,,,,,,,True,True
CVE-2025-24893,SIN_CWE,,,,,,,True,True
CVE-2025-24963,SIN_CWE,,,,,,,False,True
CVE-2025-24983,SIN_CWE,,,,,,,True,False
CVE-2025-24984,SIN_CWE,,,,,,,True,False
CVE-2025-24985,SIN_CWE,,,,,,,True,False
CVE-2025-24989,SIN_CWE,,,,,,,True,False
CVE-2025-24990,SIN_CWE,,,,,,,True,False
CVE-2025-24991,SIN_CWE,,,,,,,True,False
CVE-2025-24993,SIN_CWE,,,,,,,True,False
CVE-2025-25034,SIN_CWE,,,,,,,False,True
CVE-2025-25037,SIN_CWE,,,,,,,False,True
CVE-2025-25181,SIN_CWE,,,,,,,True,False
CVE-2025-25231,SIN_CWE,,,,,,,False,True
CVE-2025-25256,SIN_CWE,,,,,,,False,True
CVE-2025-25257,SIN_CWE,,,,,,,True,True
CVE-2025-2539,SIN_CWE,,,,,,,False,True
CVE-2025-25570,SIN_CWE,,,,,,,False,True
CVE-2025-2558,SIN_CWE,,,,,,,False,True
CVE-2025-2563,SIN_CWE,,,,,,,False,True
CVE-2025-2609,SIN_CWE,,,,,,,False,True
CVE-2025-2610,SIN_CWE,,,,,,,False,True
CVE-2025-2611,SIN_CWE,,,,,,,False,True
CVE-2025-26319,SIN_CWE,,,,,,,False,True
CVE-2025-2636,SIN_CWE,,,,,,,False,True
CVE-2025-26399,SIN_CWE,,,,,,,True,False
CVE-2025-26633,SIN_CWE,,,,,,,True,False
CVE-2025-26793,SIN_CWE,,,,,,,False,True
CVE-2025-27007,SIN_CWE,,,,,,,False,True
CVE-2025-27038,SIN_CWE,,,,,,,True,False
CVE-2025-2709,SIN_CWE,,,,,,,False,True
CVE-2025-2710,SIN_CWE,,,,,,,False,True
CVE-2025-2711,SIN_CWE,,,,,,,False,True
CVE-2025-27112,SIN_CWE,,,,,,,False,True
CVE-2025-2712,SIN_CWE,,,,,,,False,True
CVE-2025-27134,SIN_CWE,,,,,,,False,True
CVE-2025-27218,SIN_CWE,,,,,,,False,True
CVE-2025-27222,SIN_CWE,,,,,,,False,True
CVE-2025-27223,SIN_CWE,,,,,,,False,True
CVE-2025-27225,SIN_CWE,,,,,,,False,True
CVE-2025-27363,SIN_CWE,,,,,,,True,False
CVE-2025-2746,SIN_CWE,,,,,,,True,True
CVE-2025-2747,SIN_CWE,,,,,,,True,True
CVE-2025-2748,SIN_CWE,,,,,,,False,True
CVE-2025-2749,SIN_CWE,,,,,,,True,False
CVE-2025-27505,SIN_CWE,,,,,,,False,True
CVE-2025-27506,SIN_CWE,,,,,,,False,True
CVE-2025-2775,SIN_CWE,,,,,,,True,True
CVE-2025-2776,SIN_CWE,,,,,,,True,True
CVE-2025-2777,SIN_CWE,,,,,,,False,True
CVE-2025-27817,SIN_CWE,,,,,,,False,True
CVE-2025-2783,SIN_CWE,,,,,,,True,False
CVE-2025-27888,SIN_CWE,,,,,,,False,True
CVE-2025-27892,SIN_CWE,,,,,,,False,True
CVE-2025-27915,SIN_CWE,,,,,,,True,True
CVE-2025-27920,SIN_CWE,,,,,,,True,False
CVE-2025-28228,SIN_CWE,,,,,,,False,True
CVE-2025-28242,SIN_CWE,,,,,,,False,True
CVE-2025-28367,SIN_CWE,,,,,,,False,True
CVE-2025-28906,SIN_CWE,,,,,,,False,True
CVE-2025-2907,SIN_CWE,,,,,,,False,True
CVE-2025-29085,SIN_CWE,,,,,,,False,True
CVE-2025-29306,SIN_CWE,,,,,,,False,True
CVE-2025-29635,SIN_CWE,,,,,,,True,False
CVE-2025-29824,SIN_CWE,,,,,,,True,False
CVE-2025-29925,SIN_CWE,,,,,,,False,True
CVE-2025-29927,SIN_CWE,,,,,,,False,True
CVE-2025-30066,SIN_CWE,,,,,,,True,False
CVE-2025-30154,SIN_CWE,,,,,,,True,False
CVE-2025-30208,SIN_CWE,,,,,,,False,True
CVE-2025-30220,SIN_CWE,,,,,,,False,True
CVE-2025-30397,SIN_CWE,,,,,,,True,False
CVE-2025-30400,SIN_CWE,,,,,,,True,False
CVE-2025-30406,SIN_CWE,,,,,,,True,True
CVE-2025-30567,SIN_CWE,,,,,,,False,True
CVE-2025-3102,SIN_CWE,,,,,,,False,True
CVE-2025-31125,SIN_CWE,,,,,,,True,True
CVE-2025-31131,SIN_CWE,,,,,,,False,True
CVE-2025-31161,SIN_CWE,,,,,,,True,True
CVE-2025-31200,SIN_CWE,,,,,,,True,False
CVE-2025-31201,SIN_CWE,,,,,,,True,False
CVE-2025-31277,SIN_CWE,,,,,,,True,False
CVE-2025-31324,SIN_CWE,,,,,,,True,True
CVE-2025-31486,SIN_CWE,,,,,,,False,True
CVE-2025-31489,SIN_CWE,,,,,,,False,True
CVE-2025-32101,SIN_CWE,,,,,,,False,True
CVE-2025-32257,SIN_CWE,,,,,,,False,True
CVE-2025-32355,SIN_CWE,,,,,,,False,True
CVE-2025-32395,SIN_CWE,,,,,,,False,True
CVE-2025-32429,SIN_CWE,,,,,,,False,True
CVE-2025-32430,SIN_CWE,,,,,,,False,True
CVE-2025-32432,SIN_CWE,,,,,,,True,True
CVE-2025-32433,SIN_CWE,,,,,,,True,False
CVE-2025-32463,SIN_CWE,,,,,,,True,False
CVE-2025-3248,SIN_CWE,,,,,,,True,True
CVE-2025-32614,SIN_CWE,,,,,,,False,True
CVE-2025-32701,SIN_CWE,,,,,,,True,False
CVE-2025-32706,SIN_CWE,,,,,,,True,False
CVE-2025-32709,SIN_CWE,,,,,,,True,False
CVE-2025-32756,SIN_CWE,,,,,,,True,False
CVE-2025-32813,SIN_CWE,,,,,,,False,True
CVE-2025-32814,SIN_CWE,,,,,,,False,True
CVE-2025-32815,SIN_CWE,,,,,,,False,True
CVE-2025-32966,SIN_CWE,,,,,,,False,True
CVE-2025-32969,SIN_CWE,,,,,,,False,True
CVE-2025-32970,SIN_CWE,,,,,,,False,True
CVE-2025-32975,SIN_CWE,,,,,,,True,False
CVE-2025-33053,SIN_CWE,,,,,,,True,False
CVE-2025-33073,SIN_CWE,,,,,,,True,False
CVE-2025-34023,SIN_CWE,,,,,,,False,True
CVE-2025-34026,SIN_CWE,,,,,,,True,True
CVE-2025-34027,SIN_CWE,,,,,,,False,True
CVE-2025-34028,SIN_CWE,,,,,,,True,True
CVE-2025-34031,SIN_CWE,,,,,,,False,True
CVE-2025-34032,SIN_CWE,,,,,,,False,True
CVE-2025-34035,SIN_CWE,,,,,,,False,True
CVE-2025-34038,SIN_CWE,,,,,,,False,True
CVE-2025-34040,SIN_CWE,,,,,,,False,True
CVE-2025-34045,SIN_CWE,,,,,,,False,True
CVE-2025-34073,SIN_CWE,,,,,,,False,True
CVE-2025-34077,SIN_CWE,,,,,,,False,True
CVE-2025-34085,SIN_CWE,,,,,,,False,True
CVE-2025-34141,SIN_CWE,,,,,,,False,True
CVE-2025-34143,SIN_CWE,,,,,,,False,True
CVE-2025-3415,SIN_CWE,,,,,,,False,True
CVE-2025-34152,SIN_CWE,,,,,,,False,True
CVE-2025-34291,SIN_CWE,,,,,,,False,True
CVE-2025-34299,SIN_CWE,,,,,,,False,True
CVE-2025-34300,SIN_CWE,,,,,,,False,True
CVE-2025-34509,SIN_CWE,,,,,,,False,True
CVE-2025-3472,SIN_CWE,,,,,,,False,True
CVE-2025-3515,SIN_CWE,,,,,,,False,True
CVE-2025-35939,SIN_CWE,,,,,,,True,False
CVE-2025-3605,SIN_CWE,,,,,,,False,True
CVE-2025-36604,SIN_CWE,,,,,,,False,True
CVE-2025-36845,SIN_CWE,,,,,,,False,True
CVE-2025-37164,SIN_CWE,,,,,,,True,True
CVE-2025-38352,SIN_CWE,,,,,,,True,False
CVE-2025-3928,SIN_CWE,,,,,,,True,False
CVE-2025-3935,SIN_CWE,,,,,,,True,False
CVE-2025-4008,SIN_CWE,,,,,,,True,True
CVE-2025-4009,SIN_CWE,,,,,,,False,True
CVE-2025-40536,SIN_CWE,,,,,,,True,True
CVE-2025-40551,SIN_CWE,,,,,,,True,True
CVE-2025-40552,SIN_CWE,,,,,,,False,True
CVE-2025-40554,SIN_CWE,,,,,,,False,True
CVE-2025-40602,SIN_CWE,,,,,,,True,False
CVE-2025-40630,SIN_CWE,,,,,,,False,True
CVE-2025-4078,SIN_CWE,,,,,,,False,True
CVE-2025-4123,SIN_CWE,,,,,,,False,True
CVE-2025-41242,SIN_CWE,,,,,,,False,True
CVE-2025-41243,SIN_CWE,,,,,,,False,True
CVE-2025-41244,SIN_CWE,,,,,,,True,False
CVE-2025-41393,SIN_CWE,,,,,,,False,True
CVE-2025-41646,SIN_CWE,,,,,,,False,True
CVE-2025-4210,SIN_CWE,,,,,,,False,True
CVE-2025-42599,SIN_CWE,,,,,,,True,False
CVE-2025-42999,SIN_CWE,,,,,,,True,False
CVE-2025-4302,SIN_CWE,,,,,,,False,True
CVE-2025-43200,SIN_CWE,,,,,,,True,False
CVE-2025-4322,SIN_CWE,,,,,,,False,True
CVE-2025-43300,SIN_CWE,,,,,,,True,False
CVE-2025-4334,SIN_CWE,,,,,,,False,True
CVE-2025-43510,SIN_CWE,,,,,,,True,False
CVE-2025-43520,SIN_CWE,,,,,,,True,False
CVE-2025-43529,SIN_CWE,,,,,,,True,False
CVE-2025-4380,SIN_CWE,,,,,,,False,True
CVE-2025-4388,SIN_CWE,,,,,,,False,True
CVE-2025-4396,SIN_CWE,,,,,,,False,True
CVE-2025-44136,SIN_CWE,,,,,,,False,True
CVE-2025-44137,SIN_CWE,,,,,,,False,True
CVE-2025-44148,SIN_CWE,,,,,,,False,True
CVE-2025-44177,SIN_CWE,,,,,,,False,True
CVE-2025-4427,SIN_CWE,,,,,,,True,True
CVE-2025-4428,SIN_CWE,,,,,,,True,False
CVE-2025-4524,SIN_CWE,,,,,,,False,True
CVE-2025-4576,SIN_CWE,,,,,,,False,True
CVE-2025-45854,SIN_CWE,,,,,,,False,True
CVE-2025-45985,SIN_CWE,,,,,,,False,True
CVE-2025-4632,SIN_CWE,,,,,,,True,True
CVE-2025-46349,SIN_CWE,,,,,,,False,True
CVE-2025-4652,SIN_CWE,,,,,,,False,True
CVE-2025-46549,SIN_CWE,,,,,,,False,True
CVE-2025-46550,SIN_CWE,,,,,,,False,True
CVE-2025-46554,SIN_CWE,,,,,,,False,True
CVE-2025-46565,SIN_CWE,,,,,,,False,True
CVE-2025-46817,SIN_CWE,,,,,,,False,True
CVE-2025-46818,SIN_CWE,,,,,,,False,True
CVE-2025-46819,SIN_CWE,,,,,,,False,True
CVE-2025-46822,SIN_CWE,,,,,,,False,True
CVE-2025-47188,SIN_CWE,,,,,,,False,True
CVE-2025-47204,SIN_CWE,,,,,,,False,True
CVE-2025-47423,SIN_CWE,,,,,,,False,True
CVE-2025-47445,SIN_CWE,,,,,,,False,True
CVE-2025-47539,SIN_CWE,,,,,,,False,True
CVE-2025-47577,SIN_CWE,,,,,,,False,True
CVE-2025-47646,SIN_CWE,,,,,,,False,True
CVE-2025-47729,SIN_CWE,,,,,,,True,False
CVE-2025-47812,SIN_CWE,,,,,,,True,True
CVE-2025-47813,SIN_CWE,,,,,,,True,True
CVE-2025-47827,SIN_CWE,,,,,,,True,False
CVE-2025-47916,SIN_CWE,,,,,,,False,True
CVE-2025-48157,SIN_CWE,,,,,,,False,True
CVE-2025-48281,SIN_CWE,,,,,,,False,True
CVE-2025-48384,SIN_CWE,,,,,,,True,False
CVE-2025-48543,SIN_CWE,,,,,,,True,False
CVE-2025-48572,SIN_CWE,,,,,,,True,False
CVE-2025-48633,SIN_CWE,,,,,,,True,False
CVE-2025-48700,SIN_CWE,,,,,,,True,False
CVE-2025-48703,SIN_CWE,,,,,,,True,True
CVE-2025-48827,SIN_CWE,,,,,,,False,True
CVE-2025-48828,SIN_CWE,,,,,,,False,True
CVE-2025-48927,SIN_CWE,,,,,,,True,False
CVE-2025-48928,SIN_CWE,,,,,,,True,False
CVE-2025-48954,SIN_CWE,,,,,,,False,True
CVE-2025-49002,SIN_CWE,,,,,,,False,True
CVE-2025-49029,SIN_CWE,,,,,,,False,True
CVE-2025-49113,SIN_CWE,,,,,,,True,True
CVE-2025-49132,SIN_CWE,,,,,,,False,True
CVE-2025-49493,SIN_CWE,,,,,,,False,True
CVE-2025-49533,SIN_CWE,,,,,,,False,True
CVE-2025-49596,SIN_CWE,,,,,,,False,True
CVE-2025-49704,SIN_CWE,,,,,,,True,False
CVE-2025-49706,SIN_CWE,,,,,,,True,True
CVE-2025-49825,SIN_CWE,,,,,,,False,True
CVE-2025-49844,SIN_CWE,,,,,,,False,True
CVE-2025-50578,SIN_CWE,,,,,,,False,True
CVE-2025-5086,SIN_CWE,,,,,,,True,True
CVE-2025-51482,SIN_CWE,,,,,,,False,True
CVE-2025-51501,SIN_CWE,,,,,,,False,True
CVE-2025-51502,SIN_CWE,,,,,,,False,True
CVE-2025-51586,SIN_CWE,,,,,,,False,True
CVE-2025-51990,SIN_CWE,,,,,,,False,True
CVE-2025-51991,SIN_CWE,,,,,,,False,True
CVE-2025-52207,SIN_CWE,,,,,,,False,True
CVE-2025-52472,SIN_CWE,,,,,,,False,True
CVE-2025-52488,SIN_CWE,,,,,,,False,True
CVE-2025-52665,SIN_CWE,,,,,,,False,True
CVE-2025-52691,SIN_CWE,,,,,,,True,True
CVE-2025-52694,SIN_CWE,,,,,,,False,True
CVE-2025-5287,SIN_CWE,,,,,,,False,True
CVE-2025-52970,SIN_CWE,,,,,,,False,True
CVE-2025-5301,SIN_CWE,,,,,,,False,True
CVE-2025-53118,SIN_CWE,,,,,,,False,True
CVE-2025-53364,SIN_CWE,,,,,,,False,True
CVE-2025-5350,SIN_CWE,,,,,,,False,True
CVE-2025-53521,SIN_CWE,,,,,,,True,False
CVE-2025-53533,SIN_CWE,,,,,,,False,True
CVE-2025-53558,SIN_CWE,,,,,,,False,True
CVE-2025-53624,SIN_CWE,,,,,,,False,True
CVE-2025-53690,SIN_CWE,,,,,,,True,False
CVE-2025-53770,SIN_CWE,,,,,,,True,True
CVE-2025-53771,SIN_CWE,,,,,,,False,True
CVE-2025-53833,SIN_CWE,,,,,,,False,True
CVE-2025-5394,SIN_CWE,,,,,,,False,True
CVE-2025-54068,SIN_CWE,,,,,,,True,True
CVE-2025-54123,SIN_CWE,,,,,,,False,True
CVE-2025-54125,SIN_CWE,,,,,,,False,True
CVE-2025-5419,SIN_CWE,,,,,,,True,False
CVE-2025-54236,SIN_CWE,,,,,,,True,True
CVE-2025-54249,SIN_CWE,,,,,,,False,True
CVE-2025-54251,SIN_CWE,,,,,,,False,True
CVE-2025-54253,SIN_CWE,,,,,,,True,False
CVE-2025-54309,SIN_CWE,,,,,,,True,False
CVE-2025-54313,SIN_CWE,,,,,,,True,False
CVE-2025-54589,SIN_CWE,,,,,,,False,True
CVE-2025-54597,SIN_CWE,,,,,,,False,True
CVE-2025-54726,SIN_CWE,,,,,,,False,True
CVE-2025-54782,SIN_CWE,,,,,,,False,True
CVE-2025-54793,SIN_CWE,,,,,,,False,True
CVE-2025-54948,SIN_CWE,,,,,,,True,False
CVE-2025-55150,SIN_CWE,,,,,,,False,True
CVE-2025-55161,SIN_CWE,,,,,,,False,True
CVE-2025-55169,SIN_CWE,,,,,,,False,True
CVE-2025-55177,SIN_CWE,,,,,,,True,False
CVE-2025-55182,SIN_CWE,,,,,,,True,True
CVE-2025-55184,SIN_CWE,,,,,,,False,True
CVE-2025-55190,SIN_CWE,,,,,,,False,True
CVE-2025-55303,SIN_CWE,,,,,,,False,True
CVE-2025-55523,SIN_CWE,,,,,,,False,True
CVE-2025-5569,SIN_CWE,,,,,,,False,True
CVE-2025-55747,SIN_CWE,,,,,,,False,True
CVE-2025-55748,SIN_CWE,,,,,,,False,True
CVE-2025-55749,SIN_CWE,,,,,,,False,True
CVE-2025-5605,SIN_CWE,,,,,,,False,True
CVE-2025-56132,SIN_CWE,,,,,,,False,True
CVE-2025-56266,SIN_CWE,,,,,,,False,True
CVE-2025-56520,SIN_CWE,,,,,,,False,True
CVE-2025-56819,SIN_CWE,,,,,,,False,True
CVE-2025-5701,SIN_CWE,,,,,,,False,True
CVE-2025-5777,SIN_CWE,,,,,,,True,True
CVE-2025-57788,SIN_CWE,,,,,,,False,True
CVE-2025-57789,SIN_CWE,,,,,,,False,True
CVE-2025-57808,SIN_CWE,,,,,,,False,True
CVE-2025-57819,SIN_CWE,,,,,,,True,True
CVE-2025-57822,SIN_CWE,,,,,,,False,True
CVE-2025-58034,SIN_CWE,,,,,,,True,False
CVE-2025-58044,SIN_CWE,,,,,,,False,True
CVE-2025-58179,SIN_CWE,,,,,,,False,True
CVE-2025-58226,SIN_CWE,,,,,,,False,True
CVE-2025-58360,SIN_CWE,,,,,,,True,True
CVE-2025-58434,SIN_CWE,,,,,,,False,True
CVE-2025-58443,SIN_CWE,,,,,,,False,True
CVE-2025-58751,SIN_CWE,,,,,,,False,True
CVE-2025-59049,SIN_CWE,,,,,,,False,True
CVE-2025-59136,SIN_CWE,,,,,,,False,True
CVE-2025-59230,SIN_CWE,,,,,,,True,False
CVE-2025-59287,SIN_CWE,,,,,,,True,True
CVE-2025-59341,SIN_CWE,,,,,,,False,True
CVE-2025-59342,SIN_CWE,,,,,,,False,True
CVE-2025-59374,SIN_CWE,,,,,,,True,False
CVE-2025-5947,SIN_CWE,,,,,,,False,True
CVE-2025-59474,SIN_CWE,,,,,,,False,True
CVE-2025-59528,SIN_CWE,,,,,,,False,True
CVE-2025-59582,SIN_CWE,,,,,,,False,True
CVE-2025-5961,SIN_CWE,,,,,,,False,True
CVE-2025-59689,SIN_CWE,,,,,,,True,False
CVE-2025-59716,SIN_CWE,,,,,,,False,True
CVE-2025-59718,SIN_CWE,,,,,,,True,False
CVE-2025-60188,SIN_CWE,,,,,,,False,True
CVE-2025-6058,SIN_CWE,,,,,,,False,True
CVE-2025-60710,SIN_CWE,,,,,,,True,False
CVE-2025-61666,SIN_CWE,,,,,,,False,True
CVE-2025-6174,SIN_CWE,,,,,,,False,True
CVE-2025-61757,SIN_CWE,,,,,,,True,True
CVE-2025-61882,SIN_CWE,,,,,,,True,True
CVE-2025-61884,SIN_CWE,,,,,,,True,True
CVE-2025-61932,SIN_CWE,,,,,,,True,False
CVE-2025-6197,SIN_CWE,,,,,,,False,True
CVE-2025-62039,SIN_CWE,,,,,,,False,True
CVE-2025-6204,SIN_CWE,,,,,,,True,True
CVE-2025-6205,SIN_CWE,,,,,,,True,True
CVE-2025-62126,SIN_CWE,,,,,,,False,True
CVE-2025-6218,SIN_CWE,,,,,,,True,False
CVE-2025-62215,SIN_CWE,,,,,,,True,False
CVE-2025-62221,SIN_CWE,,,,,,,True,False
CVE-2025-62512,SIN_CWE,,,,,,,False,True
CVE-2025-62522,SIN_CWE,,,,,,,False,True
CVE-2025-62613,SIN_CWE,,,,,,,False,True
CVE-2025-62780,SIN_CWE,,,,,,,False,True
CVE-2025-63387,SIN_CWE,,,,,,,False,True
CVE-2025-6403,SIN_CWE,,,,,,,False,True
CVE-2025-64095,SIN_CWE,,,,,,,False,True
CVE-2025-64328,SIN_CWE,,,,,,,True,True
CVE-2025-64446,SIN_CWE,,,,,,,True,True
CVE-2025-64500,SIN_CWE,,,,,,,False,True
CVE-2025-64525,SIN_CWE,,,,,,,False,True
CVE-2025-64764,SIN_CWE,,,,,,,False,True
CVE-2025-6543,SIN_CWE,,,,,,,True,False
CVE-2025-6554,SIN_CWE,,,,,,,True,False
CVE-2025-6558,SIN_CWE,,,,,,,True,False
CVE-2025-66376,SIN_CWE,,,,,,,True,False
CVE-2025-66472,SIN_CWE,,,,,,,False,True
CVE-2025-66516,SIN_CWE,,,,,,,False,True
CVE-2025-66644,SIN_CWE,,,,,,,True,False
CVE-2025-66744,SIN_CWE,,,,,,,False,True
CVE-2025-67303,SIN_CWE,,,,,,,False,True
CVE-2025-68043,SIN_CWE,,,,,,,False,True
CVE-2025-68461,SIN_CWE,,,,,,,True,False
CVE-2025-68509,SIN_CWE,,,,,,,False,True
CVE-2025-6851,SIN_CWE,,,,,,,False,True
CVE-2025-68602,SIN_CWE,,,,,,,False,True
CVE-2025-68613,SIN_CWE,,,,,,,True,True
CVE-2025-68645,SIN_CWE,,,,,,,True,True
CVE-2025-69200,SIN_CWE,,,,,,,False,True
CVE-2025-6934,SIN_CWE,,,,,,,False,True
CVE-2025-69411,SIN_CWE,,,,,,,False,True
CVE-2025-6970,SIN_CWE,,,,,,,False,True
CVE-2025-69971,SIN_CWE,,,,,,,False,True
CVE-2025-71243,SIN_CWE,,,,,,,False,True
CVE-2025-71257,SIN_CWE,,,,,,,False,True
CVE-2025-71258,SIN_CWE,,,,,,,False,True
CVE-2025-71259,SIN_CWE,,,,,,,False,True
CVE-2025-7160,SIN_CWE,,,,,,,False,True
CVE-2025-7775,SIN_CWE,,,,,,,True,False
CVE-2025-8085,SIN_CWE,,,,,,,False,True
CVE-2025-8088,SIN_CWE,,,,,,,True,False
CVE-2025-8110,SIN_CWE,,,,,,,True,True
CVE-2025-8266,SIN_CWE,,,,,,,False,True
CVE-2025-8286,SIN_CWE,,,,,,,False,True
CVE-2025-8848,SIN_CWE,,,,,,,False,True
CVE-2025-8868,SIN_CWE,,,,,,,False,True
CVE-2025-8875,SIN_CWE,,,,,,,True,False
CVE-2025-8876,SIN_CWE,,,,,,,True,False
CVE-2025-8943,SIN_CWE,,,,,,,False,True
CVE-2025-9196,SIN_CWE,,,,,,,False,True
CVE-2025-9209,SIN_CWE,,,,,,,False,True
CVE-2025-9242,SIN_CWE,,,,,,,True,False
CVE-2025-9316,SIN_CWE,,,,,,,False,True
CVE-2025-9377,SIN_CWE,,,,,,,True,False
CVE-2025-9744,SIN_CWE,,,,,,,False,True
CVE-2025-9808,SIN_CWE,,,,,,,False,True
CVE-2025-9985,SIN_CWE,,,,,,,False,True
CVE-2026-0300,SIN_CWE,,,,,,,True,False
CVE-2026-0545,SIN_CWE,,,,,,,False,True
CVE-2026-0560,SIN_CWE,,,,,,,False,True
CVE-2026-0594,SIN_CWE,,,,,,,False,True
CVE-2026-0770,SIN_CWE,,,,,,,False,True
CVE-2026-0829,SIN_CWE,,,,,,,False,True
CVE-2026-0926,SIN_CWE,,,,,,,False,True
CVE-2026-1207,SIN_CWE,,,,,,,False,True
CVE-2026-1277,SIN_CWE,,,,,,,False,True
CVE-2026-1281,SIN_CWE,,,,,,,True,False
CVE-2026-1296,SIN_CWE,,,,,,,False,True
CVE-2026-1306,SIN_CWE,,,,,,,False,True
CVE-2026-1314,SIN_CWE,,,,,,,False,True
CVE-2026-1340,SIN_CWE,,,,,,,True,False
CVE-2026-1357,SIN_CWE,,,,,,,False,True
CVE-2026-1368,SIN_CWE,,,,,,,False,True
CVE-2026-1405,SIN_CWE,,,,,,,False,True
CVE-2026-1492,SIN_CWE,,,,,,,False,True
CVE-2026-1557,SIN_CWE,,,,,,,False,True
CVE-2026-1581,SIN_CWE,,,,,,,False,True
CVE-2026-1603,SIN_CWE,,,,,,,True,True
CVE-2026-1731,SIN_CWE,,,,,,,True,True
CVE-2026-20045,SIN_CWE,,,,,,,True,False
CVE-2026-20079,SIN_CWE,,,,,,,False,True
CVE-2026-20122,SIN_CWE,,,,,,,True,False
CVE-2026-20127,SIN_CWE,,,,,,,True,False
CVE-2026-20128,SIN_CWE,,,,,,,True,False
CVE-2026-20131,SIN_CWE,,,,,,,True,False
CVE-2026-20133,SIN_CWE,,,,,,,True,False
CVE-2026-2025,SIN_CWE,,,,,,,False,True
CVE-2026-20700,SIN_CWE,,,,,,,True,False
CVE-2026-20805,SIN_CWE,,,,,,,True,False
CVE-2026-20963,SIN_CWE,,,,,,,True,False
CVE-2026-21385,SIN_CWE,,,,,,,True,False
CVE-2026-21445,SIN_CWE,,,,,,,False,True
CVE-2026-21484,SIN_CWE,,,,,,,False,True
CVE-2026-21509,SIN_CWE,,,,,,,True,False
CVE-2026-21510,SIN_CWE,,,,,,,True,False
CVE-2026-21513,SIN_CWE,,,,,,,True,False
CVE-2026-21514,SIN_CWE,,,,,,,True,False
CVE-2026-21519,SIN_CWE,,,,,,,True,False
CVE-2026-21525,SIN_CWE,,,,,,,True,False
CVE-2026-21533,SIN_CWE,,,,,,,True,False
CVE-2026-21643,SIN_CWE,,,,,,,True,True
CVE-2026-21858,SIN_CWE,,,,,,,False,True
CVE-2026-21859,SIN_CWE,,,,,,,False,True
CVE-2026-21877,SIN_CWE,,,,,,,False,True
CVE-2026-21891,SIN_CWE,,,,,,,False,True
CVE-2026-22200,SIN_CWE,,,,,,,False,True
CVE-2026-2262,SIN_CWE,,,,,,,False,True
CVE-2026-22719,SIN_CWE,,,,,,,True,False
CVE-2026-22739,SIN_CWE,,,,,,,False,True
CVE-2026-22769,SIN_CWE,,,,,,,True,False
CVE-2026-22812,SIN_CWE,,,,,,,False,True
CVE-2026-23482,SIN_CWE,,,,,,,False,True
CVE-2026-23483,SIN_CWE,,,,,,,False,True
CVE-2026-23486,SIN_CWE,,,,,,,False,True
CVE-2026-23550,SIN_CWE,,,,,,,False,True
CVE-2026-23744,SIN_CWE,,,,,,,False,True
CVE-2026-23760,SIN_CWE,,,,,,,True,True
CVE-2026-23829,SIN_CWE,,,,,,,False,True
CVE-2026-24061,SIN_CWE,,,,,,,True,False
CVE-2026-24128,SIN_CWE,,,,,,,False,True
CVE-2026-2413,SIN_CWE,,,,,,,False,True
CVE-2026-2416,SIN_CWE,,,,,,,False,True
CVE-2026-2441,SIN_CWE,,,,,,,True,False
CVE-2026-24423,SIN_CWE,,,,,,,True,True
CVE-2026-24477,SIN_CWE,,,,,,,False,True
CVE-2026-24858,SIN_CWE,,,,,,,True,False
CVE-2026-25108,SIN_CWE,,,,,,,True,False
CVE-2026-25512,SIN_CWE,,,,,,,False,True
CVE-2026-25545,SIN_CWE,,,,,,,False,True
CVE-2026-25616,SIN_CWE,,,,,,,False,True
CVE-2026-25892,SIN_CWE,,,,,,,False,True
CVE-2026-26341,SIN_CWE,,,,,,,False,True
CVE-2026-26980,SIN_CWE,,,,,,,False,True
CVE-2026-2699,SIN_CWE,,,,,,,False,True
CVE-2026-27174,SIN_CWE,,,,,,,False,True
CVE-2026-27176,SIN_CWE,,,,,,,False,True
CVE-2026-27483,SIN_CWE,,,,,,,False,True
CVE-2026-27645,SIN_CWE,,,,,,,False,True
CVE-2026-27944,SIN_CWE,,,,,,,False,True
CVE-2026-27971,SIN_CWE,,,,,,,False,True
CVE-2026-28288,SIN_CWE,,,,,,,False,True
CVE-2026-28358,SIN_CWE,,,,,,,False,True
CVE-2026-28409,SIN_CWE,,,,,,,False,True
CVE-2026-28414,SIN_CWE,,,,,,,False,True
CVE-2026-29014,SIN_CWE,,,,,,,False,True
CVE-2026-29066,SIN_CWE,,,,,,,False,True
CVE-2026-29183,SIN_CWE,,,,,,,False,True
CVE-2026-3055,SIN_CWE,,,,,,,True,True
CVE-2026-30824,SIN_CWE,,,,,,,False,True
CVE-2026-30928,SIN_CWE,,,,,,,False,True
CVE-2026-31431,SIN_CWE,,,,,,,True,False
CVE-2026-31807,SIN_CWE,,,,,,,False,True
CVE-2026-31809,SIN_CWE,,,,,,,False,True
CVE-2026-31816,SIN_CWE,,,,,,,False,True
CVE-2026-32201,SIN_CWE,,,,,,,True,False
CVE-2026-32202,SIN_CWE,,,,,,,True,False
CVE-2026-32583,SIN_CWE,,,,,,,False,True
CVE-2026-32596,SIN_CWE,,,,,,,False,True
CVE-2026-33017,SIN_CWE,,,,,,,True,True
CVE-2026-33032,SIN_CWE,,,,,,,False,True
CVE-2026-33057,SIN_CWE,,,,,,,False,True
CVE-2026-33340,SIN_CWE,,,,,,,False,True
CVE-2026-33439,SIN_CWE,,,,,,,False,True
CVE-2026-33478,SIN_CWE,,,,,,,False,True
CVE-2026-33534,SIN_CWE,,,,,,,False,True
CVE-2026-33626,SIN_CWE,,,,,,,False,True
CVE-2026-33634,SIN_CWE,,,,,,,True,False
CVE-2026-33825,SIN_CWE,,,,,,,True,False
CVE-2026-33868,SIN_CWE,,,,,,,False,True
CVE-2026-3396,SIN_CWE,,,,,,,False,True
CVE-2026-34156,SIN_CWE,,,,,,,False,True
CVE-2026-34197,SIN_CWE,,,,,,,True,True
CVE-2026-34453,SIN_CWE,,,,,,,False,True
CVE-2026-34605,SIN_CWE,,,,,,,False,True
CVE-2026-34621,SIN_CWE,,,,,,,True,False
CVE-2026-34847,SIN_CWE,,,,,,,False,True
CVE-2026-34885,SIN_CWE,,,,,,,False,True
CVE-2026-3502,SIN_CWE,,,,,,,True,False
CVE-2026-35029,SIN_CWE,,,,,,,False,True
CVE-2026-35616,SIN_CWE,,,,,,,True,True
CVE-2026-3584,SIN_CWE,,,,,,,False,True
CVE-2026-38360,SIN_CWE,,,,,,,False,True
CVE-2026-38361,SIN_CWE,,,,,,,False,True
CVE-2026-3844,SIN_CWE,,,,,,,False,True
CVE-2026-3909,SIN_CWE,,,,,,,True,False
CVE-2026-3910,SIN_CWE,,,,,,,True,False
CVE-2026-39339,SIN_CWE,,,,,,,False,True
CVE-2026-39363,SIN_CWE,,,,,,,False,True
CVE-2026-39364,SIN_CWE,,,,,,,False,True
CVE-2026-39365,SIN_CWE,,,,,,,False,True
CVE-2026-39808,SIN_CWE,,,,,,,False,True
CVE-2026-39987,SIN_CWE,,,,,,,True,True
CVE-2026-40105,SIN_CWE,,,,,,,False,True
CVE-2026-4020,SIN_CWE,,,,,,,False,True
CVE-2026-40242,SIN_CWE,,,,,,,False,True
CVE-2026-40308,SIN_CWE,,,,,,,False,True
CVE-2026-40466,SIN_CWE,,,,,,,False,True
CVE-2026-40878,SIN_CWE,,,,,,,False,True
CVE-2026-40887,SIN_CWE,,,,,,,False,True
CVE-2026-4106,SIN_CWE,,,,,,,False,True
CVE-2026-41176,SIN_CWE,,,,,,,False,True
CVE-2026-41179,SIN_CWE,,,,,,,False,True
CVE-2026-41640,SIN_CWE,,,,,,,False,True
CVE-2026-41641,SIN_CWE,,,,,,,False,True
CVE-2026-41940,SIN_CWE,,,,,,,True,True
CVE-2026-42031,SIN_CWE,,,,,,,False,True
CVE-2026-42167,SIN_CWE,,,,,,,False,True
CVE-2026-42208,SIN_CWE,,,,,,,True,False
CVE-2026-4257,SIN_CWE,,,,,,,False,True
CVE-2026-4631,SIN_CWE,,,,,,,False,True
CVE-2026-4810,SIN_CWE,,,,,,,False,True
CVE-2026-5281,SIN_CWE,,,,,,,True,False
CVE-2026-5615,SIN_CWE,,,,,,,False,True
CVE-2026-6118,SIN_CWE,,,,,,,False,True
CVE-2026-6203,SIN_CWE,,,,,,,False,True
CVE-2026-6973,SIN_CWE,,,,,,,True,False
