cve_id,fuente,fuente_cisa,fuente_nuclei,descripcion,cvss_v31_base_score,cvss_v31_base_severity,cvss_v31_vector_string,cvss_v31_exploitability_score,cvss_v31_impact_score,cvss_v2_base_score,cvss_v2_base_severity,cvss_v2_vector_string,cvss_v2_exploitability_score,cvss_v2_impact_score,cwes,cantidad_cpes,cpes_muestra
CVE-2000-0114,NUCLEI,False,True,Frontpage Server Extensions allows remote attackers to determine the name of the anonymous account via an RPC POST request to shtml.dll in the /_vti_bin/ virtual directory.,,,,,,5.0,MEDIUM,AV:N/AC:L/Au:N/C:P/I:N/A:N,10.0,2.9,NVD-CWE-Other,2,cpe:2.3:a:microsoft:internet_information_server:3.0:*:*:*:*:*:*:* | cpe:2.3:a:microsoft:internet_information_server:4.0:*:*:*:*:*:*:*
CVE-2000-0760,NUCLEI,False,True,The Snoop servlet in Jakarta Tomcat 3.1 and 3.0 under Apache reveals sensitive system information when a remote attacker requests a nonexistent URL with a .snp extension.,,,,,,6.4,MEDIUM,AV:N/AC:L/Au:N/C:P/I:P/A:N,10.0,4.9,NVD-CWE-Other,2,cpe:2.3:a:apache:tomcat:3.0:*:*:*:*:*:*:* | cpe:2.3:a:apache:tomcat:3.1:*:*:*:*:*:*:*
CVE-2001-0537,NUCLEI,False,True,"HTTP server for Cisco IOS 11.3 to 12.2 allows attackers to bypass authentication and execute arbitrary commands, when local authorization is being used, by specifying a high access level in the URL.",,,,,,9.3,HIGH,AV:N/AC:M/Au:N/C:C/I:C/A:C,8.6,10.0,CWE-287,91,cpe:2.3:o:cisco:ios:11.3:*:*:*:*:*:*:* | cpe:2.3:o:cisco:ios:11.3aa:*:*:*:*:*:*:* | cpe:2.3:o:cisco:ios:11.3da:*:*:*:*:*:*:* | cpe:2.3:o:cisco:ios:11.3db:*:*:*:*:*:*:* | cpe:2.3:o:cisco:ios:11.3ha:*:*:*:*:*:*:* | cpe:2.3:o:cisco:ios:11.3ma:*:*:*:*:*:*:* | cpe:2.3:o:cisco:ios:11.3na:*:*:*:*:*:*:* | cpe:2.3:o:cisco:ios:11.3t:*:*:*:*:*:*:* | cpe:2.3:o:cisco:ios:11.3xa:*:*:*:*:*:*:* | cpe:2.3:o:cisco:ios:12.0:*:*:*:*:*:*:*
CVE-2001-1473,NUCLEI,False,True,"The SSH-1 protocol allows remote servers to conduct man-in-the-middle attacks and replay a client challenge response to a target server by creating a Session ID that matches the Session ID of the target, but which uses a public key pair that is weaker than the target's public key, which allows the attacker to compute the corresponding private key and use the target's Session ID with the compromised key pair to masquerade as the target.",,,,,,7.5,HIGH,AV:N/AC:L/Au:N/C:P/I:P/A:P,10.0,6.4,CWE-310,8,cpe:2.3:a:ssh:ssh:1.2.24:*:*:*:*:*:*:* | cpe:2.3:a:ssh:ssh:1.2.25:*:*:*:*:*:*:* | cpe:2.3:a:ssh:ssh:1.2.26:*:*:*:*:*:*:* | cpe:2.3:a:ssh:ssh:1.2.27:*:*:*:*:*:*:* | cpe:2.3:a:ssh:ssh:1.2.28:*:*:*:*:*:*:* | cpe:2.3:a:ssh:ssh:1.2.29:*:*:*:*:*:*:* | cpe:2.3:a:ssh:ssh:1.2.30:*:*:*:*:*:*:* | cpe:2.3:a:ssh:ssh:1.2.31:*:*:*:*:*:*:*
CVE-2002-0367,CISA,True,False,"smss.exe debugging subsystem in Windows NT and Windows 2000 does not properly authenticate programs that connect to other programs, which allows local users to gain administrator or SYSTEM privileges by duplicating a handle to a privileged process, as demonstrated by DebPloit.",7.8,HIGH,CVSS:3.1/AV:L/AC:L/PR:L/UI:N/S:U/C:H/I:H/A:H,1.8,5.9,7.2,HIGH,AV:L/AC:L/Au:N/C:C/I:C/A:C,3.9,10.0,CWE-269,3,cpe:2.3:o:microsoft:windows_2000:-:*:*:*:*:*:*:* | cpe:2.3:o:microsoft:windows_nt:4.0:*:*:*:*:*:*:* | cpe:2.3:o:microsoft:windows_nt:4.0:-:*:*:terminal_server:*:*:*
CVE-2002-1131,NUCLEI,False,True,"Cross-site scripting vulnerabilities in SquirrelMail 1.2.7 and earlier allows remote attackers to execute script as other web users via (1) addressbook.php, (2) options.php, (3) search.php, or (4) help.php.",,,,,,7.5,HIGH,AV:N/AC:L/Au:N/C:P/I:P/A:P,10.0,6.4,NVD-CWE-Other,1,cpe:2.3:a:squirrelmail:squirrelmail:*:*:*:*:*:*:*:*
CVE-2004-0210,CISA,True,False,"The POSIX component of Microsoft Windows NT and Windows 2000 allows local users to execute arbitrary code via certain parameters, possibly by modifying message length values and causing a buffer overflow.",7.8,HIGH,CVSS:3.1/AV:L/AC:L/PR:L/UI:N/S:U/C:H/I:H/A:H,1.8,5.9,7.2,HIGH,AV:L/AC:L/Au:N/C:C/I:C/A:C,3.9,10.0,CWE-120,7,cpe:2.3:a:microsoft:interix:2.2:*:*:*:*:*:*:* | cpe:2.3:o:microsoft:windows_2000:-:sp2:*:*:*:*:*:* | cpe:2.3:o:microsoft:windows_2000:-:sp3:*:*:*:*:*:* | cpe:2.3:o:microsoft:windows_2000:-:sp4:*:*:*:*:*:* | cpe:2.3:o:microsoft:windows_nt:4.0:sp6a:*:*:server:*:*:* | cpe:2.3:o:microsoft:windows_nt:4.0:sp6a:*:*:terminal_server:*:*:* | cpe:2.3:o:microsoft:windows_nt:4.0:sp6a:*:*:workstation:*:*:*
CVE-2004-0437,NUCLEI,False,True,"Titan FTP Server version 3.01 build 163, and possibly other versions before build 169, allows remote authenticated users to cause a denial of service (crash) by disconnecting from the system during a ""LIST -L"" command, which causes Titan to access an invalid socket.",,,,,,5.0,MEDIUM,AV:N/AC:L/Au:N/C:N/I:N/A:P,10.0,2.9,NVD-CWE-Other,1,cpe:2.3:a:south_river_technologies:titan_ftp_server:3.01_build_163:*:*:*:*:*:*:*
CVE-2004-0519,NUCLEI,False,True,"Multiple cross-site scripting (XSS) vulnerabilities in SquirrelMail 1.4.2 allow remote attackers to execute arbitrary script as other users and possibly steal authentication information via multiple attack vectors, including the mailbox parameter in compose.php.",,,,,,6.8,MEDIUM,AV:N/AC:M/Au:N/C:P/I:P/A:P,8.6,6.4,NVD-CWE-Other,18,cpe:2.3:a:sgi:propack:3.0:*:*:*:*:*:*:* | cpe:2.3:a:squirrelmail:squirrelmail:1.0.4:*:*:*:*:*:*:* | cpe:2.3:a:squirrelmail:squirrelmail:1.0.5:*:*:*:*:*:*:* | cpe:2.3:a:squirrelmail:squirrelmail:1.2.0:*:*:*:*:*:*:* | cpe:2.3:a:squirrelmail:squirrelmail:1.2.1:*:*:*:*:*:*:* | cpe:2.3:a:squirrelmail:squirrelmail:1.2.2:*:*:*:*:*:*:* | cpe:2.3:a:squirrelmail:squirrelmail:1.2.3:*:*:*:*:*:*:* | cpe:2.3:a:squirrelmail:squirrelmail:1.2.4:*:*:*:*:*:*:* | cpe:2.3:a:squirrelmail:squirrelmail:1.2.5:*:*:*:*:*:*:* | cpe:2.3:a:squirrelmail:squirrelmail:1.2.6:*:*:*:*:*:*:*
CVE-2004-0656,NUCLEI,False,True,The accept_client function in PureFTPd 1.0.18 and earlier allows remote attackers to cause a denial of service by exceeding the maximum number of connections.,,,,,,5.0,MEDIUM,AV:N/AC:L/Au:N/C:N/I:N/A:P,10.0,2.9,NVD-CWE-Other,18,cpe:2.3:a:pureftpd:pureftpd:0.96:*:*:*:*:*:*:* | cpe:2.3:a:pureftpd:pureftpd:1.0:*:*:*:*:*:*:* | cpe:2.3:a:pureftpd:pureftpd:1.0.1:*:*:*:*:*:*:* | cpe:2.3:a:pureftpd:pureftpd:1.0.2:*:*:*:*:*:*:* | cpe:2.3:a:pureftpd:pureftpd:1.0.3:*:*:*:*:*:*:* | cpe:2.3:a:pureftpd:pureftpd:1.0.4:*:*:*:*:*:*:* | cpe:2.3:a:pureftpd:pureftpd:1.0.5:*:*:*:*:*:*:* | cpe:2.3:a:pureftpd:pureftpd:1.0.11:*:*:*:*:*:*:* | cpe:2.3:a:pureftpd:pureftpd:1.0.12:*:*:*:*:*:*:* | cpe:2.3:a:pureftpd:pureftpd:1.0.13a:*:*:*:*:*:*:*
CVE-2004-1464,CISA,True,False,"Cisco IOS 12.2(15) and earlier allows remote attackers to cause a denial of service (refused VTY (virtual terminal) connections), via a crafted TCP connection to the Telnet or reverse Telnet port.",5.9,MEDIUM,CVSS:3.1/AV:N/AC:H/PR:N/UI:N/S:U/C:N/I:N/A:H,2.2,3.6,5.0,MEDIUM,AV:N/AC:L/Au:N/C:N/I:N/A:P,10.0,2.9,CWE-400,1,cpe:2.3:o:cisco:ios:*:*:*:*:*:*:*:*
CVE-2004-1602,NUCLEI,False,True,"ProFTPD 1.2.x, including 1.2.8 and 1.2.10, responds in a different amount of time when a given username exists, which allows remote attackers to identify valid usernames by timing the server response.",,,,,,5.0,MEDIUM,AV:N/AC:L/Au:N/C:P/I:N/A:N,10.0,2.9,CWE-203,1,cpe:2.3:a:proftpd:proftpd:*:*:*:*:*:*:*:*
CVE-2004-1641,NUCLEI,False,True,"Heap-based buffer overflow in Titan FTP 3.21 and earlier allows remote attackers to cause a denial of service (crash) via a long FTP command such as (1) CWD, (2) STAT, or (3) LIST.",,,,,,5.0,MEDIUM,AV:N/AC:L/Au:N/C:N/I:N/A:P,10.0,2.9,NVD-CWE-Other,5,cpe:2.3:a:south_river_technologies:titan_ftp_server:2.2:*:*:*:*:*:*:* | cpe:2.3:a:south_river_technologies:titan_ftp_server:2.10:*:*:*:*:*:*:* | cpe:2.3:a:south_river_technologies:titan_ftp_server:3.01:*:*:*:*:*:*:* | cpe:2.3:a:south_river_technologies:titan_ftp_server:3.10:*:*:*:*:*:*:* | cpe:2.3:a:south_river_technologies:titan_ftp_server:3.21:*:*:*:*:*:*:*
CVE-2004-1965,NUCLEI,False,True,"Multiple cross-site scripting (XSS) vulnerabilities in Open Bulletin Board (OpenBB) 1.0.6 and earlier allows remote attackers to inject arbitrary web script or HTML via the (1) redirect parameter to member.php, (2) to parameter to myhome.php (3) TID parameter to post.php, or (4) redirect parameter to index.php.",,,,,,4.3,MEDIUM,AV:N/AC:M/Au:N/C:N/I:P/A:N,8.6,2.9,NVD-CWE-Other,7,cpe:2.3:a:openbb:openbb:1.0.0_beta1:*:*:*:*:*:*:* | cpe:2.3:a:openbb:openbb:1.0.0_rc1:*:*:*:*:*:*:* | cpe:2.3:a:openbb:openbb:1.0.0_rc2:*:*:*:*:*:*:* | cpe:2.3:a:openbb:openbb:1.0.0_rc3:*:*:*:*:*:*:* | cpe:2.3:a:openbb:openbb:1.0.5:*:*:*:*:*:*:* | cpe:2.3:a:openbb:openbb:1.0.6:*:*:*:*:*:*:* | cpe:2.3:a:openbb:openbb:1.0.8:*:*:*:*:*:*:*
CVE-2004-2687,NUCLEI,False,True,"distcc 2.x, as used in XCode 1.5 and others, when not configured to restrict access to the server port, allows remote attackers to execute arbitrary commands via compilation jobs, which are executed by the server without authorization checks.",,,,,,9.3,HIGH,AV:N/AC:M/Au:N/C:C/I:C/A:C,8.6,10.0,CWE-16,2,cpe:2.3:a:apple:xcode:1.5:*:*:*:*:*:*:* | cpe:2.3:a:samba:samba:*:*:*:*:*:*:*:*
CVE-2005-0850,NUCLEI,False,True,"FileZilla FTP server before 0.9.6 allows remote attackers to cause a denial of service via a request for a filename containing an MS-DOS device name such as CON, NUL, COM1, LPT1, and others.",,,,,,5.0,MEDIUM,AV:N/AC:L/Au:N/C:N/I:N/A:P,10.0,2.9,CWE-20,1,cpe:2.3:a:filezilla-project:filezilla_server:*:*:*:*:*:*:*:*
CVE-2005-0851,NUCLEI,False,True,"FileZilla FTP server before 0.9.6, when using MODE Z (zlib compression), allows remote attackers to cause a denial of service (infinite loop) via certain file uploads or directory listings.",,,,,,5.0,MEDIUM,AV:N/AC:L/Au:N/C:N/I:N/A:P,10.0,2.9,CWE-835,1,cpe:2.3:a:filezilla-project:filezilla_server:*:*:*:*:*:*:*:*
CVE-2005-2428,NUCLEI,False,True,"Lotus Domino R5 and R6 WebMail, with ""Generate HTML for all fields"" enabled, stores sensitive data from names.nsf in hidden form fields, which allows remote attackers to read the HTML source to obtain sensitive information such as (1) the password hash in the HTTPPassword field, (2) the password change date in the HTTPPasswordChangeDate field, (3) the client platform in the ClntPltfrm field, (4) the client machine name in the ClntMachine field, and (5) the client Lotus Domino release in the ClntBld field, a different vulnerability than CVE-2005-2696.",,,,,,5.0,MEDIUM,AV:N/AC:L/Au:N/C:P/I:N/A:N,10.0,2.9,NVD-CWE-Other,3,cpe:2.3:a:ibm:lotus_domino:5.0:*:*:*:*:*:*:* | cpe:2.3:a:ibm:lotus_domino:6.0:*:*:*:*:*:*:* | cpe:2.3:a:ibm:lotus_domino:6.5:*:*:*:*:*:*:*
CVE-2005-2773,CISA,True,False,"HP OpenView Network Node Manager 6.2 through 7.50 allows remote attackers to execute arbitrary commands via shell metacharacters in the (1) node parameter to connectedNodes.ovpl, (2) cdpView.ovpl, (3) freeIPaddrs.ovpl, and (4) ecscmg.ovpl.",9.8,CRITICAL,CVSS:3.1/AV:N/AC:L/PR:N/UI:N/S:U/C:H/I:H/A:H,3.9,5.9,7.5,HIGH,AV:N/AC:L/Au:N/C:P/I:P/A:P,10.0,6.4,CWE-77,1,cpe:2.3:a:hp:openview_network_node_manager:*:*:*:*:*:*:*:*
CVE-2005-3128,NUCLEI,False,True,Cross-site scripting (XSS) vulnerability in add.php in Address Add Plugin 1.9 and 2.0 for Squirrelmail allows remote attackers to inject arbitrary web script or HTML via the IMG tag.,,,,,,4.3,MEDIUM,AV:N/AC:M/Au:N/C:N/I:P/A:N,8.6,2.9,NVD-CWE-Other,2,cpe:2.3:a:squirrelmail:address_add_plugin:1.9:*:*:*:*:*:*:* | cpe:2.3:a:squirrelmail:address_add_plugin:2.0:*:*:*:*:*:*:*
CVE-2005-3344,NUCLEI,False,True,"The default installation of Horde 3.0.4 contains an administrative account with a blank password, which allows remote attackers to gain access.",,,,,,10.0,HIGH,AV:N/AC:L/Au:N/C:C/I:C/A:C,10.0,10.0,NVD-CWE-Other,1,cpe:2.3:a:horde:horde:3.0.4:*:*:*:*:*:*:*
CVE-2005-3634,NUCLEI,False,True,frameset.htm in the BSP runtime in SAP Web Application Server (WAS) 6.10 through 7.00 allows remote attackers to log users out and redirect them to arbitrary web sites via a close command in the sap-sessioncmd parameter and a URL in the sap-exiturl parameter.,,,,,,5.0,MEDIUM,AV:N/AC:L/Au:N/C:N/I:P/A:N,10.0,2.9,NVD-CWE-Other,4,cpe:2.3:a:sap:sap_web_application_server:6.10:*:*:*:*:*:*:* | cpe:2.3:a:sap:sap_web_application_server:6.20:*:*:*:*:*:*:* | cpe:2.3:a:sap:sap_web_application_server:6.40:*:*:*:*:*:*:* | cpe:2.3:a:sap:sap_web_application_server:7.0:*:*:*:*:*:*:*
CVE-2005-4385,NUCLEI,False,True,Cross-site scripting (XSS) vulnerability in search.htm in Cofax 2.0 RC3 and earlier allows remote attackers to inject arbitrary web script or HTML via the searchstring parameter.,,,,,,4.3,MEDIUM,AV:N/AC:M/Au:N/C:N/I:P/A:N,8.6,2.9,NVD-CWE-Other,5,cpe:2.3:a:cofax:cofax:1.9.9c:*:*:*:*:*:*:* | cpe:2.3:a:cofax:cofax:1.9.9d:*:*:*:*:*:*:* | cpe:2.3:a:cofax:cofax:2.0_rc1:*:*:*:*:*:*:* | cpe:2.3:a:cofax:cofax:2.0_rc2:*:*:*:*:*:*:* | cpe:2.3:a:cofax:cofax:2.0_rc3:*:*:*:*:*:*:*
CVE-2006-1547,CISA,True,False,"ActionForm in Apache Software Foundation (ASF) Struts before 1.2.9 with BeanUtils 1.7 allows remote attackers to cause a denial of service via a multipart/form-data encoded form with a parameter name that references the public getMultipartRequestHandler method, which provides further access to elements in the CommonsMultipartRequestHandler implementation and BeanUtils.",7.5,HIGH,CVSS:3.1/AV:N/AC:L/PR:N/UI:N/S:U/C:N/I:N/A:H,3.9,3.6,7.8,HIGH,AV:N/AC:L/Au:N/C:N/I:N/A:C,10.0,6.9,NVD-CWE-Other | CWE-749,2,cpe:2.3:a:apache:struts:*:*:*:*:*:*:*:* | cpe:2.3:a:apache:commons_beanutils:1.7.0:*:*:*:*:*:*:*
CVE-2006-1681,NUCLEI,False,True,"Cross-site scripting (XSS) vulnerability in Cherokee HTTPD 0.5 and earlier allows remote attackers to inject arbitrary web script or HTML via a malformed request that generates an HTTP 400 error, which is not properly handled when the error message is generated.",,,,,,4.3,MEDIUM,AV:N/AC:M/Au:N/C:N/I:P/A:N,8.6,2.9,NVD-CWE-Other,13,cpe:2.3:a:cherokee:cherokee_httpd:0.1:*:*:*:*:*:*:* | cpe:2.3:a:cherokee:cherokee_httpd:0.1.5:*:*:*:*:*:*:* | cpe:2.3:a:cherokee:cherokee_httpd:0.1.6:*:*:*:*:*:*:* | cpe:2.3:a:cherokee:cherokee_httpd:0.2:*:*:*:*:*:*:* | cpe:2.3:a:cherokee:cherokee_httpd:0.2.5:*:*:*:*:*:*:* | cpe:2.3:a:cherokee:cherokee_httpd:0.2.6:*:*:*:*:*:*:* | cpe:2.3:a:cherokee:cherokee_httpd:0.2.7:*:*:*:*:*:*:* | cpe:2.3:a:cherokee:cherokee_httpd:0.4.6:*:*:*:*:*:*:* | cpe:2.3:a:cherokee:cherokee_httpd:0.4.7:*:*:*:*:*:*:* | cpe:2.3:a:cherokee:cherokee_httpd:0.4.8:*:*:*:*:*:*:*
CVE-2006-2173,NUCLEI,False,True,"Buffer overflow in FileZilla FTP Server 2.2.22 allows remote authenticated attackers to cause a denial of service and possibly execute arbitrary code via a long (1) PORT or (2) PASS followed by the MLSD command, or (2) the remote server interface, as demonstrated by the Infigo FTPStress Fuzzer.",,,,,,6.4,MEDIUM,AV:N/AC:L/Au:N/C:N/I:P/A:P,10.0,4.9,NVD-CWE-Other,1,cpe:2.3:a:filezilla:filezilla_server:*:*:*:*:*:*:*:*
CVE-2006-2492,CISA,True,False,"Buffer overflow in Microsoft Word in Office 2000 SP3, Office XP SP3, Office 2003 Sp1 and SP2, and Microsoft Works Suites through 2006, allows user-assisted attackers to execute arbitrary code via a malformed object pointer, as originally reported by ISC on 20060519 for a zero-day attack.",8.8,HIGH,CVSS:3.1/AV:N/AC:L/PR:N/UI:R/S:U/C:H/I:H/A:H,2.8,5.9,7.6,HIGH,AV:N/AC:H/Au:N/C:C/I:C/A:C,4.9,10.0,CWE-120,5,cpe:2.3:a:microsoft:office:2000:sp3:*:*:*:*:*:* | cpe:2.3:a:microsoft:office:2003:sp1:*:*:*:*:*:* | cpe:2.3:a:microsoft:office:2003:sp2:*:*:*:*:*:* | cpe:2.3:a:microsoft:office:xp:sp3:*:*:*:*:*:* | cpe:2.3:a:microsoft:works_suite:*:*:*:*:*:*:*:*
CVE-2006-2842,NUCLEI,False,True,"PHP remote file inclusion vulnerability in functions/plugin.php in SquirrelMail 1.4.6 and earlier, if register_globals is enabled and magic_quotes_gpc is disabled, allows remote attackers to execute arbitrary PHP code via a URL in the plugins array parameter.  NOTE: this issue has been disputed by third parties, who state that Squirrelmail provides prominent warnings to the administrator when register_globals is enabled.  Since the varieties of administrator negligence are uncountable, perhaps this type of issue should not be included in CVE.  However, the original developer has posted a security advisory, so there might be relevant real-world environments under which this vulnerability is applicable",,,,,,7.5,HIGH,AV:N/AC:L/Au:N/C:P/I:P/A:P,10.0,6.4,NVD-CWE-Other,27,cpe:2.3:a:squirrelmail:squirrelmail:*:*:*:*:*:*:*:* | cpe:2.3:a:squirrelmail:squirrelmail:1.0.4:*:*:*:*:*:*:* | cpe:2.3:a:squirrelmail:squirrelmail:1.0.5:*:*:*:*:*:*:* | cpe:2.3:a:squirrelmail:squirrelmail:1.2.0:*:*:*:*:*:*:* | cpe:2.3:a:squirrelmail:squirrelmail:1.2.1:*:*:*:*:*:*:* | cpe:2.3:a:squirrelmail:squirrelmail:1.2.2:*:*:*:*:*:*:* | cpe:2.3:a:squirrelmail:squirrelmail:1.2.3:*:*:*:*:*:*:* | cpe:2.3:a:squirrelmail:squirrelmail:1.2.4:*:*:*:*:*:*:* | cpe:2.3:a:squirrelmail:squirrelmail:1.2.5:*:*:*:*:*:*:* | cpe:2.3:a:squirrelmail:squirrelmail:1.2.6:*:*:*:*:*:*:*
CVE-2006-3392,NUCLEI,False,True,"Webmin before 1.290 and Usermin before 1.220 calls the simplify_path function before decoding HTML, which allows remote attackers to read arbitrary files, as demonstrated using ""..%01"" sequences, which bypass the removal of ""../"" sequences before bytes such as ""%01"" are removed from the filename.  NOTE: This is a different issue than CVE-2006-3274.",,,,,,5.0,MEDIUM,AV:N/AC:L/Au:N/C:P/I:N/A:N,10.0,2.9,NVD-CWE-Other,2,cpe:2.3:a:usermin:usermin:*:*:*:*:*:*:*:* | cpe:2.3:a:webmin:webmin:*:*:*:*:*:*:*:*
CVE-2006-6565,NUCLEI,False,True,"FileZilla Server before 0.9.22 allows remote attackers to cause a denial of service (crash) via a wildcard argument to the (1) LIST or (2) NLST commands, which results in a NULL pointer dereference, a different set of vectors than CVE-2006-6564.  NOTE: CVE analysis suggests that the problem might be due to a malformed PORT command.",,,,,,4.0,MEDIUM,AV:N/AC:L/Au:S/C:N/I:N/A:P,8.0,2.9,CWE-476,1,cpe:2.3:a:filezilla-project:filezilla_server:*:*:*:*:*:*:*:*
CVE-2007-0671,CISA,True,False,"Unspecified vulnerability in Microsoft Excel 2000, XP, 2003, and 2004 for Mac, and possibly other Office products, allows remote user-assisted attackers to execute arbitrary code via unknown attack vectors, as demonstrated by Exploit-MSExcel.h in targeted zero-day attacks.",8.8,HIGH,CVSS:3.1/AV:N/AC:L/PR:N/UI:R/S:U/C:H/I:H/A:H,2.8,5.9,9.3,HIGH,AV:N/AC:M/Au:N/C:C/I:C/A:C,8.6,10.0,NVD-CWE-noinfo,34,cpe:2.3:a:microsoft:access:2000:*:*:*:*:*:*:* | cpe:2.3:a:microsoft:access:2002:*:*:*:*:*:*:* | cpe:2.3:a:microsoft:access:2003:*:*:*:*:*:*:* | cpe:2.3:a:microsoft:excel:2000:*:*:*:*:*:*:* | cpe:2.3:a:microsoft:excel:2002:*:*:*:*:*:*:* | cpe:2.3:a:microsoft:excel:2003:*:*:*:*:*:*:* | cpe:2.3:a:microsoft:excel_viewer:2003:*:*:*:*:*:*:* | cpe:2.3:a:microsoft:frontpage:2000:*:*:*:*:*:*:* | cpe:2.3:a:microsoft:frontpage:2002:*:*:*:*:*:*:* | cpe:2.3:a:microsoft:frontpage:2003:*:*:*:*:*:*:*
CVE-2007-0885,NUCLEI,False,True,Cross-site scripting (XSS) vulnerability in jira/secure/BrowseProject.jspa in Rainbow with the Zen (Rainbow.Zen) extension allows remote attackers to inject arbitrary web script or HTML via the id parameter.,,,,,,6.8,MEDIUM,AV:N/AC:M/Au:N/C:P/I:P/A:P,8.6,6.4,NVD-CWE-Other,2,cpe:2.3:a:rainbow_portal:rainbow.zen:*:*:*:*:*:*:*:* | cpe:2.3:a:rainbow_portal:rainbow_with_the_zen:*:*:*:*:*:*:*:*
CVE-2007-2449,NUCLEI,False,True,"Multiple cross-site scripting (XSS) vulnerabilities in certain JSP files in the examples web application in Apache Tomcat 4.0.0 through 4.0.6, 4.1.0 through 4.1.36, 5.0.0 through 5.0.30, 5.5.0 through 5.5.24, and 6.0.0 through 6.0.13 allow remote attackers to inject arbitrary web script or HTML via the portion of the URI after the ';' character, as demonstrated by a URI containing a ""snp/snoop.jsp;"" sequence.",,,,,,4.3,MEDIUM,AV:N/AC:M/Au:N/C:N/I:P/A:N,8.6,2.9,NVD-CWE-Other,73,cpe:2.3:a:apache:tomcat:*:*:*:*:*:*:*:* | cpe:2.3:a:apache:tomcat:4.0.0:*:*:*:*:*:*:* | cpe:2.3:a:apache:tomcat:4.0.1:*:*:*:*:*:*:* | cpe:2.3:a:apache:tomcat:4.0.2:*:*:*:*:*:*:* | cpe:2.3:a:apache:tomcat:4.0.3:*:*:*:*:*:*:* | cpe:2.3:a:apache:tomcat:4.0.4:*:*:*:*:*:*:* | cpe:2.3:a:apache:tomcat:4.0.5:*:*:*:*:*:*:* | cpe:2.3:a:apache:tomcat:5.0.0:*:*:*:*:*:*:* | cpe:2.3:a:apache:tomcat:5.0.1:*:*:*:*:*:*:* | cpe:2.3:a:apache:tomcat:5.0.2:*:*:*:*:*:*:*
CVE-2007-3010,CISA + NUCLEI,True,True,masterCGI in the Unified Maintenance Tool in Alcatel OmniPCX Enterprise Communication Server R7.1 and earlier allows remote attackers to execute arbitrary commands via shell metacharacters in the user parameter during a ping action.,9.8,CRITICAL,CVSS:3.1/AV:N/AC:L/PR:N/UI:N/S:U/C:H/I:H/A:H,3.9,5.9,10.0,HIGH,AV:N/AC:L/Au:N/C:C/I:C/A:C,10.0,10.0,NVD-CWE-noinfo | CWE-77,1,cpe:2.3:a:al-enterprise:omnipcx_enterprise_communication_server:*:*:*:*:*:*:*:*
CVE-2007-4504,NUCLEI,False,True,Directory traversal vulnerability in index.php in the RSfiles component (com_rsfiles) 1.0.2 and earlier for Joomla! allows remote attackers to read arbitrary files via a .. (dot dot) in the path parameter in a files.display action.,,,,,,5.0,MEDIUM,AV:N/AC:L/Au:N/C:P/I:N/A:N,10.0,2.9,NVD-CWE-Other,1,cpe:2.3:a:joomla:rsfiles:*:*:*:*:*:*:*:*
CVE-2007-4556,NUCLEI,False,True,"Struts support in OpenSymphony XWork before 1.2.3, and 2.x before 2.0.4, as used in WebWork and Apache Struts, recursively evaluates all input as an Object-Graph Navigation Language (OGNL) expression when altSyntax is enabled, which allows remote attackers to cause a denial of service (infinite loop) or execute arbitrary code via form input beginning with a ""%{"" sequence and ending with a ""}"" character.",,,,,,6.8,MEDIUM,AV:N/AC:M/Au:N/C:P/I:P/A:P,8.6,6.4,NVD-CWE-Other,1,cpe:2.3:a:opensymphony:xwork:*:*:*:*:*:*:*:*
CVE-2007-5659,CISA,True,False,Multiple buffer overflows in Adobe Reader and Acrobat 8.1.1 and earlier allow remote attackers to execute arbitrary code via a PDF file with long arguments to unspecified JavaScript methods.  NOTE: this issue might be subsumed by CVE-2008-0655.,7.8,HIGH,CVSS:3.1/AV:L/AC:L/PR:N/UI:R/S:U/C:H/I:H/A:H,1.8,5.9,9.3,HIGH,AV:N/AC:M/Au:N/C:C/I:C/A:C,8.6,10.0,CWE-120,2,cpe:2.3:a:adobe:acrobat:*:*:*:*:*:*:*:* | cpe:2.3:a:adobe:acrobat_reader:*:*:*:*:*:*:*:*
CVE-2007-5728,NUCLEI,False,True,"Cross-site scripting (XSS) vulnerability in phpPgAdmin 3.5 to 4.1.1, and possibly 4.1.2, allows remote attackers to inject arbitrary web script or HTML via certain input available in PHP_SELF in (1) redirect.php, possibly related to (2) login.php, different vectors than CVE-2007-2865.",,,,,,4.3,MEDIUM,AV:N/AC:M/Au:N/C:N/I:P/A:N,8.6,2.9,CWE-79,4,cpe:2.3:a:phppgadmin:phppgadmin:3.5:*:*:*:*:*:*:* | cpe:2.3:a:phppgadmin:phppgadmin:3.5.2:*:*:*:*:*:*:* | cpe:2.3:a:phppgadmin:phppgadmin:3.5.3:*:*:*:*:*:*:* | cpe:2.3:a:phppgadmin:phppgadmin:4.1.1:*:*:*:*:*:*:*
CVE-2008-0015,CISA,True,False,"Stack-based buffer overflow in the CComVariant::ReadFromStream function in the Active Template Library (ATL), as used in the MPEG2TuneRequest ActiveX control in msvidctl.dll in DirectShow, in Microsoft Windows 2000 SP4, XP SP2 and SP3, Server 2003 SP2, Vista Gold, SP1, and SP2, and Server 2008 Gold and SP2 allows remote attackers to execute arbitrary code via a crafted web page, as exploited in the wild in July 2009, aka ""Microsoft Video ActiveX Control Vulnerability.""",8.8,HIGH,CVSS:3.1/AV:N/AC:L/PR:N/UI:R/S:U/C:H/I:H/A:H,2.8,5.9,9.3,HIGH,AV:N/AC:M/Au:N/C:C/I:C/A:C,8.6,10.0,CWE-119 | CWE-121,5,cpe:2.3:o:microsoft:windows_2003_server:-:sp2:*:*:*:*:*:* | cpe:2.3:o:microsoft:windows_2003_server:-:sp2:itanium:*:*:*:*:* | cpe:2.3:o:microsoft:windows_2003_server:-:sp2:x64:*:*:*:*:* | cpe:2.3:o:microsoft:windows_xp:-:sp2:*:*:*:*:*:* | cpe:2.3:o:microsoft:windows_xp:-:sp3:*:*:*:*:*:*
CVE-2008-0655,CISA,True,False,Multiple unspecified vulnerabilities in Adobe Reader and Acrobat before 8.1.2 have unknown impact and attack vectors.,8.8,HIGH,CVSS:3.1/AV:N/AC:L/PR:N/UI:R/S:U/C:H/I:H/A:H,2.8,5.9,9.3,HIGH,AV:N/AC:M/Au:N/C:C/I:C/A:C,8.6,10.0,CWE-200,2,cpe:2.3:a:adobe:acrobat:*:*:*:*:*:*:*:* | cpe:2.3:a:adobe:acrobat_reader:*:*:*:*:*:*:*:*
CVE-2008-0702,NUCLEI,False,True,"Multiple heap-based buffer overflows in Titan FTP Server 6.03 and 6.0.5.549 allow remote attackers to cause a denial of service (daemon crash or hang) and possibly execute arbitrary code via a long argument to the (1) USER or (2) PASS command, different vectors than CVE-2004-1641.",,,,,,9.3,HIGH,AV:N/AC:M/Au:N/C:C/I:C/A:C,8.6,10.0,CWE-119,2,cpe:2.3:a:south_river_technologies:titan_ftp_server:6.0.5.549:*:*:*:*:*:*:* | cpe:2.3:a:south_river_technologies:titan_ftp_server:6.03:*:*:*:*:*:*:*
CVE-2008-1059,NUCLEI,False,True,PHP remote file inclusion vulnerability in modules/syntax_highlight.php in the Sniplets 1.1.2 and 1.2.2 plugin for WordPress allows remote attackers to execute arbitrary PHP code via a URL in the libpath parameter.,,,,,,7.5,HIGH,AV:N/AC:L/Au:N/C:P/I:P/A:P,10.0,6.4,CWE-94,2,cpe:2.3:a:wordpress:sniplets_plugin:1.1.2:*:*:*:*:*:*:* | cpe:2.3:a:wordpress:sniplets_plugin:1.2.2:*:*:*:*:*:*:*
CVE-2008-1061,NUCLEI,False,True,"Multiple cross-site scripting (XSS) vulnerabilities in the Sniplets 1.1.2 and 1.2.2 plugin for WordPress allow remote attackers to inject arbitrary web script or HTML via the (1) text parameter to (a) warning.php, (b) notice.php, and (c) inset.php in view/sniplets/, and possibly (d) modules/execute.php; the (2) url parameter to (e) view/admin/submenu.php; and the (3) page parameter to (f) view/admin/pager.php.",,,,,,4.3,MEDIUM,AV:N/AC:M/Au:N/C:N/I:P/A:N,8.6,2.9,CWE-79,2,cpe:2.3:a:wordpress:sniplets_plugin:1.1.2:*:*:*:*:*:*:* | cpe:2.3:a:wordpress:sniplets_plugin:1.2.2:*:*:*:*:*:*:*
CVE-2008-1547,NUCLEI,False,True,Open redirect vulnerability in exchweb/bin/redir.asp in Microsoft Outlook Web Access (OWA) for Exchange Server 2003 SP2 (aka build 6.5.7638) allows remote attackers to redirect users to arbitrary web sites and conduct phishing attacks via a URL in the URL parameter.,,,,,,4.3,MEDIUM,AV:N/AC:M/Au:N/C:N/I:P/A:N,8.6,2.9,CWE-601,1,cpe:2.3:a:microsoft:exchange_server:2003:sp2:*:*:*:*:*:*
CVE-2008-2398,NUCLEI,False,True,Cross-site scripting (XSS) vulnerability in index.php in AppServ Open Project 2.5.10 and earlier allows remote attackers to inject arbitrary web script or HTML via the appservlang parameter.,,,,,,4.3,MEDIUM,AV:N/AC:M/Au:N/C:N/I:P/A:N,8.6,2.9,CWE-79,36,cpe:2.3:a:appserv_open_project:appserv:*:*:*:*:*:*:*:* | cpe:2.3:a:appserv_open_project:appserv:1.0.0:*:*:*:*:*:*:* | cpe:2.3:a:appserv_open_project:appserv:1.2.0:*:*:*:*:*:*:* | cpe:2.3:a:appserv_open_project:appserv:1.3.0:*:*:*:*:*:*:* | cpe:2.3:a:appserv_open_project:appserv:1.4.0:*:*:*:*:*:*:* | cpe:2.3:a:appserv_open_project:appserv:1.5.0:*:*:*:*:*:*:* | cpe:2.3:a:appserv_open_project:appserv:1.6.0:*:*:*:*:*:*:* | cpe:2.3:a:appserv_open_project:appserv:1.7.0:*:*:*:*:*:*:* | cpe:2.3:a:appserv_open_project:appserv:1.8.0:*:*:*:*:*:*:* | cpe:2.3:a:appserv_open_project:appserv:1.9.0:*:*:*:*:*:*:*
CVE-2008-2650,NUCLEI,False,True,"Directory traversal vulnerability in cmsimple/cms.php in CMSimple 3.1, when register_globals is enabled, allows remote attackers to include and execute arbitrary local files via a .. (dot dot) in the sl parameter to index.php.  NOTE: this can be leveraged for remote file execution by including adm.php and then invoking the upload action. NOTE: on 20080601, the vendor patched 3.1 without changing the version number.",,,,,,6.8,MEDIUM,AV:N/AC:M/Au:N/C:P/I:P/A:P,8.6,6.4,CWE-22,1,cpe:2.3:a:cmsimple:cmsimple:3.1:*:*:*:*:*:*:*
CVE-2008-2992,CISA,True,False,"Stack-based buffer overflow in Adobe Acrobat and Reader 8.1.2 and earlier allows remote attackers to execute arbitrary code via a PDF file that calls the util.printf JavaScript function with a crafted format string argument, a related issue to CVE-2008-1104.",7.8,HIGH,CVSS:3.1/AV:L/AC:L/PR:N/UI:R/S:U/C:H/I:H/A:H,1.8,5.9,9.3,HIGH,AV:N/AC:M/Au:N/C:C/I:C/A:C,8.6,10.0,CWE-787,3,cpe:2.3:a:adobe:acrobat:*:*:*:*:*:*:*:* | cpe:2.3:a:adobe:acrobat_reader:*:*:*:*:*:*:*:* | cpe:2.3:o:oracle:solaris:10:*:*:*:*:*:*:*
CVE-2008-3431,CISA,True,False,"The VBoxDrvNtDeviceControl function in VBoxDrv.sys in Sun xVM VirtualBox before 1.6.4 uses the METHOD_NEITHER communication method for IOCTLs and does not properly validate a buffer associated with the Irp object, which allows local users to gain privileges by opening the \\.\VBoxDrv device and calling DeviceIoControl to send a crafted kernel address.",8.8,HIGH,CVSS:3.1/AV:L/AC:L/PR:L/UI:N/S:C/C:H/I:H/A:H,2.0,6.0,7.2,HIGH,AV:L/AC:L/Au:N/C:C/I:C/A:C,3.9,10.0,NVD-CWE-noinfo,1,cpe:2.3:a:oracle:virtualbox:*:*:*:*:*:*:*:*
CVE-2008-4668,NUCLEI,False,True,Directory traversal vulnerability in the Image Browser (com_imagebrowser) 0.1.5 component for Joomla! allows remote attackers to include and execute arbitrary local files via a .. (dot dot) in the folder parameter to index.php.,,,,,,9.0,HIGH,AV:N/AC:L/Au:N/C:C/I:P/A:P,10.0,8.5,CWE-22,2,cpe:2.3:a:joomla:com_imagebrowser:0.1.5:*:*:*:*:*:*:* | cpe:2.3:a:joomla:joomla:*:*:*:*:*:*:*:*
CVE-2008-4764,NUCLEI,False,True,Directory traversal vulnerability in the eXtplorer module (com_extplorer) 2.0.0 RC2 and earlier in Joomla! allows remote attackers to read arbitrary files via a .. (dot dot) in the dir parameter in a show_error action.,,,,,,5.0,MEDIUM,AV:N/AC:L/Au:N/C:P/I:N/A:N,10.0,2.9,CWE-22,2,cpe:2.3:a:extplorer:com_extplorer:*:rc2:*:*:*:*:*:* | cpe:2.3:a:joomla:joomla\!:*:*:*:*:*:*:*:*
CVE-2008-5281,NUCLEI,False,True,Heap-based buffer overflow in Titan FTP Server 6.05 build 550 allows remote attackers to execute arbitrary code via a long DELE command.,,,,,,10.0,HIGH,AV:N/AC:L/Au:N/C:C/I:C/A:C,10.0,10.0,CWE-119,1,cpe:2.3:a:south_river_technologies:titan_ftp_server:6.05:build_550:*:*:*:*:*:*
CVE-2008-5587,NUCLEI,False,True,"Directory traversal vulnerability in libraries/lib.inc.php in phpPgAdmin 4.2.1 and earlier, when register_globals is enabled, allows remote attackers to read arbitrary files via a .. (dot dot) in the _language parameter to index.php.",,,,,,4.3,MEDIUM,AV:N/AC:M/Au:N/C:P/I:N/A:N,8.6,2.9,CWE-22,9,cpe:2.3:a:phppgadmin:phppgadmin:*:*:*:*:*:*:*:* | cpe:2.3:a:phppgadmin:phppgadmin:2.2:*:*:*:*:*:*:* | cpe:2.3:a:phppgadmin:phppgadmin:2.2.1:*:*:*:*:*:*:* | cpe:2.3:a:phppgadmin:phppgadmin:3.1:*:*:*:*:*:*:* | cpe:2.3:a:phppgadmin:phppgadmin:3.4.1:*:*:*:*:*:*:* | cpe:2.3:a:phppgadmin:phppgadmin:3.5:*:*:*:*:*:*:* | cpe:2.3:a:phppgadmin:phppgadmin:3.5.2:*:*:*:*:*:*:* | cpe:2.3:a:phppgadmin:phppgadmin:3.5.3:*:*:*:*:*:*:* | cpe:2.3:a:phppgadmin:phppgadmin:4.1.1:*:*:*:*:*:*:*
CVE-2008-6080,NUCLEI,False,True,Directory traversal vulnerability in download.php in the ionFiles (com_ionfiles) 4.4.2 component for Joomla! allows remote attackers to read arbitrary files via a .. (dot dot) in the file parameter.,,,,,,5.0,MEDIUM,AV:N/AC:L/Au:N/C:P/I:N/A:N,10.0,2.9,CWE-22,2,cpe:2.3:a:codecall:com_ionfiles:4.4.2:*:*:*:*:*:*:* | cpe:2.3:a:joomla:joomla:*:*:*:*:*:*:*:*
CVE-2008-6172,NUCLEI,False,True,"Directory traversal vulnerability in captcha/captcha_image.php in the RWCards (com_rwcards) 3.0.11 component for Joomla!, when magic_quotes_gpc is disabled, allows remote attackers to include and execute arbitrary local files via directory traversal sequences in the img parameter.",,,,,,6.8,MEDIUM,AV:N/AC:M/Au:N/C:P/I:P/A:P,8.6,6.4,CWE-22,2,cpe:2.3:a:weberr:rwcards:3.0.11:*:*:*:*:*:*:* | cpe:2.3:a:joomla:joomla:*:*:*:*:*:*:*:*
CVE-2008-6222,NUCLEI,False,True,Directory traversal vulnerability in the Pro Desk Support Center (com_pro_desk) component 1.0 and 1.2 for Joomla! allows remote attackers to read arbitrary files via a .. (dot dot) in the include_file parameter to index.php.,,,,,,5.0,MEDIUM,AV:N/AC:L/Au:N/C:P/I:N/A:N,10.0,2.9,CWE-22,3,cpe:2.3:a:joomlashowroom:pro_desk_support_center:1.0:*:*:*:*:*:*:* | cpe:2.3:a:joomlashowroom:pro_desk_support_center:1.2:*:*:*:*:*:*:* | cpe:2.3:a:joomla:joomla:*:*:*:*:*:*:*:*
CVE-2008-6465,NUCLEI,False,True,"Multiple cross-site scripting (XSS) vulnerabilities in login.php in webshell4 in Parallels H-Sphere 3.0.0 P9 and 3.1 P1 allow remote attackers to inject arbitrary web script or HTML via the (1) err, (2) errorcode, and (3) login parameters.",,,,,,4.3,MEDIUM,AV:N/AC:M/Au:N/C:N/I:P/A:N,8.6,2.9,CWE-79,2,cpe:2.3:a:parallels:h-sphere:3.0.0:p9:*:*:*:*:*:* | cpe:2.3:a:parallels:h-sphere:3.1:p1:*:*:*:*:*:*
CVE-2008-6668,NUCLEI,False,True,Multiple directory traversal vulnerabilities in nweb2fax 0.2.7 and earlier allow remote attackers to read arbitrary files via a .. (dot dot) in the (1) id parameter to comm.php and (2) var_filename parameter to viewrq.php.,,,,,,5.0,MEDIUM,AV:N/AC:L/Au:N/C:P/I:N/A:N,10.0,2.9,CWE-22,2,cpe:2.3:a:dirk_bartley:nweb2fax:*:*:*:*:*:*:*:* | cpe:2.3:a:dirk_bartley:nweb2fax:0.2:*:*:*:*:*:*:*
CVE-2008-6982,NUCLEI,False,True,Cross-site scripting (XSS) vulnerability in index.php in devalcms 1.4a allows remote attackers to inject arbitrary web script or HTML via the currentpath parameter.,,,,,,4.3,MEDIUM,AV:N/AC:M/Au:N/C:N/I:P/A:N,8.6,2.9,CWE-79,1,cpe:2.3:a:devalcms:devalcms:1.4a:*:*:*:*:*:*:*
CVE-2008-7269,NUCLEI,False,True,Open redirect vulnerability in api.php in SiteEngine 5.x allows user-assisted remote attackers to redirect users to arbitrary web sites and conduct phishing attacks via a URL in the forward parameter in a logout action.,,,,,,5.8,MEDIUM,AV:N/AC:M/Au:N/C:N/I:P/A:P,8.6,4.9,CWE-20,1,cpe:2.3:a:boka:siteengine:5.0:*:*:*:*:*:*:*
CVE-2009-0238,CISA,True,False,"Microsoft Office Excel 2000 SP3, 2002 SP3, 2003 SP3, and 2007 SP1; Excel Viewer 2003 Gold and SP3; Excel Viewer; Compatibility Pack for Word, Excel, and PowerPoint 2007 File Formats SP1; and Excel in Microsoft Office 2004 and 2008 for Mac allow remote attackers to execute arbitrary code via a crafted Excel document that triggers an access attempt on an invalid object, as exploited in the wild in February 2009 by Trojan.Mdropper.AC.",8.8,HIGH,CVSS:3.1/AV:N/AC:L/PR:N/UI:R/S:U/C:H/I:H/A:H,2.8,5.9,9.3,HIGH,AV:N/AC:M/Au:N/C:C/I:C/A:C,8.6,10.0,CWE-94,10,cpe:2.3:a:microsoft:excel:2000:sp3:*:*:*:*:*:* | cpe:2.3:a:microsoft:excel:2002:sp3:*:*:*:*:*:* | cpe:2.3:a:microsoft:excel:2003:sp3:*:*:*:*:*:* | cpe:2.3:a:microsoft:excel:2007:sp1:*:*:*:*:*:* | cpe:2.3:a:microsoft:excel_viewer:*:*:*:*:*:*:*:* | cpe:2.3:a:microsoft:office:2004:*:*:*:*:macos:*:* | cpe:2.3:a:microsoft:office:2008:*:*:*:*:macos:*:* | cpe:2.3:a:microsoft:office_compatibility_pack:2007:sp1:*:*:*:*:*:* | cpe:2.3:a:microsoft:office_excel_viewer:*:*:*:*:*:*:*:* | cpe:2.3:a:microsoft:office_excel_viewer:2003:sp3:*:*:*:*:*:*
CVE-2009-0347,NUCLEI,False,True,Open redirect vulnerability in cs.html in the Autonomy (formerly Verity) Ultraseek search engine allows remote attackers to redirect users to arbitrary web sites and conduct phishing attacks via the url parameter.,,,,,,5.8,MEDIUM,AV:N/AC:M/Au:N/C:N/I:P/A:P,8.6,4.9,CWE-59,1,cpe:2.3:a:autonomy:ultraseek:_nil_:*:*:*:*:*:*:*
CVE-2009-0545,NUCLEI,False,True,cgi-bin/kerbynet in ZeroShell 1.0beta11 and earlier allows remote attackers to execute arbitrary commands via shell metacharacters in the type parameter in a NoAuthREQ x509List action.,,,,,,10.0,HIGH,AV:N/AC:L/Au:N/C:C/I:C/A:C,10.0,10.0,CWE-20,11,cpe:2.3:a:zeroshell:zeroshell:1.0:beta1:*:*:*:*:*:* | cpe:2.3:a:zeroshell:zeroshell:1.0:beta10:*:*:*:*:*:* | cpe:2.3:a:zeroshell:zeroshell:1.0:beta11:*:*:*:*:*:* | cpe:2.3:a:zeroshell:zeroshell:1.0:beta2:*:*:*:*:*:* | cpe:2.3:a:zeroshell:zeroshell:1.0:beta3:*:*:*:*:*:* | cpe:2.3:a:zeroshell:zeroshell:1.0:beta4:*:*:*:*:*:* | cpe:2.3:a:zeroshell:zeroshell:1.0:beta5:*:*:*:*:*:* | cpe:2.3:a:zeroshell:zeroshell:1.0:beta6:*:*:*:*:*:* | cpe:2.3:a:zeroshell:zeroshell:1.0:beta7:*:*:*:*:*:* | cpe:2.3:a:zeroshell:zeroshell:1.0:beta8:*:*:*:*:*:*
CVE-2009-0556,CISA,True,False,"Microsoft Office PowerPoint 2000 SP3, 2002 SP3, and 2003 SP3, and PowerPoint in Microsoft Office 2004 for Mac, allows remote attackers to execute arbitrary code via a PowerPoint file with an OutlineTextRefAtom containing an an invalid index value that triggers memory corruption, as exploited in the wild in April 2009 by Exploit:Win32/Apptom.gen, aka ""Memory Corruption Vulnerability.""",8.8,HIGH,CVSS:3.1/AV:N/AC:L/PR:N/UI:R/S:U/C:H/I:H/A:H,2.8,5.9,9.3,HIGH,AV:N/AC:M/Au:N/C:C/I:C/A:C,8.6,10.0,CWE-94,4,cpe:2.3:a:microsoft:office_powerpoint:2004:*:*:*:*:*:*:* | cpe:2.3:a:microsoft:powerpoint:2000:sp3:*:*:*:*:*:* | cpe:2.3:a:microsoft:powerpoint:2002:sp3:*:*:*:*:*:* | cpe:2.3:a:microsoft:powerpoint:2003:sp3:*:*:*:*:*:*
CVE-2009-0557,CISA,True,False,"Excel in Microsoft Office 2000 SP3, Office XP SP3, Office 2003 SP3, and Office 2004 and 2008 for Mac; Excel in 2007 Microsoft Office System SP1 and SP2; Open XML File Format Converter for Mac; Microsoft Office Excel Viewer 2003 SP3; Microsoft Office Excel Viewer; and Microsoft Office Compatibility Pack for Word, Excel, and PowerPoint 2007 File Formats SP1 and SP2 allow remote attackers to execute arbitrary code via a crafted Excel file with a malformed record object, aka ""Object Record Corruption Vulnerability.""",7.8,HIGH,CVSS:3.1/AV:L/AC:L/PR:N/UI:R/S:U/C:H/I:H/A:H,1.8,5.9,9.3,HIGH,AV:N/AC:M/Au:N/C:C/I:C/A:C,8.6,10.0,CWE-94,14,cpe:2.3:a:microsoft:office:2000:sp3:*:*:*:*:*:* | cpe:2.3:a:microsoft:office:2003:sp3:*:*:*:*:*:* | cpe:2.3:a:microsoft:office:2004:*:*:*:*:macos:*:* | cpe:2.3:a:microsoft:office:2007:sp1:*:*:*:*:*:* | cpe:2.3:a:microsoft:office:2007:sp2:*:*:*:*:*:* | cpe:2.3:a:microsoft:office:2008:*:*:*:*:macos:*:* | cpe:2.3:a:microsoft:office:xp:sp3:*:*:*:*:*:* | cpe:2.3:a:microsoft:office_compatibility_pack:2007:sp1:*:*:*:*:*:* | cpe:2.3:a:microsoft:office_compatibility_pack:2007:sp2:*:*:*:*:*:* | cpe:2.3:a:microsoft:office_excel_viewer:-:*:*:*:*:*:*:*
CVE-2009-0563,CISA,True,False,"Stack-based buffer overflow in Microsoft Office Word 2002 SP3, 2003 SP3, and 2007 SP1 and SP2; Microsoft Office for Mac 2004 and 2008; Open XML File Format Converter for Mac; Microsoft Office Word Viewer 2003 SP3; Microsoft Office Word Viewer; and Microsoft Office Compatibility Pack for Word, Excel, and PowerPoint 2007 File Formats SP1 and SP2 allows remote attackers to execute arbitrary code via a Word document with a crafted tag containing an invalid length field, aka ""Word Buffer Overflow Vulnerability.""",7.8,HIGH,CVSS:3.1/AV:L/AC:L/PR:N/UI:R/S:U/C:H/I:H/A:H,1.8,5.9,9.3,HIGH,AV:N/AC:M/Au:N/C:C/I:C/A:C,8.6,10.0,CWE-787,12,cpe:2.3:a:microsoft:office:2000:sp3:*:*:*:*:*:* | cpe:2.3:a:microsoft:office:2003:sp3:*:*:*:*:*:* | cpe:2.3:a:microsoft:office:2004:*:*:*:*:macos:*:* | cpe:2.3:a:microsoft:office:2007:sp1:*:*:*:*:*:* | cpe:2.3:a:microsoft:office:2007:sp2:*:*:*:*:*:* | cpe:2.3:a:microsoft:office:2008:*:*:*:*:macos:*:* | cpe:2.3:a:microsoft:office:xp:sp3:*:*:*:*:*:* | cpe:2.3:a:microsoft:office_compatibility_pack:2007:sp1:*:*:*:*:*:* | cpe:2.3:a:microsoft:office_compatibility_pack:2007:sp2:*:*:*:*:*:* | cpe:2.3:a:microsoft:office_word_viewer:-:*:*:*:*:*:*:*
CVE-2009-0884,NUCLEI,False,True,Buffer overflow in FileZilla Server before 0.9.31 allows remote attackers to cause a denial of service via unspecified vectors related to SSL/TLS packets.,,,,,,4.3,MEDIUM,AV:N/AC:M/Au:N/C:N/I:N/A:P,8.6,2.9,CWE-120,1,cpe:2.3:a:filezilla-project:filezilla_server:*:*:*:*:*:*:*:*
CVE-2009-0927,CISA,True,False,"Stack-based buffer overflow in Adobe Reader and Adobe Acrobat 9 before 9.1, 8 before 8.1.3 , and 7 before 7.1.1 allows remote attackers to execute arbitrary code via a crafted argument to the getIcon method of a Collab object, a different vulnerability than CVE-2009-0658.",8.8,HIGH,CVSS:3.1/AV:N/AC:L/PR:N/UI:R/S:U/C:H/I:H/A:H,2.8,5.9,9.3,HIGH,AV:N/AC:M/Au:N/C:C/I:C/A:C,8.6,10.0,CWE-20 | CWE-121,1,cpe:2.3:a:adobe:acrobat_reader:*:*:*:*:*:*:*:*
CVE-2009-0932,NUCLEI,False,True,Directory traversal vulnerability in framework/Image/Image.php in Horde before 3.2.4 and 3.3.3 and Horde Groupware before 1.1.5 allows remote attackers to include and execute arbitrary local files via directory traversal sequences in the Horde_Image driver name.,,,,,,6.4,MEDIUM,AV:N/AC:L/Au:N/C:P/I:P/A:N,10.0,4.9,CWE-22,10,cpe:2.3:a:debian:horde:3.2:*:*:*:*:*:*:* | cpe:2.3:a:debian:horde:3.2.2:*:*:*:*:*:*:* | cpe:2.3:a:debian:horde:3.2.3:*:*:*:*:*:*:* | cpe:2.3:a:debian:horde:3.3:*:*:*:*:*:*:* | cpe:2.3:a:debian:horde:3.3.1:*:*:*:*:*:*:* | cpe:2.3:a:debian:horde:3.3.2:*:*:*:*:*:*:* | cpe:2.3:a:debian:horde_groupware:1.1.1:*:*:*:*:*:*:* | cpe:2.3:a:debian:horde_groupware:1.1.2:*:*:*:*:*:*:* | cpe:2.3:a:debian:horde_groupware:1.1.3:*:*:*:*:*:*:* | cpe:2.3:a:debian:horde_groupware:1.1.4:*:*:*:*:*:*:*
CVE-2009-1123,CISA,True,False,"The kernel in Microsoft Windows 2000 SP4, XP SP2 and SP3, Server 2003 SP2, Vista Gold, SP1, and SP2, and Server 2008 SP2 does not properly validate changes to unspecified kernel objects, which allows local users to gain privileges via a crafted application, aka ""Windows Kernel Desktop Vulnerability.""",7.8,HIGH,CVSS:3.1/AV:L/AC:L/PR:N/UI:R/S:U/C:H/I:H/A:H,1.8,5.9,7.2,HIGH,AV:L/AC:L/Au:N/C:C/I:C/A:C,3.9,10.0,NVD-CWE-noinfo,8,cpe:2.3:o:microsoft:windows_2000:-:sp4:*:*:*:*:*:* | cpe:2.3:o:microsoft:windows_server_2003:-:sp2:*:*:*:*:*:* | cpe:2.3:o:microsoft:windows_server_2008:-:sp2:*:*:*:*:*:* | cpe:2.3:o:microsoft:windows_vista:-:sp1:*:*:*:*:*:* | cpe:2.3:o:microsoft:windows_vista:-:sp2:*:*:*:*:*:* | cpe:2.3:o:microsoft:windows_xp:-:sp2:*:*:-:*:*:* | cpe:2.3:o:microsoft:windows_xp:-:sp2:*:*:professional:*:*:* | cpe:2.3:o:microsoft:windows_xp:-:sp3:*:*:*:*:*:*
CVE-2009-1151,CISA + NUCLEI,True,True,Static code injection vulnerability in setup.php in phpMyAdmin 2.11.x before 2.11.9.5 and 3.x before 3.1.3.1 allows remote attackers to inject arbitrary PHP code into a configuration file via the save action.,9.8,CRITICAL,CVSS:3.1/AV:N/AC:L/PR:N/UI:N/S:U/C:H/I:H/A:H,3.9,5.9,7.5,HIGH,AV:N/AC:L/Au:N/C:P/I:P/A:P,10.0,6.4,CWE-94,3,cpe:2.3:a:phpmyadmin:phpmyadmin:*:*:*:*:*:*:*:* | cpe:2.3:o:debian:debian_linux:4.0:*:*:*:*:*:*:* | cpe:2.3:o:debian:debian_linux:5.0:*:*:*:*:*:*:*
CVE-2009-1496,NUCLEI,False,True,Directory traversal vulnerability in the Cmi Marketplace (com_cmimarketplace) component 0.1 for Joomla! allows remote attackers to list arbitrary directories via a .. (dot dot) in the viewit parameter to index.php.,,,,,,5.0,MEDIUM,AV:N/AC:L/Au:N/C:P/I:N/A:N,10.0,2.9,CWE-22,2,cpe:2.3:a:joomla:joomla:*:*:*:*:*:*:*:* | cpe:2.3:a:ijobid:com_cmimarketplace:0.1:*:*:*:*:*:*:*
CVE-2009-1558,NUCLEI,False,True,Directory traversal vulnerability in adm/file.cgi on the Cisco Linksys WVC54GCA wireless video camera with firmware 1.00R22 and 1.00R24 allows remote attackers to read arbitrary files via a %2e. (encoded dot dot) or an absolute pathname in the next_file parameter.,,,,,,7.8,HIGH,AV:N/AC:L/Au:N/C:C/I:N/A:N,10.0,6.9,CWE-22,2,cpe:2.3:h:cisco:wvc54gca:1.00r22:*:*:*:*:*:*:* | cpe:2.3:h:cisco:wvc54gca:1.00r24:*:*:*:*:*:*:*
CVE-2009-1862,CISA,True,False,"Unspecified vulnerability in Adobe Reader and Acrobat 9.x through 9.1.2, and Adobe Flash Player 9.x through 9.0.159.0 and 10.x through 10.0.22.87, allows remote attackers to execute arbitrary code or cause a denial of service (memory corruption) via (1) a crafted Flash application in a .pdf file or (2) a crafted .swf file, related to authplay.dll, as exploited in the wild in July 2009.",7.8,HIGH,CVSS:3.1/AV:L/AC:L/PR:N/UI:R/S:U/C:H/I:H/A:H,1.8,5.9,9.3,HIGH,AV:N/AC:M/Au:N/C:C/I:C/A:C,8.6,10.0,CWE-787,3,cpe:2.3:a:adobe:acrobat:*:*:*:*:*:*:*:* | cpe:2.3:a:adobe:acrobat_reader:*:*:*:*:*:*:*:* | cpe:2.3:a:adobe:flash_player:*:*:*:*:*:*:*:*
CVE-2009-1872,NUCLEI,False,True,"Multiple cross-site scripting (XSS) vulnerabilities in Adobe ColdFusion Server 8.0.1, 8, and earlier allow remote attackers to inject arbitrary web script or HTML via (1) the startRow parameter to administrator/logviewer/searchlog.cfm, or the query string to (2) wizards/common/_logintowizard.cfm, (3) wizards/common/_authenticatewizarduser.cfm, or (4) administrator/enter.cfm.",,,,,,4.3,MEDIUM,AV:N/AC:M/Au:N/C:N/I:P/A:N,8.6,2.9,CWE-79,21,cpe:2.3:a:adobe:coldfusion:*:*:*:*:*:*:*:* | cpe:2.3:a:adobe:coldfusion:6.0:*:*:*:*:*:*:* | cpe:2.3:a:adobe:coldfusion:6.0:*:enterprise_multi-server:*:*:*:*:* | cpe:2.3:a:adobe:coldfusion:6.0:*:enterprise_server:*:*:*:*:* | cpe:2.3:a:adobe:coldfusion:6.0:*:linux:*:*:*:*:* | cpe:2.3:a:adobe:coldfusion:6.0:*:solaris:*:*:*:*:* | cpe:2.3:a:adobe:coldfusion:6.1:*:*:*:*:*:*:* | cpe:2.3:a:adobe:coldfusion:6.1:*:enterprise_multi-server:*:*:*:*:* | cpe:2.3:a:adobe:coldfusion:6.1:*:enterprise_server:*:*:*:*:* | cpe:2.3:a:adobe:coldfusion:6.1:*:linux:*:*:*:*:*
CVE-2009-2015,NUCLEI,False,True,Directory traversal vulnerability in includes/file_includer.php in the Ideal MooFAQ (com_moofaq) component 1.0 for Joomla! allows remote attackers to read arbitrary files via a .. (dot dot) in the file parameter.,,,,,,7.5,HIGH,AV:N/AC:L/Au:N/C:P/I:P/A:P,10.0,6.4,CWE-22,2,cpe:2.3:a:joomla:joomla:*:*:*:*:*:*:*:* | cpe:2.3:a:ideal:com_moofaq:1.0:*:*:*:*:*:*:*
CVE-2009-2055,CISA,True,False,"Cisco IOS XR 3.4.0 through 3.8.1 allows remote attackers to cause a denial of service (session reset) via a BGP UPDATE message with an invalid attribute, as demonstrated in the wild on 17 August 2009.",5.9,MEDIUM,CVSS:3.1/AV:N/AC:H/PR:N/UI:N/S:U/C:N/I:N/A:H,2.2,3.6,4.3,MEDIUM,AV:N/AC:M/Au:N/C:N/I:N/A:P,8.6,2.9,CWE-20,19,cpe:2.3:o:cisco:ios_xr:3.4:*:*:*:*:*:*:* | cpe:2.3:o:cisco:ios_xr:3.4.0:*:*:*:*:*:*:* | cpe:2.3:o:cisco:ios_xr:3.4.1:*:*:*:*:*:*:* | cpe:2.3:o:cisco:ios_xr:3.4.2:*:*:*:*:*:*:* | cpe:2.3:o:cisco:ios_xr:3.4.3:*:*:*:*:*:*:* | cpe:2.3:o:cisco:ios_xr:3.5:*:*:*:*:*:*:* | cpe:2.3:o:cisco:ios_xr:3.5.2:*:*:*:*:*:*:* | cpe:2.3:o:cisco:ios_xr:3.5.3:*:*:*:*:*:*:* | cpe:2.3:o:cisco:ios_xr:3.5.4:*:*:*:*:*:*:* | cpe:2.3:o:cisco:ios_xr:3.6.0:*:*:*:*:*:*:*
CVE-2009-2100,NUCLEI,False,True,Directory traversal vulnerability in the JoomlaPraise Projectfork (com_projectfork) component 2.0.10 for Joomla! allows remote attackers to read arbitrary files via directory traversal sequences in the section parameter to index.php.,,,,,,5.0,MEDIUM,AV:N/AC:L/Au:N/C:P/I:N/A:N,10.0,2.9,CWE-22,2,cpe:2.3:a:joomla:joomla:*:*:*:*:*:*:*:* | cpe:2.3:a:joomlapraise:com_projectfork:2.0.10:*:*:*:*:*:*:*
CVE-2009-3053,NUCLEI,False,True,"Directory traversal vulnerability in the Agora (com_agora) component 3.0.0b for Joomla! allows remote attackers to include and execute arbitrary local files via directory traversal sequences in the action parameter to the avatars page, reachable through index.php.",,,,,,6.8,MEDIUM,AV:N/AC:M/Au:N/C:P/I:P/A:P,8.6,6.4,CWE-22,2,cpe:2.3:a:joomla:joomla:*:*:*:*:*:*:*:* | cpe:2.3:a:jvitals:com_agora:3.0.0b:*:*:*:*:*:*:*
CVE-2009-3129,CISA,True,False,"Microsoft Office Excel 2002 SP3, 2003 SP3, and 2007 SP1 and SP2; Office 2004 and 2008 for Mac; Open XML File Format Converter for Mac; Office Excel Viewer 2003 SP3; Office Excel Viewer SP1 and SP2; and Office Compatibility Pack for Word, Excel, and PowerPoint 2007 File Formats SP1 and SP2 allows remote attackers to execute arbitrary code via a spreadsheet with a FEATHEADER record containing an invalid cbHdrData size element that affects a pointer offset, aka ""Excel Featheader Record Memory Corruption Vulnerability.""",7.8,HIGH,CVSS:3.1/AV:L/AC:L/PR:N/UI:R/S:U/C:H/I:H/A:H,1.8,5.9,9.3,HIGH,AV:N/AC:M/Au:N/C:C/I:C/A:C,8.6,10.0,CWE-787,10,cpe:2.3:a:microsoft:excel:2002:sp3:*:*:*:*:*:* | cpe:2.3:a:microsoft:excel:2003:sp3:*:*:*:*:*:* | cpe:2.3:a:microsoft:excel:2007:sp1:*:*:*:*:*:* | cpe:2.3:a:microsoft:excel:2007:sp2:*:*:*:*:*:* | cpe:2.3:a:microsoft:excel_viewer:-:sp1:*:*:*:*:*:* | cpe:2.3:a:microsoft:excel_viewer:-:sp2:*:*:*:*:*:* | cpe:2.3:a:microsoft:excel_viewer:2003:sp3:*:*:*:*:*:* | cpe:2.3:a:microsoft:office:2004:*:*:*:*:macos:*:* | cpe:2.3:a:microsoft:office:2008:*:*:*:*:macos:*:* | cpe:2.3:a:microsoft:open_xml_file_format_converter:*:*:*:*:*:macos:*:*
CVE-2009-3318,NUCLEI,False,True,Directory traversal vulnerability in the Roland Breedveld Album (com_album) component 1.14 for Joomla! allows remote attackers to access arbitrary directories and have unspecified other impact via a .. (dot dot) in the target parameter to index.php.,,,,,,7.5,HIGH,AV:N/AC:L/Au:N/C:P/I:P/A:P,10.0,6.4,CWE-22,2,cpe:2.3:a:joomla:joomla:*:*:*:*:*:*:*:* | cpe:2.3:a:breedveld:com_album:1.14:*:*:*:*:*:*:*
CVE-2009-3953,CISA,True,False,"The U3D implementation in Adobe Reader and Acrobat 9.x before 9.3, 8.x before 8.2 on Windows and Mac OS X, and 7.x before 7.1.4 allows remote attackers to execute arbitrary code via malformed U3D data in a PDF document, related to a CLODProgressiveMeshDeclaration ""array boundary issue,"" a different vulnerability than CVE-2009-2994.",8.8,HIGH,CVSS:3.1/AV:N/AC:L/PR:N/UI:R/S:U/C:H/I:H/A:H,2.8,5.9,10.0,HIGH,AV:N/AC:L/Au:N/C:C/I:C/A:C,10.0,10.0,CWE-787,8,cpe:2.3:a:adobe:acrobat:*:*:*:*:*:*:*:* | cpe:2.3:o:apple:mac_os_x:-:*:*:*:*:*:*:* | cpe:2.3:o:microsoft:windows:-:*:*:*:*:*:*:* | cpe:2.3:a:suse:linux_enterprise_debuginfo:11:-:*:*:*:*:*:* | cpe:2.3:o:opensuse:opensuse:11.1:*:*:*:*:*:*:* | cpe:2.3:o:opensuse:opensuse:11.2:*:*:*:*:*:*:* | cpe:2.3:o:suse:linux_enterprise:10.0:sp2:*:*:*:*:*:* | cpe:2.3:o:suse:linux_enterprise:10.0:sp3:*:*:*:*:*:*
CVE-2009-3960,CISA,True,False,"Unspecified vulnerability in BlazeDS 3.2 and earlier, as used in LiveCycle 8.0.1, 8.2.1, and 9.0, LiveCycle Data Services 2.5.1, 2.6.1, and 3.0, Flex Data Services 2.0.1, and ColdFusion 7.0.2, 8.0, 8.0.1, and 9.0, allows remote attackers to obtain sensitive information via vectors that are associated with a request, and related to injected tags and external entity references in XML documents.",6.5,MEDIUM,CVSS:3.1/AV:N/AC:L/PR:N/UI:R/S:U/C:H/I:N/A:N,2.8,3.6,4.3,MEDIUM,AV:N/AC:M/Au:N/C:P/I:N/A:N,8.6,2.9,NVD-CWE-noinfo,12,cpe:2.3:a:adobe:blazeds:*:*:*:*:*:*:*:* | cpe:2.3:a:adobe:coldfusion:7.0.2:*:*:*:*:*:*:* | cpe:2.3:a:adobe:coldfusion:8.0:*:*:*:*:*:*:* | cpe:2.3:a:adobe:coldfusion:8.0.1:*:*:*:*:*:*:* | cpe:2.3:a:adobe:coldfusion:9.0:*:*:*:*:*:*:* | cpe:2.3:a:adobe:flex_data_services:2.0.1:*:*:*:*:*:*:* | cpe:2.3:a:adobe:livecycle:8.0.1:*:*:*:*:*:*:* | cpe:2.3:a:adobe:livecycle:8.2.1:*:*:*:*:*:*:* | cpe:2.3:a:adobe:livecycle:9.0:*:*:*:*:*:*:* | cpe:2.3:a:adobe:livecycle_data_services:2.5.1:*:*:*:*:*:*:*
CVE-2009-4202,NUCLEI,False,True,Directory traversal vulnerability in the Omilen Photo Gallery (com_omphotogallery) component Beta 0.5 for Joomla! allows remote attackers to include and execute arbitrary local files via directory traversal sequences in the controller parameter to index.php.,,,,,,7.5,HIGH,AV:N/AC:L/Au:N/C:P/I:P/A:P,10.0,6.4,CWE-22,2,cpe:2.3:a:joomla:joomla\!:*:*:*:*:*:*:*:* | cpe:2.3:a:omilenitsolutions:com_omphotogallery:0.5:beta:*:*:*:*:*:*
CVE-2009-4223,NUCLEI,False,True,PHP remote file inclusion vulnerability in adm/krgourl.php in KR-Web 1.1b2 and earlier allows remote attackers to execute arbitrary PHP code via a URL in the DOCUMENT_ROOT parameter.,,,,,,7.5,HIGH,AV:N/AC:L/Au:N/C:P/I:P/A:P,10.0,6.4,CWE-94,3,cpe:2.3:a:gianni_tommasi:kr-php_web_content_server:*:beta_2:*:*:*:*:*:* | cpe:2.3:a:gianni_tommasi:kr-php_web_content_server:1.1:*:*:*:*:*:*:* | cpe:2.3:a:gianni_tommasi:kr-php_web_content_server:1.1:beta:*:*:*:*:*:*
CVE-2009-4324,CISA,True,False,"Use-after-free vulnerability in the Doc.media.newPlayer method in Multimedia.api in Adobe Reader and Acrobat 9.x before 9.3, and 8.x before 8.2 on Windows and Mac OS X, allows remote attackers to execute arbitrary code via a crafted PDF file using ZLib compressed streams, as exploited in the wild in December 2009.",7.8,HIGH,CVSS:3.1/AV:L/AC:L/PR:N/UI:R/S:U/C:H/I:H/A:H,1.8,5.9,9.3,HIGH,AV:N/AC:M/Au:N/C:C/I:C/A:C,8.6,10.0,CWE-416,9,cpe:2.3:a:adobe:acrobat:*:*:*:*:*:*:*:* | cpe:2.3:a:adobe:acrobat_reader:*:*:*:*:*:*:*:* | cpe:2.3:o:apple:mac_os_x:-:*:*:*:*:*:*:* | cpe:2.3:o:microsoft:windows:-:*:*:*:*:*:*:* | cpe:2.3:a:suse:linux_enterprise_debuginfo:11:-:*:*:*:*:*:* | cpe:2.3:o:opensuse:opensuse:11.1:*:*:*:*:*:*:* | cpe:2.3:o:opensuse:opensuse:11.2:*:*:*:*:*:*:* | cpe:2.3:o:suse:linux_enterprise:10.0:sp2:*:*:*:*:*:* | cpe:2.3:o:suse:linux_enterprise:10.0:sp3:*:*:*:*:*:*
CVE-2009-4679,NUCLEI,False,True,Directory traversal vulnerability in the inertialFATE iF Portfolio Nexus (com_if_nexus) component 1.5 for Joomla! allows remote attackers to include and execute arbitrary local files via a .. (dot dot) in the controller parameter to index.php.,,,,,,7.5,HIGH,AV:N/AC:L/Au:N/C:P/I:P/A:P,10.0,6.4,CWE-22,2,cpe:2.3:a:inertialfate:com_if_nexus:1.5:*:*:*:*:*:*:* | cpe:2.3:a:joomla:joomla\!:*:*:*:*:*:*:*:*
CVE-2009-5020,NUCLEI,False,True,Open redirect vulnerability in awredir.pl in AWStats before 6.95 allows remote attackers to redirect users to arbitrary web sites and conduct phishing attacks via unspecified vectors.,,,,,,5.8,MEDIUM,AV:N/AC:M/Au:N/C:N/I:P/A:P,8.6,4.9,CWE-20,29,cpe:2.3:a:awstats:awstats:*:*:*:*:*:*:*:* | cpe:2.3:a:awstats:awstats:1.0:*:*:*:*:*:*:* | cpe:2.3:a:awstats:awstats:2.1.:*:*:*:*:*:*:* | cpe:2.3:a:awstats:awstats:2.2.3:*:*:*:*:*:*:* | cpe:2.3:a:awstats:awstats:2.2.4:*:*:*:*:*:*:* | cpe:2.3:a:awstats:awstats:3.0:*:*:*:*:*:*:* | cpe:2.3:a:awstats:awstats:3.1:*:*:*:*:*:*:* | cpe:2.3:a:awstats:awstats:3.2:*:*:*:*:*:*:* | cpe:2.3:a:awstats:awstats:4.0:*:*:*:*:*:*:* | cpe:2.3:a:awstats:awstats:4.1:*:*:*:*:*:*:*
CVE-2009-5114,NUCLEI,False,True,Directory traversal vulnerability in wgarcmin.cgi in WebGlimpse 2.18.7 and earlier allows remote attackers to read arbitrary files via a .. (dot dot) in the DOC parameter.,,,,,,5.0,MEDIUM,AV:N/AC:L/Au:N/C:P/I:N/A:N,10.0,2.9,CWE-22,48,cpe:2.3:a:iwork:webglimpse:*:*:*:*:*:*:*:* | cpe:2.3:a:iwork:webglimpse:1.7.6:*:*:*:*:*:*:* | cpe:2.3:a:iwork:webglimpse:1.7.9:*:*:*:*:*:*:* | cpe:2.3:a:iwork:webglimpse:2.0.03:*:*:*:*:*:*:* | cpe:2.3:a:iwork:webglimpse:2.0.04:*:*:*:*:*:*:* | cpe:2.3:a:iwork:webglimpse:2.0.07:*:*:*:*:*:*:* | cpe:2.3:a:iwork:webglimpse:2.0.10:*:*:*:*:*:*:* | cpe:2.3:a:iwork:webglimpse:2.1.01:*:*:*:*:*:*:* | cpe:2.3:a:iwork:webglimpse:2.1.04:*:*:*:*:*:*:* | cpe:2.3:a:iwork:webglimpse:2.2.0:*:*:*:*:*:*:*
CVE-2010-0157,NUCLEI,False,True,Directory traversal vulnerability in the Bible Study (com_biblestudy) component 6.1 for Joomla! allows remote attackers to include and execute arbitrary local files via a .. (dot dot) in the controller parameter in a studieslist action to index.php.,,,,,,7.5,HIGH,AV:N/AC:L/Au:N/C:P/I:P/A:P,10.0,6.4,CWE-22,2,cpe:2.3:a:joomla:joomla\!:*:*:*:*:*:*:*:* | cpe:2.3:a:joomlabiblestudy:com_biblestudy:6.1:*:*:*:*:*:*:*
CVE-2010-0188,CISA,True,False,Unspecified vulnerability in Adobe Reader and Acrobat 8.x before 8.2.1 and 9.x before 9.3.1 allows attackers to cause a denial of service (application crash) or possibly execute arbitrary code via unknown vectors.,7.8,HIGH,CVSS:3.1/AV:L/AC:L/PR:L/UI:N/S:U/C:H/I:H/A:H,1.8,5.9,9.3,HIGH,AV:N/AC:M/Au:N/C:C/I:C/A:C,8.6,10.0,NVD-CWE-noinfo,2,cpe:2.3:a:adobe:acrobat:*:*:*:*:*:*:*:* | cpe:2.3:a:adobe:acrobat_reader:*:*:*:*:*:*:*:*
CVE-2010-0219,NUCLEI,False,True,"Apache Axis2, as used in dswsbobje.war in SAP BusinessObjects Enterprise XI 3.2, CA ARCserve D2D r15, and other products, has a default password of axis2 for the admin account, which makes it easier for remote attackers to execute arbitrary code by uploading a crafted web service.",,,,,,10.0,HIGH,AV:N/AC:L/Au:N/C:C/I:C/A:C,10.0,10.0,CWE-255,8,cpe:2.3:a:apache:axis2:1.3:*:*:*:*:*:*:* | cpe:2.3:a:apache:axis2:1.4:*:*:*:*:*:*:* | cpe:2.3:a:apache:axis2:1.4.1:*:*:*:*:*:*:* | cpe:2.3:a:apache:axis2:1.5:*:*:*:*:*:*:* | cpe:2.3:a:apache:axis2:1.5.1:*:*:*:*:*:*:* | cpe:2.3:a:apache:axis2:1.5.2:*:*:*:*:*:*:* | cpe:2.3:a:apache:axis2:1.6:*:*:*:*:*:*:* | cpe:2.3:a:sap:businessobjects:3.2:*:enterprise_xi:*:*:*:*:*
CVE-2010-0232,CISA,True,False,"The kernel in Microsoft Windows NT 3.1 through Windows 7, including Windows 2000 SP4, Windows XP SP2 and SP3, Windows Server 2003 SP2, Windows Vista Gold, SP1, and SP2, and Windows Server 2008 Gold and SP2, when access to 16-bit applications is enabled on a 32-bit x86 platform, does not properly validate certain BIOS calls, which allows local users to gain privileges by crafting a VDM_TIB data structure in the Thread Environment Block (TEB), and then calling the NtVdmControl function to start the Windows Virtual DOS Machine (aka NTVDM) subsystem, leading to improperly handled exceptions involving the #GP trap handler (nt!KiTrap0D), aka ""Windows Kernel Exception Handler Vulnerability.""",7.8,HIGH,CVSS:3.1/AV:L/AC:L/PR:L/UI:N/S:U/C:H/I:H/A:H,1.8,5.9,7.2,HIGH,AV:L/AC:L/Au:N/C:C/I:C/A:C,3.9,10.0,NVD-CWE-noinfo,4,cpe:2.3:o:microsoft:windows_2000:-:sp4:*:*:*:*:*:* | cpe:2.3:o:microsoft:windows_7:-:*:*:*:*:*:x86:* | cpe:2.3:o:microsoft:windows_xp:-:sp2:*:*:-:*:*:* | cpe:2.3:o:microsoft:windows_xp:-:sp3:*:*:*:*:*:*
CVE-2010-0467,NUCLEI,False,True,Directory traversal vulnerability in the ccNewsletter (com_ccnewsletter) component 1.0.5 for Joomla! allows remote attackers to read arbitrary files via a .. (dot dot) in the controller parameter in a ccnewsletter action to index.php.,5.8,MEDIUM,CVSS:3.1/AV:N/AC:L/PR:N/UI:N/S:C/C:L/I:N/A:N,3.9,1.4,5.0,MEDIUM,AV:N/AC:L/Au:N/C:P/I:N/A:N,10.0,2.9,CWE-22,2,cpe:2.3:a:chillcreations:com_ccnewsletter:1.0.5:*:*:*:*:*:*:* | cpe:2.3:a:joomla:joomla\!:*:*:*:*:*:*:*:*
CVE-2010-0696,NUCLEI,False,True,Directory traversal vulnerability in includes/download.php in the JoomlaWorks AllVideos (Jw_allVideos) plugin 3.0 through 3.2 for Joomla! allows remote attackers to read arbitrary files via a ./../.../ (modified dot dot) in the file parameter.,,,,,,5.0,MEDIUM,AV:N/AC:L/Au:N/C:P/I:N/A:N,10.0,2.9,CWE-22,4,cpe:2.3:a:joomlaworks:jw_allvideos:3.0:*:*:*:*:*:*:* | cpe:2.3:a:joomlaworks:jw_allvideos:3.1:*:*:*:*:*:*:* | cpe:2.3:a:joomlaworks:jw_allvideos:3.2:*:*:*:*:*:*:* | cpe:2.3:a:joomla:joomla:*:*:*:*:*:*:*:*
CVE-2010-0738,CISA,True,False,"The JMX-Console web application in JBossAs in Red Hat JBoss Enterprise Application Platform (aka JBoss EAP or JBEAP) 4.2 before 4.2.0.CP09 and 4.3 before 4.3.0.CP08 performs access control only for the GET and POST methods, which allows remote attackers to send requests to this application's GET handler by using a different method.",5.3,MEDIUM,CVSS:3.1/AV:N/AC:L/PR:N/UI:N/S:U/C:N/I:L/A:N,3.9,1.4,5.0,MEDIUM,AV:N/AC:L/Au:N/C:P/I:N/A:N,10.0,2.9,NVD-CWE-noinfo | CWE-749,2,cpe:2.3:a:redhat:jboss_enterprise_application_platform:4.2.0:-:*:*:*:*:*:* | cpe:2.3:a:redhat:jboss_enterprise_application_platform:4.3.0:-:*:*:*:*:*:*
CVE-2010-0759,NUCLEI,False,True,"Directory traversal vulnerability in plugins/system/cdscriptegrator/libraries/highslide/js/jsloader.php in the Core Design Scriptegrator plugin 1.4.1 for Joomla! allows remote attackers to read, and possibly include and execute, arbitrary files via directory traversal sequences in the files[] parameter, a different vector than CVE-2010-0760.",,,,,,7.5,HIGH,AV:N/AC:L/Au:N/C:P/I:P/A:P,10.0,6.4,CWE-22,2,cpe:2.3:a:greatjoomla:scriptegrator_plugin:1.4.1:*:*:*:*:*:*:* | cpe:2.3:a:joomla:joomla\!:*:*:*:*:*:*:*:*
CVE-2010-0840,CISA,True,False,"Unspecified vulnerability in the Java Runtime Environment component in Oracle Java SE and Java for Business 6 Update 18, 5.0 Update 23, and 1.4.2_25 allows remote attackers to affect confidentiality, integrity, and availability via unknown vectors.  NOTE: the previous information was obtained from the March 2010 CPU.  Oracle has not commented on claims from a reliable researcher that this is related to improper checks when executing privileged methods in the Java Runtime Environment (JRE), which allows attackers to execute arbitrary code via (1) an untrusted object that extends the trusted class but has not modified a certain method, or (2) ""a similar trust issue with interfaces,"" aka ""Trusted Methods Chaining Remote Code Execution Vulnerability.""",9.8,CRITICAL,CVSS:3.1/AV:N/AC:L/PR:N/UI:N/S:U/C:H/I:H/A:H,3.9,5.9,7.5,HIGH,AV:N/AC:L/Au:N/C:P/I:P/A:P,10.0,6.4,NVD-CWE-noinfo,10,cpe:2.3:a:oracle:jre:1.4.2_25:*:*:*:*:*:*:* | cpe:2.3:a:oracle:jre:1.5.0:update23:*:*:*:*:*:* | cpe:2.3:a:oracle:jre:1.6.0:update18:*:*:*:*:*:* | cpe:2.3:o:opensuse:opensuse:11.0:*:*:*:*:*:*:* | cpe:2.3:o:opensuse:opensuse:11.1:*:*:*:*:*:*:* | cpe:2.3:o:opensuse:opensuse:11.2:*:*:*:*:*:*:* | cpe:2.3:o:canonical:ubuntu_linux:8.04:*:*:*:-:*:*:* | cpe:2.3:o:canonical:ubuntu_linux:8.10:*:*:*:*:*:*:* | cpe:2.3:o:canonical:ubuntu_linux:9.04:*:*:*:*:*:*:* | cpe:2.3:o:canonical:ubuntu_linux:9.10:*:*:*:*:*:*:*
CVE-2010-0942,NUCLEI,False,True,Directory traversal vulnerability in the jVideoDirect (com_jvideodirect) component for Joomla! allows remote attackers to read arbitrary files via a .. (dot dot) in the controller parameter to index.php.,,,,,,5.0,MEDIUM,AV:N/AC:L/Au:N/C:P/I:N/A:N,10.0,2.9,CWE-22,2,cpe:2.3:a:jvideodirect:com_jvideodirect:*:*:*:*:*:*:*:* | cpe:2.3:a:joomla:joomla\!:*:*:*:*:*:*:*:*
CVE-2010-0943,NUCLEI,False,True,Directory traversal vulnerability in the JA Showcase (com_jashowcase) component for Joomla! allows remote attackers to read arbitrary files via a .. (dot dot) in the controller parameter in a jashowcase action to index.php.,,,,,,5.0,MEDIUM,AV:N/AC:L/Au:N/C:P/I:N/A:N,10.0,2.9,CWE-22,2,cpe:2.3:a:joomlart:com_jashowcase:*:*:*:*:*:*:*:* | cpe:2.3:a:joomla:joomla\!:*:*:*:*:*:*:*:*
CVE-2010-0944,NUCLEI,False,True,Directory traversal vulnerability in the JCollection (com_jcollection) component for Joomla! allows remote attackers to read arbitrary files via a .. (dot dot) in the controller parameter to index.php.,,,,,,5.0,MEDIUM,AV:N/AC:L/Au:N/C:P/I:N/A:N,10.0,2.9,CWE-22,2,cpe:2.3:a:thorsten_riess:com_jcollection:*:*:*:*:*:*:*:* | cpe:2.3:a:joomla:joomla\!:*:*:*:*:*:*:*:*
CVE-2010-0972,NUCLEI,False,True,Directory traversal vulnerability in the GCalendar (com_gcalendar) component 2.1.5 for Joomla! allows remote attackers to include and execute arbitrary local files via a .. (dot dot) in the controller parameter to index.php.,,,,,,7.5,HIGH,AV:N/AC:L/Au:N/C:P/I:P/A:P,10.0,6.4,CWE-22,2,cpe:2.3:a:g4j.laoneo:com_gcalendar:2.1.5:*:*:*:*:*:*:* | cpe:2.3:a:joomla:joomla\!:*:*:*:*:*:*:*:*
CVE-2010-0982,NUCLEI,False,True,Directory traversal vulnerability in the CARTwebERP (com_cartweberp) component 1.56.75 for Joomla! allows remote attackers to read arbitrary files via a .. (dot dot) in the controller parameter to index.php.,,,,,,4.3,MEDIUM,AV:N/AC:M/Au:N/C:P/I:N/A:N,8.6,2.9,CWE-22,2,cpe:2.3:a:joomlamo:com_cartweberp:1.56.75:*:*:*:*:*:*:* | cpe:2.3:a:joomla:joomla\!:*:*:*:*:*:*:*:*
CVE-2010-0985,NUCLEI,False,True,Directory traversal vulnerability in the Abbreviations Manager (com_abbrev) component 1.1 for Joomla! allows remote attackers to include and execute arbitrary local files via a .. (dot dot) in the controller parameter to index.php.  NOTE: some of these details are obtained from third party information.,,,,,,7.5,HIGH,AV:N/AC:L/Au:N/C:P/I:P/A:P,10.0,6.4,CWE-22,2,cpe:2.3:a:chris_simon:com_abbrev:1.1:*:*:*:*:*:*:* | cpe:2.3:a:joomla:joomla\!:*:*:*:*:*:*:*:*
CVE-2010-1056,NUCLEI,False,True,Directory traversal vulnerability in the RokDownloads (com_rokdownloads) component before 1.0.1 for Joomla! allows remote attackers to include and execute arbitrary local files via a .. (dot dot) in the controller parameter to index.php.,,,,,,6.8,MEDIUM,AV:N/AC:M/Au:N/C:P/I:P/A:P,8.6,6.4,CWE-22,19,cpe:2.3:a:rockettheme:com_rokdownloads:*:*:*:*:*:*:*:* | cpe:2.3:a:rockettheme:com_rokdownloads:0.91:a:*:*:*:*:*:* | cpe:2.3:a:rockettheme:com_rokdownloads:0.92:a:*:*:*:*:*:* | cpe:2.3:a:rockettheme:com_rokdownloads:0.93:a:*:*:*:*:*:* | cpe:2.3:a:rockettheme:com_rokdownloads:0.94:a:*:*:*:*:*:* | cpe:2.3:a:rockettheme:com_rokdownloads:0.95:a:*:*:*:*:*:* | cpe:2.3:a:rockettheme:com_rokdownloads:0.96:a:*:*:*:*:*:* | cpe:2.3:a:rockettheme:com_rokdownloads:0.97:a:*:*:*:*:*:* | cpe:2.3:a:rockettheme:com_rokdownloads:0.98:a:*:*:*:*:*:* | cpe:2.3:a:rockettheme:com_rokdownloads:1.0:b1:*:*:*:*:*:*
CVE-2010-1081,NUCLEI,False,True,"Directory traversal vulnerability in the Community Polls (com_communitypolls) component 1.5.2, and possibly earlier, for Core Joomla! allows remote attackers to read arbitrary files via a .. (dot dot) in the controller parameter to index.php.",,,,,,5.0,MEDIUM,AV:N/AC:L/Au:N/C:P/I:N/A:N,10.0,2.9,CWE-22,13,cpe:2.3:a:corejoomla:com_communitypolls:*:*:*:*:*:*:*:* | cpe:2.3:a:corejoomla:com_communitypolls:1.0.1:*:*:*:*:*:*:* | cpe:2.3:a:corejoomla:com_communitypolls:1.0.2:*:*:*:*:*:*:* | cpe:2.3:a:corejoomla:com_communitypolls:1.0.3:*:*:*:*:*:*:* | cpe:2.3:a:corejoomla:com_communitypolls:1.0.4:*:*:*:*:*:*:* | cpe:2.3:a:corejoomla:com_communitypolls:1.0.5:*:*:*:*:*:*:* | cpe:2.3:a:corejoomla:com_communitypolls:1.0.6:*:*:*:*:*:*:* | cpe:2.3:a:corejoomla:com_communitypolls:1.0.7:*:*:*:*:*:*:* | cpe:2.3:a:corejoomla:com_communitypolls:1.0.8:*:*:*:*:*:*:* | cpe:2.3:a:corejoomla:com_communitypolls:1.0.9:*:*:*:*:*:*:*
CVE-2010-1217,NUCLEI,False,True,"Directory traversal vulnerability in the JE Form Creator (com_jeformcr) component for Joomla!, when magic_quotes_gpc is disabled, allows remote attackers to read arbitrary files via directory traversal sequences in the view parameter to index.php. NOTE: the original researcher states that the affected product is JE Tooltip, not Form Creator; however, the exploit URL suggests that Form Creator is affected.",,,,,,4.3,MEDIUM,AV:N/AC:M/Au:N/C:P/I:N/A:N,8.6,2.9,CWE-22,2,cpe:2.3:a:je_form_creator:je_form_creator:*:*:*:*:*:*:*:* | cpe:2.3:a:joomla:joomla:*:*:*:*:*:*:*:*
CVE-2010-1219,NUCLEI,False,True,Directory traversal vulnerability in the JA News (com_janews) component 1.0 for Joomla! allows remote attackers to read arbitrary local files via a .. (dot dot) in the controller parameter to index.php.  NOTE: some of these details are obtained from third party information.,,,,,,6.8,MEDIUM,AV:N/AC:M/Au:N/C:P/I:P/A:P,8.6,6.4,CWE-22,2,cpe:2.3:a:com_janews:com_janews:1.0:*:*:*:*:*:*:* | cpe:2.3:a:joomla:joomla:*:*:*:*:*:*:*:*
CVE-2010-1297,CISA,True,False,"Adobe Flash Player before 9.0.277.0 and 10.x before 10.1.53.64; Adobe AIR before 2.0.2.12610; and Adobe Reader and Acrobat 9.x before 9.3.3, and 8.x before 8.2.3 on Windows and Mac OS X, allow remote attackers to execute arbitrary code or cause a denial of service (memory corruption) via crafted SWF content, related to authplay.dll and the ActionScript Virtual Machine 2 (AVM2) newfunction instruction, as exploited in the wild in June 2010.",7.8,HIGH,CVSS:3.1/AV:L/AC:L/PR:N/UI:R/S:U/C:H/I:H/A:H,1.8,5.9,9.3,HIGH,AV:N/AC:M/Au:N/C:C/I:C/A:C,8.6,10.0,CWE-787,9,cpe:2.3:a:adobe:air:*:*:*:*:*:*:*:* | cpe:2.3:a:adobe:flash_player:*:*:*:*:*:*:*:* | cpe:2.3:a:adobe:acrobat:*:*:*:*:*:*:*:* | cpe:2.3:o:apple:mac_os_x:-:*:*:*:*:*:*:* | cpe:2.3:o:microsoft:windows:-:*:*:*:*:*:*:* | cpe:2.3:o:opensuse:opensuse:*:*:*:*:*:*:*:* | cpe:2.3:o:suse:linux_enterprise:10.0:sp3:*:*:*:*:*:* | cpe:2.3:o:suse:linux_enterprise:11.0:-:*:*:*:*:*:* | cpe:2.3:o:suse:linux_enterprise:11.0:sp1:*:*:*:*:*:*
CVE-2010-1302,NUCLEI,False,True,Directory traversal vulnerability in dwgraphs.php in the DecryptWeb DW Graphs (com_dwgraphs) component 1.0 for Joomla! allows remote attackers to read arbitrary files via directory traversal sequences in the controller parameter to index.php.,,,,,,5.0,MEDIUM,AV:N/AC:L/Au:N/C:P/I:N/A:N,10.0,2.9,CWE-22,2,cpe:2.3:a:decryptweb:com_dwgraphs:1.0:*:*:*:*:*:*:* | cpe:2.3:a:joomla:joomla\!:*:*:*:*:*:*:*:*
CVE-2010-1304,NUCLEI,False,True,Directory traversal vulnerability in userstatus.php in the User Status (com_userstatus) component 1.21.16 for Joomla! allows remote attackers to read arbitrary files via a .. (dot dot) in the controller parameter to index.php.,,,,,,5.0,MEDIUM,AV:N/AC:L/Au:N/C:P/I:N/A:N,10.0,2.9,CWE-22,2,cpe:2.3:a:joomlamo:com_userstatus:1.21.16:*:*:*:*:*:*:* | cpe:2.3:a:joomla:joomla\!:*:*:*:*:*:*:*:*
CVE-2010-1305,NUCLEI,False,True,"Directory traversal vulnerability in jinventory.php in the JInventory (com_jinventory) component 1.23.02 and possibly other versions before 1.26.03, a module for Joomla!, allows remote attackers to read arbitrary files via a .. (dot dot) in the controller parameter to index.php.",,,,,,5.0,MEDIUM,AV:N/AC:L/Au:N/C:P/I:N/A:N,10.0,2.9,CWE-22,2,cpe:2.3:a:joomlamo:com_jinventory:1.23.02:*:*:*:*:*:*:* | cpe:2.3:a:joomla:joomla\!:*:*:*:*:*:*:*:*
CVE-2010-1306,NUCLEI,False,True,Directory traversal vulnerability in the Picasa (com_joomlapicasa2) component 2.0 and 2.0.5 for Joomla! allows remote attackers to read arbitrary local files via a .. (dot dot) in the controller parameter to index.php.  NOTE: some of these details are obtained from third party information.,,,,,,7.5,HIGH,AV:N/AC:L/Au:N/C:P/I:P/A:P,10.0,6.4,CWE-22,7,cpe:2.3:a:roberto_aloi:com_joomlapicasa2:2.0.0:*:*:*:*:*:*:* | cpe:2.3:a:roberto_aloi:com_joomlapicasa2:2.0.1:*:*:*:*:*:*:* | cpe:2.3:a:roberto_aloi:com_joomlapicasa2:2.0.2:*:*:*:*:*:*:* | cpe:2.3:a:roberto_aloi:com_joomlapicasa2:2.0.3:*:*:*:*:*:*:* | cpe:2.3:a:roberto_aloi:com_joomlapicasa2:2.0.4:*:*:*:*:*:*:* | cpe:2.3:a:roberto_aloi:com_joomlapicasa2:2.0.5:*:*:*:*:*:*:* | cpe:2.3:a:joomla:joomla\!:*:*:*:*:*:*:*:*
CVE-2010-1307,NUCLEI,False,True,Directory traversal vulnerability in the Magic Updater (com_joomlaupdater) component for Joomla! allows remote attackers to read arbitrary files via a .. (dot dot) in the controller parameter to index.php.,,,,,,5.0,MEDIUM,AV:N/AC:L/Au:N/C:P/I:N/A:N,10.0,2.9,CWE-22,20,cpe:2.3:a:software.realtyna:com_joomlaupdater:1.0:*:*:*:*:*:*:* | cpe:2.3:a:software.realtyna:com_joomlaupdater:1.1:*:*:*:*:*:*:* | cpe:2.3:a:software.realtyna:com_joomlaupdater:1.2:*:*:*:*:*:*:* | cpe:2.3:a:software.realtyna:com_joomlaupdater:1.2.1:*:*:*:*:*:*:* | cpe:2.3:a:software.realtyna:com_joomlaupdater:1.2.2:*:*:*:*:*:*:* | cpe:2.3:a:software.realtyna:com_joomlaupdater:1.3.0:*:*:*:*:*:*:* | cpe:2.3:a:software.realtyna:com_joomlaupdater:1.3.1:*:*:*:*:*:*:* | cpe:2.3:a:software.realtyna:com_joomlaupdater:1.3.2:*:*:*:*:*:*:* | cpe:2.3:a:software.realtyna:com_joomlaupdater:1.4:*:*:*:*:*:*:* | cpe:2.3:a:software.realtyna:com_joomlaupdater:2.0.0:*:*:*:*:*:*:*
CVE-2010-1308,NUCLEI,False,True,Directory traversal vulnerability in the SVMap (com_svmap) component 1.1.1 for Joomla! allows remote attackers to read arbitrary files via a .. (dot dot) in the controller parameter to index.php.,,,,,,5.0,MEDIUM,AV:N/AC:L/Au:N/C:P/I:N/A:N,10.0,2.9,CWE-22,2,cpe:2.3:a:la-souris-verte:com_svmap:1.1.1:*:*:*:*:*:*:* | cpe:2.3:a:joomla:joomla\!:*:*:*:*:*:*:*:*
CVE-2010-1312,NUCLEI,False,True,Directory traversal vulnerability in the iJoomla News Portal (com_news_portal) component 1.5.x for Joomla! allows remote attackers to read arbitrary files via a .. (dot dot) in the controller parameter to index.php.,,,,,,5.0,MEDIUM,AV:N/AC:L/Au:N/C:P/I:N/A:N,10.0,2.9,CWE-22,6,cpe:2.3:a:ijoomla:com_news_portal:1.5.1:*:*:*:*:*:*:* | cpe:2.3:a:ijoomla:com_news_portal:1.5.2:*:*:*:*:*:*:* | cpe:2.3:a:ijoomla:com_news_portal:1.5.3:*:*:*:*:*:*:* | cpe:2.3:a:ijoomla:com_news_portal:1.5.6:*:*:*:*:*:*:* | cpe:2.3:a:ijoomla:com_news_portal:1.5.7:*:*:*:*:*:*:* | cpe:2.3:a:joomla:joomla\!:*:*:*:*:*:*:*:*
CVE-2010-1313,NUCLEI,False,True,"Directory traversal vulnerability in the Seber Cart (com_sebercart) component 1.0.0.12 and 1.0.0.13 for Joomla!, when magic_quotes_gpc is disabled, allows remote attackers to read arbitrary files via a .. (dot dot) in the view parameter to index.php.  NOTE: some of these details are obtained from third party information.",,,,,,4.3,MEDIUM,AV:N/AC:M/Au:N/C:P/I:N/A:N,8.6,2.9,CWE-22,3,cpe:2.3:a:seber:com_sebercart:1.0.0.12:*:*:*:*:*:*:* | cpe:2.3:a:seber:com_sebercart:1.0.0.13:*:*:*:*:*:*:* | cpe:2.3:a:joomla:joomla\!:*:*:*:*:*:*:*:*
CVE-2010-1314,NUCLEI,False,True,Directory traversal vulnerability in the Highslide JS (com_hsconfig) component 1.5 and 2.0.9 for Joomla! allows remote attackers to read arbitrary files via a .. (dot dot) in the controller parameter to index.php.  NOTE: some of these details are obtained from third party information.,,,,,,5.0,MEDIUM,AV:N/AC:L/Au:N/C:P/I:N/A:N,10.0,2.9,CWE-22,3,cpe:2.3:a:joomlanook:com_hsconfig:1.5:*:*:*:*:*:*:* | cpe:2.3:a:joomlanook:com_hsconfig:2.0.9:*:*:*:*:*:*:* | cpe:2.3:a:joomla:joomla\!:*:*:*:*:*:*:*:*
CVE-2010-1315,NUCLEI,False,True,Directory traversal vulnerability in weberpcustomer.php in the webERPcustomer (com_weberpcustomer) component 1.2.1 and 1.x before 1.06.02 for Joomla! allows remote attackers to read arbitrary files via a .. (dot dot) in the controller parameter to index.php.  NOTE: some of these details are obtained from third party information.,,,,,,5.0,MEDIUM,AV:N/AC:L/Au:N/C:P/I:N/A:N,10.0,2.9,CWE-22,2,cpe:2.3:a:joomlamo:com_weberpcustomer:1.2.1:*:*:*:*:*:*:* | cpe:2.3:a:joomla:joomla\!:*:*:*:*:*:*:*:*
CVE-2010-1340,NUCLEI,False,True,Directory traversal vulnerability in jresearch.php in the J!Research (com_jresearch) component for Joomla! allows remote attackers to read arbitrary files via a .. (dot dot) in the controller parameter to index.php.,,,,,,5.0,MEDIUM,AV:N/AC:L/Au:N/C:P/I:N/A:N,10.0,2.9,CWE-22,3,cpe:2.3:a:joomla-research:com_jresearch:*:*:*:*:*:*:*:* | cpe:2.3:a:joomla-research:com_jresearch:1.1.4.1:*:*:*:*:*:*:* | cpe:2.3:a:joomla:joomla\!:1.5.0:*:*:*:*:*:*:*
CVE-2010-1345,NUCLEI,False,True,Directory traversal vulnerability in the Cookex Agency CKForms (com_ckforms) component 1.3.3 for Joomla! allows remote attackers to read arbitrary files via a .. (dot dot) in the controller parameter to index.php.,,,,,,5.0,MEDIUM,AV:N/AC:L/Au:N/C:P/I:N/A:N,10.0,2.9,CWE-22,2,cpe:2.3:a:cookex:com_ckforms:1.3.3:*:*:*:*:*:*:* | cpe:2.3:a:joomla:joomla\!:*:*:*:*:*:*:*:*
CVE-2010-1352,NUCLEI,False,True,Directory traversal vulnerability in the JOOFORGE Jutebox (com_jukebox) component 1.0 and 1.7 for Joomla! allows remote attackers to read arbitrary files via a .. (dot dot) in the controller parameter to index.php.  NOTE: some of these details are obtained from third party information.,,,,,,5.0,MEDIUM,AV:N/AC:L/Au:N/C:P/I:N/A:N,10.0,2.9,CWE-22,3,cpe:2.3:a:jooforge:com_jukebox:1.0:*:*:*:*:*:*:* | cpe:2.3:a:jooforge:com_jukebox:1.7:*:*:*:*:*:*:* | cpe:2.3:a:joomla:joomla\!:*:*:*:*:*:*:*:*
CVE-2010-1353,NUCLEI,False,True,Directory traversal vulnerability in the LoginBox Pro (com_loginbox) component for Joomla! allows remote attackers to read arbitrary files via a .. (dot dot) in the view parameter to index.php.,,,,,,5.0,MEDIUM,AV:N/AC:L/Au:N/C:P/I:N/A:N,10.0,2.9,CWE-22,2,cpe:2.3:a:wowjoomla:com_loginbox:*:*:*:*:*:*:*:* | cpe:2.3:a:joomla:joomla\!:*:*:*:*:*:*:*:*
CVE-2010-1354,NUCLEI,False,True,Directory traversal vulnerability in the VJDEO (com_vjdeo) component 1.0 and 1.0.1 for Joomla! allows remote attackers to read arbitrary files via a .. (dot dot) in the controller parameter to index.php. NOTE: some of these details are obtained from third party information.,,,,,,5.0,MEDIUM,AV:N/AC:L/Au:N/C:P/I:N/A:N,10.0,2.9,CWE-22,3,cpe:2.3:a:ternaria:com_vjdeo:1.0:*:*:*:*:*:*:* | cpe:2.3:a:ternaria:com_vjdeo:1.0.1:*:*:*:*:*:*:* | cpe:2.3:a:joomla:joomla\!:*:*:*:*:*:*:*:*
CVE-2010-1428,CISA,True,False,"The Web Console (aka web-console) in JBossAs in Red Hat JBoss Enterprise Application Platform (aka JBoss EAP or JBEAP) 4.2 before 4.2.0.CP09 and 4.3 before 4.3.0.CP08 performs access control only for the GET and POST methods, which allows remote attackers to obtain sensitive information via an unspecified request that uses a different method.",7.5,HIGH,CVSS:3.1/AV:N/AC:L/PR:N/UI:N/S:U/C:H/I:N/A:N,3.9,3.6,5.0,MEDIUM,AV:N/AC:L/Au:N/C:P/I:N/A:N,10.0,2.9,NVD-CWE-noinfo | CWE-749,2,cpe:2.3:a:redhat:jboss_enterprise_application_platform:4.2.0:-:*:*:*:*:*:* | cpe:2.3:a:redhat:jboss_enterprise_application_platform:4.3.0:-:*:*:*:*:*:*
CVE-2010-1429,NUCLEI,False,True,"Red Hat JBoss Enterprise Application Platform (aka JBoss EAP or JBEAP) 4.2 before 4.2.0.CP09 and 4.3 before 4.3.0.CP08 allows remote attackers to obtain sensitive information about ""deployed web contexts"" via a request to the status servlet, as demonstrated by a full=true query string.  NOTE: this issue exists because of a CVE-2008-3273 regression.",,,,,,5.0,MEDIUM,AV:N/AC:L/Au:N/C:P/I:N/A:N,10.0,2.9,CWE-264,17,cpe:2.3:a:redhat:jboss_enterprise_application_platform:*:cp08:*:*:*:*:*:* | cpe:2.3:a:redhat:jboss_enterprise_application_platform:*:cp07:*:*:*:*:*:* | cpe:2.3:a:redhat:jboss_enterprise_application_platform:4.2:*:*:*:*:*:*:* | cpe:2.3:a:redhat:jboss_enterprise_application_platform:4.2.0:cp01:*:*:*:*:*:* | cpe:2.3:a:redhat:jboss_enterprise_application_platform:4.2.0:cp02:*:*:*:*:*:* | cpe:2.3:a:redhat:jboss_enterprise_application_platform:4.2.0:cp03:*:*:*:*:*:* | cpe:2.3:a:redhat:jboss_enterprise_application_platform:4.2.0:cp04:*:*:*:*:*:* | cpe:2.3:a:redhat:jboss_enterprise_application_platform:4.2.0:cp05:*:*:*:*:*:* | cpe:2.3:a:redhat:jboss_enterprise_application_platform:4.2.0:cp06:*:*:*:*:*:* | cpe:2.3:a:redhat:jboss_enterprise_application_platform:4.2.0:cp07:*:*:*:*:*:*
CVE-2010-1461,NUCLEI,False,True,Directory traversal vulnerability in the Photo Battle (com_photobattle) component 1.0.1 for Joomla! allows remote attackers to read arbitrary files via the view parameter to index.php.,,,,,,5.0,MEDIUM,AV:N/AC:L/Au:N/C:P/I:N/A:N,10.0,2.9,CWE-22,2,cpe:2.3:a:gogoritas:com_photobattle:1.0.1:*:*:*:*:*:*:* | cpe:2.3:a:joomla:joomla\!:*:*:*:*:*:*:*:*
CVE-2010-1469,NUCLEI,False,True,Directory traversal vulnerability in the Ternaria Informatica JProject Manager (com_jprojectmanager) component 1.0 for Joomla! allows remote attackers to read arbitrary files and possibly have unspecified other impact via a .. (dot dot) in the controller parameter to index.php.,,,,,,6.8,MEDIUM,AV:N/AC:M/Au:N/C:P/I:P/A:P,8.6,6.4,CWE-22,2,cpe:2.3:a:ternaria:com_jprojectmanager:1.0:*:*:*:*:*:*:* | cpe:2.3:a:joomla:joomla\!:*:*:*:*:*:*:*:*
CVE-2010-1470,NUCLEI,False,True,Directory traversal vulnerability in the Web TV (com_webtv) component 1.0 for Joomla! allows remote attackers to read arbitrary files and possibly have unspecified other impact via a .. (dot dot) in the controller parameter to index.php.,,,,,,7.5,HIGH,AV:N/AC:L/Au:N/C:P/I:P/A:P,10.0,6.4,CWE-22,2,cpe:2.3:a:dev.pucit.edu.pk:com_webtv:1.0:*:*:*:*:*:*:* | cpe:2.3:a:joomla:joomla:*:*:*:*:*:*:*:*
CVE-2010-1471,NUCLEI,False,True,Directory traversal vulnerability in the AddressBook (com_addressbook) component 1.5.0 for Joomla! allows remote attackers to read arbitrary files via a .. (dot dot) in the controller parameter to index.php.,,,,,,7.5,HIGH,AV:N/AC:L/Au:N/C:P/I:P/A:P,10.0,6.4,CWE-22,2,cpe:2.3:a:b-elektro:com_addressbook:1.5.0:*:*:*:*:*:*:* | cpe:2.3:a:joomla:joomla\!:*:*:*:*:*:*:*:*
CVE-2010-1472,NUCLEI,False,True,Directory traversal vulnerability in the Daily Horoscope (com_horoscope) component 1.5.0 for Joomla! allows remote attackers to read arbitrary files via a .. (dot dot) in the controller parameter to index.php.,,,,,,7.5,HIGH,AV:N/AC:L/Au:N/C:P/I:P/A:P,10.0,6.4,CWE-22,2,cpe:2.3:a:kazulah:com_horoscope:1.5.0:*:*:*:*:*:*:* | cpe:2.3:a:joomla:joomla\!:*:*:*:*:*:*:*:*
CVE-2010-1473,NUCLEI,False,True,Directory traversal vulnerability in the Advertising (com_advertising) component 0.25 for Joomla! allows remote attackers to read arbitrary files and possibly have unspecified other impact via a .. (dot dot) in the controller parameter to index.php.,,,,,,6.8,MEDIUM,AV:N/AC:M/Au:N/C:P/I:P/A:P,8.6,6.4,CWE-22,2,cpe:2.3:a:johnmccollum:com_advertising:0.25:*:*:*:*:*:*:* | cpe:2.3:a:joomla:joomla\!:*:*:*:*:*:*:*:*
CVE-2010-1474,NUCLEI,False,True,Directory traversal vulnerability in the Sweety Keeper (com_sweetykeeper) component 1.5.x for Joomla! allows remote attackers to read arbitrary files and possibly have unspecified other impact via a .. (dot dot) in the controller parameter to index.php.,,,,,,6.8,MEDIUM,AV:N/AC:M/Au:N/C:P/I:P/A:P,8.6,6.4,CWE-22,2,cpe:2.3:a:supachai_teasakul:com_sweetykeeper:*:*:*:*:*:*:*:* | cpe:2.3:a:joomla:joomla\!:*:*:*:*:*:*:*:*
CVE-2010-1475,NUCLEI,False,True,Directory traversal vulnerability in the Preventive & Reservation (com_preventive) component 1.0.5 for Joomla! allows remote attackers to read arbitrary files and possibly have unspecified other impact via a .. (dot dot) in the controller parameter to index.php.,,,,,,6.8,MEDIUM,AV:N/AC:M/Au:N/C:P/I:P/A:P,8.6,6.4,CWE-22,2,cpe:2.3:a:ternaria:com_preventive:1.0.5:*:*:*:*:*:*:* | cpe:2.3:a:joomla:joomla\!:*:*:*:*:*:*:*:*
CVE-2010-1476,NUCLEI,False,True,Directory traversal vulnerability in the AlphaUserPoints (com_alphauserpoints) component 1.5.5 for Joomla! allows remote attackers to read arbitrary files and possibly have unspecified other impact via a .. (dot dot) in the view parameter to index.php.,,,,,,6.8,MEDIUM,AV:N/AC:M/Au:N/C:P/I:P/A:P,8.6,6.4,CWE-22,2,cpe:2.3:a:alphaplug:com_alphauserpoints:1.5.5:*:*:*:*:*:*:* | cpe:2.3:a:joomla:joomla\!:*:*:*:*:*:*:*:*
CVE-2010-1478,NUCLEI,False,True,Directory traversal vulnerability in the Ternaria Informatica Jfeedback! (com_jfeedback) component 1.2 for Joomla! allows remote attackers to read arbitrary files and possibly have unspecified other impact via a .. (dot dot) in the controller parameter to index.php.,,,,,,6.8,MEDIUM,AV:N/AC:M/Au:N/C:P/I:P/A:P,8.6,6.4,CWE-22,2,cpe:2.3:a:ternaria:com_jfeedback:1.2:*:*:*:*:*:*:* | cpe:2.3:a:joomla:joomla\!:*:*:*:*:*:*:*:*
CVE-2010-1491,NUCLEI,False,True,Directory traversal vulnerability in the MMS Blog (com_mmsblog) component 2.3.0 for Joomla! allows remote attackers to read arbitrary files and possibly have unspecified other impact via a .. (dot dot) in the controller parameter to index.php.,,,,,,5.0,MEDIUM,AV:N/AC:L/Au:N/C:P/I:N/A:N,10.0,2.9,CWE-22,2,cpe:2.3:a:mms.pipp:com_mmsblog:2.3.0:*:*:*:*:*:*:* | cpe:2.3:a:joomla:joomla\!:*:*:*:*:*:*:*:*
CVE-2010-1494,NUCLEI,False,True,Directory traversal vulnerability in the AWDwall (com_awdwall) component 1.5.4 for Joomla! allows remote attackers to read arbitrary files via a .. (dot dot) in the controller parameter to index.php.,,,,,,5.0,MEDIUM,AV:N/AC:L/Au:N/C:P/I:N/A:N,10.0,2.9,CWE-22,2,cpe:2.3:a:awdsolution:com_awdwall:1.5.4:*:*:*:*:*:*:* | cpe:2.3:a:joomla:joomla\!:*:*:*:*:*:*:*:*
CVE-2010-1495,NUCLEI,False,True,Directory traversal vulnerability in the Matamko (com_matamko) component 1.01 for Joomla! allows remote attackers to read arbitrary files via a .. (dot dot) in the controller parameter to index.php.,,,,,,7.5,HIGH,AV:N/AC:L/Au:N/C:P/I:P/A:P,10.0,6.4,CWE-22,2,cpe:2.3:a:matamko:com_matamko:1.01:*:*:*:*:*:*:* | cpe:2.3:a:joomla:joomla\!:*:*:*:*:*:*:*:*
CVE-2010-1531,NUCLEI,False,True,Directory traversal vulnerability in the redSHOP (com_redshop) component 1.0.x for Joomla! allows remote attackers to read arbitrary files via a .. (dot dot) in the view parameter to index.php.,,,,,,7.5,HIGH,AV:N/AC:L/Au:N/C:P/I:P/A:P,10.0,6.4,CWE-22,14,cpe:2.3:a:redcomponent:com_redshop:1.0:*:*:*:*:*:*:* | cpe:2.3:a:redcomponent:com_redshop:1.0.1:*:*:*:*:*:*:* | cpe:2.3:a:redcomponent:com_redshop:1.0.2:*:*:*:*:*:*:* | cpe:2.3:a:redcomponent:com_redshop:1.0.3:*:*:*:*:*:*:* | cpe:2.3:a:redcomponent:com_redshop:1.0.4:*:*:*:*:*:*:* | cpe:2.3:a:redcomponent:com_redshop:1.0.5:*:*:*:*:*:*:* | cpe:2.3:a:redcomponent:com_redshop:1.0.6:*:*:*:*:*:*:* | cpe:2.3:a:redcomponent:com_redshop:1.0.7:*:*:*:*:*:*:* | cpe:2.3:a:redcomponent:com_redshop:1.0.8:*:*:*:*:*:*:* | cpe:2.3:a:redcomponent:com_redshop:1.0.9:*:*:*:*:*:*:*
CVE-2010-1532,NUCLEI,False,True,Directory traversal vulnerability in the givesight PowerMail Pro (com_powermail) component 1.5.3 for Joomla! allows remote attackers to read arbitrary files and possibly have unspecified other impact via a .. (dot dot) in the controller parameter to index.php.,,,,,,5.0,MEDIUM,AV:N/AC:L/Au:N/C:P/I:N/A:N,10.0,2.9,CWE-22,2,cpe:2.3:a:givesight:com_powermail:1.53:*:*:*:*:*:*:* | cpe:2.3:a:joomla:joomla\!:*:*:*:*:*:*:*:*
CVE-2010-1533,NUCLEI,False,True,Directory traversal vulnerability in the TweetLA (com_tweetla) component 1.0.1 for Joomla! allows remote attackers to read arbitrary files via a .. (dot dot) in the controller parameter to index.php.,,,,,,7.5,HIGH,AV:N/AC:L/Au:N/C:P/I:P/A:P,10.0,6.4,CWE-22,2,cpe:2.3:a:peter_hocherl:com_tweetla:1.0.1:*:*:*:*:*:*:* | cpe:2.3:a:joomla:joomla\!:*:*:*:*:*:*:*:*
CVE-2010-1534,NUCLEI,False,True,Directory traversal vulnerability in the Shoutbox Pro (com_shoutbox) component for Joomla! allows remote attackers to read arbitrary files via a .. (dot dot) in the controller parameter to index.php.,,,,,,5.0,MEDIUM,AV:N/AC:L/Au:N/C:P/I:N/A:N,10.0,2.9,CWE-22,5,cpe:2.3:a:joomla.batjo:com_shoutbox:*:*:*:*:*:*:*:* | cpe:2.3:a:joomla.batjo:com_shoutbox:1.2:*:*:*:*:*:*:* | cpe:2.3:a:joomla.batjo:com_shoutbox:1.2:beta2:*:*:*:*:*:* | cpe:2.3:a:joomla.batjo:com_shoutbox:1.3:*:*:*:*:*:*:* | cpe:2.3:a:joomla:joomla\!:*:*:*:*:*:*:*:*
CVE-2010-1535,NUCLEI,False,True,Directory traversal vulnerability in the TRAVELbook (com_travelbook) component 1.0.1 for Joomla! allows remote attackers to read arbitrary files and possibly have unspecified other impact via a .. (dot dot) in the controller parameter to index.php.,,,,,,7.5,HIGH,AV:N/AC:L/Au:N/C:P/I:P/A:P,10.0,6.4,CWE-22,2,cpe:2.3:a:peter_hocherl:com_travelbook:1.0.1:*:*:*:*:*:*:* | cpe:2.3:a:joomla:joomla\!:*:*:*:*:*:*:*:*
CVE-2010-1540,NUCLEI,False,True,Directory traversal vulnerability in index.php in the MyBlog (com_myblog) component 3.0.329 for Joomla! allows remote attackers to read arbitrary files via a .. (dot dot) in the task parameter.  NOTE: some of these details are obtained from third party information.,,,,,,5.0,MEDIUM,AV:N/AC:L/Au:N/C:P/I:N/A:N,10.0,2.9,CWE-22,2,cpe:2.3:a:myblog:com_myblog:3.0.329:*:*:*:*:*:*:* | cpe:2.3:a:joomla:joomla\!:*:*:*:*:*:*:*:*
CVE-2010-1586,NUCLEI,False,True,Open redirect vulnerability in red2301.html in HP System Management Homepage (SMH) 2.x.x.x allows remote attackers to redirect users to arbitrary web sites and conduct phishing attacks via the RedirectUrl parameter.,,,,,,4.3,MEDIUM,AV:N/AC:M/Au:N/C:N/I:P/A:N,8.6,2.9,CWE-20,30,cpe:2.3:a:hp:system_management_homepage:2.0.0:*:*:*:*:*:*:* | cpe:2.3:a:hp:system_management_homepage:2.0.1:*:*:*:*:*:*:* | cpe:2.3:a:hp:system_management_homepage:2.0.2:*:*:*:*:*:*:* | cpe:2.3:a:hp:system_management_homepage:2.1:*:*:*:*:*:*:* | cpe:2.3:a:hp:system_management_homepage:2.1.0-103:*:*:*:*:*:*:* | cpe:2.3:a:hp:system_management_homepage:2.1.0-103\(a\):*:*:*:*:*:*:* | cpe:2.3:a:hp:system_management_homepage:2.1.0-109:*:*:*:*:*:*:* | cpe:2.3:a:hp:system_management_homepage:2.1.0-118:*:*:*:*:*:*:* | cpe:2.3:a:hp:system_management_homepage:2.1.1:*:*:*:*:*:*:* | cpe:2.3:a:hp:system_management_homepage:2.1.2:*:*:*:*:*:*:*
CVE-2010-1601,NUCLEI,False,True,Directory traversal vulnerability in the JA Comment (com_jacomment) component for Joomla! allows remote attackers to read arbitrary files via a .. (dot dot) in the view parameter to index.php.,,,,,,5.0,MEDIUM,AV:N/AC:L/Au:N/C:P/I:N/A:N,10.0,2.9,CWE-22,2,cpe:2.3:a:joomlamart:com_jacomment:*:*:*:*:*:*:*:* | cpe:2.3:a:joomla:joomla\!:*:*:*:*:*:*:*:*
CVE-2010-1602,NUCLEI,False,True,Directory traversal vulnerability in the ZiMB Comment (com_zimbcomment) component 0.8.1 for Joomla! allows remote attackers to read arbitrary files and possibly have unspecified other impact via a .. (dot dot) in the controller parameter to index.php.,,,,,,7.5,HIGH,AV:N/AC:L/Au:N/C:P/I:P/A:P,10.0,6.4,CWE-22,2,cpe:2.3:a:zimbllc:com_zimbcomment:0.8.1:*:*:*:*:*:*:* | cpe:2.3:a:joomla:joomla\!:*:*:*:*:*:*:*:*
CVE-2010-1603,NUCLEI,False,True,Directory traversal vulnerability in the ZiMB Core (aka ZiMBCore or com_zimbcore) component 0.1 in the ZiMB Manager collection for Joomla! allows remote attackers to read arbitrary files and possibly have unspecified other impact via a .. (dot dot) in the controller parameter to index.php.,,,,,,7.5,HIGH,AV:N/AC:L/Au:N/C:P/I:P/A:P,10.0,6.4,CWE-22,2,cpe:2.3:a:zimbllc:com_zimbcore:0.1:*:*:*:*:*:*:* | cpe:2.3:a:joomla:joomla\!:*:*:*:*:*:*:*:*
CVE-2010-1607,NUCLEI,False,True,Directory traversal vulnerability in wmi.php in the Webmoney Web Merchant Interface (aka WMI or com_wmi) component 1.5.0 for Joomla! allows remote attackers to include and execute arbitrary local files via a .. (dot dot) in the controller parameter to index.php.,,,,,,6.8,MEDIUM,AV:N/AC:M/Au:N/C:P/I:P/A:P,8.6,6.4,CWE-22,2,cpe:2.3:a:paysyspro:com_wmi:1.5.0:*:*:*:*:*:*:* | cpe:2.3:a:joomla:joomla\!:*:*:*:*:*:*:*:*
CVE-2010-1653,NUCLEI,False,True,Directory traversal vulnerability in graphics.php in the Graphics (com_graphics) component 1.0.6 and 1.5.0 for Joomla! allows remote attackers to include and execute arbitrary local files via a .. (dot dot) in the controller parameter to index.php.  NOTE: some of these details are obtained from third party information.,,,,,,7.5,HIGH,AV:N/AC:L/Au:N/C:P/I:P/A:P,10.0,6.4,CWE-22,3,cpe:2.3:a:htmlcoderhelper:com_graphics:1.0.6:*:*:*:*:*:*:* | cpe:2.3:a:htmlcoderhelper:com_graphics:1.5.0:*:*:*:*:*:*:* | cpe:2.3:a:joomla:joomla\!:*:*:*:*:*:*:*:*
CVE-2010-1657,NUCLEI,False,True,Directory traversal vulnerability in the SmartSite (com_smartsite) component 1.0.0 for Joomla! allows remote attackers to read arbitrary files via a .. (dot dot) in the controller parameter to index.php.,,,,,,5.0,MEDIUM,AV:N/AC:L/Au:N/C:P/I:N/A:N,10.0,2.9,CWE-22,1,cpe:2.3:a:recly:com_smartsite:1.0.0:*:*:*:*:*:*:*
CVE-2010-1658,NUCLEI,False,True,Directory traversal vulnerability in the Code-Garage NoticeBoard (com_noticeboard) component 1.3 for Joomla! allows remote attackers to read arbitrary files and possibly have unspecified other impact via a .. (dot dot) in the controller parameter to index.php.,,,,,,5.0,MEDIUM,AV:N/AC:L/Au:N/C:P/I:N/A:N,10.0,2.9,CWE-22,1,cpe:2.3:a:code-garage:com_noticeboard:1.3:*:*:*:*:*:*:*
CVE-2010-1659,NUCLEI,False,True,Directory traversal vulnerability in the Ultimate Portfolio (com_ultimateportfolio) component 1.0 for Joomla! allows remote attackers to read arbitrary files via a .. (dot dot) in the controller parameter to index.php.,,,,,,5.0,MEDIUM,AV:N/AC:L/Au:N/C:P/I:N/A:N,10.0,2.9,CWE-22,2,cpe:2.3:a:webkul:com_ultimateportfolio:1.0:*:*:*:*:*:*:* | cpe:2.3:a:joomla:joomla\!:*:*:*:*:*:*:*:*
CVE-2010-1714,NUCLEI,False,True,Directory traversal vulnerability in the Arcade Games (com_arcadegames) component 1.0 for Joomla! allows remote attackers to read arbitrary files via a .. (dot dot) in the controller parameter to index.php.,,,,,,5.0,MEDIUM,AV:N/AC:L/Au:N/C:P/I:N/A:N,10.0,2.9,CWE-22,2,cpe:2.3:a:dev.pucit.edu.pk:com_arcadegames:1.0:*:*:*:*:*:*:* | cpe:2.3:a:joomla:joomla\!:*:*:*:*:*:*:*:*
CVE-2010-1715,NUCLEI,False,True,Directory traversal vulnerability in the Online Examination (aka Online Exam or com_onlineexam) component 1.5.0 for Joomla! allows remote attackers to read arbitrary files via a .. (dot dot) in the controller parameter to index.php.  NOTE: some of these details are obtained from third party information.,,,,,,6.8,MEDIUM,AV:N/AC:M/Au:N/C:P/I:P/A:P,8.6,6.4,CWE-22,2,cpe:2.3:a:pucit.edu:com_onlineexam:1.5.0:*:*:*:*:*:*:* | cpe:2.3:a:joomla:joomla\!:*:*:*:*:*:*:*:*
CVE-2010-1717,NUCLEI,False,True,Directory traversal vulnerability in the iF surfALERT (com_if_surfalert) component 1.2 for Joomla! allows remote attackers to read arbitrary files and possibly have unspecified other impact via a .. (dot dot) in the controller parameter to index.php.,,,,,,7.5,HIGH,AV:N/AC:L/Au:N/C:P/I:P/A:P,10.0,6.4,CWE-22,1,cpe:2.3:a:if_surfalert_project:if_surfalert:1.2:*:*:*:*:joomla\!:*:*
CVE-2010-1718,NUCLEI,False,True,Directory traversal vulnerability in archeryscores.php in the Archery Scores (com_archeryscores) component 1.0.6 for Joomla! allows remote attackers to include and execute arbitrary local files via a .. (dot dot) in the controller parameter to index.php.,,,,,,6.8,MEDIUM,AV:N/AC:M/Au:N/C:P/I:P/A:P,8.6,6.4,CWE-22,2,cpe:2.3:a:lispeltuut:com_archeryscores:1.0.6:*:*:*:*:*:*:* | cpe:2.3:a:joomla:joomla\!:*:*:*:*:*:*:*:*
CVE-2010-1719,NUCLEI,False,True,Directory traversal vulnerability in the MT Fire Eagle (com_mtfireeagle) component 1.2 for Joomla! allows remote attackers to read arbitrary files and possibly have unspecified other impact via a .. (dot dot) in the controller parameter to index.php.,,,,,,6.8,MEDIUM,AV:N/AC:M/Au:N/C:P/I:P/A:P,8.6,6.4,CWE-22,2,cpe:2.3:a:moto-treks:com_mtfireeagle:1.2:*:*:*:*:*:*:* | cpe:2.3:a:joomla:joomla\!:*:*:*:*:*:*:*:*
CVE-2010-1722,NUCLEI,False,True,Directory traversal vulnerability in the Online Market (com_market) component 2.x for Joomla! allows remote attackers to read arbitrary files and possibly have unspecified other impact via a .. (dot dot) in the controller parameter to index.php.,,,,,,6.8,MEDIUM,AV:N/AC:M/Au:N/C:P/I:P/A:P,8.6,6.4,CWE-22,2,cpe:2.3:a:dev.pucit.edu.pk:com_market:2.0:*:*:*:*:*:*:* | cpe:2.3:a:joomla:joomla\!:*:*:*:*:*:*:*:*
CVE-2010-1723,NUCLEI,False,True,Directory traversal vulnerability in the iNetLanka Contact Us Draw Root Map (com_drawroot) component 1.1 for Joomla! allows remote attackers to read arbitrary files and possibly have unspecified other impact via a .. (dot dot) in the controller parameter to index.php.,,,,,,6.8,MEDIUM,AV:N/AC:M/Au:N/C:P/I:P/A:P,8.6,6.4,CWE-22,2,cpe:2.3:a:joomlacomponent.inetlanka:com_drawroot:1.1:*:*:*:*:*:*:* | cpe:2.3:a:joomla:joomla\!:*:*:*:*:*:*:*:*
CVE-2010-1858,NUCLEI,False,True,Directory traversal vulnerability in the SMEStorage (com_smestorage) component before 1.1 for Joomla! allows remote attackers to read arbitrary files via directory traversal sequences in the controller parameter to index.php.,,,,,,5.0,MEDIUM,AV:N/AC:L/Au:N/C:P/I:N/A:N,10.0,2.9,CWE-22,2,cpe:2.3:a:gelembjuk:com_smestorage:*:*:*:*:*:*:*:* | cpe:2.3:a:joomla:joomla\!:*:*:*:*:*:*:*:*
CVE-2010-1870,NUCLEI,False,True,"The OGNL extensive expression evaluation capability in XWork in Struts 2.0.0 through 2.1.8.1, as used in Atlassian Fisheye, Crucible, and possibly other products, uses a permissive whitelist, which allows remote attackers to modify server-side context objects and bypass the ""#"" protection mechanism in ParameterInterceptors via the (1) #context, (2) #_memberAccess, (3) #root, (4) #this, (5) #_typeResolver, (6) #_classResolver, (7) #_traceEvaluations, (8) #_lastEvaluation, (9) #_keepLastEvaluation, and possibly other OGNL context variables, a different vulnerability than CVE-2008-6504.",,,,,,5.0,MEDIUM,AV:N/AC:L/Au:N/C:N/I:P/A:N,10.0,2.9,NVD-CWE-Other,26,cpe:2.3:a:apache:struts:2.0.0:*:*:*:*:*:*:* | cpe:2.3:a:apache:struts:2.0.1:*:*:*:*:*:*:* | cpe:2.3:a:apache:struts:2.0.2:*:*:*:*:*:*:* | cpe:2.3:a:apache:struts:2.0.3:*:*:*:*:*:*:* | cpe:2.3:a:apache:struts:2.0.4:*:*:*:*:*:*:* | cpe:2.3:a:apache:struts:2.0.5:*:*:*:*:*:*:* | cpe:2.3:a:apache:struts:2.0.6:*:*:*:*:*:*:* | cpe:2.3:a:apache:struts:2.0.7:*:*:*:*:*:*:* | cpe:2.3:a:apache:struts:2.0.8:*:*:*:*:*:*:* | cpe:2.3:a:apache:struts:2.0.9:*:*:*:*:*:*:*
CVE-2010-1871,CISA,True,False,"JBoss Seam 2 (jboss-seam2), as used in JBoss Enterprise Application Platform 4.3.0 for Red Hat Linux, does not properly sanitize inputs for JBoss Expression Language (EL) expressions, which allows remote attackers to execute arbitrary code via a crafted URL.  NOTE: this is only a vulnerability when the Java Security Manager is not properly configured.",8.8,HIGH,CVSS:3.1/AV:N/AC:L/PR:N/UI:R/S:U/C:H/I:H/A:H,2.8,5.9,6.8,MEDIUM,AV:N/AC:M/Au:N/C:P/I:P/A:P,8.6,6.4,CWE-917,6,cpe:2.3:a:redhat:jboss_enterprise_application_platform:4.3.0:*:*:*:*:*:*:* | cpe:2.3:o:redhat:enterprise_linux:4:*:*:*:*:*:*:* | cpe:2.3:o:redhat:enterprise_linux:5:*:*:*:*:*:*:* | cpe:2.3:a:netapp:oncommand_balance:-:*:*:*:*:*:*:* | cpe:2.3:a:netapp:oncommand_insight:-:*:*:*:*:*:*:* | cpe:2.3:a:netapp:oncommand_unified_manager:-:*:*:*:*:clustered_data_ontap:*:*
CVE-2010-1875,NUCLEI,False,True,Directory traversal vulnerability in the Real Estate Property (com_properties) component 3.1.22-03 for Joomla! allows remote attackers to read arbitrary files and possibly have unspecified other impact via a .. (dot dot) in the controller parameter to index.php. NOTE: some of these details are obtained from third party information.,,,,,,7.5,HIGH,AV:N/AC:L/Au:N/C:P/I:P/A:P,10.0,6.4,CWE-22,2,cpe:2.3:a:com-property:com_properties:3.1.22-03:*:*:*:*:*:*:* | cpe:2.3:a:joomla:joomla\!:*:*:*:*:*:*:*:*
CVE-2010-1878,NUCLEI,False,True,Directory traversal vulnerability in the OrgChart (com_orgchart) component 1.0.0 for Joomla! allows remote attackers to read arbitrary files via a .. (dot dot) in the controller parameter to index.php.,,,,,,7.5,HIGH,AV:N/AC:L/Au:N/C:P/I:P/A:P,10.0,6.4,CWE-22,2,cpe:2.3:a:blueflyingfish.no-ip:com_orgchart:1.0.0:*:*:*:*:*:*:* | cpe:2.3:a:joomla:joomla\!:*:*:*:*:*:*:*:*
CVE-2010-1952,NUCLEI,False,True,Directory traversal vulnerability in the BeeHeard (com_beeheard) and BeeHeard Lite (com_beeheardlite) component 1.0 for Joomla! allows remote attackers to read arbitrary files via a .. (dot dot) in the controller parameter to index.php.,,,,,,7.5,HIGH,AV:N/AC:L/Au:N/C:P/I:P/A:P,10.0,6.4,CWE-22,3,cpe:2.3:a:cmstactics:com_beeheard:1.0:*:*:*:*:*:*:* | cpe:2.3:a:cmstactics:com_beeheardlite:1.0:*:*:*:*:*:*:* | cpe:2.3:a:joomla:joomla\!:*:*:*:*:*:*:*:*
CVE-2010-1953,NUCLEI,False,True,Directory traversal vulnerability in the iNetLanka Multiple Map (com_multimap) component 1.0 for Joomla! allows remote attackers to read arbitrary files via a .. (dot dot) in the controller parameter to index.php.,,,,,,7.5,HIGH,AV:N/AC:L/Au:N/C:P/I:P/A:P,10.0,6.4,CWE-22,2,cpe:2.3:a:joomlacomponent.inetlanka:com_multimap:1.0:*:*:*:*:*:*:* | cpe:2.3:a:joomla:joomla\!:*:*:*:*:*:*:*:*
CVE-2010-1954,NUCLEI,False,True,Directory traversal vulnerability in the iNetLanka Multiple root (com_multiroot) component 1.0 and 1.1 for Joomla! allows remote attackers to read arbitrary files via a .. (dot dot) in the controller parameter to index.php.  NOTE: some of these details are obtained from third party information.,,,,,,7.5,HIGH,AV:N/AC:L/Au:N/C:P/I:P/A:P,10.0,6.4,CWE-22,3,cpe:2.3:a:joomlacomponent.inetlanka:com_multiroot:1.0:*:*:*:*:*:*:* | cpe:2.3:a:joomlacomponent.inetlanka:com_multiroot:1.1:*:*:*:*:*:*:* | cpe:2.3:a:joomla:joomla\!:*:*:*:*:*:*:*:*
CVE-2010-1955,NUCLEI,False,True,Directory traversal vulnerability in the Deluxe Blog Factory (com_blogfactory) component 1.1.2 for Joomla! allows remote attackers to read arbitrary files via a .. (dot dot) in the controller parameter to index.php.,,,,,,7.5,HIGH,AV:N/AC:L/Au:N/C:P/I:P/A:P,10.0,6.4,CWE-22,2,cpe:2.3:a:thefactory:com_blogfactory:1.1.2:*:*:*:*:*:*:* | cpe:2.3:a:joomla:joomla\!:*:*:*:*:*:*:*:*
CVE-2010-1956,NUCLEI,False,True,Directory traversal vulnerability in the Gadget Factory (com_gadgetfactory) component 1.0.0 and 1.5.0 for Joomla! allows remote attackers to read arbitrary files via a .. (dot dot) in the controller parameter to index.php.  NOTE: some of these details are obtained from third party information.,,,,,,7.5,HIGH,AV:N/AC:L/Au:N/C:P/I:P/A:P,10.0,6.4,CWE-22,3,cpe:2.3:a:thefactory:com_gadgetfactory:1.0.0:*:*:*:*:*:*:* | cpe:2.3:a:thefactory:com_gadgetfactory:1.5.0:*:*:*:*:*:*:* | cpe:2.3:a:joomla:joomla\!:*:*:*:*:*:*:*:*
CVE-2010-1957,NUCLEI,False,True,Directory traversal vulnerability in the Love Factory (com_lovefactory) component 1.3.4 for Joomla! allows remote attackers to read arbitrary files via a .. (dot dot) in the controller parameter to index.php.,,,,,,7.5,HIGH,AV:N/AC:L/Au:N/C:P/I:P/A:P,10.0,6.4,CWE-22,2,cpe:2.3:a:thefactory:com_lovefactory:1.3.4:*:*:*:*:*:*:* | cpe:2.3:a:joomla:joomla\!:*:*:*:*:*:*:*:*
CVE-2010-1977,NUCLEI,False,True,Directory traversal vulnerability in the J!WHMCS Integrator (com_jwhmcs) component 1.5.0 for Joomla! allows remote attackers to read arbitrary files via a .. (dot dot) in the controller parameter to index.php.,,,,,,7.5,HIGH,AV:N/AC:L/Au:N/C:P/I:P/A:P,10.0,6.4,CWE-22,2,cpe:2.3:a:gohigheris:com_jwhmcs:1.5.0:*:*:*:*:*:*:* | cpe:2.3:a:joomla:joomla\!:*:*:*:*:*:*:*:*
CVE-2010-1979,NUCLEI,False,True,Directory traversal vulnerability in the Affiliate Datafeeds (com_datafeeds) component build 880 for Joomla! allows remote attackers to read arbitrary files via a .. (dot dot) in the controller parameter to index.php.,,,,,,6.8,MEDIUM,AV:N/AC:M/Au:N/C:P/I:P/A:P,8.6,6.4,CWE-22,2,cpe:2.3:a:affiliatefeeds:com_datafeeds:build_880:*:*:*:*:*:*:* | cpe:2.3:a:joomla:joomla\!:*:*:*:*:*:*:*:*
CVE-2010-1980,NUCLEI,False,True,Directory traversal vulnerability in joomlaflickr.php in the Joomla Flickr (com_joomlaflickr) component 1.0.3 for Joomla! allows remote attackers to include and execute arbitrary local files via a .. (dot dot) in the controller parameter to index.php.,,,,,,7.5,HIGH,AV:N/AC:L/Au:N/C:P/I:P/A:P,10.0,6.4,CWE-22,2,cpe:2.3:a:roberto_aloi:com_joomlaflickr:1.0.3:*:*:*:*:*:*:* | cpe:2.3:a:joomla:joomla\!:*:*:*:*:*:*:*:*
CVE-2010-1981,NUCLEI,False,True,Directory traversal vulnerability in the Fabrik (com_fabrik) component 2.0 for Joomla! allows remote attackers to read arbitrary files via a .. (dot dot) in the controller parameter to index.php.,,,,,,6.8,MEDIUM,AV:N/AC:M/Au:N/C:P/I:P/A:P,8.6,6.4,CWE-22,1,cpe:2.3:a:fabrikar:fabrik:2.0:*:*:*:*:joomla\!:*:*
CVE-2010-1982,NUCLEI,False,True,Directory traversal vulnerability in the JA Voice (com_javoice) component 2.0 for Joomla! allows remote attackers to read arbitrary files via a .. (dot dot) in the view parameter to index.php.,,,,,,5.0,MEDIUM,AV:N/AC:L/Au:N/C:P/I:N/A:N,10.0,2.9,CWE-22,2,cpe:2.3:a:joomlart:com_javoice:2.0:*:*:*:*:*:*:* | cpe:2.3:a:joomla:joomla\!:*:*:*:*:*:*:*:*
CVE-2010-1983,NUCLEI,False,True,Directory traversal vulnerability in the redTWITTER (com_redtwitter) component 1.0.x including 1.0b11 for Joomla! allows remote attackers to read arbitrary files via a .. (dot dot) in the view parameter to index.php.  NOTE: some of these details are obtained from third party information.,,,,,,7.5,HIGH,AV:N/AC:L/Au:N/C:P/I:P/A:P,10.0,6.4,CWE-22,7,cpe:2.3:a:redcomponent:com_redtwitter:1.0b8:*:*:*:*:*:*:* | cpe:2.3:a:redcomponent:com_redtwitter:1.0b9:*:*:*:*:*:*:* | cpe:2.3:a:redcomponent:com_redtwitter:1.0b9.1:*:*:*:*:*:*:* | cpe:2.3:a:redcomponent:com_redtwitter:1.0b10:*:*:*:*:*:*:* | cpe:2.3:a:redcomponent:com_redtwitter:1.0b11:*:*:*:*:*:*:* | cpe:2.3:a:redcomponent:com_redtwitter:1.0b94.2:*:*:*:*:*:*:* | cpe:2.3:a:joomla:joomla\!:*:*:*:*:*:*:*:*
CVE-2010-20103,NUCLEI,False,True,"A malicious backdoor was embedded in the official ProFTPD 1.3.3c source tarball distributed between November 28 and December 2, 2010. The backdoor implements a hidden FTP command trigger that, when invoked, causes the server to execute arbitrary shell commands with root privileges. This allows remote, unauthenticated attackers to run any OS command on the FTP server host.",9.8,CRITICAL,CVSS:3.1/AV:N/AC:L/PR:N/UI:N/S:U/C:H/I:H/A:H,3.9,5.9,,,,,,CWE-912,1,cpe:2.3:a:proftpd:proftpd:1.3.3:c:*:*:*:*:*:*
CVE-2010-2018,NUCLEI,False,True,Directory traversal vulnerability in downlot.php in Lokomedia CMS 1.4.1 and 2.0 allows remote attackers to read arbitrary files via a .. (dot dot) in the file parameter.,,,,,,5.0,MEDIUM,AV:N/AC:L/Au:N/C:P/I:N/A:N,10.0,2.9,CWE-22,2,cpe:2.3:a:bukulokomedia:lokomedia_cms:1.4.1:*:*:*:*:*:*:* | cpe:2.3:a:bukulokomedia:lokomedia_cms:2.0:*:*:*:*:*:*:*
CVE-2010-2033,NUCLEI,False,True,Directory traversal vulnerability in the Percha Multicategory Article (com_perchacategoriestree) component 0.6 for Joomla! allows remote attackers to read arbitrary files and possibly have unspecified other impact via a .. (dot dot) in the controller parameter to index.php.,,,,,,7.5,HIGH,AV:N/AC:L/Au:N/C:P/I:P/A:P,10.0,6.4,CWE-22,2,cpe:2.3:a:percha:com_perchacategoriestree:0.6:*:*:*:*:*:*:* | cpe:2.3:a:joomla:joomla\!:*:*:*:*:*:*:*:*
CVE-2010-2034,NUCLEI,False,True,Directory traversal vulnerability in the Percha Image Attach (com_perchaimageattach) component 1.1 for Joomla! allows remote attackers to read arbitrary files and possibly have unspecified other impact via a .. (dot dot) in the controller parameter to index.php.,,,,,,7.5,HIGH,AV:N/AC:L/Au:N/C:P/I:P/A:P,10.0,6.4,CWE-22,2,cpe:2.3:a:percha:com_perchaimageattach:1.1:*:*:*:*:*:*:* | cpe:2.3:a:joomla:joomla\!:*:*:*:*:*:*:*:*
CVE-2010-2035,NUCLEI,False,True,Directory traversal vulnerability in the Percha Gallery (com_perchagallery) component 1.6 Beta for Joomla! allows remote attackers to read arbitrary files and possibly have unspecified other impact via a .. (dot dot) in the controller parameter to index.php.,,,,,,7.5,HIGH,AV:N/AC:L/Au:N/C:P/I:P/A:P,10.0,6.4,CWE-22,2,cpe:2.3:a:percha:com_perchagallery:1.6:beta:*:*:*:*:*:* | cpe:2.3:a:joomla:joomla\!:*:*:*:*:*:*:*:*
CVE-2010-2036,NUCLEI,False,True,Directory traversal vulnerability in the Percha Fields Attach (com_perchafieldsattach) component 1.x for Joomla! allows remote attackers to read arbitrary files and possibly have unspecified other impact via a .. (dot dot) in the controller parameter to index.php.,,,,,,7.5,HIGH,AV:N/AC:L/Au:N/C:P/I:P/A:P,10.0,6.4,CWE-22,2,cpe:2.3:a:percha:com_perchafieldsattach:1.0:*:*:*:*:*:*:* | cpe:2.3:a:joomla:joomla\!:*:*:*:*:*:*:*:*
CVE-2010-2037,NUCLEI,False,True,Directory traversal vulnerability in the Percha Downloads Attach (com_perchadownloadsattach) component 1.1 for Joomla! allows remote attackers to read arbitrary files and possibly have unspecified other impact via a .. (dot dot) in the controller parameter to index.php.,,,,,,7.5,HIGH,AV:N/AC:L/Au:N/C:P/I:P/A:P,10.0,6.4,CWE-22,2,cpe:2.3:a:percha:com_perchadownloadsattach:1.1:*:*:*:*:*:*:* | cpe:2.3:a:joomla:joomla\!:*:*:*:*:*:*:*:*
CVE-2010-2045,NUCLEI,False,True,Directory traversal vulnerability in the Dione Form Wizard (aka FDione or com_dioneformwizard) component 1.0.2 for Joomla! allows remote attackers to read arbitrary files via directory traversal sequences in the controller parameter to index.php.,,,,,,7.5,HIGH,AV:N/AC:L/Au:N/C:P/I:P/A:P,10.0,6.4,CWE-22,2,cpe:2.3:a:dionesoft:com_dioneformwizard:1.0.2:*:*:*:*:*:*:* | cpe:2.3:a:joomla:joomla\!:*:*:*:*:*:*:*:*
CVE-2010-2050,NUCLEI,False,True,Directory traversal vulnerability in the Moron Solutions MS Comment (com_mscomment) component 0.8.0b for Joomla! allows remote attackers to read arbitrary files via a .. (dot dot) in the controller parameter to index.php.,,,,,,7.5,HIGH,AV:N/AC:L/Au:N/C:P/I:P/A:P,10.0,6.4,CWE-22,2,cpe:2.3:a:m0r0n:com_mscomment:0.8.0:b:*:*:*:*:*:* | cpe:2.3:a:joomla:joomla\!:*:*:*:*:*:*:*:*
CVE-2010-2122,NUCLEI,False,True,Directory traversal vulnerability in the SimpleDownload (com_simpledownload) component before 0.9.6 for Joomla! allows remote attackers to include and execute arbitrary local files via a .. (dot dot) in the controller parameter to index.php.,,,,,,6.8,MEDIUM,AV:N/AC:M/Au:N/C:P/I:P/A:P,8.6,6.4,CWE-22,2,cpe:2.3:a:joelrowley:com_simpledownload:0.9.5:*:*:*:*:*:*:* | cpe:2.3:a:joomla:joomla\!:*:*:*:*:*:*:*:*
CVE-2010-2128,NUCLEI,False,True,Directory traversal vulnerability in the JE Quotation Form (com_jequoteform) component 1.0b1 for Joomla! allows remote attackers to read arbitrary files and possibly have unspecified other impact via a .. (dot dot) in the view parameter to index.php.,,,,,,7.5,HIGH,AV:N/AC:L/Au:N/C:P/I:P/A:P,10.0,6.4,CWE-22,2,cpe:2.3:a:harmistechnology:com_jequoteform:1.0:b1:*:*:*:*:*:* | cpe:2.3:a:joomla:joomla\!:*:*:*:*:*:*:*:*
CVE-2010-2259,NUCLEI,False,True,Directory traversal vulnerability in the BF Survey (com_bfsurvey) component for Joomla! allows remote attackers to include and execute arbitrary local files via a .. (dot dot) in the controller parameter to index.php.,,,,,,7.5,HIGH,AV:N/AC:L/Au:N/C:P/I:P/A:P,10.0,6.4,CWE-22,4,cpe:2.3:a:tamlyncreative:com_bfsurvey_profree:1.2.6:*:*:*:*:*:*:* | cpe:2.3:a:joomla:joomla\!:*:*:*:*:*:*:*:* | cpe:2.3:a:tamlyncreative:com_bfsurvey_pro:*:*:*:*:*:*:*:* | cpe:2.3:a:tamlyncreative:com_bfsurvey_basic:*:*:*:*:*:*:*:*
CVE-2010-2307,NUCLEI,False,True,"Multiple directory traversal vulnerabilities in the web server for Motorola SURFBoard cable modem SBV6120E running firmware SBV6X2X-1.0.0.5-SCM-02-SHPC allow remote attackers to read arbitrary files via (1) ""//"" (multiple leading slash), (2) ../ (dot dot) sequences, and encoded dot dot sequences in a URL request.",,,,,,5.0,MEDIUM,AV:N/AC:L/Au:N/C:P/I:N/A:N,10.0,2.9,CWE-22,1,cpe:2.3:h:motorola:surfboard_sbv6120e:sbv6x2x-1.0.0.5-scm-02-shpc:*:*:*:*:*:*:*
CVE-2010-2507,NUCLEI,False,True,Directory traversal vulnerability in the Picasa2Gallery (com_picasa2gallery) component 1.2.8 and earlier for Joomla! allows remote attackers to read arbitrary files and possibly have unspecified other impact via a .. (dot dot) in the controller parameter to index.php.,,,,,,6.8,MEDIUM,AV:N/AC:M/Au:N/C:P/I:P/A:P,8.6,6.4,CWE-22,10,cpe:2.3:a:masselink:com_picasa2gallery:*:*:*:*:*:*:*:* | cpe:2.3:a:masselink:com_picasa2gallery:1.0.0:*:*:*:*:*:*:* | cpe:2.3:a:masselink:com_picasa2gallery:1.1.0:*:*:*:*:*:*:* | cpe:2.3:a:masselink:com_picasa2gallery:1.1.7:*:*:*:*:*:*:* | cpe:2.3:a:masselink:com_picasa2gallery:1.1.9:*:*:*:*:*:*:* | cpe:2.3:a:masselink:com_picasa2gallery:1.2.1:*:*:*:*:*:*:* | cpe:2.3:a:masselink:com_picasa2gallery:1.2.2:*:*:*:*:*:*:* | cpe:2.3:a:masselink:com_picasa2gallery:1.2.5:*:*:*:*:*:*:* | cpe:2.3:a:masselink:com_picasa2gallery:1.2.7:*:*:*:*:*:*:* | cpe:2.3:a:joomla:joomla\!:*:*:*:*:*:*:*:*
CVE-2010-2568,CISA,True,False,"Windows Shell in Microsoft Windows XP SP3, Server 2003 SP2, Vista SP1 and SP2, Server 2008 SP2 and R2, and Windows 7 allows local users or remote attackers to execute arbitrary code via a crafted (1) .LNK or (2) .PIF shortcut file, which is not properly handled during icon display in Windows Explorer, as demonstrated in the wild in July 2010, and originally reported for malware that leverages CVE-2010-2772 in Siemens WinCC SCADA systems.",7.8,HIGH,CVSS:3.1/AV:L/AC:L/PR:N/UI:R/S:U/C:H/I:H/A:H,1.8,5.9,9.3,HIGH,AV:N/AC:M/Au:N/C:C/I:C/A:C,8.6,10.0,NVD-CWE-noinfo,10,cpe:2.3:o:microsoft:windows_7:-:*:*:*:*:*:*:* | cpe:2.3:o:microsoft:windows_server_2003:-:sp2:*:*:*:*:*:* | cpe:2.3:o:microsoft:windows_server_2008:-:-:*:*:*:*:*:* | cpe:2.3:o:microsoft:windows_server_2008:-:sp2:*:*:*:*:*:* | cpe:2.3:o:microsoft:windows_server_2008:r2:*:*:*:*:*:itanium:* | cpe:2.3:o:microsoft:windows_server_2008:r2:*:*:*:*:*:x64:* | cpe:2.3:o:microsoft:windows_vista:-:sp1:*:*:*:*:*:* | cpe:2.3:o:microsoft:windows_vista:-:sp2:*:*:*:*:*:* | cpe:2.3:o:microsoft:windows_xp:-:sp2:*:*:professional:*:x64:* | cpe:2.3:o:microsoft:windows_xp:-:sp3:*:*:*:*:*:*
CVE-2010-2572,CISA,True,False,"Buffer overflow in Microsoft PowerPoint 2002 SP3 and 2003 SP3 allows remote attackers to execute arbitrary code via a crafted PowerPoint 95 document, aka ""PowerPoint Parsing Buffer Overflow Vulnerability.""",7.8,HIGH,CVSS:3.1/AV:L/AC:L/PR:N/UI:R/S:U/C:H/I:H/A:H,1.8,5.9,9.3,HIGH,AV:N/AC:M/Au:N/C:C/I:C/A:C,8.6,10.0,CWE-120,2,cpe:2.3:a:microsoft:powerpoint:2002:sp3:*:*:*:*:*:* | cpe:2.3:a:microsoft:powerpoint:2003:sp3:*:*:*:*:*:*
CVE-2010-2680,NUCLEI,False,True,Directory traversal vulnerability in the JExtensions JE Section/Property Finder (jesectionfinder) component for Joomla! allows remote attackers to include and execute arbitrary local files via directory traversal sequences in the view parameter to index.php.,,,,,,6.8,MEDIUM,AV:N/AC:M/Au:N/C:P/I:P/A:P,8.6,6.4,CWE-22,2,cpe:2.3:a:harmistechnology:com_jesectionfinder:*:*:*:*:*:*:*:* | cpe:2.3:a:joomla:joomla\!:*:*:*:*:*:*:*:*
CVE-2010-2682,NUCLEI,False,True,Directory traversal vulnerability in the Realtyna Translator (com_realtyna) component 1.0.15 for Joomla! allows remote attackers to read arbitrary files and possibly have unspecified other impact via a .. (dot dot) in the controller parameter to index.php.,,,,,,7.5,HIGH,AV:N/AC:L/Au:N/C:P/I:P/A:P,10.0,6.4,CWE-22,2,cpe:2.3:a:realtyna:com_realtyna:1.0.15:*:*:*:*:*:*:* | cpe:2.3:a:joomla:joomla\!:*:*:*:*:*:*:*:*
CVE-2010-2857,NUCLEI,False,True,Directory traversal vulnerability in the Music Manager component for Joomla! allows remote attackers to read arbitrary files and possibly have unspecified other impact via a .. (dot dot) in the cid parameter to album.html.,,,,,,6.8,MEDIUM,AV:N/AC:M/Au:N/C:P/I:P/A:P,8.6,6.4,CWE-22,12,cpe:2.3:a:danieljamesscott:com_music:0.1:-:*:*:*:*:*:* | cpe:2.3:a:danieljamesscott:com_music:0.2:*:*:*:*:*:*:* | cpe:2.3:a:danieljamesscott:com_music:0.3:*:*:*:*:*:*:* | cpe:2.3:a:danieljamesscott:com_music:0.4:*:*:*:*:*:*:* | cpe:2.3:a:danieljamesscott:com_music:0.5:*:*:*:*:*:*:* | cpe:2.3:a:danieljamesscott:com_music:0.6:*:*:*:*:*:*:* | cpe:2.3:a:danieljamesscott:com_music:0.7:*:*:*:*:*:*:* | cpe:2.3:a:danieljamesscott:com_music:0.8:*:*:*:*:*:*:* | cpe:2.3:a:danieljamesscott:com_music:0.9:*:*:*:*:*:*:* | cpe:2.3:a:danieljamesscott:com_music:0.10:*:*:*:*:*:*:*
CVE-2010-2861,CISA + NUCLEI,True,True,"Multiple directory traversal vulnerabilities in the administrator console in Adobe ColdFusion 9.0.1 and earlier allow remote attackers to read arbitrary files via the locale parameter to (1) CFIDE/administrator/settings/mappings.cfm, (2) logging/settings.cfm, (3) datasources/index.cfm, (4) j2eepackaging/editarchive.cfm, and (5) enter.cfm in CFIDE/administrator/.",9.8,CRITICAL,CVSS:3.1/AV:N/AC:L/PR:N/UI:N/S:U/C:H/I:H/A:H,3.9,5.9,7.5,HIGH,AV:N/AC:L/Au:N/C:P/I:P/A:P,10.0,6.4,CWE-22,1,cpe:2.3:a:adobe:coldfusion:*:*:*:*:*:*:*:*
CVE-2010-2883,CISA,True,False,"Stack-based buffer overflow in CoolType.dll in Adobe Reader and Acrobat 9.x before 9.4, and 8.x before 8.2.5 on Windows and Mac OS X, allows remote attackers to execute arbitrary code or cause a denial of service (application crash) via a PDF document with a long field in a Smart INdependent Glyphlets (SING) table in a TTF font, as exploited in the wild in September 2010. NOTE: some of these details are obtained from third party information.",7.3,HIGH,CVSS:3.1/AV:L/AC:L/PR:L/UI:R/S:U/C:H/I:H/A:H,1.3,5.9,9.3,HIGH,AV:N/AC:M/Au:N/C:C/I:C/A:C,8.6,10.0,CWE-787,4,cpe:2.3:a:adobe:acrobat:*:*:*:*:*:*:*:* | cpe:2.3:o:apple:macos:-:*:*:*:*:*:*:* | cpe:2.3:o:microsoft:windows:-:*:*:*:*:*:*:* | cpe:2.3:a:adobe:acrobat_reader:*:*:*:*:*:*:*:*
CVE-2010-2918,NUCLEI,False,True,PHP remote file inclusion vulnerability in core/include/myMailer.class.php in the Visites (com_joomla-visites) component 1.1 RC2 for Joomla! allows remote attackers to execute arbitrary PHP code via a URL in the mosConfig_absolute_path parameter.,,,,,,7.5,HIGH,AV:N/AC:L/Au:N/C:P/I:P/A:P,10.0,6.4,CWE-94,2,cpe:2.3:a:visocrea:com_joomla_visites:1.1:rc2:*:*:*:*:*:* | cpe:2.3:a:joomla:joomla\!:*:*:*:*:*:*:*:*
CVE-2010-2920,NUCLEI,False,True,Directory traversal vulnerability in the Foobla Suggestions (com_foobla_suggestions) component 1.5.1.2 for Joomla! allows remote attackers to read arbitrary files via directory traversal sequences in the controller parameter to index.php.,,,,,,6.8,MEDIUM,AV:N/AC:M/Au:N/C:P/I:P/A:P,8.6,6.4,CWE-22,2,cpe:2.3:a:foobla:com_foobla_suggestions:1.5.1.2:*:*:*:*:*:*:* | cpe:2.3:a:joomla:joomla\!:*:*:*:*:*:*:*:*
CVE-2010-3035,CISA,True,False,"Cisco IOS XR 3.4.0 through 3.9.1, when BGP is enabled, does not properly handle unrecognized transitive attributes, which allows remote attackers to cause a denial of service (peering reset) via a crafted prefix announcement, as demonstrated in the wild in August 2010 with attribute type code 99, aka Bug ID CSCti62211.",7.5,HIGH,CVSS:3.1/AV:N/AC:L/PR:N/UI:N/S:U/C:N/I:N/A:H,3.9,3.6,5.0,MEDIUM,AV:N/AC:L/Au:N/C:N/I:N/A:P,10.0,2.9,NVD-CWE-noinfo,1,cpe:2.3:o:cisco:ios_xr:*:*:*:*:*:*:*:*
CVE-2010-3203,NUCLEI,False,True,Directory traversal vulnerability in the PicSell (com_picsell) component 1.0 for Joomla! allows remote attackers to read arbitrary files via a .. (dot dot) in the dflink parameter in a prevsell dwnfree action to index.php.,,,,,,5.0,MEDIUM,AV:N/AC:L/Au:N/C:P/I:N/A:N,10.0,2.9,CWE-22,2,cpe:2.3:a:xmlswf:com_picsell:1.0:*:*:*:*:*:*:* | cpe:2.3:a:joomla:joomla\!:*:*:*:*:*:*:*:*
CVE-2010-3333,CISA,True,False,"Stack-based buffer overflow in Microsoft Office XP SP3, Office 2003 SP3, Office 2007 SP2, Office 2010, Office 2004 and 2008 for Mac, Office for Mac 2011, and Open XML File Format Converter for Mac allows remote attackers to execute arbitrary code via crafted RTF data, aka ""RTF Stack Buffer Overflow Vulnerability.""",7.8,HIGH,CVSS:3.1/AV:L/AC:L/PR:N/UI:R/S:U/C:H/I:H/A:H,1.8,5.9,9.3,HIGH,AV:N/AC:M/Au:N/C:C/I:C/A:C,8.6,10.0,CWE-787,8,cpe:2.3:a:microsoft:office:2003:sp3:*:*:*:*:*:* | cpe:2.3:a:microsoft:office:2004:*:*:*:*:macos:*:* | cpe:2.3:a:microsoft:office:2007:sp2:*:*:*:*:*:* | cpe:2.3:a:microsoft:office:2008:*:*:*:*:macos:*:* | cpe:2.3:a:microsoft:office:2010:*:*:*:*:*:*:* | cpe:2.3:a:microsoft:office:2011:*:*:*:*:macos:*:* | cpe:2.3:a:microsoft:office:xp:sp3:*:*:*:*:*:* | cpe:2.3:a:microsoft:open_xml_file_format_converter:-:*:*:*:*:macos:*:*
CVE-2010-3426,NUCLEI,False,True,Directory traversal vulnerability in jphone.php in the JPhone (com_jphone) component 1.0 Alpha 3 for Joomla! allows remote attackers to include and execute arbitrary local files via a .. (dot dot) in the controller parameter to index.php.,,,,,,7.5,HIGH,AV:N/AC:L/Au:N/C:P/I:P/A:P,10.0,6.4,CWE-22,2,cpe:2.3:a:4you-studio:com_jphone:1.0:alpha3:*:*:*:*:*:* | cpe:2.3:a:joomla:joomla\!:*:*:*:*:*:*:*:*
CVE-2010-3765,CISA,True,False,"Mozilla Firefox 3.5.x through 3.5.14 and 3.6.x through 3.6.11, Thunderbird 3.1.6 before 3.1.6 and 3.0.x before 3.0.10, and SeaMonkey 2.x before 2.0.10, when JavaScript is enabled, allows remote attackers to execute arbitrary code via vectors related to nsCSSFrameConstructor::ContentAppended, the appendChild method, incorrect index tracking, and the creation of multiple frames, which triggers memory corruption, as exploited in the wild in October 2010 by the Belmoo malware.",9.8,CRITICAL,CVSS:3.1/AV:N/AC:L/PR:N/UI:N/S:U/C:H/I:H/A:H,3.9,5.9,9.3,HIGH,AV:N/AC:M/Au:N/C:C/I:C/A:C,8.6,10.0,CWE-119,56,cpe:2.3:a:mozilla:firefox:3.5:*:*:*:*:*:*:* | cpe:2.3:a:mozilla:firefox:3.5.1:*:*:*:*:*:*:* | cpe:2.3:a:mozilla:firefox:3.5.2:*:*:*:*:*:*:* | cpe:2.3:a:mozilla:firefox:3.5.3:*:*:*:*:*:*:* | cpe:2.3:a:mozilla:firefox:3.5.4:*:*:*:*:*:*:* | cpe:2.3:a:mozilla:firefox:3.5.5:*:*:*:*:*:*:* | cpe:2.3:a:mozilla:firefox:3.5.6:*:*:*:*:*:*:* | cpe:2.3:a:mozilla:firefox:3.5.7:*:*:*:*:*:*:* | cpe:2.3:a:mozilla:firefox:3.5.8:*:*:*:*:*:*:* | cpe:2.3:a:mozilla:firefox:3.5.9:*:*:*:*:*:*:*
CVE-2010-3867,NUCLEI,False,True,"Multiple directory traversal vulnerabilities in the mod_site_misc module in ProFTPD before 1.3.3c allow remote authenticated users to create directories, delete directories, create symlinks, and modify file timestamps via directory traversal sequences in a (1) SITE MKDIR, (2) SITE RMDIR, (3) SITE SYMLINK, or (4) SITE UTIME command.",,,,,,7.1,HIGH,AV:N/AC:H/Au:S/C:C/I:C/A:C,3.9,10.0,CWE-22,32,cpe:2.3:a:proftpd:proftpd:1.2.10:*:*:*:*:*:*:* | cpe:2.3:a:proftpd:proftpd:1.2.10:rc1:*:*:*:*:*:* | cpe:2.3:a:proftpd:proftpd:1.2.10:rc2:*:*:*:*:*:* | cpe:2.3:a:proftpd:proftpd:1.2.10:rc3:*:*:*:*:*:* | cpe:2.3:a:proftpd:proftpd:1.3.0:*:*:*:*:*:*:* | cpe:2.3:a:proftpd:proftpd:1.3.0:a:*:*:*:*:*:* | cpe:2.3:a:proftpd:proftpd:1.3.0:rc1:*:*:*:*:*:* | cpe:2.3:a:proftpd:proftpd:1.3.0:rc2:*:*:*:*:*:* | cpe:2.3:a:proftpd:proftpd:1.3.0:rc3:*:*:*:*:*:* | cpe:2.3:a:proftpd:proftpd:1.3.0:rc4:*:*:*:*:*:*
CVE-2010-3904,CISA,True,False,"The rds_page_copy_user function in net/rds/page.c in the Reliable Datagram Sockets (RDS) protocol implementation in the Linux kernel before 2.6.36 does not properly validate addresses obtained from user space, which allows local users to gain privileges via crafted use of the sendmsg and recvmsg system calls.",7.8,HIGH,CVSS:3.1/AV:L/AC:L/PR:L/UI:N/S:U/C:H/I:H/A:H,1.8,5.9,7.2,HIGH,AV:L/AC:L/Au:N/C:C/I:C/A:C,3.9,10.0,CWE-1284,18,cpe:2.3:o:linux:linux_kernel:*:*:*:*:*:*:*:* | cpe:2.3:o:opensuse:opensuse:11.2:*:*:*:*:*:*:* | cpe:2.3:o:opensuse:opensuse:11.3:*:*:*:*:*:*:* | cpe:2.3:o:suse:linux_enterprise_desktop:11:sp1:*:*:*:*:*:* | cpe:2.3:o:suse:linux_enterprise_real_time_extension:11:sp1:*:*:*:*:*:* | cpe:2.3:o:suse:linux_enterprise_server:11:sp1:*:*:*:*:*:* | cpe:2.3:o:canonical:ubuntu_linux:6.06:*:*:*:*:*:*:* | cpe:2.3:o:canonical:ubuntu_linux:8.04:*:*:*:-:*:*:* | cpe:2.3:o:canonical:ubuntu_linux:9.04:*:*:*:*:*:*:* | cpe:2.3:o:canonical:ubuntu_linux:9.10:*:*:*:*:*:*:*
CVE-2010-3962,CISA,True,False,"Use-after-free vulnerability in Microsoft Internet Explorer 6, 7, and 8 allows remote attackers to execute arbitrary code via vectors related to Cascading Style Sheets (CSS) token sequences and the clip attribute, aka an ""invalid flag reference"" issue or ""Uninitialized Memory Corruption Vulnerability,"" as exploited in the wild in November 2010.",8.1,HIGH,CVSS:3.1/AV:N/AC:H/PR:N/UI:N/S:U/C:H/I:H/A:H,2.2,5.9,9.3,HIGH,AV:N/AC:M/Au:N/C:C/I:C/A:C,8.6,10.0,CWE-416,13,cpe:2.3:a:microsoft:internet_explorer:6:*:*:*:*:*:*:* | cpe:2.3:o:microsoft:windows_server_2003:-:sp2:*:*:*:*:*:* | cpe:2.3:o:microsoft:windows_xp:-:sp2:*:*:*:*:x64:* | cpe:2.3:o:microsoft:windows_xp:-:sp3:*:*:*:*:*:* | cpe:2.3:a:microsoft:internet_explorer:7:*:*:*:*:*:*:* | cpe:2.3:o:microsoft:windows_server_2008:-:-:*:*:*:*:*:* | cpe:2.3:o:microsoft:windows_server_2008:-:sp2:*:*:*:*:*:* | cpe:2.3:o:microsoft:windows_vista:-:sp1:*:*:*:*:*:* | cpe:2.3:o:microsoft:windows_vista:-:sp2:*:*:*:*:*:* | cpe:2.3:o:microsoft:windows_xp:-:sp2:*:*:professional:*:x64:*
CVE-2010-4231,NUCLEI,False,True,Directory traversal vulnerability in the web-based administration interface on the Camtron CMNC-200 Full HD IP Camera and TecVoz CMNC-200 Megapixel IP Camera with firmware 1.102A-008 allows remote attackers to read arbitrary files via a .. (dot dot) in the URI.,,,,,,7.8,HIGH,AV:N/AC:L/Au:N/C:C/I:N/A:N,10.0,6.9,CWE-22,4,cpe:2.3:a:camtron:cmnc-200_firmware:1.102a-008:*:*:*:*:*:*:* | cpe:2.3:h:camtron:cmnc-200:*:*:*:*:*:*:*:* | cpe:2.3:a:tecvoz:cmnc-200_firmware:1.102a-008:*:*:*:*:*:*:* | cpe:2.3:h:tecvoz:cmnc-200:*:*:*:*:*:*:*:*
CVE-2010-4239,NUCLEI,False,True,Tiki Wiki CMS Groupware 5.2 has Local File Inclusion,9.8,CRITICAL,CVSS:3.1/AV:N/AC:L/PR:N/UI:N/S:U/C:H/I:H/A:H,3.9,5.9,7.5,HIGH,AV:N/AC:L/Au:N/C:P/I:P/A:P,10.0,6.4,CWE-20,1,cpe:2.3:a:tiki:tikiwiki_cms\/groupware:5.2:*:*:*:*:*:*:*
CVE-2010-4282,NUCLEI,False,True,"Multiple directory traversal vulnerabilities in Pandora FMS before 3.1.1 allow remote attackers to include and execute arbitrary local files via (1) the page parameter to ajax.php or (2) the id parameter to general/pandora_help.php, and allow remote attackers to include and execute, create, modify, or delete arbitrary local files via (3) the layout parameter to operation/agentes/networkmap.php.",,,,,,7.5,HIGH,AV:N/AC:L/Au:N/C:P/I:P/A:P,10.0,6.4,CWE-22,16,cpe:2.3:a:artica:pandora_fms:*:*:*:*:*:*:*:* | cpe:2.3:a:artica:pandora_fms:1.2:*:*:*:*:*:*:* | cpe:2.3:a:artica:pandora_fms:1.3:*:*:*:*:*:*:* | cpe:2.3:a:artica:pandora_fms:1.3:beta:*:*:*:*:*:* | cpe:2.3:a:artica:pandora_fms:1.3:beta1:*:*:*:*:*:* | cpe:2.3:a:artica:pandora_fms:1.3:beta2:*:*:*:*:*:* | cpe:2.3:a:artica:pandora_fms:1.3:beta3:*:*:*:*:*:* | cpe:2.3:a:artica:pandora_fms:1.3.1:*:*:*:*:*:*:* | cpe:2.3:a:artica:pandora_fms:2.0:*:*:*:*:*:*:* | cpe:2.3:a:artica:pandora_fms:2.0:beta:*:*:*:*:*:*
CVE-2010-4344,CISA,True,False,"Heap-based buffer overflow in the string_vformat function in string.c in Exim before 4.70 allows remote attackers to execute arbitrary code via an SMTP session that includes two MAIL commands in conjunction with a large message containing crafted headers, leading to improper rejection logging.",9.8,CRITICAL,CVSS:3.1/AV:N/AC:L/PR:N/UI:N/S:U/C:H/I:H/A:H,3.9,5.9,9.3,HIGH,AV:N/AC:M/Au:N/C:C/I:C/A:C,8.6,10.0,CWE-787,8,cpe:2.3:a:exim:exim:*:*:*:*:*:*:*:* | cpe:2.3:o:opensuse:opensuse:11.1:*:*:*:*:*:*:* | cpe:2.3:o:opensuse:opensuse:11.2:*:*:*:*:*:*:* | cpe:2.3:o:opensuse:opensuse:11.3:*:*:*:*:*:*:* | cpe:2.3:o:debian:debian_linux:5.0:*:*:*:*:*:*:* | cpe:2.3:o:canonical:ubuntu_linux:6.06:*:*:*:*:*:*:* | cpe:2.3:o:canonical:ubuntu_linux:8.04:*:*:*:-:*:*:* | cpe:2.3:o:canonical:ubuntu_linux:9.10:*:*:*:*:*:*:*
CVE-2010-4345,CISA,True,False,"Exim 4.72 and earlier allows local users to gain privileges by leveraging the ability of the exim user account to specify an alternate configuration file with a directive that contains arbitrary commands, as demonstrated by the spool_directory directive.",7.8,HIGH,CVSS:3.1/AV:L/AC:L/PR:L/UI:N/S:U/C:H/I:H/A:H,1.8,5.9,6.9,MEDIUM,AV:L/AC:M/Au:N/C:C/I:C/A:C,3.4,10.0,NVD-CWE-noinfo | CWE-77,10,cpe:2.3:a:exim:exim:*:*:*:*:*:*:*:* | cpe:2.3:o:opensuse:opensuse:11.1:*:*:*:*:*:*:* | cpe:2.3:o:opensuse:opensuse:11.2:*:*:*:*:*:*:* | cpe:2.3:o:opensuse:opensuse:11.3:*:*:*:*:*:*:* | cpe:2.3:o:debian:debian_linux:5.0:*:*:*:*:*:*:* | cpe:2.3:o:canonical:ubuntu_linux:6.06:*:*:*:*:*:*:* | cpe:2.3:o:canonical:ubuntu_linux:8.04:*:*:*:-:*:*:* | cpe:2.3:o:canonical:ubuntu_linux:9.10:*:*:*:*:*:*:* | cpe:2.3:o:canonical:ubuntu_linux:10.04:*:*:*:-:*:*:* | cpe:2.3:o:canonical:ubuntu_linux:10.10:*:*:*:*:*:*:*
CVE-2010-4398,CISA,True,False,"Stack-based buffer overflow in the RtlQueryRegistryValues function in win32k.sys in Microsoft Windows XP SP2 and SP3, Windows Server 2003 SP2, Windows Vista SP1 and SP2, Windows Server 2008 Gold, SP2, and R2, and Windows 7 allows local users to gain privileges, and bypass the User Account Control (UAC) feature, via a crafted REG_BINARY value for a SystemDefaultEUDCFont registry key, aka ""Driver Improper Interaction with Windows Kernel Vulnerability.""",7.8,HIGH,CVSS:3.1/AV:L/AC:L/PR:L/UI:N/S:U/C:H/I:H/A:H,1.8,5.9,7.2,HIGH,AV:L/AC:L/Au:N/C:C/I:C/A:C,3.9,10.0,CWE-787,9,cpe:2.3:o:microsoft:windows_7:-:*:*:*:*:*:*:* | cpe:2.3:o:microsoft:windows_server_2003:-:sp2:*:*:*:*:*:* | cpe:2.3:o:microsoft:windows_server_2008:-:*:*:*:*:*:*:* | cpe:2.3:o:microsoft:windows_server_2008:-:sp2:*:*:*:*:*:* | cpe:2.3:o:microsoft:windows_server_2008:r2:*:*:*:*:*:*:* | cpe:2.3:o:microsoft:windows_vista:-:sp1:*:*:*:*:*:* | cpe:2.3:o:microsoft:windows_vista:-:sp2:*:*:*:*:*:* | cpe:2.3:o:microsoft:windows_xp:-:sp2:*:*:professional:*:x64:* | cpe:2.3:o:microsoft:windows_xp:-:sp3:*:*:*:*:*:*
CVE-2010-4617,NUCLEI,False,True,Directory traversal vulnerability in the JotLoader (com_jotloader) component 2.2.1 for Joomla! allows remote attackers to read arbitrary files via directory traversal sequences in the section parameter to index.php.,,,,,,6.8,MEDIUM,AV:N/AC:M/Au:N/C:P/I:P/A:P,8.6,6.4,CWE-22,2,cpe:2.3:a:kanich:com_jotloader:2.2.1:*:*:*:*:*:*:* | cpe:2.3:a:joomla:joomla\!:*:*:*:*:*:*:*:*
CVE-2010-4719,NUCLEI,False,True,Directory traversal vulnerability in JRadio (com_jradio) component before 1.5.1 for Joomla! allows remote attackers to read arbitrary files via directory traversal sequences in the controller parameter to index.php.,,,,,,7.5,HIGH,AV:N/AC:L/Au:N/C:P/I:P/A:P,10.0,6.4,CWE-22,2,cpe:2.3:a:fxwebdesign:com_jradio:*:*:*:*:*:*:*:* | cpe:2.3:a:joomla:joomla\!:*:*:*:*:*:*:*:*
CVE-2010-4769,NUCLEI,False,True,Directory traversal vulnerability in the Jimtawl (com_jimtawl) component 1.0.2 Joomla! allows remote attackers to read arbitrary files and possibly have unspecified other impact via a .. (dot dot) in the task parameter to index.php.,,,,,,7.5,HIGH,AV:N/AC:L/Au:N/C:P/I:P/A:P,10.0,6.4,CWE-22,2,cpe:2.3:a:janguo:com_jimtawl:1.0.2:*:*:*:*:*:*:* | cpe:2.3:a:joomla:joomla\!:*:*:*:*:*:*:*:*
CVE-2010-4977,NUCLEI,False,True,SQL injection vulnerability in menu.php in the Canteen (com_canteen) component 1.0 for Joomla! allows remote attackers to execute arbitrary SQL commands via the mealid parameter to index.php.,,,,,,7.5,HIGH,AV:N/AC:L/Au:N/C:P/I:P/A:P,10.0,6.4,CWE-89,2,cpe:2.3:a:miniwork:com_canteen:1.0:*:*:*:*:*:*:* | cpe:2.3:a:joomla:joomla\!:*:*:*:*:*:*:*:*
CVE-2010-5028,NUCLEI,False,True,SQL injection vulnerability in the JExtensions JE Job (com_jejob) component 1.0 for Joomla! allows remote attackers to execute arbitrary SQL commands via the catid parameter in an item action to index.php.,,,,,,7.5,HIGH,AV:N/AC:L/Au:N/C:P/I:P/A:P,10.0,6.4,CWE-89,2,cpe:2.3:a:harmistechnology:com_jejob:1.0:*:*:*:*:*:*:* | cpe:2.3:a:joomla:joomla\!:*:*:*:*:*:*:*:*
CVE-2010-5278,NUCLEI,False,True,"Directory traversal vulnerability in manager/controllers/default/resource/tvs.php in MODx Revolution 2.0.2-pl, and possibly earlier, when magic_quotes_gpc is disabled, allows remote attackers to read arbitrary files via a .. (dot dot) in the class_key parameter.  NOTE: some of these details are obtained from third party information.",,,,,,4.3,MEDIUM,AV:N/AC:M/Au:N/C:P/I:N/A:N,8.6,2.9,CWE-22,1,cpe:2.3:a:modx:modx_revolution:*:*:*:*:*:*:*:*
CVE-2010-5286,NUCLEI,False,True,Directory traversal vulnerability in Jstore (com_jstore) component for Joomla! allows remote attackers to read arbitrary files and possibly have unspecified other impact via a .. (dot dot) in the controller parameter to index.php.,,,,,,10.0,HIGH,AV:N/AC:L/Au:N/C:C/I:C/A:C,10.0,10.0,CWE-22,2,cpe:2.3:a:joobi:com_jstore:-:*:*:*:*:*:*:* | cpe:2.3:a:joomla:joomla\!:*:*:*:*:*:*:*:*
CVE-2010-5326,CISA,True,False,"The Invoker Servlet on SAP NetWeaver Application Server Java platforms, possibly before 7.3, does not require authentication, which allows remote attackers to execute arbitrary code via an HTTP or HTTPS request, as exploited in the wild in 2013 through 2016, aka a ""Detour"" attack.",10.0,CRITICAL,CVSS:3.1/AV:N/AC:L/PR:N/UI:N/S:C/C:H/I:H/A:H,3.9,6.0,10.0,HIGH,AV:N/AC:L/Au:N/C:C/I:C/A:C,10.0,10.0,NVD-CWE-noinfo | CWE-306,1,cpe:2.3:a:sap:netweaver_application_server_java:*:*:*:*:*:*:*:*
CVE-2010-5330,CISA,True,False,"On certain Ubiquiti devices, Command Injection exists via a GET request to stainfo.cgi (aka Show AP info) because the ifname variable is not sanitized, as demonstrated by shell metacharacters. The fixed version is v4.0.1 for 802.11 ISP products, v5.3.5 for AirMax ISP products, and v5.4.5 for AirSync firmware. For example, Nanostation5 (Air OS) is affected.",9.8,CRITICAL,CVSS:3.1/AV:N/AC:L/PR:N/UI:N/S:U/C:H/I:H/A:H,3.9,5.9,5.0,MEDIUM,AV:N/AC:L/Au:N/C:P/I:N/A:N,10.0,2.9,CWE-77,1,cpe:2.3:o:ui:airos:*:*:*:*:*:*:*:*
CVE-2011-0049,NUCLEI,False,True,"Directory traversal vulnerability in the _list_file_get function in lib/Majordomo.pm in Majordomo 2 before 20110131 allows remote attackers to read arbitrary files via .. (dot dot) sequences in the help command, as demonstrated using (1) a crafted email and (2) cgi-bin/mj_wwwusr in the web interface.",,,,,,5.0,MEDIUM,AV:N/AC:L/Au:N/C:P/I:N/A:N,10.0,2.9,CWE-22,30,cpe:2.3:a:mj2:majordomo_2:*:*:*:*:*:*:*:* | cpe:2.3:a:mj2:majordomo_2:20110101:*:*:*:*:*:*:* | cpe:2.3:a:mj2:majordomo_2:20110102:*:*:*:*:*:*:* | cpe:2.3:a:mj2:majordomo_2:20110103:*:*:*:*:*:*:* | cpe:2.3:a:mj2:majordomo_2:20110104:*:*:*:*:*:*:* | cpe:2.3:a:mj2:majordomo_2:20110105:*:*:*:*:*:*:* | cpe:2.3:a:mj2:majordomo_2:20110106:*:*:*:*:*:*:* | cpe:2.3:a:mj2:majordomo_2:20110107:*:*:*:*:*:*:* | cpe:2.3:a:mj2:majordomo_2:20110108:*:*:*:*:*:*:* | cpe:2.3:a:mj2:majordomo_2:20110109:*:*:*:*:*:*:*
CVE-2011-0518,NUCLEI,False,True,"Directory traversal vulnerability in core/lib/router.php in LotusCMS Fraise 3.0, when magic_quotes_gpc is disabled, allows remote attackers to include and execute arbitrary local files via the system parameter to index.php.",,,,,,5.1,MEDIUM,AV:N/AC:H/Au:N/C:P/I:P/A:P,4.9,6.4,CWE-22,1,cpe:2.3:a:lotuscms:fraise:3.0:*:*:*:*:*:*:*
CVE-2011-0609,CISA,True,False,"Unspecified vulnerability in Adobe Flash Player 10.2.154.13 and earlier on Windows, Mac OS X, Linux, and Solaris; 10.1.106.16 and earlier on Android; Adobe AIR 2.5.1 and earlier; and Authplay.dll (aka AuthPlayLib.bundle) in Adobe Reader and Acrobat 9.x through 9.4.2 and 10.x through 10.0.1 on Windows and Mac OS X, allows remote attackers to execute arbitrary code or cause a denial of service (application crash) via crafted Flash content, as demonstrated by a .swf file embedded in an Excel spreadsheet, and as exploited in the wild in March 2011.",7.8,HIGH,CVSS:3.1/AV:L/AC:L/PR:N/UI:R/S:U/C:H/I:H/A:H,1.8,5.9,9.3,HIGH,AV:N/AC:M/Au:N/C:C/I:C/A:C,8.6,10.0,NVD-CWE-noinfo,21,cpe:2.3:a:adobe:flash_player:*:*:*:*:*:*:*:* | cpe:2.3:o:apple:mac_os_x:-:*:*:*:*:*:*:* | cpe:2.3:o:linux:linux_kernel:-:*:*:*:*:*:*:* | cpe:2.3:o:microsoft:windows:-:*:*:*:*:*:*:* | cpe:2.3:o:oracle:solaris:-:*:*:*:*:*:*:* | cpe:2.3:o:google:android:-:*:*:*:*:*:*:* | cpe:2.3:a:adobe:acrobat:*:*:*:*:*:*:*:* | cpe:2.3:a:adobe:acrobat:10.0:*:*:*:*:*:*:* | cpe:2.3:a:adobe:acrobat:10.0.1:*:*:*:*:*:*:* | cpe:2.3:a:adobe:acrobat_reader:*:*:*:*:*:*:*:*
CVE-2011-0611,CISA,True,False,"Adobe Flash Player before 10.2.154.27 on Windows, Mac OS X, Linux, and Solaris and 10.2.156.12 and earlier on Android; Adobe AIR before 2.6.19140; and Authplay.dll (aka AuthPlayLib.bundle) in Adobe Reader 9.x before 9.4.4 and 10.x through 10.0.1 on Windows, Adobe Reader 9.x before 9.4.4 and 10.x before 10.0.3 on Mac OS X, and Adobe Acrobat 9.x before 9.4.4 and 10.x before 10.0.3 on Windows and Mac OS X allow remote attackers to execute arbitrary code or cause a denial of service (application crash) via crafted Flash content; as demonstrated by a Microsoft Office document with an embedded .swf file that has a size inconsistency in a ""group of included constants,"" object type confusion, ActionScript that adds custom functions to prototypes, and Date objects; and as exploited in the wild in April 2011.",8.8,HIGH,CVSS:3.1/AV:N/AC:L/PR:N/UI:R/S:U/C:H/I:H/A:H,2.8,5.9,9.3,HIGH,AV:N/AC:M/Au:N/C:C/I:C/A:C,8.6,10.0,CWE-843,16,cpe:2.3:a:adobe:flash_player:*:*:*:*:*:*:*:* | cpe:2.3:o:apple:mac_os_x:-:*:*:*:*:*:*:* | cpe:2.3:o:linux:linux_kernel:-:*:*:*:*:*:*:* | cpe:2.3:o:microsoft:windows:-:*:*:*:*:*:*:* | cpe:2.3:o:oracle:solaris:-:*:*:*:*:*:*:* | cpe:2.3:o:google:android:-:*:*:*:*:*:*:* | cpe:2.3:a:adobe:acrobat_reader:*:*:*:*:*:*:*:* | cpe:2.3:a:adobe:adobe_air:*:*:*:*:*:*:*:* | cpe:2.3:a:adobe:acrobat:*:*:*:*:*:*:*:* | cpe:2.3:a:google:chrome:*:*:*:*:*:*:*:*
CVE-2011-0762,NUCLEI,False,True,"The vsf_filename_passes_filter function in ls.c in vsftpd before 2.3.3 allows remote authenticated users to cause a denial of service (CPU consumption and process slot exhaustion) via crafted glob expressions in STAT commands in multiple FTP sessions, a different vulnerability than CVE-2010-2632.",,,,,,4.0,MEDIUM,AV:N/AC:L/Au:S/C:N/I:N/A:P,8.0,2.9,CWE-400,19,cpe:2.3:a:vsftpd_project:vsftpd:*:*:*:*:*:*:*:* | cpe:2.3:o:canonical:ubuntu_linux:6.06:*:*:*:*:*:*:* | cpe:2.3:o:canonical:ubuntu_linux:8.04:*:*:*:-:*:*:* | cpe:2.3:o:canonical:ubuntu_linux:9.10:*:*:*:*:*:*:* | cpe:2.3:o:canonical:ubuntu_linux:10.04:*:*:*:-:*:*:* | cpe:2.3:o:canonical:ubuntu_linux:10.10:*:*:*:*:*:*:* | cpe:2.3:o:fedoraproject:fedora:13:*:*:*:*:*:*:* | cpe:2.3:o:fedoraproject:fedora:14:*:*:*:*:*:*:* | cpe:2.3:o:fedoraproject:fedora:15:*:*:*:*:*:*:* | cpe:2.3:o:debian:debian_linux:5.0:*:*:*:*:*:*:*
CVE-2011-1669,NUCLEI,False,True,Directory traversal vulnerability in wp-download.php in the WP Custom Pages module 0.5.0.1 for WordPress allows remote attackers to read arbitrary files via ..%2F (encoded dot dot) sequences in the url parameter.,,,,,,5.0,MEDIUM,AV:N/AC:L/Au:N/C:P/I:N/A:N,10.0,2.9,CWE-22,2,cpe:2.3:a:mikoviny:wp_custom_pages:0.5.0.1:*:*:*:*:*:*:* | cpe:2.3:a:wordpress:wordpress:*:*:*:*:*:*:*:*
CVE-2011-1823,CISA,True,False,"The vold volume manager daemon on Android 3.0 and 2.x before 2.3.4 trusts messages that are received from a PF_NETLINK socket, which allows local users to execute arbitrary code and gain root privileges via a negative index that bypasses a maximum-only signed integer check in the DirectVolume::handlePartitionAdded method, which triggers memory corruption, as demonstrated by Gingerbreak.",7.8,HIGH,CVSS:3.1/AV:L/AC:L/PR:L/UI:N/S:U/C:H/I:H/A:H,1.8,5.9,7.2,HIGH,AV:L/AC:L/Au:N/C:C/I:C/A:C,3.9,10.0,CWE-190,2,cpe:2.3:o:google:android:*:*:*:*:*:*:*:* | cpe:2.3:o:google:android:3.0:*:*:*:*:*:*:*
CVE-2011-1889,CISA,True,False,"The NSPLookupServiceNext function in the client in Microsoft Forefront Threat Management Gateway (TMG) 2010 allows remote attackers to execute arbitrary code via vectors involving unspecified requests, aka ""TMG Firewall Client Memory Corruption Vulnerability.""",9.8,CRITICAL,CVSS:3.1/AV:N/AC:L/PR:N/UI:N/S:U/C:H/I:H/A:H,3.9,5.9,10.0,HIGH,AV:N/AC:L/Au:N/C:C/I:C/A:C,10.0,10.0,CWE-119,1,cpe:2.3:a:microsoft:forefront_threat_management_gateway:2010:*:*:*:*:*:*:*
CVE-2011-2005,CISA,True,False,"afd.sys in the Ancillary Function Driver in Microsoft Windows XP SP2 and SP3 and Server 2003 SP2 does not properly validate user-mode input passed to kernel mode, which allows local users to gain privileges via a crafted application, aka ""Ancillary Function Driver Elevation of Privilege Vulnerability.""",7.8,HIGH,CVSS:3.1/AV:L/AC:L/PR:N/UI:R/S:U/C:H/I:H/A:H,1.8,5.9,7.2,HIGH,AV:L/AC:L/Au:N/C:C/I:C/A:C,3.9,10.0,NVD-CWE-noinfo,3,cpe:2.3:o:microsoft:windows_server_2003:-:sp2:*:*:*:*:*:* | cpe:2.3:o:microsoft:windows_xp:-:sp2:*:*:professional:*:x64:* | cpe:2.3:o:microsoft:windows_xp:-:sp3:*:*:*:*:*:*
CVE-2011-2462,CISA,True,False,"Unspecified vulnerability in the U3D component in Adobe Reader and Acrobat 10.1.1 and earlier on Windows and Mac OS X, and Adobe Reader 9.x through 9.4.6 on UNIX, allows remote attackers to execute arbitrary code or cause a denial of service (memory corruption) via unknown vectors, as exploited in the wild in December 2011.",9.8,CRITICAL,CVSS:3.1/AV:N/AC:L/PR:N/UI:N/S:U/C:H/I:H/A:H,3.9,5.9,10.0,HIGH,AV:N/AC:L/Au:N/C:C/I:C/A:C,10.0,10.0,CWE-787,5,cpe:2.3:a:adobe:acrobat:*:*:*:*:*:*:*:* | cpe:2.3:a:adobe:acrobat_reader:*:*:*:*:*:*:*:* | cpe:2.3:o:apple:mac_os_x:-:*:*:*:*:*:*:* | cpe:2.3:o:microsoft:windows:-:*:*:*:*:*:*:* | cpe:2.3:o:opengroup:unix:-:*:*:*:*:*:*:*
CVE-2011-2523,NUCLEI,False,True,vsftpd 2.3.4 downloaded between 20110630 and 20110703 contains a backdoor which opens a shell on port 6200/tcp.,9.8,CRITICAL,CVSS:3.1/AV:N/AC:L/PR:N/UI:N/S:U/C:H/I:H/A:H,3.9,5.9,10.0,HIGH,AV:N/AC:L/Au:N/C:C/I:C/A:C,10.0,10.0,CWE-78,4,cpe:2.3:a:vsftpd_project:vsftpd:2.3.4:*:*:*:*:*:*:* | cpe:2.3:o:debian:debian_linux:8.0:*:*:*:*:*:*:* | cpe:2.3:o:debian:debian_linux:9.0:*:*:*:*:*:*:* | cpe:2.3:o:debian:debian_linux:10.0:*:*:*:*:*:*:*
CVE-2011-2744,NUCLEI,False,True,Directory traversal vulnerability in Chyrp 2.1 and earlier allows remote attackers to include and execute arbitrary local files via a ..%2F (encoded dot dot slash) in the action parameter to the default URI.,,,,,,6.8,MEDIUM,AV:N/AC:M/Au:N/C:P/I:P/A:P,8.6,6.4,CWE-22,5,cpe:2.3:a:chyrp:chyrp:*:*:*:*:*:*:*:* | cpe:2.3:a:chyrp:chyrp:2.0:*:*:*:*:*:*:* | cpe:2.3:a:chyrp:chyrp:2.1:beta1:*:*:*:*:*:* | cpe:2.3:a:chyrp:chyrp:2.1:beta2:*:*:*:*:*:* | cpe:2.3:a:chyrp:chyrp:2.1:rc:*:*:*:*:*:*
CVE-2011-2780,NUCLEI,False,True,"Directory traversal vulnerability in includes/lib/gz.php in Chyrp 2.0 and earlier allows remote attackers to read arbitrary files via a .. (dot dot) in the file parameter, a different vulnerability than CVE-2011-2744.",,,,,,5.0,MEDIUM,AV:N/AC:L/Au:N/C:P/I:N/A:N,10.0,2.9,CWE-22,1,cpe:2.3:a:chyrp:chyrp:*:*:*:*:*:*:*:*
CVE-2011-3171,NUCLEI,False,True,"Directory traversal vulnerability in pure-FTPd 1.0.22 and possibly other versions, when running on SUSE Linux Enterprise Server and possibly other operating systems, when the Netware OES remote server feature is enabled, allows local users to overwrite arbitrary files via unknown vectors.",,,,,,3.6,LOW,AV:L/AC:L/Au:N/C:N/I:P/A:P,3.9,4.9,CWE-22,87,cpe:2.3:a:pureftpd:pure-ftpd:*:*:*:*:*:*:*:* | cpe:2.3:a:pureftpd:pure-ftpd:0.90:*:*:*:*:*:*:* | cpe:2.3:a:pureftpd:pure-ftpd:0.91:*:*:*:*:*:*:* | cpe:2.3:a:pureftpd:pure-ftpd:0.92:*:*:*:*:*:*:* | cpe:2.3:a:pureftpd:pure-ftpd:0.93:*:*:*:*:*:*:* | cpe:2.3:a:pureftpd:pure-ftpd:0.94:*:*:*:*:*:*:* | cpe:2.3:a:pureftpd:pure-ftpd:0.95:*:*:*:*:*:*:* | cpe:2.3:a:pureftpd:pure-ftpd:0.95:pre1:*:*:*:*:*:* | cpe:2.3:a:pureftpd:pure-ftpd:0.95:pre2:*:*:*:*:*:* | cpe:2.3:a:pureftpd:pure-ftpd:0.95:pre3:*:*:*:*:*:*
CVE-2011-3315,NUCLEI,False,True,"Directory traversal vulnerability in Cisco Unified Communications Manager (CUCM) 5.x and 6.x before 6.1(5)SU2, 7.x before 7.1(5b)SU2, and 8.x before 8.0(3), and Cisco Unified Contact Center Express (aka Unified CCX or UCCX) and Cisco Unified IP Interactive Voice Response (Unified IP-IVR) before 6.0(1)SR1ES8, 7.0(x) before 7.0(2)ES1, 8.0(x) through 8.0(2)SU3, and 8.5(x) before 8.5(1)SU2, allows remote attackers to read arbitrary files via a crafted URL, aka Bug IDs CSCth09343 and CSCts44049.",,,,,,7.8,HIGH,AV:N/AC:L/Au:N/C:C/I:N/A:N,10.0,6.9,CWE-22,75,cpe:2.3:h:cisco:unified_ip_interactive_voice_response:-:*:*:*:*:*:*:* | cpe:2.3:a:cisco:unified_ip_ivr:6.0\(1\):*:*:*:*:*:*:* | cpe:2.3:a:cisco:unified_ip_ivr:7.0\(1\):*:*:*:*:*:*:* | cpe:2.3:a:cisco:unified_ip_ivr:7.0\(2\):*:*:*:*:*:*:* | cpe:2.3:a:cisco:unified_ip_ivr:8.0\(1\):*:*:*:*:*:*:* | cpe:2.3:a:cisco:unified_ip_ivr:8.0\(2\):*:*:*:*:*:*:* | cpe:2.3:a:cisco:unified_ip_ivr:8.5\(1\):*:*:*:*:*:*:* | cpe:2.3:a:cisco:unified_ccx:6.0\(1\):*:*:*:*:*:*:* | cpe:2.3:a:cisco:unified_ccx:7.0\(1\):*:*:*:*:*:*:* | cpe:2.3:a:cisco:unified_ccx:7.0\(2\):*:*:*:*:*:*:*
CVE-2011-3402,CISA,True,False,"Unspecified vulnerability in the TrueType font parsing engine in win32k.sys in the kernel-mode drivers in Microsoft Windows XP SP2 and SP3, Windows Server 2003 SP2, Windows Vista SP2, Windows Server 2008 SP2, R2, and R2 SP1, and Windows 7 Gold and SP1 allows remote attackers to execute arbitrary code via crafted font data in a Word document or web page, as exploited in the wild in November 2011 by Duqu, aka ""TrueType Font Parsing Vulnerability.""",8.8,HIGH,CVSS:3.1/AV:N/AC:L/PR:N/UI:R/S:U/C:H/I:H/A:H,2.8,5.9,9.3,HIGH,AV:N/AC:M/Au:N/C:C/I:C/A:C,8.6,10.0,NVD-CWE-noinfo,9,cpe:2.3:o:microsoft:windows_7:-:sp1:*:*:*:*:x64:* | cpe:2.3:o:microsoft:windows_7:-:sp1:*:*:*:*:x86:* | cpe:2.3:o:microsoft:windows_server_2003:-:sp2:*:*:*:*:*:* | cpe:2.3:o:microsoft:windows_server_2008:-:sp2:*:*:*:*:*:* | cpe:2.3:o:microsoft:windows_server_2008:-:sp2:*:*:*:*:x64:* | cpe:2.3:o:microsoft:windows_server_2008:-:sp2:*:*:*:*:x86:* | cpe:2.3:o:microsoft:windows_vista:-:sp2:*:*:*:*:*:* | cpe:2.3:o:microsoft:windows_xp:-:sp2:*:*:*:*:*:* | cpe:2.3:o:microsoft:windows_xp:-:sp3:*:*:*:*:*:*
CVE-2011-3544,CISA,True,False,"Unspecified vulnerability in the Java Runtime Environment component in Oracle Java SE JDK and JRE 7 and 6 Update 27 and earlier allows remote untrusted Java Web Start applications and untrusted Java applets to affect confidentiality, integrity, and availability via unknown vectors related to Scripting.",9.8,CRITICAL,CVSS:3.1/AV:N/AC:L/PR:N/UI:N/S:U/C:H/I:H/A:H,3.9,5.9,10.0,HIGH,AV:N/AC:L/Au:N/C:C/I:C/A:C,10.0,10.0,NVD-CWE-noinfo | CWE-284,98,cpe:2.3:a:oracle:jdk:*:*:*:*:*:*:*:* | cpe:2.3:a:oracle:jdk:1.6.0:-:*:*:*:*:*:* | cpe:2.3:a:oracle:jdk:1.6.0:update1:*:*:*:*:*:* | cpe:2.3:a:oracle:jdk:1.6.0:update10:*:*:*:*:*:* | cpe:2.3:a:oracle:jdk:1.6.0:update11:*:*:*:*:*:* | cpe:2.3:a:oracle:jdk:1.6.0:update12:*:*:*:*:*:* | cpe:2.3:a:oracle:jdk:1.6.0:update13:*:*:*:*:*:* | cpe:2.3:a:oracle:jdk:1.6.0:update14:*:*:*:*:*:* | cpe:2.3:a:oracle:jdk:1.6.0:update15:*:*:*:*:*:* | cpe:2.3:a:oracle:jdk:1.6.0:update16:*:*:*:*:*:*
CVE-2011-3600,NUCLEI,False,True,"The /webtools/control/xmlrpc endpoint in OFBiz XML-RPC event handler is exposed to External Entity Injection by passing DOCTYPE declarations with executable payloads that discloses the contents of files in the filesystem. In addition, it can also be used to probe for open network ports, and figure out from returned error messages whether a file exists or not. This affects OFBiz 16.11.01 to 16.11.04.",7.5,HIGH,CVSS:3.1/AV:N/AC:L/PR:N/UI:N/S:U/C:H/I:N/A:N,3.9,3.6,5.0,MEDIUM,AV:N/AC:L/Au:N/C:P/I:N/A:N,10.0,2.9,CWE-611,1,cpe:2.3:a:apache:ofbiz:*:*:*:*:*:*:*:*
CVE-2011-4336,NUCLEI,False,True,"Tiki Wiki CMS Groupware 7.0 has XSS via the GET ""ajax"" parameter to snarf_ajax.php.",6.1,MEDIUM,CVSS:3.1/AV:N/AC:L/PR:N/UI:R/S:C/C:L/I:L/A:N,2.8,2.7,4.3,MEDIUM,AV:N/AC:M/Au:N/C:N/I:P/A:N,8.6,2.9,CWE-79,1,cpe:2.3:a:tiki:tikiwiki_cms\/groupware:*:*:*:*:*:*:*:*
CVE-2011-4618,NUCLEI,False,True,Cross-site scripting (XSS) vulnerability in advancedtext.php in Advanced Text Widget plugin before 2.0.2 for WordPress allows remote attackers to inject arbitrary web script or HTML via the page parameter.,,,,,,4.3,MEDIUM,AV:N/AC:M/Au:N/C:N/I:P/A:N,8.6,2.9,CWE-79,2,cpe:2.3:a:simplerealtytheme:advanced_text_widget_plugin:*:*:*:*:*:*:*:* | cpe:2.3:a:wordpress:wordpress:-:*:*:*:*:*:*:*
CVE-2011-4624,NUCLEI,False,True,Cross-site scripting (XSS) vulnerability in facebook.php in the GRAND FlAGallery plugin (flash-album-gallery) before 1.57 for WordPress allows remote attackers to inject arbitrary web script or HTML via the i parameter.,,,,,,4.3,MEDIUM,AV:N/AC:M/Au:N/C:N/I:P/A:N,8.6,2.9,CWE-79,1,cpe:2.3:a:codeasily:grand_flagallery:*:*:*:*:*:wordpress:*:*
CVE-2011-4640,NUCLEI,False,True,Directory traversal vulnerability in logs-x.php in SpamTitan WebTitan before 3.60 allows remote authenticated users to read arbitrary files via a .. (dot dot) in the fname parameter in a view action.,,,,,,4.0,MEDIUM,AV:N/AC:L/Au:S/C:P/I:N/A:N,8.0,2.9,CWE-22,1,cpe:2.3:a:spamtitan:webtitan:*:*:*:*:*:*:*:*
CVE-2011-4723,CISA,True,False,"The D-Link DIR-300 router stores cleartext passwords, which allows context-dependent attackers to obtain sensitive information via unspecified vectors.",5.7,MEDIUM,CVSS:3.1/AV:A/AC:L/PR:L/UI:N/S:U/C:H/I:N/A:N,2.1,3.6,6.8,MEDIUM,AV:N/AC:L/Au:S/C:C/I:N/A:N,8.0,6.9,CWE-312,2,cpe:2.3:o:dlink:dir-300_firmware:-:*:*:*:*:*:*:* | cpe:2.3:h:dlink:dir-300:-:*:*:*:*:*:*:*
CVE-2011-4804,NUCLEI,False,True,Directory traversal vulnerability in the obSuggest (com_obsuggest) component before 1.8 for Joomla! allows remote attackers to read arbitrary files via a .. (dot dot) in the controller parameter to index.php.,,,,,,5.0,MEDIUM,AV:N/AC:L/Au:N/C:P/I:N/A:N,10.0,2.9,CWE-22,11,cpe:2.3:a:foobla:com_obsuggest:*:*:*:*:*:*:*:* | cpe:2.3:a:foobla:com_obsuggest:1.5.0.1:*:*:*:*:*:*:* | cpe:2.3:a:foobla:com_obsuggest:1.5.1.1.20090922:*:*:*:*:*:*:* | cpe:2.3:a:foobla:com_obsuggest:1.5.1.2:*:*:*:*:*:*:* | cpe:2.3:a:foobla:com_obsuggest:1.5.1.4:*:*:*:*:*:*:* | cpe:2.3:a:foobla:com_obsuggest:1.5.1.5:*:*:*:*:*:*:* | cpe:2.3:a:foobla:com_obsuggest:1.5.1.6:*:*:*:*:*:*:* | cpe:2.3:a:foobla:com_obsuggest:1.5.1.7:*:*:*:*:*:*:* | cpe:2.3:a:foobla:com_obsuggest:1.6.1:b7:*:*:*:*:*:* | cpe:2.3:a:foobla:com_obsuggest:1.6.1:b8:*:*:*:*:*:*
CVE-2011-4926,NUCLEI,False,True,Cross-site scripting (XSS) vulnerability in adminimize/adminimize_page.php in the Adminimize plugin before 1.7.22 for WordPress allows remote attackers to inject arbitrary web script or HTML via the page parameter.,,,,,,4.3,MEDIUM,AV:N/AC:M/Au:N/C:N/I:P/A:N,8.6,2.9,CWE-79,55,cpe:2.3:a:bueltge:adminimize:*:*:*:*:*:*:*:* | cpe:2.3:a:bueltge:adminimize:0.6.9:*:*:*:*:*:*:* | cpe:2.3:a:bueltge:adminimize:0.7:*:*:*:*:*:*:* | cpe:2.3:a:bueltge:adminimize:0.7.1:*:*:*:*:*:*:* | cpe:2.3:a:bueltge:adminimize:0.7.2:*:*:*:*:*:*:* | cpe:2.3:a:bueltge:adminimize:0.7.3:*:*:*:*:*:*:* | cpe:2.3:a:bueltge:adminimize:0.7.5:*:*:*:*:*:*:* | cpe:2.3:a:bueltge:adminimize:0.7.6:*:*:*:*:*:*:* | cpe:2.3:a:bueltge:adminimize:0.7.7:*:*:*:*:*:*:* | cpe:2.3:a:bueltge:adminimize:0.7.8:*:*:*:*:*:*:*
CVE-2011-5106,NUCLEI,False,True,Cross-site scripting (XSS) vulnerability in edit-post.php in the Flexible Custom Post Type plugin before 0.1.7 for WordPress allows remote attackers to inject arbitrary web script or HTML via the id parameter.,,,,,,4.3,MEDIUM,AV:N/AC:M/Au:N/C:N/I:P/A:N,8.6,2.9,CWE-79,5,cpe:2.3:a:fractalia:flexible_custom_post_type:0.1:*:*:*:*:*:*:* | cpe:2.3:a:fractalia:flexible_custom_post_type:0.1.3:*:*:*:*:*:*:* | cpe:2.3:a:fractalia:flexible_custom_post_type:0.1.4:*:*:*:*:*:*:* | cpe:2.3:a:fractalia:flexible_custom_post_type:0.1.5:*:*:*:*:*:*:* | cpe:2.3:a:wordpress:wordpress:-:*:*:*:*:*:*:*
CVE-2011-5107,NUCLEI,False,True,"Cross-site scripting (XSS) vulnerability in post_alert.php in Alert Before Your Post plugin, possibly 0.1.1 and earlier, for WordPress allows remote attackers to inject arbitrary web script or HTML via the name parameter.",,,,,,4.3,MEDIUM,AV:N/AC:M/Au:N/C:N/I:P/A:N,8.6,2.9,CWE-79,2,cpe:2.3:a:wordpress:alert_before_you_post:*:*:*:*:*:*:*:* | cpe:2.3:a:wordpress:wordpress:-:*:*:*:*:*:*:*
CVE-2011-5179,NUCLEI,False,True,"Cross-site scripting (XSS) vulnerability in skysa-official/skysa.php in Skysa App Bar Integration plugin, possibly before 1.04, for WordPress allows remote attackers to inject arbitrary web script or HTML via the submit parameter.",,,,,,4.3,MEDIUM,AV:N/AC:M/Au:N/C:N/I:P/A:N,8.6,2.9,CWE-79,5,cpe:2.3:a:skysa:skysa_app_bar_integration_plugin:*:*:*:*:*:*:*:* | cpe:2.3:a:skysa:skysa_app_bar_integration_plugin:1.0:*:*:*:*:*:*:* | cpe:2.3:a:skysa:skysa_app_bar_integration_plugin:1.01:*:*:*:*:*:*:* | cpe:2.3:a:skysa:skysa_app_bar_integration_plugin:1.02:*:*:*:*:*:*:* | cpe:2.3:a:wordpress:wordpress:-:*:*:*:*:*:*:*
CVE-2011-5181,NUCLEI,False,True,Cross-site scripting (XSS) vulnerability in clickdesk.php in ClickDesk Live Support - Live Chat plugin 2.0 for WordPress allows remote attackers to inject arbitrary web script or HTML via the cdwidgetid parameter.  NOTE: some of these details are obtained from third party information.,,,,,,4.3,MEDIUM,AV:N/AC:M/Au:N/C:N/I:P/A:N,8.6,2.9,CWE-79,2,cpe:2.3:a:clickdesk:clickdesk_live_support-live_chat_plugin:2.0:*:*:*:*:*:*:* | cpe:2.3:a:wordpress:wordpress:-:*:*:*:*:*:*:*
CVE-2011-5252,NUCLEI,False,True,"Open redirect vulnerability in Users/Account/LogOff in Orchard 1.0.x before 1.0.21, 1.1.x before 1.1.31, 1.2.x before 1.2.42, and 1.3.x before 1.3.10 allows remote attackers to redirect users to arbitrary web sites and conduct phishing attacks via a URL in the ReturnUrl parameter.",,,,,,5.8,MEDIUM,AV:N/AC:M/Au:N/C:P/I:P/A:N,8.6,4.9,CWE-20,9,cpe:2.3:a:orchardproject:orchard:1.0:*:*:*:*:*:*:* | cpe:2.3:a:orchardproject:orchard:1.0.20:*:*:*:*:*:*:* | cpe:2.3:a:orchardproject:orchard:1.1:*:*:*:*:*:*:* | cpe:2.3:a:orchardproject:orchard:1.1.30:*:*:*:*:*:*:* | cpe:2.3:a:orchardproject:orchard:1.2:*:*:*:*:*:*:* | cpe:2.3:a:orchardproject:orchard:1.2.41:*:*:*:*:*:*:* | cpe:2.3:a:orchardproject:orchard:1.3:*:*:*:*:*:*:* | cpe:2.3:a:orchardproject:orchard:1.3.9:*:*:*:*:*:*:* | cpe:2.3:a:orchardproject:orchard:1.3.10:*:*:*:*:*:*:*
CVE-2011-5265,NUCLEI,False,True,Cross-site scripting (XSS) vulnerability in cached_image.php in the Featurific For WordPress plugin 1.6.2 for WordPress allows remote attackers to inject arbitrary web script or HTML via the snum parameter.  NOTE: this has been disputed by a third party.,,,,,,4.3,MEDIUM,AV:N/AC:M/Au:N/C:N/I:P/A:N,8.6,2.9,CWE-79,2,cpe:2.3:a:featurific_for_wordpress_project:featurific-for-wordpress:1.6.2:*:*:*:*:*:*:* | cpe:2.3:a:wordpress:wordpress:-:*:*:*:*:*:*:*
CVE-2012-0151,CISA,True,False,"The Authenticode Signature Verification function in Microsoft Windows XP SP2 and SP3, Windows Server 2003 SP2, Windows Vista SP2, Windows Server 2008 SP2, R2, and R2 SP1, Windows 7 Gold and SP1, and Windows 8 Consumer Preview does not properly validate the digest of a signed portable executable (PE) file, which allows user-assisted remote attackers to execute arbitrary code via a modified file with additional content, aka ""WinVerifyTrust Signature Validation Vulnerability.""",7.8,HIGH,CVSS:3.1/AV:L/AC:L/PR:N/UI:R/S:U/C:H/I:H/A:H,1.8,5.9,9.3,HIGH,AV:N/AC:M/Au:N/C:C/I:C/A:C,8.6,10.0,CWE-20,15,cpe:2.3:o:microsoft:windows_7:-:sp1:*:*:*:*:x64:* | cpe:2.3:o:microsoft:windows_7:-:sp1:*:*:*:*:x86:* | cpe:2.3:o:microsoft:windows_server_2003:-:sp2:*:*:*:*:*:* | cpe:2.3:o:microsoft:windows_server_2008:-:sp2:*:*:*:*:itanium:* | cpe:2.3:o:microsoft:windows_server_2008:-:sp2:*:*:*:*:x64:* | cpe:2.3:o:microsoft:windows_server_2008:r2:*:*:*:*:*:itanium:* | cpe:2.3:o:microsoft:windows_server_2008:r2:*:*:*:*:*:x64:* | cpe:2.3:o:microsoft:windows_vista:-:sp2:*:*:*:*:*:* | cpe:2.3:o:microsoft:windows_xp:-:sp2:*:*:*:*:x64:* | cpe:2.3:o:microsoft:windows_xp:-:sp3:*:*:*:*:*:*
CVE-2012-0158,CISA,True,False,"The (1) ListView, (2) ListView2, (3) TreeView, and (4) TreeView2 ActiveX controls in MSCOMCTL.OCX in the Common Controls in Microsoft Office 2003 SP3, 2007 SP2 and SP3, and 2010 Gold and SP1; Office 2003 Web Components SP3; SQL Server 2000 SP4, 2005 SP4, and 2008 SP2, SP3, and R2; BizTalk Server 2002 SP1; Commerce Server 2002 SP4, 2007 SP2, and 2009 Gold and R2; Visual FoxPro 8.0 SP1 and 9.0 SP2; and Visual Basic 6.0 Runtime allow remote attackers to execute arbitrary code via a crafted (a) web site, (b) Office document, or (c) .rtf file that triggers ""system state"" corruption, as exploited in the wild in April 2012, aka ""MSCOMCTL.OCX RCE Vulnerability.""",8.8,HIGH,CVSS:3.1/AV:N/AC:L/PR:N/UI:R/S:U/C:H/I:H/A:H,2.8,5.9,9.3,HIGH,AV:N/AC:M/Au:N/C:C/I:C/A:C,8.6,10.0,CWE-94,20,cpe:2.3:a:microsoft:office:2003:sp3:*:*:*:*:*:* | cpe:2.3:a:microsoft:office:2007:sp2:*:*:*:*:*:* | cpe:2.3:a:microsoft:office:2007:sp3:*:*:*:*:*:* | cpe:2.3:a:microsoft:office:2010:-:*:*:*:*:x86:* | cpe:2.3:a:microsoft:office:2010:sp1:*:*:*:*:x86:* | cpe:2.3:a:microsoft:office_web_components:2003:sp3:*:*:*:*:*:* | cpe:2.3:a:microsoft:sql_server_2000:-:sp4:*:*:*:*:*:* | cpe:2.3:a:microsoft:sql_server_2005:-:sp4:*:*:*:*:*:* | cpe:2.3:a:microsoft:sql_server_2008:-:sp2:*:*:*:*:*:* | cpe:2.3:a:microsoft:sql_server_2008:-:sp3:*:*:*:*:*:*
CVE-2012-0391,CISA,True,False,"The ExceptionDelegator component in Apache Struts before 2.2.3.1 interprets parameter values as OGNL expressions during certain exception handling for mismatched data types of properties, which allows remote attackers to execute arbitrary Java code via a crafted parameter.",9.8,CRITICAL,CVSS:3.1/AV:N/AC:L/PR:N/UI:N/S:U/C:H/I:H/A:H,3.9,5.9,9.3,HIGH,AV:N/AC:M/Au:N/C:C/I:C/A:C,8.6,10.0,CWE-94,1,cpe:2.3:a:apache:struts:*:*:*:*:*:*:*:*
CVE-2012-0392,NUCLEI,False,True,"The CookieInterceptor component in Apache Struts before 2.3.1.1 does not use the parameter-name whitelist, which allows remote attackers to execute arbitrary commands via a crafted HTTP Cookie header that triggers Java code execution through a static method.",,,,,,6.8,MEDIUM,AV:N/AC:M/Au:N/C:P/I:P/A:P,8.6,6.4,NVD-CWE-noinfo,1,cpe:2.3:a:apache:struts:*:*:*:*:*:*:*:*
CVE-2012-0394,NUCLEI,False,True,"The DebuggingInterceptor component in Apache Struts before 2.3.1.1, when developer mode is used, allows remote attackers to execute arbitrary commands via unspecified vectors.  NOTE: the vendor characterizes this behavior as not ""a security vulnerability itself.",,,,,,6.8,MEDIUM,AV:N/AC:M/Au:N/C:P/I:P/A:P,8.6,6.4,CWE-94,1,cpe:2.3:a:apache:struts:*:*:*:*:*:*:*:*
CVE-2012-0507,CISA,True,False,"Unspecified vulnerability in the Java Runtime Environment (JRE) component in Oracle Java SE 7 Update 2 and earlier, 6 Update 30 and earlier, and 5.0 Update 33 and earlier allows remote attackers to affect confidentiality, integrity, and availability via unknown vectors related to Concurrency.  NOTE: the previous information was obtained from the February 2012 Oracle CPU. Oracle has not commented on claims from a downstream vendor and third party researchers that this issue occurs because the AtomicReferenceArray class implementation does not ensure that the array is of the Object[] type, which allows attackers to cause a denial of service (JVM crash) or bypass Java sandbox restrictions.  NOTE: this issue was originally mapped to CVE-2011-3571, but that identifier was already assigned to a different issue.",9.8,CRITICAL,CVSS:3.1/AV:N/AC:L/PR:N/UI:N/S:U/C:H/I:H/A:H,3.9,5.9,10.0,HIGH,AV:N/AC:L/Au:N/C:C/I:C/A:C,10.0,10.0,NVD-CWE-noinfo | CWE-843,74,cpe:2.3:a:sun:jre:1.5.0:-:*:*:*:*:*:* | cpe:2.3:a:sun:jre:1.5.0:update1:*:*:*:*:*:* | cpe:2.3:a:sun:jre:1.5.0:update10:*:*:*:*:*:* | cpe:2.3:a:sun:jre:1.5.0:update11:*:*:*:*:*:* | cpe:2.3:a:sun:jre:1.5.0:update12:*:*:*:*:*:* | cpe:2.3:a:sun:jre:1.5.0:update13:*:*:*:*:*:* | cpe:2.3:a:sun:jre:1.5.0:update14:*:*:*:*:*:* | cpe:2.3:a:sun:jre:1.5.0:update15:*:*:*:*:*:* | cpe:2.3:a:sun:jre:1.5.0:update16:*:*:*:*:*:* | cpe:2.3:a:sun:jre:1.5.0:update17:*:*:*:*:*:*
CVE-2012-0518,CISA,True,False,"Unspecified vulnerability in the Oracle Application Server Single Sign-On component in Oracle Fusion Middleware 10.1.4.3.0 allows remote attackers to affect integrity via unknown vectors related to Redirects, a different vulnerability than CVE-2012-3175.",4.7,MEDIUM,CVSS:3.1/AV:N/AC:L/PR:N/UI:R/S:C/C:N/I:L/A:N,2.8,1.4,4.3,MEDIUM,AV:N/AC:M/Au:N/C:N/I:P/A:N,8.6,2.9,CWE-601,1,cpe:2.3:a:oracle:fusion_middleware:10.1.4.3:*:*:*:*:*:*:*
CVE-2012-0754,CISA,True,False,"Adobe Flash Player before 10.3.183.15 and 11.x before 11.1.102.62 on Windows, Mac OS X, Linux, and Solaris; before 11.1.111.6 on Android 2.x and 3.x; and before 11.1.115.6 on Android 4.x allows attackers to execute arbitrary code or cause a denial of service (memory corruption) via unspecified vectors.",8.1,HIGH,CVSS:3.1/AV:N/AC:H/PR:N/UI:N/S:U/C:H/I:H/A:H,2.2,5.9,9.3,HIGH,AV:N/AC:M/Au:N/C:C/I:C/A:C,8.6,10.0,CWE-787,7,cpe:2.3:a:adobe:flash_player:*:*:*:*:*:*:*:* | cpe:2.3:o:apple:mac_os_x:-:*:*:*:*:*:*:* | cpe:2.3:o:linux:linux_kernel:-:*:*:*:*:*:*:* | cpe:2.3:o:microsoft:windows:-:*:*:*:*:*:*:* | cpe:2.3:o:oracle:solaris:-:*:*:*:*:*:-:* | cpe:2.3:o:google:android:*:*:*:*:*:*:*:* | cpe:2.3:o:google:android:4.0:*:*:*:*:*:*:*
CVE-2012-0767,CISA,True,False,"Cross-site scripting (XSS) vulnerability in Adobe Flash Player before 10.3.183.15 and 11.x before 11.1.102.62 on Windows, Mac OS X, Linux, and Solaris; before 11.1.111.6 on Android 2.x and 3.x; and before 11.1.115.6 on Android 4.x allows remote attackers to inject arbitrary web script or HTML via unspecified vectors, aka ""Universal XSS (UXSS),"" as exploited in the wild in February 2012.",6.1,MEDIUM,CVSS:3.1/AV:N/AC:L/PR:N/UI:R/S:C/C:L/I:L/A:N,2.8,2.7,4.3,MEDIUM,AV:N/AC:M/Au:N/C:N/I:P/A:N,8.6,2.9,CWE-79,7,cpe:2.3:a:adobe:flash_player:*:*:*:*:*:*:*:* | cpe:2.3:o:apple:mac_os_x:-:*:*:*:*:*:*:* | cpe:2.3:o:linux:linux_kernel:-:*:*:*:*:*:*:* | cpe:2.3:o:microsoft:windows:-:*:*:*:*:*:*:* | cpe:2.3:o:oracle:solaris:-:*:*:*:*:*:-:* | cpe:2.3:o:google:android:*:*:*:*:*:*:*:* | cpe:2.3:o:google:android:4.0:*:*:*:*:*:*:*
CVE-2012-0896,NUCLEI,False,True,Absolute path traversal vulnerability in download.php in the Count Per Day module before 3.1.1 for WordPress allows remote attackers to read arbitrary files via the f parameter.,,,,,,5.0,MEDIUM,AV:N/AC:L/Au:N/C:P/I:N/A:N,10.0,2.9,CWE-22,7,cpe:2.3:a:count_per_day_project:count_per_day:2.2:*:*:*:*:*:*:* | cpe:2.3:a:count_per_day_project:count_per_day:2.15:*:*:*:*:*:*:* | cpe:2.3:a:count_per_day_project:count_per_day:2.15.1:*:*:*:*:*:*:* | cpe:2.3:a:count_per_day_project:count_per_day:2.16:*:*:*:*:*:*:* | cpe:2.3:a:tom_braider:count_per_day:*:*:*:*:*:*:*:* | cpe:2.3:a:tom_braider:count_per_day:1.0:*:*:*:*:*:*:* | cpe:2.3:a:wordpress:wordpress:*:*:*:*:*:*:*:*
CVE-2012-0901,NUCLEI,False,True,Cross-site scripting (XSS) vulnerability in yousaytoo.php in YouSayToo auto-publishing plugin 1.0 for WordPress allows remote attackers to inject arbitrary web script or HTML via the submit parameter.,,,,,,4.3,MEDIUM,AV:N/AC:M/Au:N/C:N/I:P/A:N,8.6,2.9,CWE-79,1,cpe:2.3:a:attenzione:yousaytoo:1.0:*:*:*:*:*:*:*
CVE-2012-0981,NUCLEI,False,True,Directory traversal vulnerability in phpShowtime 2.0 allows remote attackers to list arbitrary directories and image files via a .. (dot dot) in the r parameter to index.php.  NOTE: Some of these details are obtained from third party information.,,,,,,5.0,MEDIUM,AV:N/AC:L/Au:N/C:P/I:N/A:N,10.0,2.9,CWE-22,1,cpe:2.3:a:kybernetika:phpshowtime:2.0:*:*:*:*:*:*:*
CVE-2012-0991,NUCLEI,False,True,"Multiple directory traversal vulnerabilities in OpenEMR 4.1.0 allow remote authenticated users to read arbitrary files via a .. (dot dot) in the formname parameter to (1) contrib/acog/print_form.php; or (2) load_form.php, (3) view_form.php, or (4) trend_form.php in interface/patient_file/encounter.",,,,,,3.5,LOW,AV:N/AC:M/Au:S/C:P/I:N/A:N,6.8,2.9,CWE-22,1,cpe:2.3:a:openemr:openemr:4.1.0:*:*:*:*:*:*:*
CVE-2012-0996,NUCLEI,False,True,Multiple directory traversal vulnerabilities in 11in1 1.2.1 stable 12-31-2011 allow remote attackers to read arbitrary files via a .. (dot dot) in the class parameter to (1) index.php or (2) admin/index.php.,,,,,,5.0,MEDIUM,AV:N/AC:L/Au:N/C:P/I:N/A:N,10.0,2.9,CWE-22,1,cpe:2.3:a:11in1:11in1:1.2.1:stable_12-31-2011:*:*:*:*:*:*
CVE-2012-10018,NUCLEI,False,True,"The Mapplic and Mapplic Lite plugins for WordPress are vulnerable to Server-Side Request Forgery in versions up to, and including 6.1, 1.0 respectively. This makes it possible for attackers to forgery requests coming from a vulnerable site's server and ultimately perform an XSS attack if requesting an SVG file.",8.3,HIGH,CVSS:3.1/AV:N/AC:L/PR:N/UI:N/S:C/C:L/I:L/A:L,3.9,3.7,,,,,,CWE-918,2,cpe:2.3:a:mapplic:mapplic:*:*:*:*:lite:wordpress:*:* | cpe:2.3:a:mapplic:mapplic:*:*:*:*:-:wordpress:*:*
CVE-2012-1226,NUCLEI,False,True,Multiple directory traversal vulnerabilities in Dolibarr CMS 3.2.0 Alpha allow remote attackers to read arbitrary files and possibly execute arbitrary code via a .. (dot dot) in the (1) file parameter to document.php or (2) backtopage parameter in a create action to comm/action/fiche.php.,,,,,,7.5,HIGH,AV:N/AC:L/Au:N/C:P/I:P/A:P,10.0,6.4,CWE-22,1,cpe:2.3:a:dolibarr:dolibarr_erp\/crm:3.2.0:alpha:*:*:*:*:*:*
CVE-2012-1535,CISA,True,False,"Unspecified vulnerability in Adobe Flash Player before 11.3.300.271 on Windows and Mac OS X and before 11.2.202.238 on Linux allows remote attackers to execute arbitrary code or cause a denial of service (application crash) via crafted SWF content, as exploited in the wild in August 2012 with SWF content in a Word document.",7.8,HIGH,CVSS:3.1/AV:L/AC:L/PR:N/UI:R/S:U/C:H/I:H/A:H,1.8,5.9,9.3,HIGH,AV:N/AC:M/Au:N/C:C/I:C/A:C,8.6,10.0,CWE-20 | CWE-94,10,cpe:2.3:a:adobe:flash_player:*:*:*:*:*:*:*:* | cpe:2.3:o:apple:mac_os_x:-:*:*:*:*:*:*:* | cpe:2.3:o:microsoft:windows:-:*:*:*:*:*:*:* | cpe:2.3:o:linux:linux_kernel:-:*:*:*:*:*:*:* | cpe:2.3:o:redhat:enterprise_linux_desktop:5.0:*:*:*:*:*:*:* | cpe:2.3:o:redhat:enterprise_linux_server:5.0:*:*:*:*:*:*:* | cpe:2.3:o:redhat:enterprise_linux_workstation:5.0:*:*:*:*:*:*:* | cpe:2.3:o:opensuse:opensuse:11.4:*:*:*:*:*:*:* | cpe:2.3:o:opensuse:opensuse:12.1:*:*:*:*:*:*:* | cpe:2.3:o:suse:linux_enterprise_desktop:10:sp4:*:*:-:*:*:*
CVE-2012-1710,CISA,True,False,"Unspecified vulnerability in the Oracle WebCenter Forms Recognition component in Oracle Fusion Middleware 10.1.3.5 allows remote attackers to affect confidentiality, integrity, and availability via unknown vectors related to Designer, a different vulnerability than CVE-2012-1709.",9.8,CRITICAL,CVSS:3.1/AV:N/AC:L/PR:N/UI:N/S:U/C:H/I:H/A:H,3.9,5.9,7.5,HIGH,AV:N/AC:L/Au:N/C:P/I:P/A:P,10.0,6.4,NVD-CWE-noinfo,1,cpe:2.3:a:oracle:fusion_middleware:10.1.3.5:*:*:*:*:*:*:*
CVE-2012-1723,CISA,True,False,"Unspecified vulnerability in the Java Runtime Environment (JRE) component in Oracle Java SE 7 update 4 and earlier, 6 update 32 and earlier, 5 update 35 and earlier, and 1.4.2_37 and earlier allows remote attackers to affect confidentiality, integrity, and availability via unknown vectors related to Hotspot.",9.8,CRITICAL,CVSS:3.1/AV:N/AC:L/PR:N/UI:N/S:U/C:H/I:H/A:H,3.9,5.9,10.0,HIGH,AV:N/AC:L/Au:N/C:C/I:C/A:C,10.0,10.0,NVD-CWE-noinfo | CWE-284,135,cpe:2.3:a:oracle:jdk:*:*:*:*:*:*:*:* | cpe:2.3:a:oracle:jdk:1.5.0:-:*:*:*:*:*:* | cpe:2.3:a:oracle:jdk:1.5.0:update1:*:*:*:*:*:* | cpe:2.3:a:oracle:jdk:1.5.0:update10:*:*:*:*:*:* | cpe:2.3:a:oracle:jdk:1.5.0:update11:*:*:*:*:*:* | cpe:2.3:a:oracle:jdk:1.5.0:update12:*:*:*:*:*:* | cpe:2.3:a:oracle:jdk:1.5.0:update13:*:*:*:*:*:* | cpe:2.3:a:oracle:jdk:1.5.0:update14:*:*:*:*:*:* | cpe:2.3:a:oracle:jdk:1.5.0:update15:*:*:*:*:*:* | cpe:2.3:a:oracle:jdk:1.5.0:update16:*:*:*:*:*:*
CVE-2012-1823,CISA + NUCLEI,True,True,"sapi/cgi/cgi_main.c in PHP before 5.3.12 and 5.4.x before 5.4.2, when configured as a CGI script (aka php-cgi), does not properly handle query strings that lack an = (equals sign) character, which allows remote attackers to execute arbitrary code by placing command-line options in the query string, related to lack of skipping a certain php_getopt for the 'd' case.",9.8,CRITICAL,CVSS:3.1/AV:N/AC:L/PR:N/UI:N/S:U/C:H/I:H/A:H,3.9,5.9,7.5,HIGH,AV:N/AC:L/Au:N/C:P/I:P/A:P,10.0,6.4,CWE-77,28,cpe:2.3:a:php:php:*:*:*:*:*:*:*:* | cpe:2.3:o:fedoraproject:fedora:39:*:*:*:*:*:*:* | cpe:2.3:o:fedoraproject:fedora:40:*:*:*:*:*:*:* | cpe:2.3:o:debian:debian_linux:6.0:*:*:*:*:*:*:* | cpe:2.3:o:hp:hp-ux:b.11.23:*:*:*:*:*:*:* | cpe:2.3:o:hp:hp-ux:b.11.31:*:*:*:*:*:*:* | cpe:2.3:o:opensuse:opensuse:11.4:*:*:*:*:*:*:* | cpe:2.3:o:opensuse:opensuse:12.1:*:*:*:*:*:*:* | cpe:2.3:o:suse:linux_enterprise_server:10:sp4:*:*:-:*:*:* | cpe:2.3:o:suse:linux_enterprise_server:11:sp2:*:*:*:-:*:*
CVE-2012-1835,NUCLEI,False,True,"Multiple cross-site scripting (XSS) vulnerabilities in the All-in-One Event Calendar plugin 1.4 and 1.5 for WordPress allow remote attackers to inject arbitrary web script or HTML via the (1) title parameter to app/view/agenda-widget-form.php; (2) args, (3) title, (4) before_title, or (5) after_title parameter to app/view/agenda-widget.php; (6) button_value parameter to app/view/box_publish_button.php; or (7) msg parameter to /app/view/save_successful.php.",,,,,,4.3,MEDIUM,AV:N/AC:M/Au:N/C:N/I:P/A:N,8.6,2.9,CWE-79,3,cpe:2.3:a:timely:all-in-one_event_calendar:1.4:*:*:*:*:*:*:* | cpe:2.3:a:timely:all-in-one_event_calendar:1.5:*:*:*:*:*:*:* | cpe:2.3:a:wordpress:wordpress:-:*:*:*:*:*:*:*
CVE-2012-1854,CISA,True,False,"Untrusted search path vulnerability in VBE6.dll in Microsoft Office 2003 SP3, 2007 SP2 and SP3, and 2010 Gold and SP1; Microsoft Visual Basic for Applications (VBA); and Summit Microsoft Visual Basic for Applications SDK allows local users to gain privileges via a Trojan horse DLL in the current working directory, as demonstrated by a directory that contains a .docx file, aka ""Visual Basic for Applications Insecure Library Loading Vulnerability,"" as exploited in the wild in July 2012.",7.8,HIGH,CVSS:3.1/AV:L/AC:L/PR:N/UI:R/S:U/C:H/I:H/A:H,1.8,5.9,6.9,MEDIUM,AV:L/AC:M/Au:N/C:C/I:C/A:C,3.4,10.0,NVD-CWE-Other | CWE-426,9,cpe:2.3:a:microsoft:office:2003:sp3:*:*:*:*:*:* | cpe:2.3:a:microsoft:office:2007:sp2:*:*:*:*:*:* | cpe:2.3:a:microsoft:office:2007:sp3:*:*:*:*:*:* | cpe:2.3:a:microsoft:office:2010:-:*:*:*:*:x64:* | cpe:2.3:a:microsoft:office:2010:-:*:*:*:*:x86:* | cpe:2.3:a:microsoft:office:2010:sp1:*:*:*:*:x64:* | cpe:2.3:a:microsoft:office:2010:sp1:*:*:*:*:x86:* | cpe:2.3:a:microsoft:visual_basic_for_applications:*:*:*:*:*:*:*:* | cpe:2.3:a:microsoft:visual_basic_for_applications_sdk:*:*:*:*:*:*:*:*
CVE-2012-1856,CISA,True,False,"The TabStrip ActiveX control in the Common Controls in MSCOMCTL.OCX in Microsoft Office 2003 SP3, Office 2003 Web Components SP3, Office 2007 SP2 and SP3, Office 2010 SP1, SQL Server 2000 SP4, SQL Server 2005 SP4, SQL Server 2008 SP2, SP3, R2, R2 SP1, and R2 SP2, Commerce Server 2002 SP4, Commerce Server 2007 SP2, Commerce Server 2009 Gold and R2, Host Integration Server 2004 SP1, Visual FoxPro 8.0 SP1, Visual FoxPro 9.0 SP2, and Visual Basic 6.0 Runtime allows remote attackers to execute arbitrary code via a crafted (1) document or (2) web page that triggers system-state corruption, aka ""MSCOMCTL.OCX RCE Vulnerability.""",8.8,HIGH,CVSS:3.1/AV:N/AC:L/PR:N/UI:R/S:U/C:H/I:H/A:H,2.8,5.9,9.3,HIGH,AV:N/AC:M/Au:N/C:C/I:C/A:C,8.6,10.0,NVD-CWE-noinfo,21,cpe:2.3:a:microsoft:commerce_server:2002:sp4:*:*:*:*:*:* | cpe:2.3:a:microsoft:commerce_server:2007:sp2:*:*:*:*:*:* | cpe:2.3:a:microsoft:commerce_server:2009:*:*:*:*:*:*:* | cpe:2.3:a:microsoft:commerce_server:2009:r2:*:*:*:*:*:* | cpe:2.3:a:microsoft:host_integration_server:2004:sp1:*:*:*:*:*:* | cpe:2.3:a:microsoft:office:2003:sp3:*:*:*:*:*:* | cpe:2.3:a:microsoft:office:2007:sp2:*:*:*:*:*:* | cpe:2.3:a:microsoft:office:2007:sp3:*:*:*:*:*:* | cpe:2.3:a:microsoft:office:2010:sp1:x86:*:*:*:*:* | cpe:2.3:a:microsoft:office_web_components:2003:sp3:*:*:*:*:*:*
CVE-2012-1889,CISA,True,False,"Microsoft XML Core Services 3.0, 4.0, 5.0, and 6.0 accesses uninitialized memory locations, which allows remote attackers to execute arbitrary code or cause a denial of service (memory corruption) via a crafted web site.",8.8,HIGH,CVSS:3.1/AV:N/AC:L/PR:N/UI:R/S:U/C:H/I:H/A:H,2.8,5.9,9.3,HIGH,AV:N/AC:M/Au:N/C:C/I:C/A:C,8.6,10.0,CWE-787,29,cpe:2.3:a:microsoft:xml_core_services:3.0:*:*:*:*:*:*:* | cpe:2.3:a:microsoft:xml_core_services:4.0:*:*:*:*:*:*:* | cpe:2.3:a:microsoft:xml_core_services:6.0:*:*:*:*:*:*:* | cpe:2.3:o:microsoft:windows_7:-:*:*:*:*:*:*:* | cpe:2.3:o:microsoft:windows_7:-:sp1:*:*:*:*:*:* | cpe:2.3:o:microsoft:windows_8:-:*:*:*:*:*:*:* | cpe:2.3:o:microsoft:windows_server_2003:-:*:*:*:*:*:*:* | cpe:2.3:o:microsoft:windows_server_2003:-:sp2:*:*:*:*:*:* | cpe:2.3:o:microsoft:windows_server_2008:-:sp2:*:*:*:*:*:* | cpe:2.3:o:microsoft:windows_server_2008:r2:*:*:*:*:*:x64:*
CVE-2012-2034,CISA,True,False,"Adobe Flash Player before 10.3.183.20 and 11.x before 11.3.300.257 on Windows and Mac OS X; before 10.3.183.20 and 11.x before 11.2.202.236 on Linux; before 11.1.111.10 on Android 2.x and 3.x; and before 11.1.115.9 on Android 4.x, and Adobe AIR before 3.3.0.3610, allows attackers to execute arbitrary code or cause a denial of service (memory corruption) via unspecified vectors, a different vulnerability than CVE-2012-2037.",7.5,HIGH,CVSS:3.1/AV:N/AC:H/PR:N/UI:R/S:U/C:H/I:H/A:H,1.6,5.9,9.3,HIGH,AV:N/AC:M/Au:N/C:C/I:C/A:C,8.6,10.0,CWE-119,20,cpe:2.3:a:adobe:flash_player:*:*:*:*:*:*:*:* | cpe:2.3:o:apple:macos:-:*:*:*:*:*:*:* | cpe:2.3:o:linux:linux_kernel:-:*:*:*:*:*:*:* | cpe:2.3:o:microsoft:windows:-:*:*:*:*:*:*:* | cpe:2.3:o:google:android:*:*:*:*:*:*:*:* | cpe:2.3:a:adobe:air:*:*:*:*:*:*:*:* | cpe:2.3:o:google:android:-:*:*:*:*:*:*:* | cpe:2.3:o:opensuse:opensuse:11.4:*:*:*:*:*:*:* | cpe:2.3:o:opensuse:opensuse:12.1:*:*:*:*:*:*:* | cpe:2.3:o:suse:linux_enterprise_desktop:10:sp4:*:*:*:*:*:*
CVE-2012-2122,NUCLEI,False,True,"sql/password.c in Oracle MySQL 5.1.x before 5.1.63, 5.5.x before 5.5.24, and 5.6.x before 5.6.6, and MariaDB 5.1.x before 5.1.62, 5.2.x before 5.2.12, 5.3.x before 5.3.6, and 5.5.x before 5.5.23, when running in certain environments with certain implementations of the memcmp function, allows remote attackers to bypass authentication by repeatedly authenticating with the same incorrect password, which eventually causes a token comparison to succeed due to an improperly-checked return value.",,,,,,5.1,MEDIUM,AV:N/AC:H/Au:N/C:P/I:P/A:P,4.9,6.4,CWE-287,61,cpe:2.3:a:oracle:mysql:5.1.51:*:*:*:*:*:*:* | cpe:2.3:a:oracle:mysql:5.1.52:*:*:*:*:*:*:* | cpe:2.3:a:oracle:mysql:5.1.52:sp1:*:*:*:*:*:* | cpe:2.3:a:oracle:mysql:5.1.53:*:*:*:*:*:*:* | cpe:2.3:a:oracle:mysql:5.1.54:*:*:*:*:*:*:* | cpe:2.3:a:oracle:mysql:5.1.55:*:*:*:*:*:*:* | cpe:2.3:a:oracle:mysql:5.1.56:*:*:*:*:*:*:* | cpe:2.3:a:oracle:mysql:5.1.57:*:*:*:*:*:*:* | cpe:2.3:a:oracle:mysql:5.1.58:*:*:*:*:*:*:* | cpe:2.3:a:oracle:mysql:5.1.59:*:*:*:*:*:*:*
CVE-2012-2371,NUCLEI,False,True,Cross-site scripting (XSS) vulnerability in index.php in the WP-FaceThumb plugin 0.1 for WordPress allows remote attackers to inject arbitrary web script or HTML via the pagination_wp_facethumb parameter.,,,,,,4.3,MEDIUM,AV:N/AC:M/Au:N/C:N/I:P/A:N,8.6,2.9,CWE-79,2,cpe:2.3:a:mnt-tech:wp-facethumb:0.1:*:*:*:*:*:*:* | cpe:2.3:a:wordpress:wordpress:-:*:*:*:*:*:*:*
CVE-2012-2539,CISA,True,False,"Microsoft Word 2003 SP3, 2007 SP2 and SP3, and 2010 SP1; Word Viewer; Office Compatibility Pack SP2 and SP3; and Office Web Apps 2010 SP1 allow remote attackers to execute arbitrary code or cause a denial of service (memory corruption) via crafted RTF data, aka ""Word RTF 'listoverridecount' Remote Code Execution Vulnerability.""",7.8,HIGH,CVSS:3.1/AV:L/AC:L/PR:N/UI:R/S:U/C:H/I:H/A:H,1.8,5.9,9.3,HIGH,AV:N/AC:M/Au:N/C:C/I:C/A:C,8.6,10.0,CWE-787,9,cpe:2.3:a:microsoft:office_compatibility_pack:-:sp2:*:*:*:*:*:* | cpe:2.3:a:microsoft:office_compatibility_pack:-:sp3:*:*:*:*:*:* | cpe:2.3:a:microsoft:office_web_apps:2010:sp1:*:*:*:*:*:* | cpe:2.3:a:microsoft:office_word_viewer:-:*:*:*:*:*:*:* | cpe:2.3:a:microsoft:sharepoint_server:2010:*:*:*:*:*:*:* | cpe:2.3:a:microsoft:word:2003:sp3:*:*:*:*:*:* | cpe:2.3:a:microsoft:word:2007:sp2:*:*:*:*:*:* | cpe:2.3:a:microsoft:word:2007:sp3:*:*:*:*:*:* | cpe:2.3:a:microsoft:word:2010:sp1:*:*:*:*:*:*
CVE-2012-3152,CISA,True,False,"Unspecified vulnerability in the Oracle Reports Developer component in Oracle Fusion Middleware 11.1.1.4, 11.1.1.6, and 11.1.2.0 allows remote attackers to affect confidentiality and integrity via unknown vectors related to Report Server Component.  NOTE: the previous information is from the October 2012 CPU. Oracle has not commented on claims from the original researcher that the URLPARAMETER functionality allows remote attackers to read and upload arbitrary files to reports/rwservlet, and that this issue occurs in earlier versions.  NOTE: this can be leveraged with CVE-2012-3153 to execute arbitrary code by uploading a .jsp file.",9.1,CRITICAL,CVSS:3.1/AV:N/AC:L/PR:N/UI:N/S:U/C:H/I:H/A:N,3.9,5.2,6.4,MEDIUM,AV:N/AC:L/Au:N/C:P/I:P/A:N,10.0,4.9,NVD-CWE-noinfo,3,cpe:2.3:a:oracle:fusion_middleware:11.1.1.4.0:*:*:*:*:*:*:* | cpe:2.3:a:oracle:fusion_middleware:11.1.1.6.0:*:*:*:*:*:*:* | cpe:2.3:a:oracle:fusion_middleware:11.1.2.0:*:*:*:*:*:*:*
CVE-2012-3153,NUCLEI,False,True,"Unspecified vulnerability in the Oracle Reports Developer component in Oracle Fusion Middleware 11.1.1.4, 11.1.1.6, and 11.1.2.0 allows remote attackers to affect confidentiality and integrity via unknown vectors related to Servlet.  NOTE: the previous information is from the October 2012 CPU. Oracle has not commented on claims from the original researcher that the PARSEQUERY function allows remote attackers to obtain database credentials via reports/rwservlet/parsequery, and that this issue occurs in earlier versions.  NOTE: this can be leveraged with CVE-2012-3152 to execute arbitrary code by uploading a .jsp file.",,,,,,6.4,MEDIUM,AV:N/AC:L/Au:N/C:P/I:P/A:N,10.0,4.9,NVD-CWE-noinfo,3,cpe:2.3:a:oracle:fusion_middleware:11.1.1.4.0:*:*:*:*:*:*:* | cpe:2.3:a:oracle:fusion_middleware:11.1.1.6.0:*:*:*:*:*:*:* | cpe:2.3:a:oracle:fusion_middleware:11.1.2.0:*:*:*:*:*:*:*
CVE-2012-4032,NUCLEI,False,True,Open redirect vulnerability in the login page in WebsitePanel before 1.2.2.1 allows remote attackers to redirect users to arbitrary web sites and conduct phishing attacks via a URL in ReturnUrl to Default.aspx.,,,,,,5.8,MEDIUM,AV:N/AC:M/Au:N/C:P/I:P/A:N,8.6,4.9,CWE-20,7,cpe:2.3:a:websitepanel:websitepanel:*:*:*:*:*:*:*:* | cpe:2.3:a:websitepanel:websitepanel:1.0.0:*:*:*:*:*:*:* | cpe:2.3:a:websitepanel:websitepanel:1.0.1:*:*:*:*:*:*:* | cpe:2.3:a:websitepanel:websitepanel:1.0.2:*:*:*:*:*:*:* | cpe:2.3:a:websitepanel:websitepanel:1.1.0:*:*:*:*:*:*:* | cpe:2.3:a:websitepanel:websitepanel:1.1.2:*:*:*:*:*:*:* | cpe:2.3:a:websitepanel:websitepanel:1.2.0:*:*:*:*:*:*:*
CVE-2012-4242,NUCLEI,False,True,Cross-site scripting (XSS) vulnerability in the MF Gig Calendar plugin 0.9.2 for WordPress allows remote attackers to inject arbitrary web script or HTML via the query string to the calendar page.,,,,,,4.3,MEDIUM,AV:N/AC:M/Au:N/C:N/I:P/A:N,8.6,2.9,CWE-79,2,cpe:2.3:a:mf_gig_calendar_project:mf_gig_calendar:0.9.2:*:*:*:*:*:*:* | cpe:2.3:a:wordpress:wordpress:-:*:*:*:*:*:*:*
CVE-2012-4253,NUCLEI,False,True,"Multiple directory traversal vulnerabilities in MySQLDumper 1.24.4 allow remote attackers to read arbitrary files via a .. (dot dot) in the (1) language parameter to learn/cubemail/install.php or (2) f parameter learn/cubemail/filemanagement.php, or execute arbitrary local files via a .. (dot dot) in the (3) config parameter to learn/cubemail/menu.php.",,,,,,4.3,MEDIUM,AV:N/AC:M/Au:N/C:P/I:N/A:N,8.6,2.9,CWE-22,1,cpe:2.3:a:mysqldumper:mysqldumper:1.24.4:*:*:*:*:*:*:*
CVE-2012-4273,NUCLEI,False,True,Cross-site scripting (XSS) vulnerability in libs/xing.php in the 2 Click Social Media Buttons plugin before 0.34 for WordPress allows remote attackers to inject arbitrary web script or HTML via the xing-url parameter.,,,,,,4.3,MEDIUM,AV:N/AC:M/Au:N/C:N/I:P/A:N,8.6,2.9,CWE-79,39,cpe:2.3:a:ppfeufer:2-click-social-media-buttons:*:*:*:*:*:*:*:* | cpe:2.3:a:ppfeufer:2-click-social-media-buttons:0.1:-:*:*:*:*:*:* | cpe:2.3:a:ppfeufer:2-click-social-media-buttons:0.2:*:*:*:*:*:*:* | cpe:2.3:a:ppfeufer:2-click-social-media-buttons:0.3:*:*:*:*:*:*:* | cpe:2.3:a:ppfeufer:2-click-social-media-buttons:0.10:*:*:*:*:*:*:* | cpe:2.3:a:ppfeufer:2-click-social-media-buttons:0.11:*:*:*:*:*:*:* | cpe:2.3:a:ppfeufer:2-click-social-media-buttons:0.11:r1:*:*:*:*:*:* | cpe:2.3:a:ppfeufer:2-click-social-media-buttons:0.11:r2:*:*:*:*:*:* | cpe:2.3:a:ppfeufer:2-click-social-media-buttons:0.12:*:*:*:*:*:*:* | cpe:2.3:a:ppfeufer:2-click-social-media-buttons:0.13:*:*:*:*:*:*:*
CVE-2012-4547,NUCLEI,False,True,Unspecified vulnerability in awredir.pl in AWStats before 7.1 has unknown impact and attack vectors.,,,,,,4.3,MEDIUM,AV:N/AC:M/Au:N/C:N/I:P/A:N,8.6,2.9,CWE-79,31,cpe:2.3:a:laurent_destailleur:awstats:*:*:*:*:*:*:*:* | cpe:2.3:a:laurent_destailleur:awstats:1.0:*:*:*:*:*:*:* | cpe:2.3:a:laurent_destailleur:awstats:2.1:*:*:*:*:*:*:* | cpe:2.3:a:laurent_destailleur:awstats:2.23:*:*:*:*:*:*:* | cpe:2.3:a:laurent_destailleur:awstats:2.24:*:*:*:*:*:*:* | cpe:2.3:a:laurent_destailleur:awstats:3.0:*:*:*:*:*:*:* | cpe:2.3:a:laurent_destailleur:awstats:3.1:*:*:*:*:*:*:* | cpe:2.3:a:laurent_destailleur:awstats:3.2:*:*:*:*:*:*:* | cpe:2.3:a:laurent_destailleur:awstats:4.0:*:*:*:*:*:*:* | cpe:2.3:a:laurent_destailleur:awstats:4.1:*:*:*:*:*:*:*
CVE-2012-4681,CISA,True,False,"Multiple vulnerabilities in the Java Runtime Environment (JRE) component in Oracle Java SE 7 Update 6 and earlier allow remote attackers to execute arbitrary code via a crafted applet that bypasses SecurityManager restrictions by (1) using com.sun.beans.finder.ClassFinder.findClass and leveraging an exception with the forName method to access restricted classes from arbitrary packages such as sun.awt.SunToolkit, then (2) using ""reflection with a trusted immediate caller"" to leverage the getField method to access and modify private fields, as exploited in the wild in August 2012 using Gondzz.class and Gondvv.class.",9.8,CRITICAL,CVSS:3.1/AV:N/AC:L/PR:N/UI:N/S:U/C:H/I:H/A:H,3.9,5.9,10.0,HIGH,AV:N/AC:L/Au:N/C:C/I:C/A:C,10.0,10.0,NVD-CWE-Other | CWE-284,85,cpe:2.3:a:oracle:jdk:1.6.0:-:*:*:*:*:*:* | cpe:2.3:a:oracle:jdk:1.6.0:update1:*:*:*:*:*:* | cpe:2.3:a:oracle:jdk:1.6.0:update10:*:*:*:*:*:* | cpe:2.3:a:oracle:jdk:1.6.0:update11:*:*:*:*:*:* | cpe:2.3:a:oracle:jdk:1.6.0:update12:*:*:*:*:*:* | cpe:2.3:a:oracle:jdk:1.6.0:update13:*:*:*:*:*:* | cpe:2.3:a:oracle:jdk:1.6.0:update14:*:*:*:*:*:* | cpe:2.3:a:oracle:jdk:1.6.0:update15:*:*:*:*:*:* | cpe:2.3:a:oracle:jdk:1.6.0:update16:*:*:*:*:*:* | cpe:2.3:a:oracle:jdk:1.6.0:update17:*:*:*:*:*:*
CVE-2012-4768,NUCLEI,False,True,Cross-site scripting (XSS) vulnerability in the Download Monitor plugin before 3.3.5.9 for WordPress allows remote attackers to inject arbitrary web script or HTML via the dlsearch parameter to the default URI.,,,,,,4.3,MEDIUM,AV:N/AC:M/Au:N/C:N/I:P/A:N,8.6,2.9,CWE-79,1,cpe:2.3:a:mikejolley:download_monitor:3.3.5.7:*:*:*:*:wordpress:*:*
CVE-2012-4792,CISA,True,False,"Use-after-free vulnerability in Microsoft Internet Explorer 6 through 8 allows remote attackers to execute arbitrary code via a crafted web site that triggers access to an object that (1) was not properly allocated or (2) is deleted, as demonstrated by a CDwnBindInfo object, and exploited in the wild in December 2012.",8.8,HIGH,CVSS:3.1/AV:N/AC:L/PR:N/UI:R/S:U/C:H/I:H/A:H,2.8,5.9,9.3,HIGH,AV:N/AC:M/Au:N/C:C/I:C/A:C,8.6,10.0,CWE-416,16,cpe:2.3:a:microsoft:internet_explorer:6:*:*:*:*:*:*:* | cpe:2.3:o:microsoft:windows_server_2003:-:sp2:*:*:*:*:*:* | cpe:2.3:o:microsoft:windows_xp:-:sp2:*:*:*:*:x64:* | cpe:2.3:o:microsoft:windows_xp:-:sp3:*:*:*:*:*:* | cpe:2.3:a:microsoft:internet_explorer:7:*:*:*:*:*:*:* | cpe:2.3:o:microsoft:windows_server_2008:-:sp2:*:*:*:*:itanium:* | cpe:2.3:o:microsoft:windows_server_2008:-:sp2:*:*:*:*:x64:* | cpe:2.3:o:microsoft:windows_server_2008:-:sp2:*:*:*:*:x86:* | cpe:2.3:o:microsoft:windows_vista:-:sp2:*:*:*:*:*:* | cpe:2.3:a:microsoft:internet_explorer:8:*:*:*:*:*:*:*
CVE-2012-4878,NUCLEI,False,True,Absolute path traversal vulnerability in controlcenter.php in FlatnuX CMS 2011 08.09.2 allows remote administrators to read arbitrary files via a full pathname in the dir parameter in a contents/Files action.,,,,,,5.0,MEDIUM,AV:N/AC:L/Au:N/C:P/I:N/A:N,10.0,2.9,CWE-22,1,cpe:2.3:a:flatnux:flatnux:2011-08-09-2:*:*:*:*:*:*:*
CVE-2012-4889,NUCLEI,False,True,"Multiple cross-site scripting (XSS) vulnerabilities in ManageEngine Firewall Analyzer 7.2 allow remote attackers to inject arbitrary web script or HTML via the (1) subTab or (2) tab parameter to createAnomaly.do; (3) url, (4) subTab, or (5) tab parameter to mindex.do; (6) tab parameter to index2.do; or (7) port parameter to syslogViewer.do.",,,,,,4.3,MEDIUM,AV:N/AC:M/Au:N/C:N/I:P/A:N,8.6,2.9,CWE-79,1,cpe:2.3:a:manageengine:firewall_analyzer:7.2:*:*:*:*:*:*:*
CVE-2012-4940,NUCLEI,False,True,"Multiple directory traversal vulnerabilities in the View Log Files component in Axigen Free Mail Server allow remote attackers to read or delete arbitrary files via a .. (dot dot) in (1) the fileName parameter in a download action to source/loggin/page_log_dwn_file.hsp, or the fileName parameter in (2) an edit action or (3) a delete action to the default URI.",,,,,,6.4,MEDIUM,AV:N/AC:L/Au:N/C:P/I:P/A:N,10.0,4.9,CWE-22,1,cpe:2.3:a:gecad:axigen_free_mail_server:-:*:*:*:*:*:*:*
CVE-2012-4969,CISA,True,False,"Use-after-free vulnerability in the CMshtmlEd::Exec function in mshtml.dll in Microsoft Internet Explorer 6 through 9 allows remote attackers to execute arbitrary code via a crafted web site, as exploited in the wild in September 2012.",8.1,HIGH,CVSS:3.1/AV:N/AC:H/PR:N/UI:N/S:U/C:H/I:H/A:H,2.2,5.9,9.3,HIGH,AV:N/AC:M/Au:N/C:C/I:C/A:C,8.6,10.0,CWE-416,24,cpe:2.3:a:microsoft:internet_explorer:6:*:*:*:*:*:*:* | cpe:2.3:o:microsoft:windows_server_2003:-:sp2:*:*:*:*:*:* | cpe:2.3:o:microsoft:windows_server_2003:-:sp2:*:*:*:*:itanium:* | cpe:2.3:o:microsoft:windows_server_2003:-:sp2:*:*:*:*:x64:* | cpe:2.3:o:microsoft:windows_xp:-:sp2:*:*:professional:*:x64:* | cpe:2.3:o:microsoft:windows_xp:-:sp3:*:*:*:*:*:* | cpe:2.3:a:microsoft:internet_explorer:7:*:*:*:*:*:*:* | cpe:2.3:o:microsoft:windows_server_2008:-:sp2:*:*:*:*:*:* | cpe:2.3:o:microsoft:windows_server_2008:-:sp2:*:*:*:*:itanium:* | cpe:2.3:o:microsoft:windows_server_2008:-:sp2:*:*:*:*:x64:*
CVE-2012-4982,NUCLEI,False,True,Open redirect vulnerability in assets/login on the Forescout CounterACT NAC device before 7.0 allows remote attackers to redirect users to arbitrary web sites and conduct phishing attacks via a URL in the a parameter.,,,,,,5.8,MEDIUM,AV:N/AC:M/Au:N/C:P/I:P/A:N,8.6,4.9,CWE-20,1,cpe:2.3:a:forescout:counteract:6.3.4.10:*:*:*:*:*:*:*
CVE-2012-5054,CISA,True,False,Integer overflow in the copyRawDataTo method in the Matrix3D class in Adobe Flash Player before 11.4.402.265 allows remote attackers to execute arbitrary code via malformed arguments.,8.8,HIGH,CVSS:3.1/AV:N/AC:L/PR:N/UI:R/S:U/C:H/I:H/A:H,2.8,5.9,9.3,HIGH,AV:N/AC:M/Au:N/C:C/I:C/A:C,8.6,10.0,CWE-190,1,cpe:2.3:a:adobe:flash_player:*:*:*:*:*:*:*:*
CVE-2012-5076,CISA,True,False,"Unspecified vulnerability in the Java Runtime Environment (JRE) component in Oracle Java SE 7 Update 7 and earlier allows remote attackers to affect confidentiality, integrity, and availability, related to JAX-WS.",9.8,CRITICAL,CVSS:3.1/AV:N/AC:L/PR:N/UI:N/S:U/C:H/I:H/A:H,3.9,5.9,10.0,HIGH,AV:N/AC:L/Au:N/C:C/I:C/A:C,10.0,10.0,NVD-CWE-Other | CWE-284,9,cpe:2.3:a:oracle:jre:1.7.0:-:*:*:*:*:*:* | cpe:2.3:a:oracle:jre:1.7.0:update1:*:*:*:*:*:* | cpe:2.3:a:oracle:jre:1.7.0:update2:*:*:*:*:*:* | cpe:2.3:a:oracle:jre:1.7.0:update3:*:*:*:*:*:* | cpe:2.3:a:oracle:jre:1.7.0:update4:*:*:*:*:*:* | cpe:2.3:a:oracle:jre:1.7.0:update5:*:*:*:*:*:* | cpe:2.3:a:oracle:jre:1.7.0:update6:*:*:*:*:*:* | cpe:2.3:a:oracle:jre:1.7.0:update7:*:*:*:*:*:* | cpe:2.3:o:suse:linux_enterprise_desktop:11:sp2:*:*:*:*:*:*
CVE-2012-5321,NUCLEI,False,True,"tiki-featured_link.php in TikiWiki CMS/Groupware 8.3 allows remote attackers to load arbitrary web site pages into frames and conduct phishing attacks via the url parameter, aka ""frame injection.""",,,,,,5.8,MEDIUM,AV:N/AC:M/Au:N/C:P/I:P/A:N,8.6,4.9,CWE-20,1,cpe:2.3:a:tiki:tikiwiki_cms\/groupware:8.3:*:*:*:*:*:*:*
CVE-2012-5913,NUCLEI,False,True,Cross-site scripting (XSS) vulnerability in wp-integrator.php in the WordPress Integrator module 1.32 for WordPress allows remote attackers to inject arbitrary web script or HTML via the redirect_to parameter to wp-login.php.,,,,,,4.3,MEDIUM,AV:N/AC:M/Au:N/C:N/I:P/A:N,8.6,2.9,CWE-79,2,cpe:2.3:a:wordpress_integrator_project:wordpress_integrator:1.32:*:*:*:*:*:*:* | cpe:2.3:a:wordpress:wordpress:-:*:*:*:*:*:*:*
CVE-2012-6499,NUCLEI,False,True,Open redirect vulnerability in age-verification.php in the Age Verification plugin 0.4 and earlier for WordPress allows remote attackers to redirect users to arbitrary web sites and conduct phishing attacks via a URL in the redirect_to parameter.,,,,,,5.8,MEDIUM,AV:N/AC:M/Au:N/C:P/I:P/A:N,8.6,4.9,CWE-20,2,cpe:2.3:a:age_verification_project:age_verification:*:*:*:*:*:*:*:* | cpe:2.3:a:wordpress:wordpress:-:*:*:*:*:*:*:*
CVE-2013-0074,CISA,True,False,"Microsoft Silverlight 5, and 5 Developer Runtime, before 5.1.20125.0 does not properly validate pointers during HTML object rendering, which allows remote attackers to execute arbitrary code via a crafted Silverlight application, aka ""Silverlight Double Dereference Vulnerability.""",7.8,HIGH,CVSS:3.1/AV:L/AC:L/PR:N/UI:R/S:U/C:H/I:H/A:H,1.8,5.9,9.3,HIGH,AV:N/AC:M/Au:N/C:C/I:C/A:C,8.6,10.0,NVD-CWE-noinfo,1,cpe:2.3:a:microsoft:silverlight:*:*:*:*:*:*:*:*
CVE-2013-0422,CISA,True,False,"Multiple vulnerabilities in Oracle Java 7 before Update 11 allow remote attackers to execute arbitrary code by (1) using the public getMBeanInstantiator method in the JmxMBeanServer class to obtain a reference to a private MBeanInstantiator object, then retrieving arbitrary Class references using the findClass method, and (2) using the Reflection API with recursion in a way that bypasses a security check by the java.lang.invoke.MethodHandles.Lookup.checkSecurityManager method due to the inability of the sun.reflect.Reflection.getCallerClass method to skip frames related to the new reflection API, as exploited in the wild in January 2013, as demonstrated by Blackhole and Nuclear Pack, and a different vulnerability than CVE-2012-4681 and CVE-2012-3174. NOTE: some parties have mapped the recursive Reflection API issue to CVE-2012-3174, but CVE-2012-3174 is for a different vulnerability whose details are not public as of 20130114.  CVE-2013-0422 covers both the JMX/MBean and Reflection API issues.  NOTE: it was originally reported that Java 6 was also vulnerable, but the reporter has retracted this claim, stating that Java 6 is not exploitable because the relevant code is called in a way that does not bypass security checks.  NOTE: as of 20130114, a reliable third party has claimed that the findClass/MBeanInstantiator vector was not fixed in Oracle Java 7 Update 11.  If there is still a vulnerable condition, then a separate CVE identifier might be created for the unfixed issue.",9.8,CRITICAL,CVSS:3.1/AV:N/AC:L/PR:N/UI:N/S:U/C:H/I:H/A:H,3.9,5.9,10.0,HIGH,AV:N/AC:L/Au:N/C:C/I:C/A:C,10.0,10.0,NVD-CWE-Other | CWE-284,22,cpe:2.3:a:oracle:jdk:1.7.0:-:*:*:*:*:*:* | cpe:2.3:a:oracle:jdk:1.7.0:update1:*:*:*:*:*:* | cpe:2.3:a:oracle:jdk:1.7.0:update10:*:*:*:*:*:* | cpe:2.3:a:oracle:jdk:1.7.0:update2:*:*:*:*:*:* | cpe:2.3:a:oracle:jdk:1.7.0:update3:*:*:*:*:*:* | cpe:2.3:a:oracle:jdk:1.7.0:update4:*:*:*:*:*:* | cpe:2.3:a:oracle:jdk:1.7.0:update5:*:*:*:*:*:* | cpe:2.3:a:oracle:jdk:1.7.0:update6:*:*:*:*:*:* | cpe:2.3:a:oracle:jdk:1.7.0:update7:*:*:*:*:*:* | cpe:2.3:a:oracle:jdk:1.7.0:update9:*:*:*:*:*:*
CVE-2013-0431,CISA,True,False,"Unspecified vulnerability in the Java Runtime Environment (JRE) component in Oracle Java SE 7 through Update 11, and OpenJDK 7, allows user-assisted remote attackers to bypass the Java security sandbox via unspecified vectors related to JMX, aka ""Issue 52,"" a different vulnerability than CVE-2013-1490.",5.3,MEDIUM,CVSS:3.1/AV:N/AC:L/PR:N/UI:N/S:U/C:L/I:N/A:N,3.9,1.4,5.0,MEDIUM,AV:N/AC:L/Au:N/C:N/I:P/A:N,10.0,2.9,NVD-CWE-Other | CWE-693,12,cpe:2.3:a:oracle:jre:1.7.0:-:*:*:*:*:*:* | cpe:2.3:a:oracle:jre:1.7.0:update1:*:*:*:*:*:* | cpe:2.3:a:oracle:jre:1.7.0:update10:*:*:*:*:*:* | cpe:2.3:a:oracle:jre:1.7.0:update11:*:*:*:*:*:* | cpe:2.3:a:oracle:jre:1.7.0:update2:*:*:*:*:*:* | cpe:2.3:a:oracle:jre:1.7.0:update3:*:*:*:*:*:* | cpe:2.3:a:oracle:jre:1.7.0:update4:*:*:*:*:*:* | cpe:2.3:a:oracle:jre:1.7.0:update5:*:*:*:*:*:* | cpe:2.3:a:oracle:jre:1.7.0:update6:*:*:*:*:*:* | cpe:2.3:a:oracle:jre:1.7.0:update7:*:*:*:*:*:*
CVE-2013-0625,CISA,True,False,"Adobe ColdFusion 9.0, 9.0.1, and 9.0.2, when a password is not configured, allows remote attackers to bypass authentication and possibly execute arbitrary code via unspecified vectors, as exploited in the wild in January 2013.",9.8,CRITICAL,CVSS:3.1/AV:N/AC:L/PR:N/UI:N/S:U/C:H/I:H/A:H,3.9,5.9,6.8,MEDIUM,AV:N/AC:M/Au:N/C:P/I:P/A:P,8.6,6.4,CWE-287,6,cpe:2.3:a:adobe:coldfusion:9.0:*:*:*:*:*:*:* | cpe:2.3:a:adobe:coldfusion:9.0.1:*:*:*:*:*:*:* | cpe:2.3:a:adobe:coldfusion:9.0.2:*:*:*:*:*:*:* | cpe:2.3:o:apple:mac_os_x:-:*:*:*:*:*:*:* | cpe:2.3:o:microsoft:windows:-:*:*:*:*:*:*:* | cpe:2.3:o:opengroup:unix:-:*:*:*:*:*:*:*
CVE-2013-0629,CISA,True,False,"Adobe ColdFusion 9.0, 9.0.1, 9.0.2, and 10, when a password is not configured, allows attackers to access restricted directories via unspecified vectors, as exploited in the wild in January 2013.",7.5,HIGH,CVSS:3.1/AV:N/AC:L/PR:N/UI:N/S:U/C:H/I:N/A:N,3.9,3.6,4.3,MEDIUM,AV:N/AC:M/Au:N/C:P/I:N/A:N,8.6,2.9,NVD-CWE-noinfo,7,cpe:2.3:a:adobe:coldfusion:9.0:*:*:*:*:*:*:* | cpe:2.3:a:adobe:coldfusion:9.0.1:*:*:*:*:*:*:* | cpe:2.3:a:adobe:coldfusion:9.0.2:*:*:*:*:*:*:* | cpe:2.3:a:adobe:coldfusion:10.0:*:*:*:*:*:*:* | cpe:2.3:o:apple:mac_os_x:-:*:*:*:*:*:*:* | cpe:2.3:o:microsoft:windows:-:*:*:*:*:*:*:* | cpe:2.3:o:opengroup:unix:-:*:*:*:*:*:*:*
CVE-2013-0631,CISA,True,False,"Adobe ColdFusion 9.0, 9.0.1, and 9.0.2 allows attackers to obtain sensitive information via unspecified vectors, as exploited in the wild in January 2013.",7.5,HIGH,CVSS:3.1/AV:N/AC:L/PR:N/UI:N/S:U/C:H/I:N/A:N,3.9,3.6,5.0,MEDIUM,AV:N/AC:L/Au:N/C:P/I:N/A:N,10.0,2.9,NVD-CWE-noinfo,6,cpe:2.3:a:adobe:coldfusion:9.0:*:*:*:*:*:*:* | cpe:2.3:a:adobe:coldfusion:9.0.1:*:*:*:*:*:*:* | cpe:2.3:a:adobe:coldfusion:9.0.2:*:*:*:*:*:*:* | cpe:2.3:o:apple:mac_os_x:-:*:*:*:*:*:*:* | cpe:2.3:o:microsoft:windows:-:*:*:*:*:*:*:* | cpe:2.3:o:opengroup:unix:-:*:*:*:*:*:*:*
CVE-2013-0632,CISA,True,False,"administrator.cfc in Adobe ColdFusion 9.0, 9.0.1, 9.0.2, and 10 allows remote attackers to bypass authentication and possibly execute arbitrary code by logging in to the RDS component using the default empty password and leveraging this session to access the administrative web interface, as exploited in the wild in January 2013.",9.8,CRITICAL,CVSS:3.1/AV:N/AC:L/PR:N/UI:N/S:U/C:H/I:H/A:H,3.9,5.9,10.0,HIGH,AV:N/AC:L/Au:N/C:C/I:C/A:C,10.0,10.0,CWE-276,4,cpe:2.3:a:adobe:coldfusion:9.0:*:*:*:*:*:*:* | cpe:2.3:a:adobe:coldfusion:9.0.1:*:*:*:*:*:*:* | cpe:2.3:a:adobe:coldfusion:9.0.2:*:*:*:*:*:*:* | cpe:2.3:a:adobe:coldfusion:10.0:*:*:*:*:*:*:*
CVE-2013-0640,CISA,True,False,"Adobe Reader and Acrobat 9.x before 9.5.4, 10.x before 10.1.6, and 11.x before 11.0.02 allow remote attackers to execute arbitrary code or cause a denial of service (memory corruption) via a crafted PDF document, as exploited in the wild in February 2013.",7.8,HIGH,CVSS:3.1/AV:L/AC:L/PR:N/UI:R/S:U/C:H/I:H/A:H,1.8,5.9,9.3,HIGH,AV:N/AC:M/Au:N/C:C/I:C/A:C,8.6,10.0,CWE-787,16,cpe:2.3:a:adobe:acrobat:*:*:*:*:*:*:*:* | cpe:2.3:a:adobe:acrobat_reader:*:*:*:*:*:*:*:* | cpe:2.3:o:apple:mac_os_x:-:*:*:*:*:*:*:* | cpe:2.3:o:microsoft:windows:-:*:*:*:*:*:*:* | cpe:2.3:o:opensuse:opensuse:11.4:*:*:*:*:*:*:* | cpe:2.3:o:opensuse:opensuse:12.1:*:*:*:*:*:*:* | cpe:2.3:o:suse:linux_enterprise_desktop:10:sp4:*:*:-:*:*:* | cpe:2.3:o:suse:linux_enterprise_desktop:11:sp2:*:*:*:*:*:* | cpe:2.3:o:redhat:enterprise_linux_desktop:6.0:*:*:*:*:*:*:* | cpe:2.3:o:redhat:enterprise_linux_eus:5.9:*:*:*:*:*:*:*
CVE-2013-0641,CISA,True,False,"Buffer overflow in Adobe Reader and Acrobat 9.x before 9.5.4, 10.x before 10.1.6, and 11.x before 11.0.02 allows remote attackers to execute arbitrary code via a crafted PDF document, as exploited in the wild in February 2013.",7.8,HIGH,CVSS:3.1/AV:L/AC:L/PR:N/UI:R/S:U/C:H/I:H/A:H,1.8,5.9,9.3,HIGH,AV:N/AC:M/Au:N/C:C/I:C/A:C,8.6,10.0,CWE-120,16,cpe:2.3:a:adobe:acrobat:*:*:*:*:*:*:*:* | cpe:2.3:a:adobe:acrobat_reader:*:*:*:*:*:*:*:* | cpe:2.3:o:apple:mac_os_x:-:*:*:*:*:*:*:* | cpe:2.3:o:microsoft:windows:-:*:*:*:*:*:*:* | cpe:2.3:o:linux:linux_kernel:-:*:*:*:*:*:*:* | cpe:2.3:o:redhat:enterprise_linux_desktop:6.0:*:*:*:*:*:*:* | cpe:2.3:o:redhat:enterprise_linux_eus:5.9:*:*:*:*:*:*:* | cpe:2.3:o:redhat:enterprise_linux_eus:6.4:*:*:*:*:*:*:* | cpe:2.3:o:redhat:enterprise_linux_server:6.0:*:*:*:*:*:*:* | cpe:2.3:o:redhat:enterprise_linux_server_aus:5.9:*:*:*:*:*:*:*
CVE-2013-0643,CISA,True,False,"The Firefox sandbox in Adobe Flash Player before 10.3.183.67 and 11.x before 11.6.602.171 on Windows and Mac OS X, and before 10.3.183.67 and 11.x before 11.2.202.273 on Linux, does not properly restrict privileges, which makes it easier for remote attackers to execute arbitrary code via crafted SWF content, as exploited in the wild in February 2013.",8.8,HIGH,CVSS:3.1/AV:N/AC:L/PR:N/UI:R/S:U/C:H/I:H/A:H,2.8,5.9,9.3,HIGH,AV:N/AC:M/Au:N/C:C/I:C/A:C,8.6,10.0,NVD-CWE-noinfo | CWE-269,15,cpe:2.3:a:adobe:flash_player:*:*:*:*:*:*:*:* | cpe:2.3:o:apple:mac_os_x:-:*:*:*:*:*:*:* | cpe:2.3:o:microsoft:windows:-:*:*:*:*:*:*:* | cpe:2.3:o:linux:linux_kernel:-:*:*:*:*:*:*:* | cpe:2.3:o:redhat:enterprise_linux_desktop:6.0:*:*:*:*:*:*:* | cpe:2.3:o:redhat:enterprise_linux_eus:5.9:*:*:*:*:*:*:* | cpe:2.3:o:redhat:enterprise_linux_eus:6.4:*:*:*:*:*:*:* | cpe:2.3:o:redhat:enterprise_linux_server:6.0:*:*:*:*:*:*:* | cpe:2.3:o:redhat:enterprise_linux_server_aus:5.9:*:*:*:*:*:*:* | cpe:2.3:o:redhat:enterprise_linux_server_aus:6.4:*:*:*:*:*:*:*
CVE-2013-0648,CISA,True,False,"Unspecified vulnerability in the ExternalInterface ActionScript functionality in Adobe Flash Player before 10.3.183.67 and 11.x before 11.6.602.171 on Windows and Mac OS X, and before 10.3.183.67 and 11.x before 11.2.202.273 on Linux, allows remote attackers to execute arbitrary code via crafted SWF content, as exploited in the wild in February 2013.",8.8,HIGH,CVSS:3.1/AV:N/AC:L/PR:N/UI:R/S:U/C:H/I:H/A:H,2.8,5.9,9.3,HIGH,AV:N/AC:M/Au:N/C:C/I:C/A:C,8.6,10.0,NVD-CWE-noinfo,15,cpe:2.3:a:adobe:flash_player:*:*:*:*:*:*:*:* | cpe:2.3:o:apple:mac_os_x:-:*:*:*:*:*:*:* | cpe:2.3:o:microsoft:windows:-:*:*:*:*:*:*:* | cpe:2.3:o:linux:linux_kernel:-:*:*:*:*:*:*:* | cpe:2.3:o:opensuse:opensuse:11.4:*:*:*:*:*:*:* | cpe:2.3:o:opensuse:opensuse:12.1:*:*:*:*:*:*:* | cpe:2.3:o:suse:linux_enterprise_desktop:10:sp4:*:*:-:*:*:* | cpe:2.3:o:suse:linux_enterprise_desktop:11:sp2:*:*:*:*:*:* | cpe:2.3:o:redhat:enterprise_linux_desktop:6.0:*:*:*:*:*:*:* | cpe:2.3:o:redhat:enterprise_linux_eus:5.9:*:*:*:*:*:*:*
CVE-2013-1331,CISA,True,False,"Buffer overflow in Microsoft Office 2003 SP3 and Office 2011 for Mac allows remote attackers to execute arbitrary code via crafted PNG data in an Office document, leading to improper memory allocation, aka ""Office Buffer Overflow Vulnerability.""",7.8,HIGH,CVSS:3.1/AV:L/AC:L/PR:N/UI:R/S:U/C:H/I:H/A:H,1.8,5.9,9.3,HIGH,AV:N/AC:M/Au:N/C:C/I:C/A:C,8.6,10.0,CWE-120,2,cpe:2.3:a:microsoft:office:2003:sp3:*:*:*:*:*:* | cpe:2.3:a:microsoft:office:2011:*:*:*:*:macos:*:*
CVE-2013-1347,CISA,True,False,"Microsoft Internet Explorer 8 does not properly handle objects in memory, which allows remote attackers to execute arbitrary code by accessing an object that (1) was not properly allocated or (2) is deleted, as exploited in the wild in May 2013.",8.8,HIGH,CVSS:3.1/AV:N/AC:L/PR:N/UI:R/S:U/C:H/I:H/A:H,2.8,5.9,9.3,HIGH,AV:N/AC:M/Au:N/C:C/I:C/A:C,8.6,10.0,CWE-416,8,cpe:2.3:a:microsoft:internet_explorer:8:*:*:*:*:*:*:* | cpe:2.3:o:microsoft:windows_7:-:sp1:*:*:*:*:*:* | cpe:2.3:o:microsoft:windows_server_2003:-:sp2:*:*:*:*:*:* | cpe:2.3:o:microsoft:windows_server_2008:-:sp2:*:*:*:*:*:* | cpe:2.3:o:microsoft:windows_server_2008:r2:sp1:*:*:*:*:*:* | cpe:2.3:o:microsoft:windows_vista:-:sp2:*:*:*:*:*:* | cpe:2.3:o:microsoft:windows_xp:-:sp2:*:*:professional:*:*:* | cpe:2.3:o:microsoft:windows_xp:-:sp3:*:*:*:*:*:*
CVE-2013-1675,CISA,True,False,"Mozilla Firefox before 21.0, Firefox ESR 17.x before 17.0.6, Thunderbird before 17.0.6, and Thunderbird ESR 17.x before 17.0.6 do not properly initialize data structures for the nsDOMSVGZoomEvent::mPreviousScale and nsDOMSVGZoomEvent::mNewScale functions, which allows remote attackers to obtain sensitive information from process memory via a crafted web site.",6.5,MEDIUM,CVSS:3.1/AV:N/AC:L/PR:N/UI:R/S:U/C:H/I:N/A:N,2.8,3.6,4.3,MEDIUM,AV:N/AC:M/Au:N/C:P/I:N/A:N,8.6,2.9,CWE-665,31,cpe:2.3:a:mozilla:firefox:*:*:*:*:*:*:*:* | cpe:2.3:a:mozilla:thunderbird:*:*:*:*:*:*:*:* | cpe:2.3:a:mozilla:thunderbird_esr:*:*:*:*:*:*:*:* | cpe:2.3:o:canonical:ubuntu_linux:12.04:*:*:*:-:*:*:* | cpe:2.3:o:canonical:ubuntu_linux:12.10:*:*:*:*:*:*:* | cpe:2.3:o:canonical:ubuntu_linux:13.04:*:*:*:*:*:*:* | cpe:2.3:o:debian:debian_linux:7.0:*:*:*:*:*:*:* | cpe:2.3:a:redhat:gluster_storage_server_for_on-premise:2.1:*:*:*:*:*:*:* | cpe:2.3:o:redhat:enterprise_linux_desktop:5.0:*:*:*:*:*:*:* | cpe:2.3:o:redhat:enterprise_linux_desktop:6.0:*:*:*:*:*:*:*
CVE-2013-1690,CISA,True,False,"Mozilla Firefox before 22.0, Firefox ESR 17.x before 17.0.7, Thunderbird before 17.0.7, and Thunderbird ESR 17.x before 17.0.7 do not properly handle onreadystatechange events in conjunction with page reloading, which allows remote attackers to cause a denial of service (application crash) or possibly execute arbitrary code via a crafted web site that triggers an attempt to execute data at an unmapped memory location.",8.8,HIGH,CVSS:3.1/AV:N/AC:L/PR:N/UI:R/S:U/C:H/I:H/A:H,2.8,5.9,9.3,HIGH,AV:N/AC:M/Au:N/C:C/I:C/A:C,8.6,10.0,CWE-119,33,cpe:2.3:a:mozilla:firefox:*:*:*:*:*:*:*:* | cpe:2.3:a:mozilla:thunderbird:*:*:*:*:*:*:*:* | cpe:2.3:a:mozilla:thunderbird_esr:*:*:*:*:*:*:*:* | cpe:2.3:o:canonical:ubuntu_linux:12.04:*:*:*:-:*:*:* | cpe:2.3:o:canonical:ubuntu_linux:12.10:*:*:*:*:*:*:* | cpe:2.3:o:canonical:ubuntu_linux:13.04:*:*:*:*:*:*:* | cpe:2.3:o:debian:debian_linux:7.0:*:*:*:*:*:*:* | cpe:2.3:a:redhat:gluster_storage_server_for_on-premise:2.0:*:*:*:*:*:*:* | cpe:2.3:o:redhat:enterprise_linux_desktop:5.0:*:*:*:*:*:*:* | cpe:2.3:o:redhat:enterprise_linux_desktop:6.0:*:*:*:*:*:*:*
CVE-2013-1965,NUCLEI,False,True,"Apache Struts Showcase App 2.0.0 through 2.3.13, as used in Struts 2 before 2.3.14.3, allows remote attackers to execute arbitrary OGNL code via a crafted parameter name that is not properly handled when invoking a redirect.",,,,,,9.3,HIGH,AV:N/AC:M/Au:N/C:C/I:C/A:C,8.6,10.0,CWE-94,2,cpe:2.3:a:apache:struts:*:*:*:*:*:*:*:* | cpe:2.3:a:apache:struts2-showcase:*:*:*:*:*:*:*:*
CVE-2013-2094,CISA,True,False,"The perf_swevent_init function in kernel/events/core.c in the Linux kernel before 3.8.9 uses an incorrect integer data type, which allows local users to gain privileges via a crafted perf_event_open system call.",8.4,HIGH,CVSS:3.1/AV:L/AC:L/PR:N/UI:N/S:U/C:H/I:H/A:H,2.5,5.9,7.2,HIGH,AV:L/AC:L/Au:N/C:C/I:C/A:C,3.9,10.0,CWE-189,1,cpe:2.3:o:linux:linux_kernel:*:*:*:*:*:*:*:*
CVE-2013-2248,NUCLEI,False,True,Multiple open redirect vulnerabilities in Apache Struts 2.0.0 through 2.3.15 allow remote attackers to redirect users to arbitrary web sites and conduct phishing attacks via a URL in a parameter using the (1) redirect: or (2) redirectAction: prefix.,,,,,,5.8,MEDIUM,AV:N/AC:M/Au:N/C:P/I:P/A:N,8.6,4.9,CWE-20,44,cpe:2.3:a:apache:struts:2.0.0:*:*:*:*:*:*:* | cpe:2.3:a:apache:struts:2.0.1:*:*:*:*:*:*:* | cpe:2.3:a:apache:struts:2.0.2:*:*:*:*:*:*:* | cpe:2.3:a:apache:struts:2.0.3:*:*:*:*:*:*:* | cpe:2.3:a:apache:struts:2.0.4:*:*:*:*:*:*:* | cpe:2.3:a:apache:struts:2.0.5:*:*:*:*:*:*:* | cpe:2.3:a:apache:struts:2.0.6:*:*:*:*:*:*:* | cpe:2.3:a:apache:struts:2.0.7:*:*:*:*:*:*:* | cpe:2.3:a:apache:struts:2.0.8:*:*:*:*:*:*:* | cpe:2.3:a:apache:struts:2.0.9:*:*:*:*:*:*:*
CVE-2013-2251,CISA + NUCLEI,True,True,"Apache Struts 2.0.0 through 2.3.15 allows remote attackers to execute arbitrary OGNL expressions via a parameter with a crafted (1) action:, (2) redirect:, or (3) redirectAction: prefix.",9.8,CRITICAL,CVSS:3.1/AV:N/AC:L/PR:N/UI:N/S:U/C:H/I:H/A:H,3.9,5.9,9.3,HIGH,AV:N/AC:M/Au:N/C:C/I:C/A:C,8.6,10.0,CWE-74,14,cpe:2.3:a:apache:archiva:*:*:*:*:*:*:*:* | cpe:2.3:a:apache:archiva:1.2:-:*:*:*:*:*:* | cpe:2.3:a:apache:archiva:1.2.2:*:*:*:*:*:*:* | cpe:2.3:a:apache:struts:*:*:*:*:*:*:*:* | cpe:2.3:a:fujitsu:interstage_business_process_manager_analytics:12.0:*:*:*:*:*:*:* | cpe:2.3:o:microsoft:windows_server_2003:-:*:*:*:*:*:*:* | cpe:2.3:o:microsoft:windows_server_2008:-:*:*:*:*:*:*:* | cpe:2.3:o:redhat:enterprise_linux:*:*:*:*:*:*:*:* | cpe:2.3:a:fujitsu:interstage_business_process_manager_analytics:12.1:*:*:*:*:*:*:* | cpe:2.3:o:microsoft:windows_server_2012:-:*:*:*:*:*:*:*
CVE-2013-2287,NUCLEI,False,True,Multiple cross-site scripting (XSS) vulnerabilities in views/notify.php in the Uploader plugin 1.0.4 for WordPress allow remote attackers to inject arbitrary web script or HTML via the (1) notify or (2) blog parameter.,,,,,,4.3,MEDIUM,AV:N/AC:M/Au:N/C:N/I:P/A:N,8.6,2.9,CWE-79,1,cpe:2.3:a:roberta_bramski:uploader:1.0.4:*:*:*:*:*:*:*
CVE-2013-2423,CISA,True,False,"Unspecified vulnerability in the Java Runtime Environment (JRE) component in Oracle Java SE 7 Update 17 and earlier, and OpenJDK 7, allows remote attackers to affect integrity via unknown vectors related to HotSpot.  NOTE: the previous information is from the April 2013 CPU. Oracle has not commented on claims from the original researcher that this vulnerability allows remote attackers to bypass permission checks by the MethodHandles method and modify arbitrary public final fields using reflection and type confusion, as demonstrated using integer and double fields to disable the security manager.",3.7,LOW,CVSS:3.1/AV:N/AC:H/PR:N/UI:N/S:U/C:N/I:L/A:N,2.2,1.4,4.3,MEDIUM,AV:N/AC:M/Au:N/C:N/I:P/A:N,8.6,2.9,NVD-CWE-noinfo | CWE-284,15,cpe:2.3:a:oracle:jre:1.7.0:-:*:*:*:*:*:* | cpe:2.3:a:oracle:jre:1.7.0:update1:*:*:*:*:*:* | cpe:2.3:a:oracle:jre:1.7.0:update10:*:*:*:*:*:* | cpe:2.3:a:oracle:jre:1.7.0:update11:*:*:*:*:*:* | cpe:2.3:a:oracle:jre:1.7.0:update13:*:*:*:*:*:* | cpe:2.3:a:oracle:jre:1.7.0:update15:*:*:*:*:*:* | cpe:2.3:a:oracle:jre:1.7.0:update2:*:*:*:*:*:* | cpe:2.3:a:oracle:jre:1.7.0:update3:*:*:*:*:*:* | cpe:2.3:a:oracle:jre:1.7.0:update4:*:*:*:*:*:* | cpe:2.3:a:oracle:jre:1.7.0:update5:*:*:*:*:*:*
CVE-2013-2465,CISA,True,False,"Unspecified vulnerability in the Java Runtime Environment (JRE) component in Oracle Java SE 7 Update 21 and earlier, 6 Update 45 and earlier, and 5.0 Update 45 and earlier, and OpenJDK 7, allows remote attackers to affect confidentiality, integrity, and availability via unknown vectors related to 2D.  NOTE: the previous information is from the June 2013 CPU. Oracle has not commented on claims from another vendor that this issue allows remote attackers to bypass the Java sandbox via vectors related to ""Incorrect image channel verification"" in 2D.",9.8,CRITICAL,CVSS:3.1/AV:N/AC:L/PR:N/UI:N/S:U/C:H/I:H/A:H,3.9,5.9,10.0,HIGH,AV:N/AC:L/Au:N/C:C/I:C/A:C,10.0,10.0,NVD-CWE-noinfo | CWE-693,104,cpe:2.3:a:oracle:jre:1.7.0:-:*:*:*:*:*:* | cpe:2.3:a:oracle:jre:1.7.0:update1:*:*:*:*:*:* | cpe:2.3:a:oracle:jre:1.7.0:update10:*:*:*:*:*:* | cpe:2.3:a:oracle:jre:1.7.0:update11:*:*:*:*:*:* | cpe:2.3:a:oracle:jre:1.7.0:update13:*:*:*:*:*:* | cpe:2.3:a:oracle:jre:1.7.0:update15:*:*:*:*:*:* | cpe:2.3:a:oracle:jre:1.7.0:update17:*:*:*:*:*:* | cpe:2.3:a:oracle:jre:1.7.0:update2:*:*:*:*:*:* | cpe:2.3:a:oracle:jre:1.7.0:update21:*:*:*:*:*:* | cpe:2.3:a:oracle:jre:1.7.0:update3:*:*:*:*:*:*
CVE-2013-2551,CISA,True,False,"Use-after-free vulnerability in Microsoft Internet Explorer 6 through 10 allows remote attackers to execute arbitrary code via a crafted web site that triggers access to a deleted object, as demonstrated by VUPEN during a Pwn2Own competition at CanSecWest 2013, aka ""Internet Explorer Use After Free Vulnerability,"" a different vulnerability than CVE-2013-1308 and CVE-2013-1309.",8.8,HIGH,CVSS:3.1/AV:N/AC:L/PR:N/UI:R/S:U/C:H/I:H/A:H,2.8,5.9,9.3,HIGH,AV:N/AC:M/Au:N/C:C/I:C/A:C,8.6,10.0,CWE-416,16,cpe:2.3:a:microsoft:internet_explorer:6:*:*:*:*:*:*:* | cpe:2.3:o:microsoft:windows_server_2003:-:sp2:*:*:*:*:*:* | cpe:2.3:o:microsoft:windows_xp:-:sp2:*:*:professional:*:x64:* | cpe:2.3:o:microsoft:windows_xp:-:sp3:*:*:*:*:*:* | cpe:2.3:a:microsoft:internet_explorer:7:*:*:*:*:*:*:* | cpe:2.3:o:microsoft:windows_server_2008:-:sp2:*:*:*:*:*:* | cpe:2.3:o:microsoft:windows_vista:-:sp2:*:*:*:*:*:* | cpe:2.3:a:microsoft:internet_explorer:8:*:*:*:*:*:*:* | cpe:2.3:o:microsoft:windows_7:-:sp1:*:*:*:*:*:* | cpe:2.3:o:microsoft:windows_server_2008:r2:sp1:*:*:*:*:*:*
CVE-2013-2596,CISA,True,False,"Integer overflow in the fb_mmap function in drivers/video/fbmem.c in the Linux kernel before 3.8.9, as used in a certain Motorola build of Android 4.1.2 and other products, allows local users to create a read-write memory mapping for the entirety of kernel memory, and consequently gain privileges, via crafted /dev/graphics/fb0 mmap2 system calls, as demonstrated by the Motochopper pwn program.",7.8,HIGH,CVSS:3.1/AV:L/AC:L/PR:L/UI:N/S:U/C:H/I:H/A:H,1.8,5.9,6.9,MEDIUM,AV:L/AC:M/Au:N/C:C/I:C/A:C,3.4,10.0,CWE-190,6,cpe:2.3:o:linux:linux_kernel:*:*:*:*:*:*:*:* | cpe:2.3:o:motorola:android:4.1.2:*:*:*:*:*:*:* | cpe:2.3:h:motorola:atrix_hd:-:*:*:*:*:*:*:* | cpe:2.3:h:motorola:razr_hd:-:*:*:*:*:*:*:* | cpe:2.3:h:motorola:razr_m:-:*:*:*:*:*:*:* | cpe:2.3:h:qualcomm:msm8960:-:*:*:*:*:*:*:*
CVE-2013-2597,CISA,True,False,"Stack-based buffer overflow in the acdb_ioctl function in audio_acdb.c in the acdb audio driver for the Linux kernel 2.6.x and 3.x, as used in Qualcomm Innovation Center (QuIC) Android contributions for MSM devices and other products, allows attackers to gain privileges via an application that leverages /dev/msm_acdb access and provides a large size value in an ioctl argument.",8.4,HIGH,CVSS:3.1/AV:L/AC:L/PR:N/UI:N/S:U/C:H/I:H/A:H,2.5,5.9,7.2,HIGH,AV:L/AC:L/Au:N/C:C/I:C/A:C,3.9,10.0,NVD-CWE-Other | CWE-121,172,cpe:2.3:o:codeaurora:android-msm:2.6.29:*:*:*:*:*:*:* | cpe:2.3:o:codeaurora:android-msm:3.2.54:*:*:*:*:*:*:* | cpe:2.3:o:codeaurora:android-msm:3.2.55:*:*:*:*:*:*:* | cpe:2.3:o:codeaurora:android-msm:3.2.56:*:*:*:*:*:*:* | cpe:2.3:o:codeaurora:android-msm:3.2.57:*:*:*:*:*:*:* | cpe:2.3:o:codeaurora:android-msm:3.2.58:*:*:*:*:*:*:* | cpe:2.3:o:codeaurora:android-msm:3.2.59:*:*:*:*:*:*:* | cpe:2.3:o:codeaurora:android-msm:3.2.60:*:*:*:*:*:*:* | cpe:2.3:o:codeaurora:android-msm:3.2.61:*:*:*:*:*:*:* | cpe:2.3:o:codeaurora:android-msm:3.2.62:*:*:*:*:*:*:*
CVE-2013-2621,NUCLEI,False,True,Open Redirection Vulnerability in the redir.php script in Telaen before 1.3.1 allows remote attackers to redirect victims to arbitrary websites via a crafted URL.,6.1,MEDIUM,CVSS:3.1/AV:N/AC:L/PR:N/UI:R/S:C/C:L/I:L/A:N,2.8,2.7,5.8,MEDIUM,AV:N/AC:M/Au:N/C:P/I:P/A:N,8.6,4.9,CWE-601,1,cpe:2.3:a:telaen_project:telaen:*:*:*:*:*:*:*:*
CVE-2013-2729,CISA,True,False,"Integer overflow in Adobe Reader and Acrobat 9.x before 9.5.5, 10.x before 10.1.7, and 11.x before 11.0.03 allows attackers to execute arbitrary code via unspecified vectors, a different vulnerability than CVE-2013-2727.",9.8,CRITICAL,CVSS:3.1/AV:N/AC:L/PR:N/UI:N/S:U/C:H/I:H/A:H,3.9,5.9,10.0,HIGH,AV:N/AC:L/Au:N/C:C/I:C/A:C,10.0,10.0,CWE-190,11,cpe:2.3:a:adobe:acrobat:*:*:*:*:*:*:*:* | cpe:2.3:a:adobe:acrobat_reader:*:*:*:*:*:*:*:* | cpe:2.3:o:suse:linux_enterprise_desktop:10:sp4:*:*:-:*:*:* | cpe:2.3:o:suse:linux_enterprise_desktop:11:sp2:*:*:*:*:*:* | cpe:2.3:o:redhat:enterprise_linux_desktop:6.0:*:*:*:*:*:*:* | cpe:2.3:o:redhat:enterprise_linux_eus:5.9:*:*:*:*:*:*:* | cpe:2.3:o:redhat:enterprise_linux_eus:6.4:*:*:*:*:*:*:* | cpe:2.3:o:redhat:enterprise_linux_server:6.0:*:*:*:*:*:*:* | cpe:2.3:o:redhat:enterprise_linux_server_aus:5.9:*:*:*:*:*:*:* | cpe:2.3:o:redhat:enterprise_linux_server_aus:6.4:*:*:*:*:*:*:*
CVE-2013-3163,CISA,True,False,"Microsoft Internet Explorer 8 through 10 allows remote attackers to execute arbitrary code or cause a denial of service (memory corruption) via a crafted web site, aka ""Internet Explorer Memory Corruption Vulnerability,"" a different vulnerability than CVE-2013-3144 and CVE-2013-3151.",8.8,HIGH,CVSS:3.1/AV:N/AC:L/PR:N/UI:R/S:U/C:H/I:H/A:H,2.8,5.9,9.3,HIGH,AV:N/AC:M/Au:N/C:C/I:C/A:C,8.6,10.0,CWE-787,15,cpe:2.3:a:microsoft:internet_explorer:8:*:*:*:*:*:*:* | cpe:2.3:o:microsoft:windows_7:-:sp1:*:*:*:*:*:* | cpe:2.3:o:microsoft:windows_server_2003:-:sp2:*:*:*:*:x64:* | cpe:2.3:o:microsoft:windows_server_2008:-:sp2:*:*:*:*:x64:* | cpe:2.3:o:microsoft:windows_server_2008:r2:sp1:*:*:*:*:itanium:* | cpe:2.3:o:microsoft:windows_server_2008:r2:sp1:*:*:*:*:x64:* | cpe:2.3:o:microsoft:windows_vista:-:sp2:*:*:-:*:x64:* | cpe:2.3:o:microsoft:windows_xp:-:sp2:*:*:professional:*:x64:* | cpe:2.3:o:microsoft:windows_xp:-:sp3:*:*:*:*:*:* | cpe:2.3:a:microsoft:internet_explorer:9:*:*:*:*:*:*:*
CVE-2013-3346,CISA,True,False,"Adobe Reader and Acrobat 9.x before 9.5.5, 10.x before 10.1.7, and 11.x before 11.0.03 allow attackers to execute arbitrary code or cause a denial of service (memory corruption) via unspecified vectors, a different vulnerability than CVE-2013-2718, CVE-2013-2719, CVE-2013-2720, CVE-2013-2721, CVE-2013-2722, CVE-2013-2723, CVE-2013-2725, CVE-2013-2726, CVE-2013-2731, CVE-2013-2732, CVE-2013-2734, CVE-2013-2735, CVE-2013-2736, CVE-2013-3337, CVE-2013-3338, CVE-2013-3339, CVE-2013-3340, and CVE-2013-3341.",9.8,CRITICAL,CVSS:3.1/AV:N/AC:L/PR:N/UI:N/S:U/C:H/I:H/A:H,3.9,5.9,10.0,HIGH,AV:N/AC:L/Au:N/C:C/I:C/A:C,10.0,10.0,CWE-787,2,cpe:2.3:a:adobe:acrobat:*:*:*:*:*:*:*:* | cpe:2.3:a:adobe:acrobat_reader:*:*:*:*:*:*:*:*
CVE-2013-3526,NUCLEI,False,True,"Cross-site scripting (XSS) vulnerability in js/ta_loaded.js.php in the Traffic Analyzer plugin, possibly 3.3.2 and earlier, for WordPress allows remote attackers to inject arbitrary web script or HTML via the aoid parameter.",,,,,,4.3,MEDIUM,AV:N/AC:M/Au:N/C:N/I:P/A:N,8.6,2.9,CWE-79,43,cpe:2.3:a:wptrafficanalyzer:trafficanalyzer:1.0.0:*:*:*:*:*:*:* | cpe:2.3:a:wptrafficanalyzer:trafficanalyzer:1.1.0:*:*:*:*:*:*:* | cpe:2.3:a:wptrafficanalyzer:trafficanalyzer:1.1.1:*:*:*:*:*:*:* | cpe:2.3:a:wptrafficanalyzer:trafficanalyzer:1.1.2:*:*:*:*:*:*:* | cpe:2.3:a:wptrafficanalyzer:trafficanalyzer:1.1.3:*:*:*:*:*:*:* | cpe:2.3:a:wptrafficanalyzer:trafficanalyzer:1.2.0:*:*:*:*:*:*:* | cpe:2.3:a:wptrafficanalyzer:trafficanalyzer:1.3.0:*:*:*:*:*:*:* | cpe:2.3:a:wptrafficanalyzer:trafficanalyzer:1.4.0:*:*:*:*:*:*:* | cpe:2.3:a:wptrafficanalyzer:trafficanalyzer:1.5.0:*:*:*:*:*:*:* | cpe:2.3:a:wptrafficanalyzer:trafficanalyzer:1.6.0:*:*:*:*:*:*:*
CVE-2013-3660,CISA,True,False,"The EPATHOBJ::pprFlattenRec function in win32k.sys in the kernel-mode drivers in Microsoft Windows XP SP2 and SP3, Windows Server 2003 SP2, Windows Vista SP2, Windows Server 2008 SP2 and R2 SP1, Windows 7 SP1, Windows 8, and Windows Server 2012 does not properly initialize a pointer for the next object in a certain list, which allows local users to obtain write access to the PATHRECORD chain, and consequently gain privileges, by triggering excessive consumption of paged memory and then making many FlattenPath function calls, aka ""Win32k Read AV Vulnerability.""",7.8,HIGH,CVSS:3.1/AV:L/AC:L/PR:N/UI:R/S:U/C:H/I:H/A:H,1.8,5.9,6.9,MEDIUM,AV:L/AC:M/Au:N/C:C/I:C/A:C,3.4,10.0,CWE-119,10,cpe:2.3:o:microsoft:windows_7:-:sp1:*:*:*:*:*:* | cpe:2.3:o:microsoft:windows_8:-:*:*:*:*:*:*:* | cpe:2.3:o:microsoft:windows_rt:-:*:*:*:*:*:*:* | cpe:2.3:o:microsoft:windows_server_2003:-:sp2:*:*:*:*:*:* | cpe:2.3:o:microsoft:windows_server_2008:-:sp2:*:*:*:*:*:* | cpe:2.3:o:microsoft:windows_server_2008:r2:sp1:*:*:*:*:x64:* | cpe:2.3:o:microsoft:windows_server_2012:-:*:*:*:*:*:*:* | cpe:2.3:o:microsoft:windows_vista:-:sp2:*:*:*:*:*:* | cpe:2.3:o:microsoft:windows_xp:-:sp2:*:*:professional:*:x64:* | cpe:2.3:o:microsoft:windows_xp:-:sp3:*:*:*:*:*:*
CVE-2013-3827,NUCLEI,False,True,"Unspecified vulnerability in the Oracle GlassFish Server component in Oracle Fusion Middleware 2.1.1, 3.0.1, and 3.1.2; the Oracle JDeveloper component in Oracle Fusion Middleware 11.1.2.3.0, 11.1.2.4.0, and 12.1.2.0.0; and the Oracle WebLogic Server component in Oracle Fusion Middleware 10.3.6.0 and 12.1.1 allows remote attackers to affect confidentiality via unknown vectors related to Java Server Faces or Web Container.",,,,,,5.0,MEDIUM,AV:N/AC:L/Au:N/C:P/I:N/A:N,10.0,2.9,NVD-CWE-noinfo,8,cpe:2.3:a:oracle:fusion_middleware:2.1.1:*:*:*:*:*:*:* | cpe:2.3:a:oracle:fusion_middleware:3.0.1:*:*:*:*:*:*:* | cpe:2.3:a:oracle:fusion_middleware:3.1.2:*:*:*:*:*:*:* | cpe:2.3:a:oracle:fusion_middleware:10.3.6:*:*:*:*:*:*:* | cpe:2.3:a:oracle:fusion_middleware:11.1.2.3.0:*:*:*:*:*:*:* | cpe:2.3:a:oracle:fusion_middleware:11.1.2.4.0:*:*:*:*:*:*:* | cpe:2.3:a:oracle:fusion_middleware:12.1.1:*:*:*:*:*:*:* | cpe:2.3:a:oracle:fusion_middleware:12.1.2.0.0:*:*:*:*:*:*:*
CVE-2013-3893,CISA,True,False,"Use-after-free vulnerability in the SetMouseCapture implementation in mshtml.dll in Microsoft Internet Explorer 6 through 11 allows remote attackers to execute arbitrary code via crafted JavaScript strings, as demonstrated by use of an ms-help: URL that triggers loading of hxds.dll.",8.8,HIGH,CVSS:3.1/AV:N/AC:L/PR:N/UI:R/S:U/C:H/I:H/A:H,2.8,5.9,9.3,HIGH,AV:N/AC:M/Au:N/C:C/I:C/A:C,8.6,10.0,CWE-416,7,cpe:2.3:a:microsoft:internet_explorer:6:*:*:*:*:*:*:* | cpe:2.3:a:microsoft:internet_explorer:7:*:*:*:*:*:*:* | cpe:2.3:a:microsoft:internet_explorer:8:*:*:*:*:*:*:* | cpe:2.3:a:microsoft:internet_explorer:9:*:*:*:*:*:*:* | cpe:2.3:a:microsoft:internet_explorer:10:*:*:*:*:*:*:* | cpe:2.3:a:microsoft:internet_explorer:11:developer-preview:*:*:*:*:*:* | cpe:2.3:a:microsoft:internet_explorer:11:release-preview:*:*:*:*:*:*
CVE-2013-3896,CISA,True,False,"Microsoft Silverlight 5 before 5.1.20913.0 does not properly validate pointers during access to Silverlight elements, which allows remote attackers to obtain sensitive information via a crafted Silverlight application, aka ""Silverlight Vulnerability.""",5.5,MEDIUM,CVSS:3.1/AV:L/AC:L/PR:N/UI:R/S:U/C:H/I:N/A:N,1.8,3.6,4.3,MEDIUM,AV:N/AC:M/Au:N/C:P/I:N/A:N,8.6,2.9,NVD-CWE-noinfo,1,cpe:2.3:a:microsoft:silverlight:*:*:*:*:*:*:*:*
CVE-2013-3897,CISA,True,False,"Use-after-free vulnerability in the CDisplayPointer class in mshtml.dll in Microsoft Internet Explorer 6 through 11 allows remote attackers to execute arbitrary code or cause a denial of service (memory corruption) via crafted JavaScript code that uses the onpropertychange event handler, as exploited in the wild in September and October 2013, aka ""Internet Explorer Memory Corruption Vulnerability.""",8.8,HIGH,CVSS:3.1/AV:N/AC:L/PR:N/UI:R/S:U/C:H/I:H/A:H,2.8,5.9,9.3,HIGH,AV:N/AC:M/Au:N/C:C/I:C/A:C,8.6,10.0,CWE-416,19,cpe:2.3:a:microsoft:internet_explorer:6:*:*:*:*:*:*:* | cpe:2.3:o:microsoft:windows_server_2003:-:sp2:*:*:*:*:*:* | cpe:2.3:o:microsoft:windows_xp:-:sp2:*:*:professional:*:x64:* | cpe:2.3:o:microsoft:windows_xp:-:sp3:*:*:*:*:*:* | cpe:2.3:a:microsoft:internet_explorer:7:*:*:*:*:*:*:* | cpe:2.3:o:microsoft:windows_server_2008:-:sp2:*:*:*:*:*:* | cpe:2.3:o:microsoft:windows_vista:-:sp2:*:*:*:*:*:* | cpe:2.3:a:microsoft:internet_explorer:8:*:*:*:*:*:*:* | cpe:2.3:o:microsoft:windows_7:-:sp1:*:*:*:*:*:* | cpe:2.3:o:microsoft:windows_server_2008:r2:sp1:*:*:*:*:*:*
CVE-2013-3900,CISA,True,False,"Why is Microsoft republishing a CVE from 2013?
We are republishing CVE-2013-3900 in the Security Update Guide to update the Security Updates table and to inform customers that the EnableCertPaddingCheck is available in all currently supported versions of Windows 10 and Windows 11. While the format is different from the original CVE published in 2013, except for clarifications about how to configure the EnableCertPaddingCheck registry value, the information herein remains unchanged from the original text published on December 10, 2013,
Microsoft does not plan to enforce the stricter verification behavior as a default functionality on supported releases of Microsoft Windows. This behavior remains available as an opt-in feature via reg key setting, and is available on supported editions of Windows released since December 10, 2013. This includes all currently supported versions of Windows 10 and Windows 11. The supporting code for this reg key was incorporated at the time of release for Windows 10 and Windows 11, so no security update is required; however, the reg key must be set. See the Security Updates table for the list of affected software.
Vulnerability Description
A remote code execution vulnerability exists in the way that the WinVerifyTrust function handles Windows Authenticode signature verification for portable executable (PE) files. An anonymous attacker could exploit the vulnerability by modifying an existing signed executable file to leverage unverified portions of the file in such a way as to add malicious code to the file without invalidating the signature. An attacker who successfully exploited this vulnerability could take complete control of an affected system. An attacker could then install programs; view, change, or delete data; or create new accounts with full user rights.
If a user is logged on with administrative user rights, an attacker who successfully exploited this vulnerability could take complete control of an affected system. An attacker could then install programs; view, change, or delete data; or create new accounts with full user rights. Users whose accounts are configured to have fewer user rights on the system could be less impacted than users who operate with administrative user rights.
Exploitation of this vulnerability requires that a user or application run or install a specially crafted, signed PE file. An attacker could modify an... See more at https://msrc.microsoft.com/update-guide/vulnerability/CVE-2013-3900",5.5,MEDIUM,CVSS:3.1/AV:L/AC:L/PR:N/UI:R/S:U/C:N/I:H/A:N,1.8,3.6,7.6,HIGH,AV:N/AC:H/Au:N/C:C/I:C/A:C,4.9,10.0,CWE-347,31,cpe:2.3:o:microsoft:windows_10_1507:-:*:*:*:*:*:*:* | cpe:2.3:o:microsoft:windows_10_1607:-:*:*:*:*:*:x64:* | cpe:2.3:o:microsoft:windows_10_1607:-:*:*:*:*:*:x86:* | cpe:2.3:o:microsoft:windows_10_1809:-:*:*:*:*:*:arm64:* | cpe:2.3:o:microsoft:windows_10_1809:-:*:*:*:*:*:x64:* | cpe:2.3:o:microsoft:windows_10_1809:-:*:*:*:*:*:x86:* | cpe:2.3:o:microsoft:windows_10_1909:-:*:*:*:*:*:*:* | cpe:2.3:o:microsoft:windows_10_20h2:-:*:*:*:*:*:*:* | cpe:2.3:o:microsoft:windows_10_21h1:-:*:*:*:*:*:*:* | cpe:2.3:o:microsoft:windows_10_21h2:-:*:*:*:*:*:*:*
CVE-2013-3906,CISA,True,False,"GDI+ in Microsoft Windows Vista SP2 and Server 2008 SP2; Office 2003 SP3, 2007 SP3, and 2010 SP1 and SP2; Office Compatibility Pack SP3; and Lync 2010, 2010 Attendee, 2013, and Basic 2013 allows remote attackers to execute arbitrary code via a crafted TIFF image, as demonstrated by an image in a Word document, and exploited in the wild in October and November 2013.",7.8,HIGH,CVSS:3.1/AV:L/AC:L/PR:N/UI:R/S:U/C:H/I:H/A:H,1.8,5.9,9.3,HIGH,AV:N/AC:M/Au:N/C:C/I:C/A:C,8.6,10.0,CWE-94,13,cpe:2.3:a:microsoft:excel_viewer:-:*:*:*:*:*:*:* | cpe:2.3:a:microsoft:lync:2010:*:*:*:attendee:*:*:* | cpe:2.3:a:microsoft:lync:2013:*:*:*:*:*:*:* | cpe:2.3:a:microsoft:office:2003:sp3:*:*:*:*:*:* | cpe:2.3:a:microsoft:office:2007:sp3:*:*:*:*:*:* | cpe:2.3:a:microsoft:office:2010:sp1:*:*:*:*:*:* | cpe:2.3:a:microsoft:office:2010:sp2:*:*:*:*:*:* | cpe:2.3:a:microsoft:office_compatibility_pack:-:sp3:*:*:*:*:*:* | cpe:2.3:a:microsoft:powerpoint_viewer:2010:sp1:*:*:*:*:*:* | cpe:2.3:a:microsoft:powerpoint_viewer:2010:sp2:*:*:*:*:*:*
CVE-2013-3918,CISA,True,False,"The InformationCardSigninHelper Class ActiveX control in icardie.dll in Microsoft Windows XP SP2 and SP3, Windows Server 2003 SP2, Windows Vista SP2, Windows Server 2008 SP2 and R2 SP1, Windows 7 SP1, Windows 8, Windows 8.1, Windows Server 2012 Gold and R2, and Windows RT Gold and 8.1 allows remote attackers to execute arbitrary code or cause a denial of service (out-of-bounds write) via a crafted web page that is accessed by Internet Explorer, as exploited in the wild in November 2013, aka ""InformationCardSigninHelper Vulnerability.""",8.8,HIGH,CVSS:3.1/AV:N/AC:L/PR:N/UI:R/S:U/C:H/I:H/A:H,2.8,5.9,9.3,HIGH,AV:N/AC:M/Au:N/C:C/I:C/A:C,8.6,10.0,CWE-787,14,cpe:2.3:o:microsoft:windows_7:-:sp1:*:*:*:*:*:* | cpe:2.3:o:microsoft:windows_8:-:*:*:*:*:*:*:* | cpe:2.3:o:microsoft:windows_8.1:-:*:*:*:*:*:*:* | cpe:2.3:o:microsoft:windows_rt:-:*:*:*:*:*:*:* | cpe:2.3:o:microsoft:windows_rt_8.1:-:*:*:*:*:*:*:* | cpe:2.3:o:microsoft:windows_server_2003:-:sp2:*:*:*:*:*:* | cpe:2.3:o:microsoft:windows_server_2008:r2:sp1:*:*:*:*:itanium:* | cpe:2.3:o:microsoft:windows_server_2008:r2:sp1:*:*:*:*:x64:* | cpe:2.3:o:microsoft:windows_server_2008:sp2:*:*:*:*:*:*:* | cpe:2.3:o:microsoft:windows_server_2012:-:*:*:*:*:*:*:*
CVE-2013-3993,CISA,True,False,"IBM InfoSphere BigInsights before 2.1.0.3 allows remote authenticated users to bypass intended file and directory restrictions, or access untrusted data or code, via crafted parameters in unspecified API calls.",6.5,MEDIUM,CVSS:3.1/AV:N/AC:L/PR:L/UI:N/S:U/C:H/I:N/A:N,2.8,3.6,3.5,LOW,AV:N/AC:M/Au:S/C:P/I:N/A:N,6.8,2.9,CWE-22,1,cpe:2.3:a:ibm:infosphere_biginsights:*:*:*:*:*:*:*:*
CVE-2013-4117,NUCLEI,False,True,Cross-site scripting (XSS) vulnerability in includes/CatGridPost.php in the Category Grid View Gallery plugin 2.3.1 for WordPress allows remote attackers to inject arbitrary web script or HTML via the ID parameter.,,,,,,4.3,MEDIUM,AV:N/AC:M/Au:N/C:N/I:P/A:N,8.6,2.9,CWE-79,2,cpe:2.3:a:anshul_sharma:category-grid-view-gallery:2.3.1:*:*:*:*:*:*:* | cpe:2.3:a:wordpress:wordpress:-:*:*:*:*:*:*:*
CVE-2013-4625,NUCLEI,False,True,Cross-site scripting (XSS) vulnerability in files/installer.cleanup.php in the Duplicator plugin before 0.4.5 for WordPress allows remote attackers to inject arbitrary web script or HTML via the package parameter.,,,,,,4.3,MEDIUM,AV:N/AC:M/Au:N/C:N/I:P/A:N,8.6,2.9,CWE-79,4,cpe:2.3:a:cory_lamle:duplicator:*:*:*:*:*:*:*:* | cpe:2.3:a:cory_lamle:duplicator:0.4.2:*:*:*:*:*:*:* | cpe:2.3:a:cory_lamle:duplicator:0.4.3:*:*:*:*:*:*:* | cpe:2.3:a:wordpress:wordpress:-:*:*:*:*:*:*:*
CVE-2013-4810,CISA,True,False,"HP ProCurve Manager (PCM) 3.20 and 4.0, PCM+ 3.20 and 4.0, Identity Driven Manager (IDM) 4.0, and Application Lifecycle Management allow remote attackers to execute arbitrary code via a marshalled object to (1) EJBInvokerServlet or (2) JMXInvokerServlet, aka ZDI-CAN-1760. NOTE: this is probably a duplicate of CVE-2007-1036, CVE-2010-0738, and/or CVE-2012-0874.",9.8,CRITICAL,CVSS:3.1/AV:N/AC:L/PR:N/UI:N/S:U/C:H/I:H/A:H,3.9,5.9,10.0,HIGH,AV:N/AC:L/Au:N/C:C/I:C/A:C,10.0,10.0,CWE-94,5,cpe:2.3:a:hp:application_lifecycle_management:-:*:*:*:*:*:*:* | cpe:2.3:a:hp:procurve_manager:3.20:*:*:*:-:*:*:* | cpe:2.3:a:hp:procurve_manager:3.20:*:*:*:plus:*:*:* | cpe:2.3:a:hp:procurve_manager:4.0:*:*:*:-:*:*:* | cpe:2.3:a:hp:procurve_manager:4.0:*:*:*:plus:*:*:*
CVE-2013-4982,NUCLEI,False,True,AVTECH AVN801 DVR has a security bypass via the administration login captcha,9.8,CRITICAL,CVSS:3.1/AV:N/AC:L/PR:N/UI:N/S:U/C:H/I:H/A:H,3.9,5.9,7.5,HIGH,AV:N/AC:L/Au:N/C:P/I:P/A:P,10.0,6.4,CWE-287,2,cpe:2.3:o:avtech:avn801_dvr_firmware:1017-1003-1009-1003:*:*:*:*:*:*:* | cpe:2.3:h:avtech:avn801_dvr:-:*:*:*:*:*:*:*
CVE-2013-5065,CISA,True,False,"NDProxy.sys in the kernel in Microsoft Windows XP SP2 and SP3 and Server 2003 SP2 allows local users to gain privileges via a crafted application, as exploited in the wild in November 2013.",7.8,HIGH,CVSS:3.1/AV:L/AC:L/PR:N/UI:R/S:U/C:H/I:H/A:H,1.8,5.9,7.2,HIGH,AV:L/AC:L/Au:N/C:C/I:C/A:C,3.9,10.0,NVD-CWE-noinfo,3,cpe:2.3:o:microsoft:windows_2003_server:-:sp2:*:*:*:*:*:* | cpe:2.3:o:microsoft:windows_xp:-:sp2:*:*:professional:*:*:* | cpe:2.3:o:microsoft:windows_xp:-:sp3:*:*:*:*:*:*
CVE-2013-5223,CISA,True,False,"Multiple cross-site scripting (XSS) vulnerabilities in D-Link DSL-2760U Gateway (Rev. E1) allow remote authenticated users to inject arbitrary web script or HTML via the (1) ntpServer1 parameter to sntpcfg.cgi, username parameter to (2) ddnsmngr.cmd or (3) todmngr.tod, (4) TodUrlAdd parameter to urlfilter.cmd, (5) appName parameter to scprttrg.cmd, (6) fltName in an add action or (7) rmLst parameter in a remove action to scoutflt.cmd, (8) groupName parameter to portmapcfg.cmd, (9) snmpRoCommunity parameter to snmpconfig.cgi, (10) fltName parameter to scinflt.cmd, (11) PolicyName in an add action or (12) rmLst parameter in a remove action to prmngr.cmd, (13) ippName parameter to ippcfg.cmd, (14) smbNetBiosName or (15) smbDirName parameter to samba.cgi, or (16) wlSsid parameter to wlcfg.wl.",5.4,MEDIUM,CVSS:3.1/AV:N/AC:L/PR:L/UI:R/S:C/C:L/I:L/A:N,2.3,2.7,3.5,LOW,AV:N/AC:M/Au:S/C:N/I:P/A:N,6.8,2.9,CWE-79,2,cpe:2.3:o:dlink:dsl-2760u_firmware:*:*:*:*:*:*:*:* | cpe:2.3:h:dlink:dsl-2760u:e1:*:*:*:*:*:*:*
CVE-2013-5528,NUCLEI,False,True,"Directory traversal vulnerability in the Tomcat administrative web interface in Cisco Unified Communications Manager allows remote authenticated users to read arbitrary files via directory traversal sequences in an unspecified input string, aka Bug ID CSCui78815.",,,,,,4.0,MEDIUM,AV:N/AC:L/Au:S/C:P/I:N/A:N,8.0,2.9,CWE-22,1,cpe:2.3:a:cisco:unified_communications_manager:*:*:*:*:*:*:*:*
CVE-2013-5979,NUCLEI,False,True,Directory traversal vulnerability in Spring Signage Xibo 1.2.x before 1.2.3 and 1.4.x before 1.4.2 allows remote attackers to read arbitrary files via a .. (dot dot) in the p parameter to index.php.,,,,,,5.0,MEDIUM,AV:N/AC:L/Au:N/C:P/I:N/A:N,10.0,2.9,CWE-22,8,cpe:2.3:a:xibosignage:xibo:1.2.0:*:*:*:*:*:*:* | cpe:2.3:a:xibosignage:xibo:1.2.0:rc1:*:*:*:*:*:* | cpe:2.3:a:xibosignage:xibo:1.2.0:rc2:*:*:*:*:*:* | cpe:2.3:a:xibosignage:xibo:1.2.1:*:*:*:*:*:*:* | cpe:2.3:a:xibosignage:xibo:1.2.2:*:*:*:*:*:*:* | cpe:2.3:a:xibosignage:xibo:1.4.0:*:*:*:*:*:*:* | cpe:2.3:a:xibosignage:xibo:1.4.0:rc1:*:*:*:*:*:* | cpe:2.3:a:xibosignage:xibo:1.4.1:*:*:*:*:*:*:*
CVE-2013-6281,NUCLEI,False,True,"Cross-site scripting (XSS) vulnerability in codebase/spreadsheet.php in the Spreadsheet (dhtmlxSpreadsheet) plugin 2.0 for WordPress allows remote attackers to inject arbitrary web script or HTML via the ""page"" parameter.",,,,,,4.3,MEDIUM,AV:N/AC:M/Au:N/C:N/I:P/A:N,8.6,2.9,CWE-79,1,cpe:2.3:a:dhtmlx:dhtmlxspreadsheet:2.0:-:*:*:*:wordpress:*:*
CVE-2013-6282,CISA,True,False,"The (1) get_user and (2) put_user API functions in the Linux kernel before 3.5.5 on the v6k and v7 ARM platforms do not validate certain addresses, which allows attackers to read or modify the contents of arbitrary kernel memory locations via a crafted application, as exploited in the wild against Android devices in October and November 2013.",8.8,HIGH,CVSS:3.1/AV:N/AC:L/PR:L/UI:N/S:U/C:H/I:H/A:H,2.8,5.9,7.2,HIGH,AV:L/AC:L/Au:N/C:C/I:C/A:C,3.9,10.0,CWE-20,1,cpe:2.3:o:linux:linux_kernel:*:*:*:*:*:*:*:*
CVE-2013-7091,NUCLEI,False,True,"Directory traversal vulnerability in /res/I18nMsg,AjxMsg,ZMsg,ZmMsg,AjxKeys,ZmKeys,ZdMsg,Ajx%20TemplateMsg.js.zgz in Zimbra 7.2.2 and 8.0.2 allows remote attackers to read arbitrary files via a ..  (dot dot) in the skin parameter.  NOTE: this can be leveraged to execute arbitrary code by obtaining LDAP credentials and accessing the service/admin/soap API.",,,,,,5.0,MEDIUM,AV:N/AC:L/Au:N/C:P/I:N/A:N,10.0,2.9,CWE-22,16,cpe:2.3:a:synacor:zimbra_collaboration_suite:6.0.0:*:*:*:*:*:*:* | cpe:2.3:a:synacor:zimbra_collaboration_suite:6.0.1:*:*:*:*:*:*:* | cpe:2.3:a:synacor:zimbra_collaboration_suite:6.0.2:*:*:*:*:*:*:* | cpe:2.3:a:synacor:zimbra_collaboration_suite:6.0.3:*:*:*:*:*:*:* | cpe:2.3:a:synacor:zimbra_collaboration_suite:6.0.4:*:*:*:*:*:*:* | cpe:2.3:a:synacor:zimbra_collaboration_suite:6.0.5:*:*:*:*:*:*:* | cpe:2.3:a:synacor:zimbra_collaboration_suite:6.0.6:*:*:*:*:*:*:* | cpe:2.3:a:synacor:zimbra_collaboration_suite:6.0.7:*:*:*:*:*:*:* | cpe:2.3:a:synacor:zimbra_collaboration_suite:6.0.8:*:*:*:*:*:*:* | cpe:2.3:a:synacor:zimbra_collaboration_suite:6.0.9:*:*:*:*:*:*:*
CVE-2013-7240,NUCLEI,False,True,Directory traversal vulnerability in download-file.php in the Advanced Dewplayer plugin 1.2 for WordPress allows remote attackers to read arbitrary files via a .. (dot dot) in the dew_file parameter.,,,,,,5.0,MEDIUM,AV:N/AC:L/Au:N/C:P/I:N/A:N,10.0,2.9,CWE-22,2,cpe:2.3:a:westerndeal:advanced_dewplayer:1.2:*:*:*:*:*:*:* | cpe:2.3:a:wordpress:wordpress:-:*:*:*:*:*:*:*
CVE-2013-7285,NUCLEI,False,True,"Xstream API versions up to 1.4.6 and version 1.4.10, if the security framework has not been initialized, may allow a remote attacker to run arbitrary shell commands by manipulating the processed input stream when unmarshaling XML or any supported format. e.g. JSON.",9.8,CRITICAL,CVSS:3.1/AV:N/AC:L/PR:N/UI:N/S:U/C:H/I:H/A:H,3.9,5.9,7.5,HIGH,AV:N/AC:L/Au:N/C:P/I:P/A:P,10.0,6.4,CWE-78,4,cpe:2.3:a:oracle:endeca_information_discovery_studio:3.2.0:*:*:*:*:*:*:* | cpe:2.3:a:apache:activemq:5.15.8:*:*:*:*:*:*:* | cpe:2.3:a:xstream:xstream:*:*:*:*:*:*:*:* | cpe:2.3:a:xstream:xstream:1.4.10:*:*:*:*:*:*:*
CVE-2013-7331,CISA,True,False,"The Microsoft.XMLDOM ActiveX control in Microsoft Windows 8.1 and earlier allows remote attackers to determine the existence of local pathnames, UNC share pathnames, intranet hostnames, and intranet IP addresses by examining error codes, as demonstrated by a res:// URL, and exploited in the wild in February 2014.",6.5,MEDIUM,CVSS:3.1/AV:N/AC:L/PR:N/UI:N/S:U/C:L/I:N/A:L,3.9,2.5,4.3,MEDIUM,AV:N/AC:M/Au:N/C:P/I:N/A:N,8.6,2.9,CWE-209,18,cpe:2.3:a:microsoft:internet_explorer:6:*:*:*:*:*:*:* | cpe:2.3:o:microsoft:windows_server_2003:-:sp2:*:*:*:*:*:* | cpe:2.3:a:microsoft:internet_explorer:7:*:*:*:*:*:*:* | cpe:2.3:o:microsoft:windows_server_2008:-:sp2:*:*:*:*:*:* | cpe:2.3:o:microsoft:windows_vista:-:sp2:*:*:*:*:*:* | cpe:2.3:a:microsoft:internet_explorer:8:*:*:*:*:*:*:* | cpe:2.3:o:microsoft:windows_7:-:sp1:*:*:*:*:*:* | cpe:2.3:o:microsoft:windows_server_2008:r2:sp1:*:*:*:*:itanium:* | cpe:2.3:o:microsoft:windows_server_2008:r2:sp1:*:*:*:*:x64:* | cpe:2.3:a:microsoft:internet_explorer:9:*:*:*:*:*:*:*
CVE-2014-0130,CISA,True,False,"Directory traversal vulnerability in actionpack/lib/abstract_controller/base.rb in the implicit-render implementation in Ruby on Rails before 3.2.18, 4.0.x before 4.0.5, and 4.1.x before 4.1.1, when certain route globbing configurations are enabled, allows remote attackers to read arbitrary files via a crafted request.",7.5,HIGH,CVSS:3.1/AV:N/AC:L/PR:N/UI:N/S:U/C:H/I:N/A:N,3.9,3.6,4.3,MEDIUM,AV:N/AC:M/Au:N/C:P/I:N/A:N,8.6,2.9,CWE-22,3,cpe:2.3:a:redhat:subscription_asset_manager:*:*:*:*:*:*:*:* | cpe:2.3:o:redhat:enterprise_linux_server:6.0:*:*:*:*:*:*:* | cpe:2.3:a:rubyonrails:rails:*:*:*:*:*:*:*:*
CVE-2014-0160,CISA,True,False,"The (1) TLS and (2) DTLS implementations in OpenSSL 1.0.1 before 1.0.1g do not properly handle Heartbeat Extension packets, which allows remote attackers to obtain sensitive information from process memory via crafted packets that trigger a buffer over-read, as demonstrated by reading private keys, related to d1_both.c and t1_lib.c, aka the Heartbleed bug.",7.5,HIGH,CVSS:3.1/AV:N/AC:L/PR:N/UI:N/S:U/C:H/I:N/A:N,3.9,3.6,5.0,MEDIUM,AV:N/AC:L/Au:N/C:P/I:N/A:N,10.0,2.9,CWE-125,54,cpe:2.3:a:openssl:openssl:*:*:*:*:*:*:*:* | cpe:2.3:a:filezilla-project:filezilla_server:*:*:*:*:*:*:*:* | cpe:2.3:o:siemens:application_processing_engine_firmware:2.0:*:*:*:*:*:*:* | cpe:2.3:h:siemens:application_processing_engine:-:*:*:*:*:*:*:* | cpe:2.3:o:siemens:cp_1543-1_firmware:1.1:*:*:*:*:*:*:* | cpe:2.3:h:siemens:cp_1543-1:-:*:*:*:*:*:*:* | cpe:2.3:o:siemens:simatic_s7-1500_firmware:1.5:*:*:*:*:*:*:* | cpe:2.3:h:siemens:simatic_s7-1500:-:*:*:*:*:*:*:* | cpe:2.3:o:siemens:simatic_s7-1500t_firmware:1.5:*:*:*:*:*:*:* | cpe:2.3:h:siemens:simatic_s7-1500t:-:*:*:*:*:*:*:*
CVE-2014-0196,CISA,True,False,"The n_tty_write function in drivers/tty/n_tty.c in the Linux kernel through 3.14.3 does not properly manage tty driver access in the ""LECHO & !OPOST"" case, which allows local users to cause a denial of service (memory corruption and system crash) or gain privileges by triggering a race condition involving read and write operations with long strings.",5.5,MEDIUM,CVSS:3.1/AV:L/AC:L/PR:L/UI:N/S:U/C:N/I:N/A:H,1.8,3.6,6.9,MEDIUM,AV:L/AC:M/Au:N/C:C/I:C/A:C,3.4,10.0,CWE-362,46,cpe:2.3:o:linux:linux_kernel:*:*:*:*:*:*:*:* | cpe:2.3:o:linux:linux_kernel:2.6.31:-:*:*:*:*:*:* | cpe:2.3:o:linux:linux_kernel:2.6.31:rc3:*:*:*:*:*:* | cpe:2.3:o:linux:linux_kernel:2.6.31:rc4:*:*:*:*:*:* | cpe:2.3:o:linux:linux_kernel:2.6.31:rc5:*:*:*:*:*:* | cpe:2.3:o:linux:linux_kernel:2.6.31:rc6:*:*:*:*:*:* | cpe:2.3:o:linux:linux_kernel:2.6.31:rc7:*:*:*:*:*:* | cpe:2.3:o:linux:linux_kernel:2.6.31:rc8:*:*:*:*:*:* | cpe:2.3:o:linux:linux_kernel:2.6.31:rc9:*:*:*:*:*:* | cpe:2.3:o:debian:debian_linux:6.0:*:*:*:*:*:*:*
CVE-2014-0322,CISA,True,False,"Use-after-free vulnerability in Microsoft Internet Explorer 9 and 10 allows remote attackers to execute arbitrary code via vectors involving crafted JavaScript code, CMarkup, and the onpropertychange attribute of a script element, as exploited in the wild in January and February 2014.",8.8,HIGH,CVSS:3.1/AV:N/AC:L/PR:N/UI:R/S:U/C:H/I:H/A:H,2.8,5.9,9.3,HIGH,AV:N/AC:M/Au:N/C:C/I:C/A:C,8.6,10.0,CWE-416,9,cpe:2.3:a:microsoft:internet_explorer:9:*:*:*:*:*:*:* | cpe:2.3:o:microsoft:windows_7:-:*:*:*:*:*:*:* | cpe:2.3:o:microsoft:windows_server_2008:-:*:*:*:*:*:*:* | cpe:2.3:o:microsoft:windows_server_2008:r2:*:*:*:*:*:*:* | cpe:2.3:o:microsoft:windows_vista:-:*:*:*:*:*:*:* | cpe:2.3:a:microsoft:internet_explorer:10:*:*:*:*:*:*:* | cpe:2.3:o:microsoft:windows_8:-:*:*:*:*:*:*:* | cpe:2.3:o:microsoft:windows_rt:-:*:*:*:*:*:*:* | cpe:2.3:o:microsoft:windows_server_2012:-:*:*:*:*:*:*:*
CVE-2014-0496,CISA,True,False,Use-after-free vulnerability in Adobe Reader and Acrobat 10.x before 10.1.9 and 11.x before 11.0.06 on Windows and Mac OS X allows attackers to execute arbitrary code via unspecified vectors.,8.8,HIGH,CVSS:3.1/AV:N/AC:L/PR:N/UI:R/S:U/C:H/I:H/A:H,2.8,5.9,10.0,HIGH,AV:N/AC:L/Au:N/C:C/I:C/A:C,10.0,10.0,CWE-416,3,cpe:2.3:a:adobe:acrobat:*:*:*:*:*:*:*:* | cpe:2.3:o:apple:mac_os_x:*:*:*:*:*:*:*:* | cpe:2.3:o:microsoft:windows:*:*:*:*:*:*:*:*
CVE-2014-0497,CISA,True,False,"Integer underflow in Adobe Flash Player before 11.7.700.261 and 11.8.x through 12.0.x before 12.0.0.44 on Windows and Mac OS X, and before 11.2.202.336 on Linux, allows remote attackers to execute arbitrary code via unspecified vectors.",9.8,CRITICAL,CVSS:3.1/AV:N/AC:L/PR:N/UI:N/S:U/C:H/I:H/A:H,3.9,5.9,10.0,HIGH,AV:N/AC:L/Au:N/C:C/I:C/A:C,10.0,10.0,CWE-191,21,cpe:2.3:a:adobe:flash_player:*:*:*:*:*:*:*:* | cpe:2.3:o:linux:linux_kernel:*:*:*:*:*:*:*:* | cpe:2.3:o:apple:mac_os_x:*:*:*:*:*:*:*:* | cpe:2.3:o:microsoft:windows:-:*:*:*:*:*:*:* | cpe:2.3:a:google:chrome:*:*:*:*:*:*:*:* | cpe:2.3:o:apple:macos:-:*:*:*:*:*:*:* | cpe:2.3:o:google:chrome_os:-:*:*:*:*:*:*:* | cpe:2.3:o:linux:linux_kernel:-:*:*:*:*:*:*:* | cpe:2.3:o:redhat:enterprise_linux_desktop:5.0:*:*:*:*:*:*:* | cpe:2.3:o:redhat:enterprise_linux_desktop:6.0:*:*:*:*:*:*:*
CVE-2014-0502,CISA,True,False,"Double free vulnerability in Adobe Flash Player before 11.7.700.269 and 11.8.x through 12.0.x before 12.0.0.70 on Windows and Mac OS X and before 11.2.202.341 on Linux, Adobe AIR before 4.0.0.1628 on Android, Adobe AIR SDK before 4.0.0.1628, and Adobe AIR SDK & Compiler before 4.0.0.1628 allows remote attackers to execute arbitrary code via unspecified vectors, as exploited in the wild in February 2014.",8.8,HIGH,CVSS:3.1/AV:N/AC:L/PR:N/UI:R/S:U/C:H/I:H/A:H,2.8,5.9,10.0,HIGH,AV:N/AC:L/Au:N/C:C/I:C/A:C,10.0,10.0,CWE-415,19,cpe:2.3:a:adobe:flash_player:*:*:*:*:*:*:*:* | cpe:2.3:o:apple:mac_os_x:-:*:*:*:*:*:*:* | cpe:2.3:o:microsoft:windows:-:*:*:*:*:*:*:* | cpe:2.3:a:adobe:adobe_air_sdk:*:*:*:*:*:*:*:* | cpe:2.3:o:linux:linux_kernel:-:*:*:*:*:*:*:* | cpe:2.3:a:adobe:adobe_air:*:*:*:*:*:*:*:* | cpe:2.3:o:google:android:-:*:*:*:*:*:*:* | cpe:2.3:o:opensuse:opensuse:11.4:*:*:*:*:*:*:* | cpe:2.3:o:opensuse:opensuse:12.3:*:*:*:*:*:*:* | cpe:2.3:o:opensuse:opensuse:13.1:*:*:*:*:*:*:*
CVE-2014-0546,CISA,True,False,"Adobe Reader and Acrobat 10.x before 10.1.11 and 11.x before 11.0.08 on Windows allow attackers to bypass a sandbox protection mechanism, and consequently execute native code in a privileged context, via unspecified vectors.",9.8,CRITICAL,CVSS:3.1/AV:N/AC:L/PR:N/UI:N/S:U/C:H/I:H/A:H,3.9,5.9,10.0,HIGH,AV:N/AC:L/Au:N/C:C/I:C/A:C,10.0,10.0,NVD-CWE-noinfo,3,cpe:2.3:a:adobe:acrobat:*:*:*:*:*:*:*:* | cpe:2.3:a:adobe:acrobat_reader:*:*:*:*:*:*:*:* | cpe:2.3:o:microsoft:windows:*:*:*:*:*:*:*:*
CVE-2014-0780,CISA,True,False,"Directory traversal vulnerability in NTWebServer in InduSoft Web Studio 7.1 before SP2 Patch 4 allows remote attackers to read administrative passwords in APP files, and consequently execute arbitrary code, via unspecified web requests.",9.8,CRITICAL,CVSS:3.1/AV:N/AC:L/PR:N/UI:N/S:U/C:H/I:H/A:H,3.9,5.9,7.5,HIGH,AV:N/AC:L/Au:N/C:P/I:P/A:P,10.0,6.4,CWE-22,3,cpe:2.3:a:indusoft:web_studio:7.1:-:*:*:*:*:*:* | cpe:2.3:a:indusoft:web_studio:7.1:sp1:*:*:*:*:*:* | cpe:2.3:a:indusoft:web_studio:7.1:sp2:*:*:*:*:*:*
CVE-2014-100004,NUCLEI,False,True,Cross-site scripting (XSS) vulnerability in Sitecore CMS before 7.0 Update-4 (rev. 140120) allows remote attackers to inject arbitrary web script or HTML via the xmlcontrol parameter to the default URI.  NOTE: some of these details are obtained from third party information.,,,,,,4.3,MEDIUM,AV:N/AC:M/Au:N/C:N/I:P/A:N,8.6,2.9,CWE-79,1,cpe:2.3:a:sitecore:cms:*:3:*:*:*:*:*:*
CVE-2014-100005,CISA,True,False,"Multiple cross-site request forgery (CSRF) vulnerabilities in D-Link DIR-600 router (rev. Bx) with firmware before 2.17b02 allow remote attackers to hijack the authentication of administrators for requests that (1) create an administrator account or (2) enable remote management via a crafted configuration module to hedwig.cgi, (3) activate new configuration settings via a SETCFG,SAVE,ACTIVATE action to pigwidgeon.cgi, or (4) send a ping via a ping action to diagnostic.php.",8.0,HIGH,CVSS:3.1/AV:A/AC:L/PR:L/UI:N/S:U/C:H/I:H/A:H,2.1,5.9,6.8,MEDIUM,AV:N/AC:M/Au:N/C:P/I:P/A:P,8.6,6.4,CWE-352,2,cpe:2.3:o:dlink:dir-600_firmware:*:*:*:*:*:*:*:* | cpe:2.3:h:dlink:dir-600:-:*:*:*:*:*:*:*
CVE-2014-10037,NUCLEI,False,True,Directory traversal vulnerability in DomPHP 0.83 and earlier allows remote attackers to have unspecified impact via a .. (dot dot) in the url parameter to photoalbum/index.php.,,,,,,7.5,HIGH,AV:N/AC:L/Au:N/C:P/I:P/A:P,10.0,6.4,CWE-22,1,cpe:2.3:a:domphp:domphp:*:*:*:*:*:*:*:*
CVE-2014-1203,NUCLEI,False,True,The get_login_ip_config_file function in Eyou Mail System before 3.6 allows remote attackers to execute arbitrary commands via shell metacharacters in the domain parameter to admin/domain/ip_login_set/d_ip_login_get.php.,9.8,CRITICAL,CVSS:3.1/AV:N/AC:L/PR:N/UI:N/S:U/C:H/I:H/A:H,3.9,5.9,7.5,HIGH,AV:N/AC:L/Au:N/C:P/I:P/A:P,10.0,6.4,CWE-77,1,cpe:2.3:a:eyou:eyou:*:*:*:*:*:*:*:*
CVE-2014-1761,CISA,True,False,"Microsoft Word 2003 SP3, 2007 SP3, 2010 SP1 and SP2, 2013, and 2013 RT; Word Viewer; Office Compatibility Pack SP3; Office for Mac 2011; Word Automation Services on SharePoint Server 2010 SP1 and SP2 and 2013; Office Web Apps 2010 SP1 and SP2; and Office Web Apps Server 2013 allow remote attackers to execute arbitrary code or cause a denial of service (memory corruption) via crafted RTF data, as exploited in the wild in March 2014.",7.8,HIGH,CVSS:3.1/AV:L/AC:L/PR:N/UI:R/S:U/C:H/I:H/A:H,1.8,5.9,9.3,HIGH,AV:N/AC:M/Au:N/C:C/I:C/A:C,8.6,10.0,CWE-787,17,cpe:2.3:a:microsoft:office:2011:*:*:*:*:macos:*:* | cpe:2.3:a:microsoft:office_compatibility_pack:-:sp3:*:*:*:*:*:* | cpe:2.3:a:microsoft:office_web_apps:2010:sp1:*:*:*:*:*:* | cpe:2.3:a:microsoft:office_web_apps:2010:sp2:*:*:*:*:*:* | cpe:2.3:a:microsoft:office_web_apps_server:2013:*:*:*:*:*:*:* | cpe:2.3:a:microsoft:sharepoint_server:2010:sp1:*:*:*:*:*:* | cpe:2.3:a:microsoft:sharepoint_server:2010:sp2:*:*:*:*:*:* | cpe:2.3:a:microsoft:sharepoint_server:2013:*:*:*:*:*:*:* | cpe:2.3:a:microsoft:word:2003:sp3:*:*:*:*:*:* | cpe:2.3:a:microsoft:word:2007:sp3:*:*:*:*:*:*
CVE-2014-1776,CISA,True,False,"Use-after-free vulnerability in Microsoft Internet Explorer 6 through 11 allows remote attackers to execute arbitrary code or cause a denial of service (memory corruption) via vectors related to the CMarkup::IsConnectedToPrimaryMarkup function, as exploited in the wild in April 2014.  NOTE: this issue originally emphasized VGX.DLL, but Microsoft clarified that ""VGX.DLL does not contain the vulnerable code leveraged in this exploit. Disabling VGX.DLL is an exploit-specific workaround that provides an immediate, effective workaround to help block known attacks.""",9.8,CRITICAL,CVSS:3.1/AV:N/AC:L/PR:N/UI:N/S:U/C:H/I:H/A:H,3.9,5.9,10.0,HIGH,AV:N/AC:L/Au:N/C:C/I:C/A:C,10.0,10.0,CWE-416,20,cpe:2.3:a:microsoft:internet_explorer:6:*:*:*:*:*:*:* | cpe:2.3:o:microsoft:windows_server_2003:-:sp2:*:*:*:*:*:* | cpe:2.3:o:microsoft:windows_xp:-:sp2:*:*:professional:*:-:* | cpe:2.3:o:microsoft:windows_xp:-:sp3:*:*:*:*:*:* | cpe:2.3:a:microsoft:internet_explorer:7:*:*:*:*:*:*:* | cpe:2.3:o:microsoft:windows_server_2008:-:sp2:*:*:*:*:*:* | cpe:2.3:o:microsoft:windows_vista:-:sp2:*:*:*:*:*:* | cpe:2.3:a:microsoft:internet_explorer:8:*:*:*:*:*:*:* | cpe:2.3:o:microsoft:windows_7:-:sp1:*:*:*:*:*:* | cpe:2.3:o:microsoft:windows_server_2008:r2:sp1:*:*:*:*:*:*
CVE-2014-1812,CISA,True,False,"The Group Policy implementation in Microsoft Windows Vista SP2, Windows Server 2008 SP2 and R2 SP1, Windows 7 SP1, Windows 8, Windows 8.1, and Windows Server 2012 Gold and R2 does not properly handle distribution of passwords, which allows remote authenticated users to obtain sensitive credential information and consequently gain privileges by leveraging access to the SYSVOL share, as exploited in the wild in May 2014, aka ""Group Policy Preferences Password Elevation of Privilege Vulnerability.""",8.8,HIGH,CVSS:3.1/AV:N/AC:L/PR:L/UI:N/S:U/C:H/I:H/A:H,2.8,5.9,9.0,HIGH,AV:N/AC:L/Au:S/C:C/I:C/A:C,8.0,10.0,CWE-255 | CWE-522,9,cpe:2.3:o:microsoft:windows_7:-:sp1:*:*:*:*:*:* | cpe:2.3:o:microsoft:windows_8:-:*:*:*:*:*:*:* | cpe:2.3:o:microsoft:windows_8.1:-:*:*:*:*:*:*:* | cpe:2.3:o:microsoft:windows_server_2008:-:sp2:*:*:*:*:*:* | cpe:2.3:o:microsoft:windows_server_2008:r2:sp1:*:*:*:*:itanium:* | cpe:2.3:o:microsoft:windows_server_2008:r2:sp1:*:*:*:*:x64:* | cpe:2.3:o:microsoft:windows_server_2012:-:*:*:*:*:*:*:* | cpe:2.3:o:microsoft:windows_server_2012:r2:*:*:*:*:*:*:* | cpe:2.3:o:microsoft:windows_vista:-:sp2:*:*:*:*:*:*
CVE-2014-1841,NUCLEI,False,True,Directory traversal vulnerability in the web interface in Titan FTP Server before 10.40 build 1829 allows remote attackers to copy an arbitrary user's home folder via a Move action with a .. (dot dot) in the src parameter.,,,,,,5.0,MEDIUM,AV:N/AC:L/Au:N/C:P/I:N/A:N,10.0,2.9,CWE-22,4,cpe:2.3:a:southrivertech:titan_ftp_server:*:*:*:*:*:*:*:* | cpe:2.3:a:southrivertech:titan_ftp_server:10.0.1733:*:*:*:*:*:*:* | cpe:2.3:a:southrivertech:titan_ftp_server:10.01.1740:*:*:*:*:*:*:* | cpe:2.3:a:southrivertech:titan_ftp_server:10.30:*:*:*:*:*:*:*
CVE-2014-1842,NUCLEI,False,True,Directory traversal vulnerability in the web interface in Titan FTP Server before 10.40 build 1829 allows remote attackers to list all usernames via a Go action with a .. (dot dot) in the search-bar value.,,,,,,5.0,MEDIUM,AV:N/AC:L/Au:N/C:P/I:N/A:N,10.0,2.9,CWE-22,4,cpe:2.3:a:southrivertech:titan_ftp_server:*:*:*:*:*:*:*:* | cpe:2.3:a:southrivertech:titan_ftp_server:10.0.1733:*:*:*:*:*:*:* | cpe:2.3:a:southrivertech:titan_ftp_server:10.01.1740:*:*:*:*:*:*:* | cpe:2.3:a:southrivertech:titan_ftp_server:10.30:*:*:*:*:*:*:*
CVE-2014-1843,NUCLEI,False,True,Directory traversal vulnerability in the web interface in Titan FTP Server before 10.40 build 1829 allows remote attackers to obtain the property information of an arbitrary home folder via a Properties action with a .. (dot dot) in the src parameter.,,,,,,5.0,MEDIUM,AV:N/AC:L/Au:N/C:P/I:N/A:N,10.0,2.9,CWE-22,4,cpe:2.3:a:southrivertech:titan_ftp_server:*:*:*:*:*:*:*:* | cpe:2.3:a:southrivertech:titan_ftp_server:10.0.1733:*:*:*:*:*:*:* | cpe:2.3:a:southrivertech:titan_ftp_server:10.01.1740:*:*:*:*:*:*:* | cpe:2.3:a:southrivertech:titan_ftp_server:10.30:*:*:*:*:*:*:*
CVE-2014-2120,CISA,True,False,"Cross-site scripting (XSS) vulnerability in the WebVPN login page in Cisco Adaptive Security Appliance (ASA) Software allows remote attackers to inject arbitrary web script or HTML via an unspecified parameter, aka Bug ID CSCun19025.",6.1,MEDIUM,CVSS:3.1/AV:N/AC:L/PR:N/UI:R/S:C/C:L/I:L/A:N,2.8,2.7,4.3,MEDIUM,AV:N/AC:M/Au:N/C:N/I:P/A:N,8.6,2.9,CWE-79,1,cpe:2.3:o:cisco:adaptive_security_appliance_software:-:*:*:*:*:*:*:*
CVE-2014-2321,NUCLEI,False,True,"web_shell_cmd.gch on ZTE F460 and F660 cable modems allows remote attackers to obtain administrative access via sendcmd requests, as demonstrated by using ""set TelnetCfg"" commands to enable a TELNET service with specified credentials.",,,,,,10.0,HIGH,AV:N/AC:L/Au:N/C:C/I:C/A:C,10.0,10.0,CWE-264,2,cpe:2.3:h:zte:f460:-:*:*:*:*:*:*:* | cpe:2.3:h:zte:f660:-:*:*:*:*:*:*:*
CVE-2014-2323,NUCLEI,False,True,"SQL injection vulnerability in mod_mysql_vhost.c in lighttpd before 1.4.35 allows remote attackers to execute arbitrary SQL commands via the host name, related to request_check_hostname.",9.8,CRITICAL,CVSS:3.1/AV:N/AC:L/PR:N/UI:N/S:U/C:H/I:H/A:H,3.9,5.9,7.5,HIGH,AV:N/AC:L/Au:N/C:P/I:P/A:P,10.0,6.4,CWE-89,9,cpe:2.3:a:lighttpd:lighttpd:*:*:*:*:*:*:*:* | cpe:2.3:o:debian:debian_linux:6.0:*:*:*:*:*:*:* | cpe:2.3:o:debian:debian_linux:7.0:*:*:*:*:*:*:* | cpe:2.3:o:debian:debian_linux:8.0:*:*:*:*:*:*:* | cpe:2.3:o:opensuse:opensuse:11.4:*:*:*:*:*:*:* | cpe:2.3:o:opensuse:opensuse:12.3:*:*:*:*:*:*:* | cpe:2.3:o:opensuse:opensuse:13.1:*:*:*:*:*:*:* | cpe:2.3:o:suse:linux_enterprise_high_availability_extension:11:sp3:*:*:*:*:*:* | cpe:2.3:o:suse:linux_enterprise_software_development_kit:11:sp3:*:*:*:*:*:*
CVE-2014-2383,NUCLEI,False,True,"dompdf.php in dompdf before 0.6.1, when DOMPDF_ENABLE_PHP is enabled, allows context-dependent attackers to bypass chroot protections and read arbitrary files via a PHP protocol and wrappers in the input_file parameter, as demonstrated by a php://filter/read=convert.base64-encode/resource in the input_file parameter.",,,,,,6.8,MEDIUM,AV:N/AC:M/Au:N/C:P/I:P/A:P,8.6,6.4,CWE-200,1,cpe:2.3:a:dompdf:dompdf:*:beta3:*:*:*:*:*:*
CVE-2014-2817,CISA,True,False,"Microsoft Internet Explorer 6 through 11 allows remote attackers to gain privileges via a crafted web site, aka ""Internet Explorer Elevation of Privilege Vulnerability.""",8.8,HIGH,CVSS:3.1/AV:N/AC:L/PR:N/UI:R/S:U/C:H/I:H/A:H,2.8,5.9,6.8,MEDIUM,AV:N/AC:M/Au:N/C:P/I:P/A:P,8.6,6.4,NVD-CWE-noinfo,17,cpe:2.3:a:microsoft:internet_explorer:6:*:*:*:*:*:*:* | cpe:2.3:o:microsoft:windows_server_2003:-:sp2:*:*:*:*:*:* | cpe:2.3:a:microsoft:internet_explorer:7:*:*:*:*:*:*:* | cpe:2.3:o:microsoft:windows_server_2008:-:sp2:*:*:*:*:*:* | cpe:2.3:o:microsoft:windows_vista:-:sp2:*:*:*:*:*:* | cpe:2.3:a:microsoft:internet_explorer:8:*:*:*:*:*:*:* | cpe:2.3:o:microsoft:windows_7:-:sp1:*:*:*:*:*:* | cpe:2.3:o:microsoft:windows_server_2008:r2:sp1:*:*:*:*:*:* | cpe:2.3:a:microsoft:internet_explorer:9:-:*:*:*:*:*:* | cpe:2.3:a:microsoft:internet_explorer:10:*:*:*:*:*:*:*
CVE-2014-2908,NUCLEI,False,True,Cross-site scripting (XSS) vulnerability in the integrated web server on Siemens SIMATIC S7-1200 CPU devices 2.x and 3.x allows remote attackers to inject arbitrary web script or HTML via unspecified vectors.,,,,,,4.3,MEDIUM,AV:N/AC:M/Au:N/C:N/I:P/A:N,8.6,2.9,CWE-79,8,cpe:2.3:o:siemens:simatic_s7_cpu_1200_firmware:2.0:*:*:*:*:*:*:* | cpe:2.3:o:siemens:simatic_s7_cpu_1200_firmware:3.0:*:*:*:*:*:*:* | cpe:2.3:o:siemens:simatic_s7_cpu_1200_firmware:3.0.2:*:*:*:*:*:*:* | cpe:2.3:h:siemens:simatic_s7_cpu-1211c:-:*:*:*:*:*:*:* | cpe:2.3:h:siemens:simatic_s7_cpu_1212c:-:*:*:*:*:*:*:* | cpe:2.3:h:siemens:simatic_s7_cpu_1214c:-:*:*:*:*:*:*:* | cpe:2.3:h:siemens:simatic_s7_cpu_1215c:-:*:*:*:*:*:*:* | cpe:2.3:h:siemens:simatic_s7_cpu_1217c:-:*:*:*:*:*:*:*
CVE-2014-2962,NUCLEI,False,True,Absolute path traversal vulnerability in the webproc cgi module on the Belkin N150 F9K1009 v1 router with firmware before 1.00.08 allows remote attackers to read arbitrary files via a full pathname in the getpage parameter.,,,,,,7.8,HIGH,AV:N/AC:L/Au:N/C:C/I:N/A:N,10.0,6.9,CWE-22,3,cpe:2.3:o:belkin:n150_f9k1009_firmware:*:*:*:*:*:*:*:* | cpe:2.3:o:belkin:n150_f9k1009_firmware:1.00.01:*:*:*:*:*:*:* | cpe:2.3:h:belkin:n150_f9k1009:v1:*:*:*:*:*:*:*
CVE-2014-3120,CISA + NUCLEI,True,True,"The default configuration in Elasticsearch before 1.2 enables dynamic scripting, which allows remote attackers to execute arbitrary MVEL expressions and Java code via the source parameter to _search.  NOTE: this only violates the vendor's intended security policy if the user does not run Elasticsearch in its own independent virtual machine.",8.1,HIGH,CVSS:3.1/AV:N/AC:L/PR:L/UI:N/S:U/C:H/I:H/A:N,2.8,5.2,6.8,MEDIUM,AV:N/AC:M/Au:N/C:P/I:P/A:P,8.6,6.4,CWE-284,1,cpe:2.3:a:elastic:elasticsearch:*:*:*:*:*:*:*:*
CVE-2014-3153,CISA,True,False,"The futex_requeue function in kernel/futex.c in the Linux kernel through 3.14.5 does not ensure that calls have two different futex addresses, which allows local users to gain privileges via a crafted FUTEX_REQUEUE command that facilitates unsafe waiter modification.",7.8,HIGH,CVSS:3.1/AV:L/AC:L/PR:L/UI:N/S:U/C:H/I:H/A:H,1.8,5.9,7.2,HIGH,AV:L/AC:L/Au:N/C:C/I:C/A:C,3.9,10.0,NVD-CWE-noinfo,14,cpe:2.3:o:linux:linux_kernel:*:*:*:*:*:*:*:* | cpe:2.3:o:redhat:enterprise_linux_server_aus:6.2:*:*:*:*:*:*:* | cpe:2.3:o:opensuse:opensuse:11.4:*:*:*:*:*:*:* | cpe:2.3:o:suse:linux_enterprise_desktop:11:sp3:*:*:*:*:*:* | cpe:2.3:o:suse:linux_enterprise_high_availability_extension:11:sp3:*:*:*:*:*:* | cpe:2.3:o:suse:linux_enterprise_real_time_extension:11:sp3:*:*:*:*:*:* | cpe:2.3:o:suse:linux_enterprise_server:11:-:*:*:*:*:*:* | cpe:2.3:o:suse:linux_enterprise_server:11:sp2:*:*:ltss:*:*:* | cpe:2.3:o:suse:linux_enterprise_server:11:sp3:*:*:*:-:*:* | cpe:2.3:o:suse:linux_enterprise_server:11:sp3:*:*:*:vmware:*:*
CVE-2014-3206,NUCLEI,False,True,Seagate BlackArmor NAS allows remote attackers to execute arbitrary code via the session parameter to localhost/backupmgt/localJob.php or the auth_name parameter to localhost/backupmgmt/pre_connect_check.php.,,,,,,10.0,HIGH,AV:N/AC:L/Au:N/C:C/I:C/A:C,10.0,10.0,CWE-20,4,cpe:2.3:o:seagate:blackarmor_nas_220_firmware:-:*:*:*:*:*:*:* | cpe:2.3:h:seagate:blackarmor_nas_220:-:*:*:*:*:*:*:* | cpe:2.3:o:seagate:blackarmor_nas_110_firmware:-:*:*:*:*:*:*:* | cpe:2.3:h:seagate:blackarmor_nas_110:-:*:*:*:*:*:*:*
CVE-2014-3704,NUCLEI,False,True,"The expandArguments function in the database abstraction API in Drupal core 7.x before 7.32 does not properly construct prepared statements, which allows remote attackers to conduct SQL injection attacks via an array containing crafted keys.",,,,,,7.5,HIGH,AV:N/AC:L/Au:N/C:P/I:P/A:P,10.0,6.4,CWE-89,2,cpe:2.3:a:drupal:drupal:*:*:*:*:*:*:*:* | cpe:2.3:o:debian:debian_linux:7.0:*:*:*:*:*:*:*
CVE-2014-3744,NUCLEI,False,True,Directory traversal vulnerability in the st module before 0.2.5 for Node.js allows remote attackers to read arbitrary files via a %2e%2e (encoded dot dot) in an unspecified path.,,,,,,5.0,MEDIUM,AV:N/AC:L/Au:N/C:P/I:N/A:N,10.0,2.9,CWE-22,1,cpe:2.3:a:nodejs:node.js:*:*:*:*:*:*:*:*
CVE-2014-3931,CISA,True,False,fastping.c in MRLG (aka Multi-Router Looking Glass) before 5.5.0 allows remote attackers to cause an arbitrary memory write and memory corruption.,9.8,CRITICAL,CVSS:3.1/AV:N/AC:L/PR:N/UI:N/S:U/C:H/I:H/A:H,3.9,5.9,7.5,HIGH,AV:N/AC:L/Au:N/C:P/I:P/A:P,10.0,6.4,CWE-119,1,cpe:2.3:a:multi-router_looking_glass_project:multi-router_looking_glass:*:*:*:*:*:*:*:*
CVE-2014-4077,CISA,True,False,"Microsoft Windows Server 2003 SP2, Windows Vista SP2, Windows Server 2008 SP2 and R2 SP1, Windows 7 SP1, and Office 2007 SP3, when IMJPDCT.EXE (aka IME for Japanese) is installed, allow remote attackers to bypass a sandbox protection mechanism via a crafted PDF document, aka ""Microsoft IME (Japanese) Elevation of Privilege Vulnerability,"" as exploited in the wild in 2014.",7.8,HIGH,CVSS:3.1/AV:L/AC:L/PR:N/UI:R/S:U/C:H/I:H/A:H,1.8,5.9,9.3,HIGH,AV:N/AC:M/Au:N/C:C/I:C/A:C,8.6,10.0,NVD-CWE-noinfo,7,cpe:2.3:a:microsoft:office_2007_ime:sp3:*:*:ja:*:*:*:* | cpe:2.3:o:microsoft:windows_7:-:sp1:*:*:*:*:*:* | cpe:2.3:o:microsoft:windows_server_2003:-:sp2:*:*:*:*:*:* | cpe:2.3:o:microsoft:windows_server_2008:-:sp2:*:*:*:*:*:* | cpe:2.3:o:microsoft:windows_server_2008:r2:sp1:*:*:*:*:itanium:* | cpe:2.3:o:microsoft:windows_server_2008:r2:sp1:*:*:*:*:x64:* | cpe:2.3:o:microsoft:windows_vista:-:sp2:*:*:*:*:*:*
CVE-2014-4113,CISA,True,False,"win32k.sys in the kernel-mode drivers in Microsoft Windows Server 2003 SP2, Windows Vista SP2, Windows Server 2008 SP2 and R2 SP1, Windows 7 SP1, Windows 8, Windows 8.1, Windows Server 2012 Gold and R2, and Windows RT Gold and 8.1 allows local users to gain privileges via a crafted application, as exploited in the wild in October 2014, aka ""Win32k.sys Elevation of Privilege Vulnerability.""",7.8,HIGH,CVSS:3.1/AV:L/AC:L/PR:N/UI:R/S:U/C:H/I:H/A:H,1.8,5.9,7.2,HIGH,AV:L/AC:L/Au:N/C:C/I:C/A:C,3.9,10.0,NVD-CWE-noinfo,11,cpe:2.3:o:microsoft:windows_7:-:sp1:*:*:*:*:*:* | cpe:2.3:o:microsoft:windows_8:-:*:*:*:*:*:*:* | cpe:2.3:o:microsoft:windows_8.1:-:*:*:*:*:*:*:* | cpe:2.3:o:microsoft:windows_rt:-:*:*:*:*:*:*:* | cpe:2.3:o:microsoft:windows_rt_8.1:-:*:*:*:*:*:*:* | cpe:2.3:o:microsoft:windows_server_2003:-:sp2:*:*:*:*:*:* | cpe:2.3:o:microsoft:windows_server_2008:-:sp2:*:*:*:*:*:* | cpe:2.3:o:microsoft:windows_server_2008:r2:sp1:*:*:*:*:*:* | cpe:2.3:o:microsoft:windows_server_2012:-:*:*:*:*:*:*:* | cpe:2.3:o:microsoft:windows_server_2012:r2:*:*:*:*:*:*:*
CVE-2014-4114,CISA,True,False,"Microsoft Windows Vista SP2, Windows Server 2008 SP2 and R2 SP1, Windows 7 SP1, Windows 8, Windows 8.1, Windows Server 2012 Gold and R2, and Windows RT Gold and 8.1 allow remote attackers to execute arbitrary code via a crafted OLE object in an Office document, as exploited in the wild with a ""Sandworm"" attack in June through October 2014, aka ""Windows OLE Remote Code Execution Vulnerability.""",7.8,HIGH,CVSS:3.1/AV:L/AC:L/PR:N/UI:R/S:U/C:H/I:H/A:H,1.8,5.9,9.3,HIGH,AV:N/AC:M/Au:N/C:C/I:C/A:C,8.6,10.0,NVD-CWE-noinfo,10,cpe:2.3:o:microsoft:windows_7:-:sp1:*:*:*:*:*:* | cpe:2.3:o:microsoft:windows_8:-:*:*:*:*:*:*:* | cpe:2.3:o:microsoft:windows_8.1:-:*:*:*:*:*:*:* | cpe:2.3:o:microsoft:windows_rt:-:*:*:*:*:*:*:* | cpe:2.3:o:microsoft:windows_rt_8.1:-:*:*:*:*:*:*:* | cpe:2.3:o:microsoft:windows_server_2008:-:sp2:*:*:*:*:*:* | cpe:2.3:o:microsoft:windows_server_2008:r2:sp1:*:*:*:*:*:* | cpe:2.3:o:microsoft:windows_server_2012:-:gold:*:*:*:*:*:* | cpe:2.3:o:microsoft:windows_server_2012:r2:*:*:*:*:*:*:* | cpe:2.3:o:microsoft:windows_vista:-:sp2:*:*:*:*:*:*
CVE-2014-4123,CISA,True,False,"Microsoft Internet Explorer 7 through 11 allows remote attackers to gain privileges via a crafted web site, aka ""Internet Explorer Elevation of Privilege Vulnerability,"" as exploited in the wild in October 2014, a different vulnerability than CVE-2014-4124.",8.8,HIGH,CVSS:3.1/AV:N/AC:L/PR:N/UI:R/S:U/C:H/I:H/A:H,2.8,5.9,6.8,MEDIUM,AV:N/AC:M/Au:N/C:P/I:P/A:P,8.6,6.4,NVD-CWE-noinfo,17,cpe:2.3:a:microsoft:internet_explorer:7:*:*:*:*:*:*:* | cpe:2.3:o:microsoft:windows_server_2003:-:sp2:*:*:*:*:*:* | cpe:2.3:o:microsoft:windows_server_2008:-:sp2:*:*:*:*:*:* | cpe:2.3:o:microsoft:windows_vista:-:sp2:*:*:*:*:*:* | cpe:2.3:a:microsoft:internet_explorer:8:*:*:*:*:*:*:* | cpe:2.3:o:microsoft:windows_7:-:sp1:*:*:*:*:*:* | cpe:2.3:o:microsoft:windows_server_2008:r2:sp1:*:*:*:*:itanium:* | cpe:2.3:o:microsoft:windows_server_2008:r2:sp1:*:*:*:*:x64:* | cpe:2.3:a:microsoft:internet_explorer:9:*:*:*:*:*:*:* | cpe:2.3:a:microsoft:internet_explorer:10:*:*:*:*:*:*:*
CVE-2014-4148,CISA,True,False,"win32k.sys in the kernel-mode drivers in Microsoft Windows Server 2003 SP2, Windows Vista SP2, Windows Server 2008 SP2 and R2 SP1, Windows 7 SP1, Windows 8, Windows 8.1, Windows Server 2012 Gold and R2, and Windows RT Gold and 8.1 allows remote attackers to execute arbitrary code via a crafted TrueType font, as exploited in the wild in October 2014, aka ""TrueType Font Parsing Remote Code Execution Vulnerability.""",8.8,HIGH,CVSS:3.1/AV:N/AC:L/PR:N/UI:R/S:U/C:H/I:H/A:H,2.8,5.9,9.3,HIGH,AV:N/AC:M/Au:N/C:C/I:C/A:C,8.6,10.0,CWE-94,11,cpe:2.3:o:microsoft:windows_7:-:sp1:*:*:*:*:*:* | cpe:2.3:o:microsoft:windows_8:-:*:*:*:*:*:*:* | cpe:2.3:o:microsoft:windows_8.1:-:*:*:*:*:*:*:* | cpe:2.3:o:microsoft:windows_rt:-:*:*:*:*:*:*:* | cpe:2.3:o:microsoft:windows_rt_8.1:-:*:*:*:*:*:*:* | cpe:2.3:o:microsoft:windows_server_2003:-:sp2:*:*:*:*:*:* | cpe:2.3:o:microsoft:windows_server_2008:-:sp2:*:*:*:*:*:* | cpe:2.3:o:microsoft:windows_server_2008:r2:*:*:*:*:*:*:* | cpe:2.3:o:microsoft:windows_server_2012:-:*:*:*:*:*:*:* | cpe:2.3:o:microsoft:windows_server_2012:r2:*:*:*:*:*:*:*
CVE-2014-4210,NUCLEI,False,True,Unspecified vulnerability in the Oracle WebLogic Server component in Oracle Fusion Middleware 10.0.2.0 and 10.3.6.0 allows remote attackers to affect confidentiality via vectors related to WLS - Web Services.,,,,,,5.0,MEDIUM,AV:N/AC:L/Au:N/C:P/I:N/A:N,10.0,2.9,NVD-CWE-noinfo,2,cpe:2.3:a:oracle:fusion_middleware:10.0.2:*:*:*:*:*:*:* | cpe:2.3:a:oracle:fusion_middleware:10.3.6:*:*:*:*:*:*:*
CVE-2014-4404,CISA,True,False,Heap-based buffer overflow in IOHIDFamily in Apple iOS before 8 and Apple TV before 7 allows attackers to execute arbitrary code in a privileged context via an application that provides crafted key-mapping properties.,7.8,HIGH,CVSS:3.1/AV:L/AC:L/PR:N/UI:R/S:U/C:H/I:H/A:H,1.8,5.9,9.3,HIGH,AV:N/AC:M/Au:N/C:C/I:C/A:C,8.6,10.0,CWE-787,3,cpe:2.3:o:apple:iphone_os:*:*:*:*:*:*:*:* | cpe:2.3:o:apple:mac_os_x:*:*:*:*:*:*:*:* | cpe:2.3:o:apple:tvos:*:*:*:*:*:*:*:*
CVE-2014-4513,NUCLEI,False,True,"Multiple cross-site scripting (XSS) vulnerabilities in server/offline.php in the ActiveHelper LiveHelp Live Chat plugin 3.1.0 and earlier for WordPress allow remote attackers to inject arbitrary web script or HTML via the (1) MESSAGE, (2) EMAIL, or (3) NAME parameter.",,,,,,4.3,MEDIUM,AV:N/AC:M/Au:N/C:N/I:P/A:N,8.6,2.9,CWE-79,15,cpe:2.3:a:activehelper:activehelper_livehelp_live_chat:*:*:*:*:*:wordpress:*:* | cpe:2.3:a:activehelper:activehelper_livehelp_live_chat:2.6.0:*:*:*:*:wordpress:*:* | cpe:2.3:a:activehelper:activehelper_livehelp_live_chat:2.6.1:*:*:*:*:wordpress:*:* | cpe:2.3:a:activehelper:activehelper_livehelp_live_chat:2.6.2:*:*:*:*:wordpress:*:* | cpe:2.3:a:activehelper:activehelper_livehelp_live_chat:2.6.5:*:*:*:*:wordpress:*:* | cpe:2.3:a:activehelper:activehelper_livehelp_live_chat:2.6.7:*:*:*:*:wordpress:*:* | cpe:2.3:a:activehelper:activehelper_livehelp_live_chat:2.7.0:*:*:*:*:wordpress:*:* | cpe:2.3:a:activehelper:activehelper_livehelp_live_chat:2.7.3:*:*:*:*:wordpress:*:* | cpe:2.3:a:activehelper:activehelper_livehelp_live_chat:2.7.4:*:*:*:*:wordpress:*:* | cpe:2.3:a:activehelper:activehelper_livehelp_live_chat:2.7.5:*:*:*:*:wordpress:*:*
CVE-2014-4535,NUCLEI,False,True,Cross-site scripting (XSS) vulnerability in the Import Legacy Media plugin 0.1 and earlier for WordPress allows remote attackers to inject arbitrary web script or HTML via the filename parameter to getid3/demos/demo.mimeonly.php.,6.1,MEDIUM,CVSS:3.1/AV:N/AC:L/PR:N/UI:R/S:C/C:L/I:L/A:N,2.8,2.7,4.3,MEDIUM,AV:N/AC:M/Au:N/C:N/I:P/A:N,8.6,2.9,CWE-79,1,cpe:2.3:a:import_legacy_media_project:import_legacy_media:*:*:*:*:*:wordpress:*:*
CVE-2014-4536,NUCLEI,False,True,"Multiple cross-site scripting (XSS) vulnerabilities in tests/notAuto_test_ContactService_pauseCampaign.php in the Infusionsoft Gravity Forms plugin before 1.5.6 for WordPress allow remote attackers to inject arbitrary web script or HTML via the (1) go, (2) contactId, or (3) campaignId parameter.",6.1,MEDIUM,CVSS:3.1/AV:N/AC:L/PR:N/UI:R/S:C/C:L/I:L/A:N,2.8,2.7,4.3,MEDIUM,AV:N/AC:M/Au:N/C:N/I:P/A:N,8.6,2.9,CWE-79,1,cpe:2.3:a:katz:infusionsoft_gravity_forms:*:*:*:*:*:wordpress:*:*
CVE-2014-4539,NUCLEI,False,True,Cross-site scripting (XSS) vulnerability in the Movies plugin 0.6 and earlier for WordPress allows remote attackers to inject arbitrary web script or HTML via the filename parameter to getid3/demos/demo.mimeonly.php.,6.1,MEDIUM,CVSS:3.1/AV:N/AC:L/PR:N/UI:R/S:C/C:L/I:L/A:N,2.8,2.7,4.3,MEDIUM,AV:N/AC:M/Au:N/C:N/I:P/A:N,8.6,2.9,CWE-79,1,cpe:2.3:a:movies_project:movies:*:*:*:*:*:wordpress:*:*
CVE-2014-4544,NUCLEI,False,True,Cross-site scripting (XSS) vulnerability in the Podcast Channels plugin 0.20 and earlier for WordPress allows remote attackers to inject arbitrary web script or HTML via the Filename parameter to getid3/demos/demo.write.php.,6.1,MEDIUM,CVSS:3.1/AV:N/AC:L/PR:N/UI:R/S:C/C:L/I:L/A:N,2.8,2.7,4.3,MEDIUM,AV:N/AC:M/Au:N/C:N/I:P/A:N,8.6,2.9,CWE-79,1,cpe:2.3:a:podcast_channels_project:podcast_channels:*:*:*:*:*:wordpress:*:*
CVE-2014-4550,NUCLEI,False,True,Cross-site scripting (XSS) vulnerability in preview-shortcode-external.php in the Shortcode Ninja plugin 1.4 and earlier for WordPress allows remote attackers to inject arbitrary web script or HTML via the shortcode parameter.,6.1,MEDIUM,CVSS:3.1/AV:N/AC:L/PR:N/UI:R/S:C/C:L/I:L/A:N,2.8,2.7,4.3,MEDIUM,AV:N/AC:M/Au:N/C:N/I:P/A:N,8.6,2.9,CWE-79,1,cpe:2.3:a:visualshortcodes:ninja:*:*:*:*:*:wordpress:*:*
CVE-2014-4558,NUCLEI,False,True,Cross-site scripting (XSS) vulnerability in test-plugin.php in the Swipe Checkout for WooCommerce plugin 2.7.1 and earlier for WordPress allows remote attackers to inject arbitrary web script or HTML via the api_url parameter.,6.1,MEDIUM,CVSS:3.1/AV:N/AC:L/PR:N/UI:R/S:C/C:L/I:L/A:N,2.8,2.7,4.3,MEDIUM,AV:N/AC:M/Au:N/C:N/I:P/A:N,8.6,2.9,CWE-79,1,cpe:2.3:a:cybercompany:swipehq-payment-gateway-woocommerce:*:*:*:*:*:wordpress:*:*
CVE-2014-4561,NUCLEI,False,True,The ultimate-weather plugin 1.0 for WordPress has XSS,6.1,MEDIUM,CVSS:3.1/AV:N/AC:L/PR:N/UI:R/S:C/C:L/I:L/A:N,2.8,2.7,4.3,MEDIUM,AV:N/AC:M/Au:N/C:N/I:P/A:N,8.6,2.9,CWE-79,1,cpe:2.3:a:ultimate-weather_project:ultimate-weather:1.0:*:*:*:*:wordpress:*:*
CVE-2014-4577,NUCLEI,False,True,Absolute path traversal vulnerability in reviews.php in the WP AmASIN - The Amazon Affiliate Shop plugin 0.9.6 and earlier for WordPress allows remote attackers to read arbitrary files via a full pathname in the url parameter.,,,,,,5.0,MEDIUM,AV:N/AC:L/Au:N/C:P/I:N/A:N,10.0,2.9,CWE-22,1,cpe:2.3:a:websupporter:wp_amasin_-_the_amazon_affiliate_shop:*:*:*:*:*:wordpress:*:*
CVE-2014-4592,NUCLEI,False,True,Cross-site scripting (XSS) vulnerability in rss.class/scripts/magpie_debug.php in the WP-Planet plugin 0.1 and earlier for WordPress allows remote attackers to inject arbitrary web script or HTML via the url parameter.,6.1,MEDIUM,CVSS:3.1/AV:N/AC:L/PR:N/UI:R/S:C/C:L/I:L/A:N,2.8,2.7,4.3,MEDIUM,AV:N/AC:M/Au:N/C:N/I:P/A:N,8.6,2.9,CWE-79,1,cpe:2.3:a:czepol:wp-planet:*:*:*:*:*:wordpress:*:*
CVE-2014-4940,NUCLEI,False,True,Multiple directory traversal vulnerabilities in Tera Charts (tera-charts) plugin 0.1 for WordPress allow remote attackers to read arbitrary files via a .. (dot dot) in the fn parameter to (1) charts/treemap.php or (2) charts/zoomabletreemap.php.,,,,,,5.0,MEDIUM,AV:N/AC:L/Au:N/C:P/I:N/A:N,10.0,2.9,CWE-22,1,cpe:2.3:a:tera_charts_plugin_project:tera-charts:0.1:*:*:*:*:wordpress:*:*
CVE-2014-4941,NUCLEI,False,True,Absolute path traversal vulnerability in Cross-RSS (wp-cross-rss) plugin 1.7 for WordPress allows remote attackers to read arbitrary files via a full pathname in the rss parameter to proxy.php.,,,,,,5.0,MEDIUM,AV:N/AC:L/Au:N/C:P/I:N/A:N,10.0,2.9,CWE-22,1,cpe:2.3:a:cross-rss_plugin_project:wp-cross-rss:1.7:*:*:*:*:wordpress:*:*
CVE-2014-4942,NUCLEI,False,True,"The EasyCart (wp-easycart) plugin before 2.0.6 for WordPress allows remote attackers to obtain configuration information via a direct request to inc/admin/phpinfo.php, which calls the phpinfo function.",,,,,,5.0,MEDIUM,AV:N/AC:L/Au:N/C:P/I:N/A:N,10.0,2.9,CWE-200,5,cpe:2.3:a:levelfourdevelopment:wp-easycart:*:*:*:*:*:wordpress:*:* | cpe:2.3:a:levelfourdevelopment:wp-easycart:2.0.1:*:*:*:*:wordpress:*:* | cpe:2.3:a:levelfourdevelopment:wp-easycart:2.0.2:*:*:*:*:wordpress:*:* | cpe:2.3:a:levelfourdevelopment:wp-easycart:2.0.3:*:*:*:*:wordpress:*:* | cpe:2.3:a:levelfourdevelopment:wp-easycart:2.0.4:*:*:*:*:wordpress:*:*
CVE-2014-5111,NUCLEI,False,True,"Multiple directory traversal vulnerabilities in Fonality trixbox allow remote attackers to read arbitrary files via a .. (dot dot) in the lang parameter to (1) home/index.php, (2) asterisk_info/asterisk_info.php, (3) repo/repo.php, or (4) endpointcfg/endpointcfg.php in maint/modules/.",,,,,,5.0,MEDIUM,AV:N/AC:L/Au:N/C:P/I:N/A:N,10.0,2.9,CWE-22,1,cpe:2.3:a:netfortris:trixbox:-:*:*:*:*:*:*:*
CVE-2014-5181,NUCLEI,False,True,Directory traversal vulnerability in lastfm-proxy.php in the Last.fm Rotation (lastfm-rotation) plugin 1.0 for WordPress allows remote attackers to read arbitrary files via a .. (dot dot) in the snode parameter.,,,,,,5.0,MEDIUM,AV:N/AC:L/Au:N/C:P/I:N/A:N,10.0,2.9,CWE-22,1,cpe:2.3:a:last.fm_rotation_plugin_project:lastfm-rotation_plugin:1.0:*:*:*:*:wordpress:*:*
CVE-2014-5187,NUCLEI,False,True,Directory traversal vulnerability in the Tom M8te (tom-m8te) plugin 1.5.3 for WordPress allows remote attackers to read arbitrary files via the file parameter to tom-download-file.php.,,,,,,5.0,MEDIUM,AV:N/AC:L/Au:N/C:P/I:N/A:N,10.0,2.9,CWE-22,1,cpe:2.3:a:tom_m8te_plugin_project:tom-m8te_plugin:1.5.3:*:*:*:*:wordpress:*:*
CVE-2014-5258,NUCLEI,False,True,Directory traversal vulnerability in showTempFile.php in webEdition CMS before 6.3.9.0 Beta allows remote authenticated users to read arbitrary files via a .. (dot dot) in the file parameter.,,,,,,4.0,MEDIUM,AV:N/AC:L/Au:S/C:P/I:N/A:N,8.0,2.9,CWE-22,1,cpe:2.3:a:webedition:webedition_cms:*:*:*:*:*:*:*:*
CVE-2014-5368,NUCLEI,False,True,Directory traversal vulnerability in the file_get_contents function in downloadfiles/download.php in the WP Content Source Control (wp-source-control) plugin 3.0.0 and earlier for WordPress allows remote attackers to read arbitrary files via a .. (dot dot) in the path parameter.,,,,,,5.0,MEDIUM,AV:N/AC:L/Au:N/C:P/I:N/A:N,10.0,2.9,CWE-22,1,cpe:2.3:a:wp_content_source_control_project:wp_content_source_control:*:*:*:*:*:wordpress:*:*
CVE-2014-6271,CISA + NUCLEI,True,True,"GNU Bash through 4.3 processes trailing strings after function definitions in the values of environment variables, which allows remote attackers to execute arbitrary code via a crafted environment, as demonstrated by vectors involving the ForceCommand feature in OpenSSH sshd, the mod_cgi and mod_cgid modules in the Apache HTTP Server, scripts executed by unspecified DHCP clients, and other situations in which setting the environment occurs across a privilege boundary from Bash execution, aka ""ShellShock.""  NOTE: the original fix for this issue was incorrect; CVE-2014-7169 has been assigned to cover the vulnerability that is still present after the incorrect fix.",9.8,CRITICAL,CVSS:3.1/AV:N/AC:L/PR:N/UI:N/S:U/C:H/I:H/A:H,3.9,5.9,10.0,HIGH,AV:N/AC:L/Au:N/C:C/I:C/A:C,10.0,10.0,CWE-78,308,cpe:2.3:a:gnu:bash:*:*:*:*:*:*:*:* | cpe:2.3:o:arista:eos:*:*:*:*:*:*:*:* | cpe:2.3:o:oracle:linux:4:*:*:*:*:*:*:* | cpe:2.3:o:oracle:linux:5:-:*:*:*:*:*:* | cpe:2.3:o:oracle:linux:6:-:*:*:*:*:*:* | cpe:2.3:o:qnap:qts:*:*:*:*:*:*:*:* | cpe:2.3:o:qnap:qts:4.1.1:-:*:*:*:*:*:* | cpe:2.3:o:qnap:qts:4.1.1:build_0927:*:*:*:*:*:* | cpe:2.3:o:mageia:mageia:3.0:*:*:*:*:*:*:* | cpe:2.3:o:mageia:mageia:4.0:*:*:*:*:*:*:*
CVE-2014-6278,CISA,True,False,"GNU Bash through 4.3 bash43-026 does not properly parse function definitions in the values of environment variables, which allows remote attackers to execute arbitrary commands via a crafted environment, as demonstrated by vectors involving the ForceCommand feature in OpenSSH sshd, the mod_cgi and mod_cgid modules in the Apache HTTP Server, scripts executed by unspecified DHCP clients, and other situations in which setting the environment occurs across a privilege boundary from Bash execution.  NOTE: this vulnerability exists because of an incomplete fix for CVE-2014-6271, CVE-2014-7169, and CVE-2014-6277.",8.8,HIGH,CVSS:3.1/AV:N/AC:L/PR:N/UI:R/S:U/C:H/I:H/A:H,2.8,5.9,10.0,HIGH,AV:N/AC:L/Au:N/C:C/I:C/A:C,10.0,10.0,CWE-78,28,cpe:2.3:a:gnu:bash:1.14.0:*:*:*:*:*:*:* | cpe:2.3:a:gnu:bash:1.14.1:*:*:*:*:*:*:* | cpe:2.3:a:gnu:bash:1.14.2:*:*:*:*:*:*:* | cpe:2.3:a:gnu:bash:1.14.3:*:*:*:*:*:*:* | cpe:2.3:a:gnu:bash:1.14.4:*:*:*:*:*:*:* | cpe:2.3:a:gnu:bash:1.14.5:*:*:*:*:*:*:* | cpe:2.3:a:gnu:bash:1.14.6:*:*:*:*:*:*:* | cpe:2.3:a:gnu:bash:1.14.7:*:*:*:*:*:*:* | cpe:2.3:a:gnu:bash:2.0:*:*:*:*:*:*:* | cpe:2.3:a:gnu:bash:2.01:*:*:*:*:*:*:*
CVE-2014-6287,CISA + NUCLEI,True,True,The findMacroMarker function in parserLib.pas in Rejetto HTTP File Server (aks HFS or HttpFileServer) 2.3x before 2.3c allows remote attackers to execute arbitrary programs via a %00 sequence in a search action.,9.8,CRITICAL,CVSS:3.1/AV:N/AC:L/PR:N/UI:N/S:U/C:H/I:H/A:H,3.9,5.9,10.0,HIGH,AV:N/AC:L/Au:N/C:C/I:C/A:C,10.0,10.0,CWE-94,1,cpe:2.3:a:rejetto:http_file_server:*:*:*:*:*:*:*:*
CVE-2014-6308,NUCLEI,False,True,Directory traversal vulnerability in OSClass before 3.4.2 allows remote attackers to read arbitrary files via a .. (dot dot) in the file parameter in a render action to oc-admin/index.php.,,,,,,5.0,MEDIUM,AV:N/AC:L/Au:N/C:P/I:N/A:N,10.0,2.9,CWE-22,2,cpe:2.3:a:osclass:osclass:*:*:*:*:*:*:*:* | cpe:2.3:a:osclass:osclass:3.4.0:*:*:*:*:*:*:*
CVE-2014-6324,CISA,True,False,"The Kerberos Key Distribution Center (KDC) in Microsoft Windows Server 2003 SP2, Windows Vista SP2, Windows Server 2008 SP2 and R2 SP1, Windows 7 SP1, Windows 8, Windows 8.1, and Windows Server 2012 Gold and R2 allows remote authenticated domain users to obtain domain administrator privileges via a forged signature in a ticket, as exploited in the wild in November 2014, aka ""Kerberos Checksum Vulnerability.""",8.8,HIGH,CVSS:3.1/AV:N/AC:L/PR:L/UI:N/S:U/C:H/I:H/A:H,2.8,5.9,9.0,HIGH,AV:N/AC:L/Au:S/C:C/I:C/A:C,8.0,10.0,NVD-CWE-noinfo,9,cpe:2.3:o:microsoft:windows_7:-:sp1:*:*:*:*:*:* | cpe:2.3:o:microsoft:windows_8:-:*:*:*:*:*:*:* | cpe:2.3:o:microsoft:windows_8.1:-:*:*:*:*:*:*:* | cpe:2.3:o:microsoft:windows_server_2003:-:sp2:*:*:*:*:*:* | cpe:2.3:o:microsoft:windows_server_2008:-:sp2:*:*:*:*:*:* | cpe:2.3:o:microsoft:windows_server_2008:r2:sp1:*:*:*:*:itanium:* | cpe:2.3:o:microsoft:windows_server_2008:r2:sp1:*:*:*:*:x64:* | cpe:2.3:o:microsoft:windows_server_2012:-:*:*:*:*:*:*:* | cpe:2.3:o:microsoft:windows_server_2012:r2:*:*:*:*:*:*:*
CVE-2014-6332,CISA,True,False,"OleAut32.dll in OLE in Microsoft Windows Server 2003 SP2, Windows Vista SP2, Windows Server 2008 SP2 and R2 SP1, Windows 7 SP1, Windows 8, Windows 8.1, Windows Server 2012 Gold and R2, and Windows RT Gold and 8.1 allows remote attackers to execute arbitrary code via a crafted web site, as demonstrated by an array-redimensioning attempt that triggers improper handling of a size value in the SafeArrayDimen function, aka ""Windows OLE Automation Array Remote Code Execution Vulnerability.""",8.8,HIGH,CVSS:3.1/AV:N/AC:L/PR:N/UI:R/S:U/C:H/I:H/A:H,2.8,5.9,9.3,HIGH,AV:N/AC:M/Au:N/C:C/I:C/A:C,8.6,10.0,CWE-119,12,cpe:2.3:o:microsoft:windows_7:-:sp1:*:*:*:*:*:* | cpe:2.3:o:microsoft:windows_8:-:*:*:*:*:*:*:* | cpe:2.3:o:microsoft:windows_8.1:-:*:*:*:*:*:*:* | cpe:2.3:o:microsoft:windows_rt:-:*:*:*:*:*:*:* | cpe:2.3:o:microsoft:windows_rt_8.1:-:*:*:*:*:*:*:* | cpe:2.3:o:microsoft:windows_server_2003:-:sp2:*:*:*:*:*:* | cpe:2.3:o:microsoft:windows_server_2008:-:sp2:*:*:*:*:*:* | cpe:2.3:o:microsoft:windows_server_2008:r2:sp1:*:*:*:*:itanium:* | cpe:2.3:o:microsoft:windows_server_2008:r2:sp1:*:*:*:*:x64:* | cpe:2.3:o:microsoft:windows_server_2012:-:*:*:*:*:*:*:*
CVE-2014-6352,CISA,True,False,"Microsoft Windows Vista SP2, Windows Server 2008 SP2 and R2 SP1, Windows 7 SP1, Windows 8, Windows 8.1, Windows Server 2012 Gold and R2, and Windows RT Gold and 8.1 allow remote attackers to execute arbitrary code via a crafted OLE object, as exploited in the wild in October 2014 with a crafted PowerPoint document.",7.8,HIGH,CVSS:3.1/AV:L/AC:L/PR:N/UI:R/S:U/C:H/I:H/A:H,1.8,5.9,9.3,HIGH,AV:N/AC:M/Au:N/C:C/I:C/A:C,8.6,10.0,NVD-CWE-noinfo,10,cpe:2.3:o:microsoft:windows_7:-:sp1:*:*:*:*:*:* | cpe:2.3:o:microsoft:windows_8:-:*:*:*:*:*:*:* | cpe:2.3:o:microsoft:windows_8.1:-:*:*:*:*:*:*:* | cpe:2.3:o:microsoft:windows_rt:-:*:*:*:*:*:*:* | cpe:2.3:o:microsoft:windows_rt_8.1:-:*:*:*:*:*:*:* | cpe:2.3:o:microsoft:windows_server_2008:-:sp2:*:*:*:*:*:* | cpe:2.3:o:microsoft:windows_server_2008:r2:sp1:*:*:*:*:*:* | cpe:2.3:o:microsoft:windows_server_2012:-:*:*:*:*:*:*:* | cpe:2.3:o:microsoft:windows_server_2012:r2:*:*:*:*:*:*:* | cpe:2.3:o:microsoft:windows_vista:-:sp2:*:*:*:*:*:*
CVE-2014-7169,CISA,True,False,"GNU Bash through 4.3 bash43-025 processes trailing strings after certain malformed function definitions in the values of environment variables, which allows remote attackers to write to files or possibly have unknown other impact via a crafted environment, as demonstrated by vectors involving the ForceCommand feature in OpenSSH sshd, the mod_cgi and mod_cgid modules in the Apache HTTP Server, scripts executed by unspecified DHCP clients, and other situations in which setting the environment occurs across a privilege boundary from Bash execution.  NOTE: this vulnerability exists because of an incomplete fix for CVE-2014-6271.",9.8,CRITICAL,CVSS:3.1/AV:N/AC:L/PR:N/UI:N/S:U/C:H/I:H/A:H,3.9,5.9,10.0,HIGH,AV:N/AC:L/Au:N/C:C/I:C/A:C,10.0,10.0,CWE-78,308,cpe:2.3:a:gnu:bash:*:*:*:*:*:*:*:* | cpe:2.3:o:arista:eos:*:*:*:*:*:*:*:* | cpe:2.3:o:oracle:linux:4:*:*:*:*:*:*:* | cpe:2.3:o:oracle:linux:5:-:*:*:*:*:*:* | cpe:2.3:o:oracle:linux:6:-:*:*:*:*:*:* | cpe:2.3:o:qnap:qts:*:*:*:*:*:*:*:* | cpe:2.3:o:qnap:qts:4.1.1:-:*:*:*:*:*:* | cpe:2.3:o:qnap:qts:4.1.1:build_0927:*:*:*:*:*:* | cpe:2.3:o:mageia:mageia:3.0:*:*:*:*:*:*:* | cpe:2.3:o:mageia:mageia:4.0:*:*:*:*:*:*:*
CVE-2014-8361,CISA,True,False,"The miniigd SOAP service in Realtek SDK allows remote attackers to execute arbitrary code via a crafted NewInternalClient request, as exploited in the wild through 2023.",9.8,CRITICAL,CVSS:3.1/AV:N/AC:L/PR:N/UI:N/S:U/C:H/I:H/A:H,3.9,5.9,10.0,HIGH,AV:N/AC:L/Au:N/C:C/I:C/A:C,10.0,10.0,NVD-CWE-noinfo,59,cpe:2.3:o:dlink:dir-905l_firmware:*:*:*:*:*:*:*:* | cpe:2.3:h:dlink:dir-905l:a1:*:*:*:*:*:*:* | cpe:2.3:h:dlink:dir-905l:b1:*:*:*:*:*:*:* | cpe:2.3:o:dlink:dir-605l_firmware:*:*:*:*:*:*:*:* | cpe:2.3:h:dlink:dir-605l:a1:*:*:*:*:*:*:* | cpe:2.3:o:dlink:dir-600l_firmware:*:*:*:*:*:*:*:* | cpe:2.3:h:dlink:dir-600l:a1:*:*:*:*:*:*:* | cpe:2.3:o:dlink:dir-619l_firmware:*:*:*:*:*:*:*:* | cpe:2.3:h:dlink:dir-619l:a1:*:*:*:*:*:*:* | cpe:2.3:h:dlink:dir-619l:b1:*:*:*:*:*:*:*
CVE-2014-8439,CISA,True,False,"Adobe Flash Player before 13.0.0.258 and 14.x and 15.x before 15.0.0.239 on Windows and OS X and before 11.2.202.424 on Linux, Adobe AIR before 15.0.0.293, Adobe AIR SDK before 15.0.0.302, and Adobe AIR SDK & Compiler before 15.0.0.302 allow attackers to execute arbitrary code or cause a denial of service (invalid pointer dereference) via unspecified vectors.",8.8,HIGH,CVSS:3.1/AV:N/AC:L/PR:N/UI:R/S:U/C:H/I:H/A:H,2.8,5.9,10.0,HIGH,AV:N/AC:L/Au:N/C:C/I:C/A:C,10.0,10.0,CWE-119 | CWE-416,8,cpe:2.3:a:adobe:flash_player:*:*:*:*:*:*:*:* | cpe:2.3:o:linux:linux_kernel:-:*:*:*:*:*:*:* | cpe:2.3:a:adobe:air:*:*:*:*:*:*:*:* | cpe:2.3:a:adobe:air_sdk:*:*:*:*:*:*:*:* | cpe:2.3:a:adobe:air_sdk_\&_compiler:*:*:*:*:*:*:*:* | cpe:2.3:o:apple:macos:-:*:*:*:*:*:*:* | cpe:2.3:o:microsoft:windows:-:*:*:*:*:*:*:* | cpe:2.3:o:apple:mac_os_x:-:*:*:*:*:*:*:*
CVE-2014-8676,NUCLEI,False,True,Directory traversal vulnerability in the file_get_contents function in SOPlanning 1.32 and earlier allows remote attackers to determine the existence of arbitrary files via a .. (dot dot) in a URL path parameter.,,,,,,5.0,MEDIUM,AV:N/AC:L/Au:N/C:P/I:N/A:N,10.0,2.9,CWE-22,1,cpe:2.3:a:soplanning:soplanning:*:*:*:*:*:*:*:*
CVE-2014-8682,NUCLEI,False,True,"Multiple SQL injection vulnerabilities in Gogs (aka Go Git Service) 0.3.1-9 through 0.5.x before 0.5.6.1105 Beta allow remote attackers to execute arbitrary SQL commands via the q parameter to (1) api/v1/repos/search, which is not properly handled in models/repo.go, or (2) api/v1/users/search, which is not properly handled in models/user.go.",,,,,,7.5,HIGH,AV:N/AC:L/Au:N/C:P/I:P/A:P,10.0,6.4,CWE-89,6,cpe:2.3:a:gogits:gogs:*:*:*:*:*:*:*:* | cpe:2.3:a:gogits:gogs:0.3.1-9:*:*:*:*:*:*:* | cpe:2.3:a:gogits:gogs:0.4.1:*:*:*:*:*:*:* | cpe:2.3:a:gogits:gogs:0.4.2:*:*:*:*:*:*:* | cpe:2.3:a:gogits:gogs:0.5.0:*:*:*:*:*:*:* | cpe:2.3:a:gogits:gogs:0.5.2:*:*:*:*:*:*:*
CVE-2014-8739,NUCLEI,False,True,"Unrestricted file upload vulnerability in server/php/UploadHandler.php in the jQuery File Upload Plugin 6.4.4 for jQuery, as used in the Creative Solutions Creative Contact Form (formerly Sexy Contact Form) before 1.0.0 for WordPress and before 2.0.1 for Joomla!, allows remote attackers to execute arbitrary code by uploading a PHP file with an PHP extension, then accessing it via a direct request to the file in files/, as exploited in the wild in October 2014.",9.8,CRITICAL,CVSS:3.1/AV:N/AC:L/PR:N/UI:N/S:U/C:H/I:H/A:H,3.9,5.9,7.5,HIGH,AV:N/AC:L/Au:N/C:P/I:P/A:P,10.0,6.4,CWE-434,3,cpe:2.3:a:creative-solutions:creative_contact_form:*:*:*:*:*:wordpress:*:* | cpe:2.3:a:creative-solutions:creative_contact_form:*:*:*:*:*:joomla\!:*:* | cpe:2.3:a:jquery_file_upload_project:jquery_file_upload:6.4.4:*:*:*:*:*:*:*
CVE-2014-8799,NUCLEI,False,True,Directory traversal vulnerability in the dp_img_resize function in php/dp-functions.php in the DukaPress plugin before 2.5.4 for WordPress allows remote attackers to read arbitrary files via a .. (dot dot) in the src parameter to lib/dp_image.php.,,,,,,5.0,MEDIUM,AV:N/AC:L/Au:N/C:P/I:N/A:N,10.0,2.9,CWE-22,1,cpe:2.3:a:dukapress:dukapress:*:*:*:*:*:wordpress:*:*
CVE-2014-9094,NUCLEI,False,True,Multiple cross-site scripting (XSS) vulnerabilities in deploy/designer/preview.php in the Digital Zoom Studio (DZS) Video Gallery plugin for WordPress allow remote attackers to inject arbitrary web script or HTML via the (1) swfloc or (2) designrand parameter.,,,,,,4.3,MEDIUM,AV:N/AC:M/Au:N/C:N/I:P/A:N,8.6,2.9,CWE-79,1,cpe:2.3:a:digitalzoomstudio:video_gallery:-:*:*:*:*:wordpress:*:*
CVE-2014-9119,NUCLEI,False,True,Directory traversal vulnerability in download.php in the DB Backup plugin 4.5 and earlier for Wordpress allows remote attackers to read arbitrary files via a .. (dot dot) in the file parameter.,,,,,,5.0,MEDIUM,AV:N/AC:L/Au:N/C:P/I:N/A:N,10.0,2.9,CWE-22,1,cpe:2.3:a:db_backup_project:db_backup:*:*:*:*:*:wordpress:*:*
CVE-2014-9163,CISA,True,False,"Stack-based buffer overflow in Adobe Flash Player before 13.0.0.259 and 14.x and 15.x before 15.0.0.246 on Windows and OS X and before 11.2.202.425 on Linux allows attackers to execute arbitrary code via unspecified vectors, as exploited in the wild in December 2014.",7.8,HIGH,CVSS:3.1/AV:L/AC:L/PR:N/UI:R/S:U/C:H/I:H/A:H,1.8,5.9,10.0,HIGH,AV:N/AC:L/Au:N/C:C/I:C/A:C,10.0,10.0,NVD-CWE-Other | CWE-121,4,cpe:2.3:a:adobe:flash_player:*:*:*:*:*:*:*:* | cpe:2.3:o:apple:mac_os_x:*:*:*:*:*:*:*:* | cpe:2.3:o:microsoft:windows:*:*:*:*:*:*:*:* | cpe:2.3:o:linux:linux_kernel:*:*:*:*:*:*:*:*
CVE-2014-9180,NUCLEI,False,True,Open redirect vulnerability in go.php in Eleanor CMS allows remote attackers to redirect users to arbitrary web sites and conduct phishing attacks via a URL in the QUERY_STRING.,,,,,,5.0,MEDIUM,AV:N/AC:L/Au:N/C:N/I:P/A:N,10.0,2.9,NVD-CWE-Other,1,cpe:2.3:a:eleanor-cms:eleanor_cms:-:*:*:*:*:*:*:*
CVE-2014-9444,NUCLEI,False,True,Cross-site scripting (XSS) vulnerability in the Frontend Uploader plugin 0.9.2 for WordPress allows remote attackers to inject arbitrary web script or HTML via the errors[fu-disallowed-mime-type][0][name] parameter to the default URI.,,,,,,4.3,MEDIUM,AV:N/AC:M/Au:N/C:N/I:P/A:N,8.6,2.9,CWE-79,1,cpe:2.3:a:frontend_uploader_project:frontend_uploader:0.9.2:*:*:*:*:wordpress:*:*
CVE-2014-9606,NUCLEI,False,True,"Multiple cross-site scripting (XSS) vulnerabilities in Netsweeper before 3.1.10, 4.0.x before 4.0.9, and 4.1.x before 4.1.2 allow remote attackers to inject arbitrary web script or HTML via the (1) server parameter to remotereporter/load_logfiles.php, (2) customctid parameter to webadmin/policy/category_table_ajax.php, (3) urllist parameter to webadmin/alert/alert.php, (4) QUERY_STRING to webadmin/ajaxfilemanager/ajax_get_file_listing.php, or (5) PATH_INFO to webadmin/policy/policy_table_ajax.php/.",6.1,MEDIUM,CVSS:3.1/AV:N/AC:L/PR:N/UI:R/S:C/C:L/I:L/A:N,2.8,2.7,4.3,MEDIUM,AV:N/AC:M/Au:N/C:N/I:P/A:N,8.6,2.9,CWE-79,1,cpe:2.3:a:netsweeper:netsweeper:*:*:*:*:*:*:*:*
CVE-2014-9607,NUCLEI,False,True,Cross-site scripting (XSS) vulnerability in remotereporter/load_logfiles.php in Netsweeper 4.0.3 and 4.0.4 allows remote attackers to inject arbitrary web script or HTML via the url parameter.,6.1,MEDIUM,CVSS:3.1/AV:N/AC:L/PR:N/UI:R/S:C/C:L/I:L/A:N,2.8,2.7,4.3,MEDIUM,AV:N/AC:M/Au:N/C:N/I:P/A:N,8.6,2.9,CWE-79,2,cpe:2.3:a:netsweeper:netsweeper:4.0.3:*:*:*:*:*:*:* | cpe:2.3:a:netsweeper:netsweeper:4.0.4:*:*:*:*:*:*:*
CVE-2014-9608,NUCLEI,False,True,"Cross-site scripting (XSS) vulnerability in webadmin/policy/group_table_ajax.php/ in Netsweeper before 3.1.10, 4.0.x before 4.0.9, and 4.1.x before 4.1.2 allows remote attackers to inject arbitrary web script or HTML via the PATH_INFO.",6.1,MEDIUM,CVSS:3.1/AV:N/AC:L/PR:N/UI:R/S:C/C:L/I:L/A:N,2.8,2.7,4.3,MEDIUM,AV:N/AC:M/Au:N/C:N/I:P/A:N,8.6,2.9,CWE-79,1,cpe:2.3:a:netsweeper:netsweeper:*:*:*:*:*:*:*:*
CVE-2014-9609,NUCLEI,False,True,"Directory traversal vulnerability in webadmin/reporter/view_server_log.php in Netsweeper before 3.1.10, 4.0.x before 4.0.9, and 4.1.x before 4.1.2 allows remote attackers to list directory contents via a .. (dot dot) in the log parameter in a stats action.",5.3,MEDIUM,CVSS:3.1/AV:N/AC:L/PR:N/UI:N/S:U/C:L/I:N/A:N,3.9,1.4,5.0,MEDIUM,AV:N/AC:L/Au:N/C:P/I:N/A:N,10.0,2.9,CWE-22,1,cpe:2.3:a:netsweeper:netsweeper:*:*:*:*:*:*:*:*
CVE-2014-9614,NUCLEI,False,True,"The Web Panel in Netsweeper before 4.0.5 has a default password of branding for the branding account, which makes it easier for remote attackers to obtain access via a request to webadmin/.",9.8,CRITICAL,CVSS:3.1/AV:N/AC:L/PR:N/UI:N/S:U/C:H/I:H/A:H,3.9,5.9,7.5,HIGH,AV:N/AC:L/Au:N/C:P/I:P/A:P,10.0,6.4,CWE-798,1,cpe:2.3:a:netsweeper:netsweeper:*:*:*:*:*:*:*:*
CVE-2014-9615,NUCLEI,False,True,Cross-site scripting (XSS) vulnerability in Netsweeper 4.0.4 allows remote attackers to inject arbitrary web script or HTML via the url parameter to webadmin/deny/index.php.,6.1,MEDIUM,CVSS:3.1/AV:N/AC:L/PR:N/UI:R/S:C/C:L/I:L/A:N,2.8,2.7,4.3,MEDIUM,AV:N/AC:M/Au:N/C:N/I:P/A:N,8.6,2.9,CWE-79,1,cpe:2.3:a:netsweeper:netsweeper:4.0.4:*:*:*:*:*:*:*
CVE-2014-9617,NUCLEI,False,True,Open redirect vulnerability in remotereporter/load_logfiles.php in Netsweeper before 4.0.5 allows remote attackers to redirect users to arbitrary web sites and conduct phishing attacks via a URL in the url parameter.,6.1,MEDIUM,CVSS:3.1/AV:N/AC:L/PR:N/UI:R/S:C/C:L/I:L/A:N,2.8,2.7,5.8,MEDIUM,AV:N/AC:M/Au:N/C:P/I:P/A:N,8.6,4.9,CWE-601,1,cpe:2.3:a:netsweeper:netsweeper:*:*:*:*:*:*:*:*
CVE-2014-9618,NUCLEI,False,True,"The Client Filter Admin portal in Netsweeper before 3.1.10, 4.0.x before 4.0.9, and 4.1.x before 4.1.2 allows remote attackers to bypass authentication and subsequently create arbitrary profiles via a showdeny action to the default URL.",,,,,,7.5,HIGH,AV:N/AC:L/Au:N/C:P/I:P/A:P,10.0,6.4,CWE-287,12,cpe:2.3:a:netsweeper:netsweeper:*:*:*:*:*:*:*:* | cpe:2.3:a:netsweeper:netsweeper:4.0.0:*:*:*:*:*:*:* | cpe:2.3:a:netsweeper:netsweeper:4.0.1:*:*:*:*:*:*:* | cpe:2.3:a:netsweeper:netsweeper:4.0.2:*:*:*:*:*:*:* | cpe:2.3:a:netsweeper:netsweeper:4.0.3:*:*:*:*:*:*:* | cpe:2.3:a:netsweeper:netsweeper:4.0.4:*:*:*:*:*:*:* | cpe:2.3:a:netsweeper:netsweeper:4.0.5:*:*:*:*:*:*:* | cpe:2.3:a:netsweeper:netsweeper:4.0.6:*:*:*:*:*:*:* | cpe:2.3:a:netsweeper:netsweeper:4.0.7:*:*:*:*:*:*:* | cpe:2.3:a:netsweeper:netsweeper:4.0.8:*:*:*:*:*:*:*
CVE-2014-9735,NUCLEI,False,True,"The ThemePunch Slider Revolution (revslider) plugin before 3.0.96 for WordPress and Showbiz Pro plugin 1.7.1 and earlier for Wordpress does not properly restrict access to administrator AJAX functionality, which allows remote attackers to (1) upload and execute arbitrary files via an update_plugin action; (2) delete arbitrary sliders via a delete_slider action; and (3) create, (4) update, (5) import, or (6) export arbitrary sliders via unspecified vectors.",,,,,,7.5,HIGH,AV:N/AC:L/Au:N/C:P/I:P/A:P,10.0,6.4,CWE-264,2,cpe:2.3:a:themepunch:showbiz_pro:*:*:*:*:*:wordpress:*:* | cpe:2.3:a:themepunch:slider_revolution:*:*:*:*:*:wordpress:*:*
CVE-2015-0016,CISA,True,False,"Directory traversal vulnerability in the TS WebProxy (aka TSWbPrxy) component in Microsoft Windows Vista SP2, Windows 7 SP1, Windows Server 2008 R2 SP1, Windows 8, Windows 8.1, Windows Server 2012 Gold and R2, and Windows RT Gold and 8.1 allows remote attackers to gain privileges via a crafted pathname in an executable file, as demonstrated by a transition from Low Integrity to Medium Integrity, aka ""Directory Traversal Elevation of Privilege Vulnerability.""",7.8,HIGH,CVSS:3.1/AV:L/AC:L/PR:N/UI:R/S:U/C:H/I:H/A:H,1.8,5.9,9.3,HIGH,AV:N/AC:M/Au:N/C:C/I:C/A:C,8.6,10.0,CWE-22,9,cpe:2.3:o:microsoft:windows_7:-:sp1:*:*:*:*:*:* | cpe:2.3:o:microsoft:windows_8:-:*:*:*:*:*:*:* | cpe:2.3:o:microsoft:windows_8.1:-:*:*:*:*:*:*:* | cpe:2.3:o:microsoft:windows_rt:-:gold:*:*:*:*:*:* | cpe:2.3:o:microsoft:windows_rt_8.1:-:*:*:*:*:*:*:* | cpe:2.3:o:microsoft:windows_server_2008:r2:sp1:*:*:*:*:*:* | cpe:2.3:o:microsoft:windows_server_2012:-:gold:*:*:*:*:*:* | cpe:2.3:o:microsoft:windows_server_2012:r2:*:*:*:*:*:x64:* | cpe:2.3:o:microsoft:windows_vista:-:sp2:*:*:*:*:*:*
CVE-2015-0071,CISA,True,False,"Microsoft Internet Explorer 9 through 11 allows remote attackers to bypass the ASLR protection mechanism via a crafted web site, aka ""Internet Explorer ASLR Bypass Vulnerability.""",6.5,MEDIUM,CVSS:3.1/AV:N/AC:L/PR:N/UI:R/S:U/C:N/I:H/A:N,2.8,3.6,4.3,MEDIUM,AV:N/AC:M/Au:N/C:P/I:N/A:N,8.6,2.9,NVD-CWE-noinfo,13,cpe:2.3:a:microsoft:internet_explorer:9:*:*:*:*:*:*:* | cpe:2.3:o:microsoft:windows_7:-:sp1:*:*:*:*:*:* | cpe:2.3:o:microsoft:windows_server_2008:-:sp2:*:*:*:*:*:* | cpe:2.3:o:microsoft:windows_server_2008:r2:sp1:*:*:*:*:x64:* | cpe:2.3:o:microsoft:windows_vista:-:sp2:*:*:*:*:*:* | cpe:2.3:a:microsoft:internet_explorer:10:*:*:*:*:*:*:* | cpe:2.3:o:microsoft:windows_8:-:*:*:*:*:*:*:* | cpe:2.3:o:microsoft:windows_rt:-:*:*:*:*:*:*:* | cpe:2.3:o:microsoft:windows_server_2012:-:*:*:*:*:*:*:* | cpe:2.3:a:microsoft:internet_explorer:11:-:*:*:*:*:*:*
CVE-2015-0310,CISA,True,False,"Adobe Flash Player before 13.0.0.262 and 14.x through 16.x before 16.0.0.287 on Windows and OS X and before 11.2.202.438 on Linux does not properly restrict discovery of memory addresses, which allows attackers to bypass the ASLR protection mechanism on Windows, and have an unspecified impact on other platforms, via unknown vectors, as exploited in the wild in January 2015.",7.8,HIGH,CVSS:3.1/AV:L/AC:L/PR:N/UI:R/S:U/C:H/I:H/A:H,1.8,5.9,10.0,HIGH,AV:N/AC:L/Au:N/C:C/I:C/A:C,10.0,10.0,NVD-CWE-noinfo | CWE-200,4,cpe:2.3:a:adobe:flash_player:*:*:*:*:*:*:*:* | cpe:2.3:o:linux:linux_kernel:-:*:*:*:*:*:*:* | cpe:2.3:o:apple:mac_os_x:-:*:*:*:*:*:*:* | cpe:2.3:o:microsoft:windows:-:*:*:*:*:*:*:*
CVE-2015-0311,CISA,True,False,"Unspecified vulnerability in Adobe Flash Player through 13.0.0.262 and 14.x, 15.x, and 16.x through 16.0.0.287 on Windows and OS X and through 11.2.202.438 on Linux allows remote attackers to execute arbitrary code via unknown vectors, as exploited in the wild in January 2015.",9.8,CRITICAL,CVSS:3.1/AV:N/AC:L/PR:N/UI:N/S:U/C:H/I:H/A:H,3.9,5.9,10.0,HIGH,AV:N/AC:L/Au:N/C:C/I:C/A:C,10.0,10.0,NVD-CWE-noinfo,17,cpe:2.3:a:adobe:flash_player:*:*:*:*:*:*:*:* | cpe:2.3:o:linux:linux_kernel:-:*:*:*:*:*:*:* | cpe:2.3:o:apple:mac_os_x:-:*:*:*:*:*:*:* | cpe:2.3:o:microsoft:windows:-:*:*:*:*:*:*:* | cpe:2.3:o:suse:linux_enterprise_desktop:11:sp3:*:*:*:*:*:* | cpe:2.3:o:suse:linux_enterprise_desktop:12:-:*:*:*:*:*:* | cpe:2.3:o:suse:linux_enterprise_workstation_extension:12:-:*:*:*:*:*:* | cpe:2.3:a:microsoft:internet_explorer:10:*:*:*:*:*:*:* | cpe:2.3:o:microsoft:windows_8:-:*:*:*:*:*:*:* | cpe:2.3:o:microsoft:windows_rt:-:*:*:*:*:*:*:*
CVE-2015-0313,CISA,True,False,"Use-after-free vulnerability in Adobe Flash Player before 13.0.0.269 and 14.x through 16.x before 16.0.0.305 on Windows and OS X and before 11.2.202.442 on Linux allows remote attackers to execute arbitrary code via unspecified vectors, as exploited in the wild in February 2015, a different vulnerability than CVE-2015-0315, CVE-2015-0320, and CVE-2015-0322.",9.8,CRITICAL,CVSS:3.1/AV:N/AC:L/PR:N/UI:N/S:U/C:H/I:H/A:H,3.9,5.9,10.0,HIGH,AV:N/AC:L/Au:N/C:C/I:C/A:C,10.0,10.0,CWE-416,20,cpe:2.3:a:adobe:flash_player:*:*:*:*:*:*:*:* | cpe:2.3:o:linux:linux_kernel:-:*:*:*:*:*:*:* | cpe:2.3:o:apple:mac_os_x:-:*:*:*:*:*:*:* | cpe:2.3:o:microsoft:windows:-:*:*:*:*:*:*:* | cpe:2.3:o:opensuse:evergreen:11.4:*:*:*:*:*:*:* | cpe:2.3:o:opensuse:opensuse:13.1:*:*:*:*:*:*:* | cpe:2.3:o:opensuse:opensuse:13.2:*:*:*:*:*:*:* | cpe:2.3:o:suse:linux_enterprise_desktop:11:sp3:*:*:*:*:*:* | cpe:2.3:o:suse:linux_enterprise_desktop:12:-:*:*:*:*:*:* | cpe:2.3:o:suse:linux_enterprise_workstation_extension:12:-:*:*:*:*:*:*
CVE-2015-0554,NUCLEI,False,True,"The ADB (formerly Pirelli Broadband Solutions) P.DGA4001N router with firmware PDG_TEF_SP_4.06L.6 does not properly restrict access to the web interface, which allows remote attackers to obtain sensitive information or cause a denial of service (device restart) as demonstrated by a direct request to (1) wlsecurity.html or (2) resetrouter.html.",,,,,,9.4,HIGH,AV:N/AC:L/Au:N/C:C/I:N/A:C,10.0,9.2,CWE-264,2,cpe:2.3:o:adb:p.dga4001n_firmware:pdg_tef_sp_4.06l.6:*:*:*:*:*:*:* | cpe:2.3:h:adb:p.dga4001n:*:*:*:*:*:*:*:*
CVE-2015-0666,CISA,True,False,"Directory traversal vulnerability in the fmserver servlet in Cisco Prime Data Center Network Manager (DCNM) before 7.1(1) allows remote attackers to read arbitrary files via a crafted pathname, aka Bug ID CSCus00241.",7.5,HIGH,CVSS:3.1/AV:N/AC:L/PR:N/UI:N/S:U/C:H/I:N/A:N,3.9,3.6,7.8,HIGH,AV:N/AC:L/Au:N/C:C/I:N/A:N,10.0,6.9,CWE-22,4,cpe:2.3:a:cisco:prime_data_center_network_manager:*:*:*:*:*:*:*:* | cpe:2.3:a:cisco:prime_data_center_network_manager:6.3\(1\):*:*:*:*:*:*:* | cpe:2.3:a:cisco:prime_data_center_network_manager:6.3\(2\):*:*:*:*:*:*:* | cpe:2.3:a:cisco:prime_data_center_network_manager:7.0\(1\):*:*:*:*:*:*:*
CVE-2015-1000005,NUCLEI,False,True,Remote file download vulnerability in candidate-application-form v1.0 wordpress plugin,,,,,,5.0,MEDIUM,AV:N/AC:L/Au:N/C:P/I:N/A:N,10.0,2.9,CWE-22,1,cpe:2.3:a:candidate-application-form_project:candidate-application-form:1.0:*:*:*:*:wordpress:*:*
CVE-2015-1000010,NUCLEI,False,True,Remote file download in simple-image-manipulator v1.0 wordpress plugin,,,,,,5.0,MEDIUM,AV:N/AC:L/Au:N/C:P/I:N/A:N,10.0,2.9,CWE-284,1,cpe:2.3:a:simple-image-manipulator_project:simple-image-manipulator:1.0:*:*:*:*:wordpress:*:*
CVE-2015-1000012,NUCLEI,False,True,Local File Inclusion Vulnerability in mypixs v0.3 wordpress plugin,,,,,,5.0,MEDIUM,AV:N/AC:L/Au:N/C:P/I:N/A:N,10.0,2.9,CWE-200,1,cpe:2.3:a:mypixs_project:mypixs:0.3:*:*:*:*:wordpress:*:*
CVE-2015-10141,NUCLEI,False,True,"An unauthenticated OS command injection vulnerability exists within Xdebug versions 2.5.5 and earlier, a PHP debugging extension developed by Derick Rethans. When remote debugging is enabled, Xdebug listens on port 9000 and accepts debugger protocol commands without authentication. An attacker can send a crafted eval command over this interface to execute arbitrary PHP code, which may invoke system-level functions such as system() or passthru(). This results in full compromise of the host under the privileges of the web server user.",,,,,,,,,,,CWE-78 | CWE-306,0,
CVE-2015-1130,CISA,True,False,The XPC implementation in Admin Framework in Apple OS X before 10.10.3 allows local users to bypass authentication and obtain admin privileges via unspecified vectors.,7.8,HIGH,CVSS:3.1/AV:L/AC:L/PR:L/UI:N/S:U/C:H/I:H/A:H,1.8,5.9,7.2,HIGH,AV:L/AC:L/Au:N/C:C/I:C/A:C,3.9,10.0,CWE-59,1,cpe:2.3:o:apple:mac_os_x:*:*:*:*:*:*:*:*
CVE-2015-1187,CISA,True,False,The ping tool in multiple D-Link and TRENDnet devices allow remote attackers to execute arbitrary code via the ping_addr parameter to ping.ccp.,9.8,CRITICAL,CVSS:3.1/AV:N/AC:L/PR:N/UI:N/S:U/C:H/I:H/A:H,3.9,5.9,10.0,HIGH,AV:N/AC:L/Au:N/C:C/I:C/A:C,10.0,10.0,CWE-287,33,cpe:2.3:o:dlink:dir-626l_firmware:1.04:b04:*:*:*:*:*:* | cpe:2.3:h:dlink:dir-626l:-:*:*:*:*:*:*:* | cpe:2.3:o:dlink:dir-636l_firmware:1.04:*:*:*:*:*:*:* | cpe:2.3:h:dlink:dir-636l:-:*:*:*:*:*:*:* | cpe:2.3:o:dlink:dir-808l_firmware:1.03:b05:*:*:*:*:*:* | cpe:2.3:h:dlink:dir-808l:-:*:*:*:*:*:*:* | cpe:2.3:o:dlink:dir-810l_firmware:1.01:b04:*:*:*:*:*:* | cpe:2.3:h:dlink:dir-810l:-:*:*:*:*:*:*:* | cpe:2.3:o:dlink:dir-810l_firmware:2.02:b01:*:*:*:*:*:* | cpe:2.3:o:dlink:dir-820l_firmware:1.02:b10:*:*:*:*:*:*
CVE-2015-1419,NUCLEI,False,True,"Unspecified vulnerability in vsftpd 3.0.2 and earlier allows remote attackers to bypass access restrictions via unknown vectors, related to deny_file parsing.",,,,,,5.0,MEDIUM,AV:N/AC:L/Au:N/C:N/I:P/A:N,10.0,2.9,NVD-CWE-noinfo,3,cpe:2.3:o:opensuse:opensuse:13.1:*:*:*:*:*:*:* | cpe:2.3:o:opensuse:opensuse:13.2:*:*:*:*:*:*:* | cpe:2.3:a:vsftpd_project:vsftpd:*:*:*:*:*:*:*:*
CVE-2015-1427,CISA + NUCLEI,True,True,The Groovy scripting engine in Elasticsearch before 1.3.8 and 1.4.x before 1.4.3 allows remote attackers to bypass the sandbox protection mechanism and execute arbitrary shell commands via a crafted script.,9.8,CRITICAL,CVSS:3.1/AV:N/AC:L/PR:N/UI:N/S:U/C:H/I:H/A:H,3.9,5.9,7.5,HIGH,AV:N/AC:L/Au:N/C:P/I:P/A:P,10.0,6.4,NVD-CWE-noinfo,2,cpe:2.3:a:elastic:elasticsearch:*:*:*:*:*:*:*:* | cpe:2.3:a:redhat:fuse:1.0.0:*:*:*:*:*:*:*
CVE-2015-1503,NUCLEI,False,True,Multiple directory traversal vulnerabilities in IceWarp Mail Server before 11.2 allow remote attackers to read arbitrary files via a (1) .. (dot dot) in the file parameter to a webmail/client/skins/default/css/css.php page or .../. (dot dot dot slash dot) in the (2) script or (3) style parameter to webmail/old/calendar/minimizer/index.php.,,,,,,7.8,HIGH,AV:N/AC:L/Au:N/C:C/I:N/A:N,10.0,6.9,CWE-22,1,cpe:2.3:a:icewarp:mail_server:*:*:*:*:*:*:*:*
CVE-2015-1579,NUCLEI,False,True,Directory traversal vulnerability in the Elegant Themes Divi theme for WordPress allows remote attackers to read arbitrary files via a .. (dot dot) in the img parameter in a revslider_show_image action to wp-admin/admin-ajax.php.  NOTE: this vulnerability may be a duplicate of CVE-2014-9734.,,,,,,5.0,MEDIUM,AV:N/AC:L/Au:N/C:P/I:N/A:N,10.0,2.9,CWE-22,1,cpe:2.3:a:elegantthemes:divi:-:*:*:*:*:wordpress:*:*
CVE-2015-1635,CISA + NUCLEI,True,True,"HTTP.sys in Microsoft Windows 7 SP1, Windows Server 2008 R2 SP1, Windows 8, Windows 8.1, and Windows Server 2012 Gold and R2 allows remote attackers to execute arbitrary code via crafted HTTP requests, aka ""HTTP.sys Remote Code Execution Vulnerability.""",9.8,CRITICAL,CVSS:3.1/AV:N/AC:L/PR:N/UI:N/S:U/C:H/I:H/A:H,3.9,5.9,10.0,HIGH,AV:N/AC:L/Au:N/C:C/I:C/A:C,10.0,10.0,CWE-94,7,cpe:2.3:o:microsoft:windows_7:-:sp1:*:*:*:*:*:* | cpe:2.3:o:microsoft:windows_8:-:*:*:*:*:*:*:* | cpe:2.3:o:microsoft:windows_8.1:-:*:*:*:*:*:*:* | cpe:2.3:o:microsoft:windows_server_2008:r2:sp1:*:*:*:*:itanium:* | cpe:2.3:o:microsoft:windows_server_2008:r2:sp1:*:*:*:*:x64:* | cpe:2.3:o:microsoft:windows_server_2012:-:*:*:*:*:*:*:* | cpe:2.3:o:microsoft:windows_server_2012:r2:*:*:*:*:*:*:*
CVE-2015-1641,CISA,True,False,"Microsoft Word 2007 SP3, Office 2010 SP2, Word 2010 SP2, Word 2013 SP1, Word 2013 RT SP1, Word for Mac 2011, Office Compatibility Pack SP3, Word Automation Services on SharePoint Server 2010 SP2 and 2013 SP1, and Office Web Apps Server 2010 SP2 and 2013 SP1 allow remote attackers to execute arbitrary code via a crafted RTF document, aka ""Microsoft Office Memory Corruption Vulnerability.""",7.8,HIGH,CVSS:3.1/AV:L/AC:L/PR:N/UI:R/S:U/C:H/I:H/A:H,1.8,5.9,9.3,HIGH,AV:N/AC:M/Au:N/C:C/I:C/A:C,8.6,10.0,CWE-787,12,cpe:2.3:a:microsoft:office:2010:sp2:*:*:*:*:*:* | cpe:2.3:a:microsoft:office_compatibility_pack:-:sp3:*:*:*:*:*:* | cpe:2.3:a:microsoft:office_web_apps:2010:sp2:*:*:*:*:*:* | cpe:2.3:a:microsoft:office_web_apps:2013:sp1:*:*:*:*:*:* | cpe:2.3:a:microsoft:outlook:2011:*:*:*:*:mac_os_x:*:* | cpe:2.3:a:microsoft:sharepoint_server:2010:sp2:*:*:*:*:*:* | cpe:2.3:a:microsoft:sharepoint_server:2013:sp1:*:*:*:*:*:* | cpe:2.3:a:microsoft:word:2007:sp3:*:*:*:*:*:* | cpe:2.3:a:microsoft:word:2010:sp2:*:*:*:*:*:* | cpe:2.3:a:microsoft:word:2011:*:*:*:*:macos:*:*
CVE-2015-1642,CISA,True,False,"Microsoft Office 2007 SP3, 2010 SP2, and 2013 SP1 allows remote attackers to execute arbitrary code via a crafted document, aka ""Microsoft Office Memory Corruption Vulnerability.""",7.8,HIGH,CVSS:3.1/AV:L/AC:L/PR:N/UI:R/S:U/C:H/I:H/A:H,1.8,5.9,9.3,HIGH,AV:N/AC:M/Au:N/C:C/I:C/A:C,8.6,10.0,CWE-787,3,cpe:2.3:a:microsoft:office:2007:sp3:*:*:*:*:*:* | cpe:2.3:a:microsoft:office:2010:sp2:*:*:*:*:*:* | cpe:2.3:a:microsoft:office:2013:sp1:*:*:*:*:*:*
CVE-2015-1671,CISA,True,False,"The Windows DirectWrite library, as used in Microsoft .NET Framework 3.0 SP2, 3.5, 3.5.1, 4, 4.5, 4.5.1, and 4.5.2; Office 2007 SP3 and 2010 SP2; Live Meeting 2007 Console; Lync 2010; Lync 2010 Attendee; Lync 2013 SP1; Lync Basic 2013 SP1; Silverlight 5 before 5.1.40416.00; and Silverlight 5 Developer Runtime before 5.1.40416.00, allows remote attackers to execute arbitrary code via a crafted TrueType font, aka ""TrueType Font Parsing Vulnerability.""",7.8,HIGH,CVSS:3.1/AV:L/AC:L/PR:N/UI:R/S:U/C:H/I:H/A:H,1.8,5.9,9.3,HIGH,AV:N/AC:M/Au:N/C:C/I:C/A:C,8.6,10.0,NVD-CWE-noinfo,21,cpe:2.3:a:microsoft:.net_framework:3.0:sp2:*:*:*:*:*:* | cpe:2.3:a:microsoft:.net_framework:4.0:-:*:*:*:*:*:* | cpe:2.3:o:microsoft:windows_server_2003:-:sp2:*:*:*:*:x64:* | cpe:2.3:a:microsoft:.net_framework:4.5:*:*:*:*:*:*:* | cpe:2.3:a:microsoft:.net_framework:4.5.1:*:*:*:*:*:*:* | cpe:2.3:a:microsoft:.net_framework:4.5.2:*:*:*:*:*:*:* | cpe:2.3:o:microsoft:windows_server_2008:-:sp2:*:*:*:*:x64:* | cpe:2.3:o:microsoft:windows_server_2008:-:sp2:*:*:*:*:x86:* | cpe:2.3:o:microsoft:windows_vista:-:sp2:*:*:*:*:*:* | cpe:2.3:a:microsoft:.net_framework:3.5.1:*:*:*:*:*:*:*
CVE-2015-1701,CISA,True,False,"Win32k.sys in the kernel-mode drivers in Microsoft Windows Server 2003 SP2, Vista SP2, and Server 2008 SP2 allows local users to gain privileges via a crafted application, as exploited in the wild in April 2015, aka ""Win32k Elevation of Privilege Vulnerability.""",7.8,HIGH,CVSS:3.1/AV:L/AC:L/PR:L/UI:N/S:U/C:H/I:H/A:H,1.8,5.9,7.2,HIGH,AV:L/AC:L/Au:N/C:C/I:C/A:C,3.9,10.0,NVD-CWE-noinfo,5,cpe:2.3:o:microsoft:windows_2003_server:-:sp2:*:*:*:*:*:* | cpe:2.3:o:microsoft:windows_2003_server:r2:sp2:*:*:*:*:*:* | cpe:2.3:o:microsoft:windows_7:-:sp1:*:*:*:*:*:* | cpe:2.3:o:microsoft:windows_server_2008:-:sp2:*:*:*:*:*:* | cpe:2.3:o:microsoft:windows_vista:-:sp2:*:*:*:*:*:*
CVE-2015-1769,CISA,True,False,"Mount Manager in Microsoft Windows Vista SP2, Windows Server 2008 SP2 and R2 SP1, Windows 7 SP1, Windows 8, Windows 8.1, Windows Server 2012 Gold and R2, Windows RT Gold and 8.1, and Windows 10 mishandles symlinks, which allows physically proximate attackers to execute arbitrary code by connecting a crafted USB device, aka ""Mount Manager Elevation of Privilege Vulnerability.""",6.6,MEDIUM,CVSS:3.1/AV:P/AC:L/PR:L/UI:N/S:U/C:H/I:H/A:H,0.7,5.9,7.2,HIGH,AV:L/AC:L/Au:N/C:C/I:C/A:C,3.9,10.0,CWE-264,12,cpe:2.3:o:microsoft:windows_10:-:*:*:*:*:*:*:* | cpe:2.3:o:microsoft:windows_7:-:sp1:*:*:*:*:*:* | cpe:2.3:o:microsoft:windows_8:-:*:*:*:*:*:*:* | cpe:2.3:o:microsoft:windows_8.1:-:*:*:*:*:*:*:* | cpe:2.3:o:microsoft:windows_rt:-:*:*:*:*:*:*:* | cpe:2.3:o:microsoft:windows_rt_8.1:-:*:*:*:*:*:*:* | cpe:2.3:o:microsoft:windows_server_2008:-:sp2:*:*:*:*:*:* | cpe:2.3:o:microsoft:windows_server_2008:r2:sp1:*:*:*:*:itanium:* | cpe:2.3:o:microsoft:windows_server_2008:r2:sp1:*:*:*:*:x64:* | cpe:2.3:o:microsoft:windows_server_2012:-:*:*:*:*:*:*:*
CVE-2015-1770,CISA,True,False,"Microsoft Office 2013 SP1 and 2013 RT SP1 allows remote attackers to execute arbitrary code via a crafted Office document, aka ""Microsoft Office Uninitialized Memory Use Vulnerability.""",8.8,HIGH,CVSS:3.1/AV:N/AC:L/PR:N/UI:R/S:U/C:H/I:H/A:H,2.8,5.9,9.3,HIGH,AV:N/AC:M/Au:N/C:C/I:C/A:C,8.6,10.0,CWE-824,2,cpe:2.3:a:microsoft:office:2013:sp1:*:*:-:*:*:* | cpe:2.3:a:microsoft:office:2013:sp1:*:*:rt:*:*:*
CVE-2015-1880,NUCLEI,False,True,Cross-site scripting (XSS) vulnerability in the sslvpn login page in Fortinet FortiOS 5.2.x before 5.2.3 allows remote attackers to inject arbitrary web script or HTML via unspecified vectors.,,,,,,4.3,MEDIUM,AV:N/AC:M/Au:N/C:N/I:P/A:N,8.6,2.9,CWE-79,3,cpe:2.3:o:fortinet:fortios:5.2.0:*:*:*:*:*:*:* | cpe:2.3:o:fortinet:fortios:5.2.1:*:*:*:*:*:*:* | cpe:2.3:o:fortinet:fortios:5.2.2:*:*:*:*:*:*:*
CVE-2015-20067,NUCLEI,False,True,"The WP Attachment Export WordPress plugin before 0.2.4 does not have proper access controls, allowing unauthenticated users to download the XML data that holds all the details of attachments/posts on a Wordpress",7.5,HIGH,CVSS:3.1/AV:N/AC:L/PR:N/UI:N/S:U/C:H/I:N/A:N,3.9,3.6,5.0,MEDIUM,AV:N/AC:L/Au:N/C:P/I:N/A:N,10.0,2.9,CWE-862,1,cpe:2.3:a:wp_attachment_export_project:wp_attachment_export:*:*:*:*:*:wordpress:*:*
CVE-2015-2051,CISA,True,False,The D-Link DIR-645 Wired/Wireless Router Rev. Ax with firmware 1.04b12 and earlier allows remote attackers to execute arbitrary commands via a GetDeviceSettings action to the HNAP interface.,8.8,HIGH,CVSS:3.1/AV:A/AC:L/PR:N/UI:N/S:U/C:H/I:H/A:H,2.8,5.9,10.0,HIGH,AV:N/AC:L/Au:N/C:C/I:C/A:C,10.0,10.0,CWE-77,2,cpe:2.3:o:dlink:dir-645_firmware:*:*:*:*:*:*:*:* | cpe:2.3:h:dlink:dir-645:a1:*:*:*:*:*:*:*
CVE-2015-2067,NUCLEI,False,True,Directory traversal vulnerability in web/ajax_pluginconf.php in the MAGMI (aka Magento Mass Importer) plugin for Magento Server allows remote attackers to read arbitrary files via a .. (dot dot) in the file parameter.,,,,,,5.0,MEDIUM,AV:N/AC:L/Au:N/C:P/I:N/A:N,10.0,2.9,CWE-22,1,cpe:2.3:a:magmi_project:magmi:-:*:*:*:*:magento_server:*:*
CVE-2015-2068,NUCLEI,False,True,Multiple cross-site scripting (XSS) vulnerabilities in the MAGMI (aka Magento Mass Importer) plugin for Magento Server allow remote attackers to inject arbitrary web script or HTML via the (1) profile parameter to web/magmi.php or (2) QUERY_STRING to web/magmi_import_run.php.,,,,,,4.3,MEDIUM,AV:N/AC:M/Au:N/C:N/I:P/A:N,8.6,2.9,CWE-79,1,cpe:2.3:a:magmi_project:magmi:-:*:*:*:*:magento_server:*:*
CVE-2015-2080,NUCLEI,False,True,"The exception handling code in Eclipse Jetty before 9.2.9.v20150224 allows remote attackers to obtain sensitive information from process memory via illegal characters in an HTTP header, aka JetLeak.",,,,,,5.0,MEDIUM,AV:N/AC:L/Au:N/C:P/I:N/A:N,10.0,2.9,CWE-200,9,cpe:2.3:o:fedoraproject:fedora:22:*:*:*:*:*:*:* | cpe:2.3:a:eclipse:jetty:9.2.3:*:*:*:*:*:*:* | cpe:2.3:a:eclipse:jetty:9.2.4:*:*:*:*:*:*:* | cpe:2.3:a:eclipse:jetty:9.2.5:*:*:*:*:*:*:* | cpe:2.3:a:eclipse:jetty:9.2.6:*:*:*:*:*:*:* | cpe:2.3:a:eclipse:jetty:9.2.7:*:*:*:*:*:*:* | cpe:2.3:a:eclipse:jetty:9.2.8:*:*:*:*:*:*:* | cpe:2.3:a:eclipse:jetty:9.3.0:m0:*:*:*:*:*:* | cpe:2.3:a:eclipse:jetty:9.3.0:m1:*:*:*:*:*:*
CVE-2015-2166,NUCLEI,False,True,"Directory traversal vulnerability in the Instance Monitor in Ericsson Drutt Mobile Service Delivery Platform (MSDP) 4, 5, and 6 allows remote attackers to read arbitrary files via a ..%2f (dot dot encoded slash) in the default URI.",,,,,,5.0,MEDIUM,AV:N/AC:L/Au:N/C:P/I:N/A:N,10.0,2.9,CWE-22,3,cpe:2.3:a:ericsson:drutt_mobile_service_delivery_platform:4.0:*:*:*:*:*:*:* | cpe:2.3:a:ericsson:drutt_mobile_service_delivery_platform:5.0:*:*:*:*:*:*:* | cpe:2.3:a:ericsson:drutt_mobile_service_delivery_platform:6.0:*:*:*:*:*:*:*
CVE-2015-2196,NUCLEI,False,True,SQL injection vulnerability in Spider Event Calendar 1.4.9 for WordPress allows remote attackers to execute arbitrary SQL commands via the cat_id parameter in a spiderbigcalendar_month action to wp-admin/admin-ajax.php.,,,,,,7.5,HIGH,AV:N/AC:L/Au:N/C:P/I:P/A:P,10.0,6.4,CWE-89,1,cpe:2.3:a:web-dorado:spider_calendar:1.4.9:*:*:*:*:wordpress:*:*
CVE-2015-2291,CISA,True,False,"(1) IQVW32.sys before 1.3.1.0 and (2) IQVW64.sys before 1.3.1.0 in the Intel Ethernet diagnostics driver for Windows allows local users to cause a denial of service or possibly execute arbitrary code with kernel privileges via a crafted (a) 0x80862013, (b) 0x8086200B, (c) 0x8086200F, or (d) 0x80862007 IOCTL call.",7.8,HIGH,CVSS:3.1/AV:L/AC:L/PR:L/UI:N/S:U/C:H/I:H/A:H,1.8,5.9,7.2,HIGH,AV:L/AC:L/Au:N/C:C/I:C/A:C,3.9,10.0,CWE-20,3,cpe:2.3:a:intel:ethernet_diagnostics_driver_iqvw32.sys:1.03.0.7:*:*:*:*:*:*:* | cpe:2.3:a:intel:ethernet_diagnostics_driver_iqvw64.sys:1.03.0.7:*:*:*:*:*:*:* | cpe:2.3:o:microsoft:windows:-:*:*:*:*:*:*:*
CVE-2015-2360,CISA,True,False,"win32k.sys in the kernel-mode drivers in Microsoft Windows Server 2003 SP2 and R2 SP2, Windows Vista SP2, Windows Server 2008 SP2 and R2 SP1, Windows 7 SP1, Windows 8, Windows 8.1, Windows Server 2012 Gold and R2, and Windows RT Gold and 8.1 allows local users to gain privileges or cause a denial of service (memory corruption) via a crafted application, aka ""Win32k Elevation of Privilege Vulnerability.""",8.8,HIGH,CVSS:3.1/AV:N/AC:L/PR:L/UI:N/S:U/C:H/I:H/A:H,2.8,5.9,7.2,HIGH,AV:L/AC:L/Au:N/C:C/I:C/A:C,3.9,10.0,CWE-119 | CWE-416,13,cpe:2.3:o:microsoft:windows_7:-:sp1:*:*:*:*:*:* | cpe:2.3:o:microsoft:windows_8:-:*:*:*:*:*:*:* | cpe:2.3:o:microsoft:windows_8.1:-:*:*:*:*:*:*:* | cpe:2.3:o:microsoft:windows_rt:-:*:*:*:*:*:*:* | cpe:2.3:o:microsoft:windows_rt_8.1:-:*:*:*:*:*:*:* | cpe:2.3:o:microsoft:windows_server_2003:-:sp2:*:*:*:*:*:* | cpe:2.3:o:microsoft:windows_server_2003:r2:sp2:*:*:*:*:*:* | cpe:2.3:o:microsoft:windows_server_2008:-:sp2:*:*:*:*:*:* | cpe:2.3:o:microsoft:windows_server_2008:r2:sp1:*:*:*:*:itanium:* | cpe:2.3:o:microsoft:windows_server_2008:r2:sp1:*:*:*:*:x64:*
CVE-2015-2387,CISA,True,False,"ATMFD.DLL in the Adobe Type Manager Font Driver in Microsoft Windows Server 2003 SP2, Windows Vista SP2, Windows Server 2008 SP2 and R2 SP1, Windows 7 SP1, Windows 8, Windows 8.1, Windows Server 2012 Gold and R2, and Windows RT Gold and 8.1 allows local users to gain privileges via a crafted application, aka ""ATMFD.DLL Memory Corruption Vulnerability.""",7.8,HIGH,CVSS:3.1/AV:L/AC:L/PR:L/UI:N/S:U/C:H/I:H/A:H,1.8,5.9,7.2,HIGH,AV:L/AC:L/Au:N/C:C/I:C/A:C,3.9,10.0,CWE-787,11,cpe:2.3:o:microsoft:windows_7:-:sp1:*:*:*:*:*:* | cpe:2.3:o:microsoft:windows_8:-:*:*:*:*:*:*:* | cpe:2.3:o:microsoft:windows_8.1:-:*:*:*:*:*:*:* | cpe:2.3:o:microsoft:windows_rt:-:*:*:*:*:*:*:* | cpe:2.3:o:microsoft:windows_rt_8.1:-:*:*:*:*:*:*:* | cpe:2.3:o:microsoft:windows_server_2003:-:sp2:*:*:*:*:*:* | cpe:2.3:o:microsoft:windows_server_2008:-:sp2:*:*:*:*:*:* | cpe:2.3:o:microsoft:windows_server_2008:r2:sp1:*:*:*:*:*:* | cpe:2.3:o:microsoft:windows_server_2012:-:*:*:*:*:*:*:* | cpe:2.3:o:microsoft:windows_server_2012:r2:*:*:*:*:*:*:*
CVE-2015-2419,CISA,True,False,"JScript 9 in Microsoft Internet Explorer 10 and 11 allows remote attackers to execute arbitrary code or cause a denial of service (memory corruption) via a crafted web site, aka ""JScript9 Memory Corruption Vulnerability.""",8.8,HIGH,CVSS:3.1/AV:N/AC:L/PR:N/UI:R/S:U/C:H/I:H/A:H,2.8,5.9,9.3,HIGH,AV:N/AC:M/Au:N/C:C/I:C/A:C,8.6,10.0,CWE-787,10,cpe:2.3:a:microsoft:internet_explorer:10:*:*:*:*:*:*:* | cpe:2.3:o:microsoft:windows_7:-:sp1:*:*:*:*:*:* | cpe:2.3:o:microsoft:windows_8:-:*:*:*:*:*:*:* | cpe:2.3:o:microsoft:windows_rt:-:*:*:*:*:*:*:* | cpe:2.3:o:microsoft:windows_server_2008:r2:sp1:*:*:*:*:x64:* | cpe:2.3:o:microsoft:windows_server_2012:-:*:*:*:*:*:*:* | cpe:2.3:a:microsoft:internet_explorer:11:-:*:*:*:*:*:* | cpe:2.3:o:microsoft:windows_8.1:-:*:*:*:*:*:*:* | cpe:2.3:o:microsoft:windows_rt_8.1:-:*:*:*:*:*:*:* | cpe:2.3:o:microsoft:windows_server_2012:r2:*:*:*:*:*:*:*
CVE-2015-2424,CISA,True,False,"Microsoft PowerPoint 2007 SP3, Word 2007 SP3, PowerPoint 2010 SP2, Word 2010 SP2, PowerPoint 2013 SP1, Word 2013 SP1, and PowerPoint 2013 RT SP1 allow remote attackers to execute arbitrary code or cause a denial of service (memory corruption) via a crafted Office document, aka ""Microsoft Office Memory Corruption Vulnerability.""",8.8,HIGH,CVSS:3.1/AV:N/AC:L/PR:N/UI:R/S:U/C:H/I:H/A:H,2.8,5.9,9.3,HIGH,AV:N/AC:M/Au:N/C:C/I:C/A:C,8.6,10.0,CWE-787,11,cpe:2.3:a:microsoft:excel_viewer:2007:sp3:*:*:*:*:*:* | cpe:2.3:a:microsoft:office:2007:sp3:*:*:*:*:*:* | cpe:2.3:a:microsoft:office:2010:sp2:*:*:*:*:*:* | cpe:2.3:a:microsoft:office:2011:*:*:*:*:macos:*:* | cpe:2.3:a:microsoft:office:2013:sp1:*:*:-:*:*:* | cpe:2.3:a:microsoft:office:2013:sp1:*:*:rt:*:*:* | cpe:2.3:a:microsoft:office_compatibility_pack:-:sp3:*:*:*:*:*:* | cpe:2.3:a:microsoft:powerpoint:2007:sp3:*:*:*:*:*:* | cpe:2.3:a:microsoft:powerpoint:2010:sp2:*:*:*:*:*:* | cpe:2.3:a:microsoft:word:2013:sp1:*:*:*:*:*:*
CVE-2015-2425,CISA,True,False,"Microsoft Internet Explorer 11 allows remote attackers to execute arbitrary code or cause a denial of service (memory corruption) via a crafted web site, aka ""Internet Explorer Memory Corruption Vulnerability,"" a different vulnerability than CVE-2015-2383 and CVE-2015-2384.",8.8,HIGH,CVSS:3.1/AV:N/AC:L/PR:N/UI:R/S:U/C:H/I:H/A:H,2.8,5.9,9.3,HIGH,AV:N/AC:M/Au:N/C:C/I:C/A:C,8.6,10.0,CWE-787,6,cpe:2.3:a:microsoft:internet_explorer:11:-:*:*:*:*:*:* | cpe:2.3:o:microsoft:windows_7:-:sp1:*:*:*:*:*:* | cpe:2.3:o:microsoft:windows_8.1:-:*:*:*:*:*:*:* | cpe:2.3:o:microsoft:windows_rt_8.1:-:*:*:*:*:*:*:* | cpe:2.3:o:microsoft:windows_server_2008:r2:sp1:*:*:*:*:x64:* | cpe:2.3:o:microsoft:windows_server_2012:r2:*:*:*:*:*:*:*
CVE-2015-2426,CISA,True,False,"Buffer underflow in atmfd.dll in the Windows Adobe Type Manager Library in Microsoft Windows Vista SP2, Windows Server 2008 SP2 and R2 SP1, Windows 7 SP1, Windows 8, Windows 8.1, Windows Server 2012 Gold and R2, and Windows RT Gold and 8.1 allows remote attackers to execute arbitrary code via a crafted OpenType font, aka ""OpenType Font Driver Vulnerability.""",8.8,HIGH,CVSS:3.1/AV:N/AC:L/PR:N/UI:R/S:U/C:H/I:H/A:H,2.8,5.9,9.3,HIGH,AV:N/AC:M/Au:N/C:C/I:C/A:C,8.6,10.0,CWE-119 | CWE-124,12,cpe:2.3:o:microsoft:windows_10:-:*:*:*:*:*:*:* | cpe:2.3:o:microsoft:windows_7:-:sp1:*:*:*:*:*:* | cpe:2.3:o:microsoft:windows_8:-:*:*:*:*:*:*:* | cpe:2.3:o:microsoft:windows_8.1:-:*:*:*:*:*:*:* | cpe:2.3:o:microsoft:windows_rt:-:*:*:*:*:*:*:* | cpe:2.3:o:microsoft:windows_rt_8.1:-:*:*:*:*:*:*:* | cpe:2.3:o:microsoft:windows_server_2008:-:sp2:*:*:*:*:*:* | cpe:2.3:o:microsoft:windows_server_2008:r2:sp1:*:*:*:*:itanium:* | cpe:2.3:o:microsoft:windows_server_2008:r2:sp1:*:*:*:*:x64:* | cpe:2.3:o:microsoft:windows_server_2012:-:*:*:*:*:*:*:*
CVE-2015-2502,CISA,True,False,"Microsoft Internet Explorer 7 through 11 allows remote attackers to execute arbitrary code or cause a denial of service (memory corruption) via a crafted web site, aka ""Memory Corruption Vulnerability,"" as exploited in the wild in August 2015.",8.8,HIGH,CVSS:3.1/AV:N/AC:L/PR:N/UI:R/S:U/C:H/I:H/A:H,2.8,5.9,9.3,HIGH,AV:N/AC:M/Au:N/C:C/I:C/A:C,8.6,10.0,CWE-787,16,cpe:2.3:a:microsoft:internet_explorer:7:*:*:*:*:*:*:* | cpe:2.3:o:microsoft:windows_server_2008:-:sp2:*:*:*:*:*:* | cpe:2.3:o:microsoft:windows_vista:-:sp2:*:*:*:*:*:* | cpe:2.3:a:microsoft:internet_explorer:8:*:*:*:*:*:*:* | cpe:2.3:o:microsoft:windows_7:-:sp1:*:*:*:*:*:* | cpe:2.3:o:microsoft:windows_server_2008:r2:sp1:*:*:*:*:*:* | cpe:2.3:a:microsoft:internet_explorer:9:*:*:*:*:*:*:* | cpe:2.3:o:microsoft:windows_server_2008:r2:sp1:*:*:*:*:x64:* | cpe:2.3:a:microsoft:internet_explorer:10:*:*:*:*:*:*:* | cpe:2.3:o:microsoft:windows_8:-:*:*:*:*:*:*:*
CVE-2015-2545,CISA,True,False,"Microsoft Office 2007 SP3, 2010 SP2, 2013 SP1, and 2013 RT SP1 allows remote attackers to execute arbitrary code via a crafted EPS image, aka ""Microsoft Office Malformed EPS File Vulnerability.""",7.8,HIGH,CVSS:3.1/AV:L/AC:L/PR:N/UI:R/S:U/C:H/I:H/A:H,1.8,5.9,9.3,HIGH,AV:N/AC:M/Au:N/C:C/I:C/A:C,8.6,10.0,NVD-CWE-noinfo,5,cpe:2.3:a:microsoft:office:2007:sp3:*:*:*:*:*:* | cpe:2.3:a:microsoft:office:2010:sp2:*:*:*:*:*:* | cpe:2.3:a:microsoft:office:2013:sp1:*:*:-:*:*:* | cpe:2.3:a:microsoft:office:2013:sp1:*:*:rt:*:*:* | cpe:2.3:a:microsoft:office:2016:*:-:*:-:*:-:*
CVE-2015-2546,CISA,True,False,"The kernel-mode driver in Microsoft Windows Vista SP2, Windows Server 2008 SP2 and R2 SP1, Windows 7 SP1, Windows 8, Windows 8.1, Windows Server 2012 Gold and R2, Windows RT Gold and 8.1, and Windows 10 allows local users to gain privileges via a crafted application, aka ""Win32k Memory Corruption Elevation of Privilege Vulnerability,"" a different vulnerability than CVE-2015-2511, CVE-2015-2517, and CVE-2015-2518.",8.2,HIGH,CVSS:3.1/AV:L/AC:L/PR:L/UI:R/S:C/C:H/I:H/A:H,1.5,6.0,6.9,MEDIUM,AV:L/AC:M/Au:N/C:C/I:C/A:C,3.4,10.0,CWE-119,12,cpe:2.3:o:microsoft:windows_10_1507:-:*:*:*:*:*:*:* | cpe:2.3:o:microsoft:windows_7:-:sp1:*:*:*:*:*:* | cpe:2.3:o:microsoft:windows_8:-:*:*:*:*:*:*:* | cpe:2.3:o:microsoft:windows_8.1:-:*:*:*:*:*:*:* | cpe:2.3:o:microsoft:windows_rt:-:*:*:*:*:*:*:* | cpe:2.3:o:microsoft:windows_rt_8.1:-:*:*:*:*:*:*:* | cpe:2.3:o:microsoft:windows_server_2008:-:sp2:*:*:*:*:*:* | cpe:2.3:o:microsoft:windows_server_2008:r2:sp1:*:*:*:*:itanium:* | cpe:2.3:o:microsoft:windows_server_2008:r2:sp1:*:*:*:*:x64:* | cpe:2.3:o:microsoft:windows_server_2012:-:*:*:*:*:*:*:*
CVE-2015-2590,CISA,True,False,"Unspecified vulnerability in Oracle Java SE 6u95, 7u80, and 8u45, and Java SE Embedded 7u75 and 8u33 allows remote attackers to affect confidentiality, integrity, and availability via unknown vectors related to Libraries, a different vulnerability than CVE-2015-4732.",9.8,CRITICAL,CVSS:3.1/AV:N/AC:L/PR:N/UI:N/S:U/C:H/I:H/A:H,3.9,5.9,10.0,HIGH,AV:N/AC:L/Au:N/C:C/I:C/A:C,10.0,10.0,NVD-CWE-noinfo,71,cpe:2.3:a:oracle:jdk:1.6.0:update95:*:*:*:*:*:* | cpe:2.3:a:oracle:jdk:1.7.0:update75:*:*:*:*:*:* | cpe:2.3:a:oracle:jdk:1.7.0:update80:*:*:*:*:*:* | cpe:2.3:a:oracle:jdk:1.8.0:update33:*:*:*:*:*:* | cpe:2.3:a:oracle:jdk:1.8.0:update45:*:*:*:*:*:* | cpe:2.3:a:oracle:jre:1.6.0:update95:*:*:*:*:*:* | cpe:2.3:a:oracle:jre:1.7.0:update75:*:*:*:*:*:* | cpe:2.3:a:oracle:jre:1.7.0:update80:*:*:*:*:*:* | cpe:2.3:a:oracle:jre:1.8.0:update33:*:*:*:*:*:* | cpe:2.3:a:oracle:jre:1.8.0:update45:*:*:*:*:*:*
CVE-2015-2755,NUCLEI,False,True,"Multiple cross-site request forgery (CSRF) vulnerabilities in the AB Google Map Travel (AB-MAP) plugin before 4.0 for WordPress allow remote attackers to hijack the authentication of administrators for requests that conduct cross-site scripting (XSS) attacks via the (1) lat (Latitude), (2) long (Longitude), (3) map_width, (4) map_height, or (5) zoom (Map Zoom) parameter in the ab_map_options page to wp-admin/admin.php.",,,,,,6.8,MEDIUM,AV:N/AC:M/Au:N/C:P/I:P/A:P,8.6,6.4,CWE-352,1,cpe:2.3:a:ab_google_map_travel_project:ab_google_map_travel:*:*:*:*:*:wordpress:*:*
CVE-2015-2794,NUCLEI,False,True,The installation wizard in DotNetNuke (DNN) before 7.4.1 allows remote attackers to reinstall the application and gain SuperUser access via a direct request to Install/InstallWizard.aspx.,,,,,,7.5,HIGH,AV:N/AC:L/Au:N/C:P/I:P/A:P,10.0,6.4,CWE-264,1,cpe:2.3:a:dnnsoftware:dotnetnuke:*:*:*:*:*:*:*:*
CVE-2015-2807,NUCLEI,False,True,Cross-site scripting (XSS) vulnerability in js/window.php in the Navis DocumentCloud plugin before 0.1.1 for WordPress allows remote attackers to inject arbitrary web script or HTML via the wpbase parameter.,,,,,,4.3,MEDIUM,AV:N/AC:M/Au:N/C:N/I:P/A:N,8.6,2.9,CWE-79,1,cpe:2.3:a:documentcloud:navis_documentcloud:*:*:*:*:*:wordpress:*:*
CVE-2015-2863,NUCLEI,False,True,"Open redirect vulnerability in Kaseya Virtual System Administrator (VSA) 7.x before 7.0.0.29, 8.x before 8.0.0.18, 9.0 before 9.0.0.14, and 9.1 before 9.1.0.4 allows remote attackers to redirect users to arbitrary web sites and conduct phishing attacks via unspecified vectors.",,,,,,4.3,MEDIUM,AV:N/AC:M/Au:N/C:N/I:P/A:N,8.6,2.9,NVD-CWE-Other,1,cpe:2.3:a:kaseya:virtual_system_administrator:*:*:*:*:*:*:*:*
CVE-2015-2996,NUCLEI,False,True,Multiple directory traversal vulnerabilities in SysAid Help Desk before 15.2 allow remote attackers to (1) read arbitrary files via a .. (dot dot) in the fileName parameter to getGfiUpgradeFile or (2) cause a denial of service (CPU and memory consumption) via a .. (dot dot) in the fileName parameter to calculateRdsFileChecksum.,,,,,,8.5,HIGH,AV:N/AC:L/Au:N/C:P/I:N/A:C,10.0,7.8,CWE-22,1,cpe:2.3:a:sysaid:sysaid:*:*:*:*:*:*:*:*
CVE-2015-3035,CISA + NUCLEI,True,True,"Directory traversal vulnerability in TP-LINK Archer C5 (1.2) with firmware before 150317, C7 (2.0) with firmware before 150304, and C8 (1.0) with firmware before 150316, Archer C9 (1.0), TL-WDR3500 (1.0), TL-WDR3600 (1.0), and TL-WDR4300 (1.0) with firmware before 150302, TL-WR740N (5.0) and TL-WR741ND (5.0) with firmware before 150312, and TL-WR841N (9.0), TL-WR841N (10.0), TL-WR841ND (9.0), and TL-WR841ND (10.0) with firmware before 150310 allows remote attackers to read arbitrary files via a .. (dot dot) in the PATH_INFO to login/.",7.5,HIGH,CVSS:3.1/AV:N/AC:L/PR:N/UI:N/S:U/C:H/I:N/A:N,3.9,3.6,7.8,HIGH,AV:N/AC:L/Au:N/C:C/I:N/A:N,10.0,6.9,CWE-22,24,cpe:2.3:o:tp-link:tl-wr741nd_firmware:*:*:*:*:*:*:*:* | cpe:2.3:h:tp-link:tl-wr741nd:5:*:*:*:*:*:*:* | cpe:2.3:o:tp-link:tl-wr841n_firmware:*:*:*:*:*:*:*:* | cpe:2.3:h:tp-link:tl-wr841n:9:*:*:*:*:*:*:* | cpe:2.3:o:tp-link:tl-wr740n_firmware:*:*:*:*:*:*:*:* | cpe:2.3:h:tp-link:tl-wr740n:5:*:*:*:*:*:*:* | cpe:2.3:o:tp-link:archer_c5_firmware:*:*:*:*:*:*:*:* | cpe:2.3:h:tp-link:archer_c5:1.20:*:*:*:*:*:*:* | cpe:2.3:h:tp-link:tl-wr841n:10:*:*:*:*:*:*:* | cpe:2.3:o:tp-link:tl-wdr3600_firmware:*:*:*:*:*:*:*:*
CVE-2015-3043,CISA,True,False,"Adobe Flash Player before 13.0.0.281 and 14.x through 17.x before 17.0.0.169 on Windows and OS X and before 11.2.202.457 on Linux allows attackers to execute arbitrary code or cause a denial of service (memory corruption) via unspecified vectors, as exploited in the wild in April 2015, a different vulnerability than CVE-2015-0347, CVE-2015-0350, CVE-2015-0352, CVE-2015-0353, CVE-2015-0354, CVE-2015-0355, CVE-2015-0360, CVE-2015-3038, CVE-2015-3041, and CVE-2015-3042.",9.8,CRITICAL,CVSS:3.1/AV:N/AC:L/PR:N/UI:N/S:U/C:H/I:H/A:H,3.9,5.9,10.0,HIGH,AV:N/AC:L/Au:N/C:C/I:C/A:C,10.0,10.0,CWE-787,20,cpe:2.3:a:adobe:flash_player:*:*:*:*:*:*:*:* | cpe:2.3:o:linux:linux_kernel:-:*:*:*:*:*:*:* | cpe:2.3:o:apple:mac_os_x:-:*:*:*:*:*:*:* | cpe:2.3:o:microsoft:windows:-:*:*:*:*:*:*:* | cpe:2.3:o:novell:suse_linux_enterprise_desktop:11.0:sp3:*:*:*:*:*:* | cpe:2.3:o:novell:suse_linux_enterprise_desktop:12.0:*:*:*:*:*:*:* | cpe:2.3:o:novell:suse_linux_enterprise_workstation_extension:12.0:*:*:*:*:*:*:* | cpe:2.3:o:opensuse:evergreen:11.4:*:*:*:*:*:*:* | cpe:2.3:o:opensuse:opensuse:13.1:*:*:*:*:*:*:* | cpe:2.3:o:opensuse:opensuse:13.2:*:*:*:*:*:*:*
CVE-2015-3113,CISA,True,False,"Heap-based buffer overflow in Adobe Flash Player before 13.0.0.296 and 14.x through 18.x before 18.0.0.194 on Windows and OS X and before 11.2.202.468 on Linux allows remote attackers to execute arbitrary code via unspecified vectors, as exploited in the wild in June 2015.",9.8,CRITICAL,CVSS:3.1/AV:N/AC:L/PR:N/UI:N/S:U/C:H/I:H/A:H,3.9,5.9,10.0,HIGH,AV:N/AC:L/Au:N/C:C/I:C/A:C,10.0,10.0,CWE-787 | CWE-122,20,cpe:2.3:a:adobe:flash_player:*:*:*:*:*:*:*:* | cpe:2.3:o:apple:mac_os_x:-:*:*:*:*:*:*:* | cpe:2.3:o:microsoft:windows:-:*:*:*:*:*:*:* | cpe:2.3:o:linux:linux_kernel:-:*:*:*:*:*:*:* | cpe:2.3:o:opensuse:evergreen:11.4:*:*:*:*:*:*:* | cpe:2.3:o:opensuse:opensuse:13.1:*:*:*:*:*:*:* | cpe:2.3:o:opensuse:opensuse:13.2:*:*:*:*:*:*:* | cpe:2.3:o:suse:linux_enterprise_desktop:12:-:*:*:*:*:*:* | cpe:2.3:o:suse:linux_enterprise_workstation_extension:12:-:*:*:*:*:*:* | cpe:2.3:a:hp:insight_orchestration:*:*:*:*:*:*:*:*
CVE-2015-3224,NUCLEI,False,True,"request.rb in Web Console before 2.1.3, as used with Ruby on Rails 3.x and 4.x, does not properly restrict the use of X-Forwarded-For headers in determining a client's IP address, which allows remote attackers to bypass the whitelisted_ips protection mechanism via a crafted request.",,,,,,4.3,MEDIUM,AV:N/AC:M/Au:N/C:N/I:P/A:N,8.6,2.9,CWE-284,1,cpe:2.3:a:rubyonrails:web_console:*:*:*:*:*:*:*:*
CVE-2015-3306,NUCLEI,False,True,The mod_copy module in ProFTPD 1.3.5 allows remote attackers to read and write to arbitrary files via the site cpfr and site cpto commands.,,,,,,10.0,HIGH,AV:N/AC:L/Au:N/C:C/I:C/A:C,10.0,10.0,CWE-284,1,cpe:2.3:a:proftpd:proftpd:1.3.5:*:*:*:*:*:*:*
CVE-2015-3337,NUCLEI,False,True,"Directory traversal vulnerability in Elasticsearch before 1.4.5 and 1.5.x before 1.5.2, when a site plugin is enabled, allows remote attackers to read arbitrary files via unspecified vectors.",,,,,,4.3,MEDIUM,AV:N/AC:M/Au:N/C:P/I:N/A:N,8.6,2.9,CWE-22,3,cpe:2.3:a:elasticsearch:elasticsearch:*:*:*:*:*:*:*:* | cpe:2.3:a:elasticsearch:elasticsearch:1.5.0:*:*:*:*:*:*:* | cpe:2.3:a:elasticsearch:elasticsearch:1.5.1:*:*:*:*:*:*:*
CVE-2015-3648,NUCLEI,False,True,Directory traversal vulnerability in pages/setup.php in Montala Limited ResourceSpace before 7.2.6727 allows remote attackers to include and execute arbitrary local files via a .. (dot dot) in the defaultlanguage parameter.,,,,,,7.5,HIGH,AV:N/AC:L/Au:N/C:P/I:P/A:P,10.0,6.4,CWE-22,1,cpe:2.3:a:montala:resourcespace:*:*:*:*:*:*:*:*
CVE-2015-3897,NUCLEI,False,True,Directory traversal vulnerability in Bonita BPM Portal before 6.5.3 allows remote attackers to read arbitrary files via a .. (dot dot) in the theme parameter and a file path in the location parameter to bonita/portal/themeResource.,,,,,,5.0,MEDIUM,AV:N/AC:L/Au:N/C:P/I:N/A:N,10.0,2.9,CWE-22,1,cpe:2.3:a:bonitasoft:bonita_bpm_portal:*:*:*:*:*:*:*:*
CVE-2015-4050,NUCLEI,False,True,"FragmentListener in the HttpKernel component in Symfony 2.3.19 through 2.3.28, 2.4.9 through 2.4.10, 2.5.4 through 2.5.11, and 2.6.0 through 2.6.7, when ESI or SSI support enabled, does not check if the _controller attribute is set, which allows remote attackers to bypass URL signing and security rules by including (1) no hash or (2) an invalid hash in a request to /_fragment.",,,,,,4.3,MEDIUM,AV:N/AC:M/Au:N/C:N/I:P/A:N,8.6,2.9,CWE-284,27,cpe:2.3:a:sensiolabs:symfony:2.3.19:*:*:*:*:*:*:* | cpe:2.3:a:sensiolabs:symfony:2.3.20:*:*:*:*:*:*:* | cpe:2.3:a:sensiolabs:symfony:2.3.21:*:*:*:*:*:*:* | cpe:2.3:a:sensiolabs:symfony:2.3.22:*:*:*:*:*:*:* | cpe:2.3:a:sensiolabs:symfony:2.3.23:*:*:*:*:*:*:* | cpe:2.3:a:sensiolabs:symfony:2.3.24:*:*:*:*:*:*:* | cpe:2.3:a:sensiolabs:symfony:2.3.25:*:*:*:*:*:*:* | cpe:2.3:a:sensiolabs:symfony:2.3.26:*:*:*:*:*:*:* | cpe:2.3:a:sensiolabs:symfony:2.3.27:*:*:*:*:*:*:* | cpe:2.3:a:sensiolabs:symfony:2.3.28:*:*:*:*:*:*:*
CVE-2015-4062,NUCLEI,False,True,SQL injection vulnerability in includes/nsp_search.php in the NewStatPress plugin before 0.9.9 for WordPress allows remote authenticated users to execute arbitrary SQL commands via the where1 parameter in the nsp_search page to wp-admin/admin.php.,,,,,,6.5,MEDIUM,AV:N/AC:L/Au:S/C:P/I:P/A:P,8.0,6.4,CWE-89,1,cpe:2.3:a:newstatpress_project:newstatpress:*:*:*:*:*:wordpress:*:*
CVE-2015-4063,NUCLEI,False,True,Cross-site scripting (XSS) vulnerability in includes/nsp_search.php in the NewStatPress plugin before 0.9.9 for WordPress allows remote authenticated users to inject arbitrary web script or HTML via the where1 parameter in the nsp_search page to wp-admin/admin.php.,,,,,,3.5,LOW,AV:N/AC:M/Au:S/C:N/I:P/A:N,6.8,2.9,CWE-79,1,cpe:2.3:a:newstatpress_project:newstatpress:*:*:*:*:*:wordpress:*:*
CVE-2015-4068,CISA,True,False,Directory traversal vulnerability in Arcserve UDP before 5.0 Update 4 allows remote attackers to obtain sensitive information or cause a denial of service via a crafted file path to the (1) reportFileServlet or (2) exportServlet servlet.,9.1,CRITICAL,CVSS:3.1/AV:N/AC:L/PR:N/UI:N/S:U/C:H/I:N/A:H,3.9,5.2,9.4,HIGH,AV:N/AC:L/Au:N/C:C/I:N/A:C,10.0,9.2,CWE-22,2,cpe:2.3:a:arcserve:udp:*:*:*:*:*:*:*:* | cpe:2.3:a:arcserve:udp:5.0:-:*:*:*:*:*:*
CVE-2015-4074,NUCLEI,False,True,Directory traversal vulnerability in the Helpdesk Pro plugin before 1.4.0 for Joomla! allows remote attackers to read arbitrary files via a .. (dot dot) in the filename parameter in a ticket.download_attachment task.,,,,,,5.0,MEDIUM,AV:N/AC:L/Au:N/C:P/I:N/A:N,10.0,2.9,CWE-22,1,cpe:2.3:a:helpdesk_pro_project:helpdesk_pro:*:*:*:*:*:joomla\!:*:*
CVE-2015-4127,NUCLEI,False,True,"Cross-site scripting (XSS) vulnerability in the church_admin plugin before 0.810 for WordPress allows remote attackers to inject arbitrary web script or HTML via the address parameter, as demonstrated by a request to index.php/2015/05/21/church_admin-registration-form/.",,,,,,4.3,MEDIUM,AV:N/AC:M/Au:N/C:N/I:P/A:N,8.6,2.9,CWE-79,1,cpe:2.3:a:church_admin_project:church_admin:*:*:*:*:*:wordpress:*:*
CVE-2015-4414,NUCLEI,False,True,Directory traversal vulnerability in download_audio.php in the SE HTML5 Album Audio Player (se-html5-album-audio-player) plugin 1.1.0 and earlier for WordPress allows remote attackers to read arbitrary files via a .. (dot dot) in the file parameter.,,,,,,5.0,MEDIUM,AV:N/AC:L/Au:N/C:P/I:N/A:N,10.0,2.9,CWE-22,1,cpe:2.3:a:se_html5_album_audio_player_project:se_html5_album_audio_player:*:*:*:*:*:wordpress:*:*
CVE-2015-4455,NUCLEI,False,True,"Unrestricted file upload vulnerability in includes/upload.php in the Aviary Image Editor Add-on For Gravity Forms plugin 3.0 beta for WordPress allows remote attackers to execute arbitrary code by uploading a file with an executable extension, then accessing it via a direct request to the file in wp-content/uploads/gform_aviary.",,,,,,7.5,HIGH,AV:N/AC:L/Au:N/C:P/I:P/A:P,10.0,6.4,CWE-434,1,cpe:2.3:a:aviary_image_editor_add-on_for_gravity_forms_project:aviary_image_editor_add-on_for_gravity_forms:*:beta:*:*:*:wordpress:*:*
CVE-2015-4495,CISA,True,False,"The PDF reader in Mozilla Firefox before 39.0.3, Firefox ESR 38.x before 38.1.1, and Firefox OS before 2.2 allows remote attackers to bypass the Same Origin Policy, and read arbitrary files or gain privileges, via vectors involving crafted JavaScript code and a native setter, as exploited in the wild in August 2015.",8.8,HIGH,CVSS:3.1/AV:N/AC:L/PR:N/UI:R/S:U/C:H/I:H/A:H,2.8,5.9,4.3,MEDIUM,AV:N/AC:M/Au:N/C:P/I:N/A:N,8.6,2.9,NVD-CWE-noinfo | CWE-346,49,cpe:2.3:a:mozilla:firefox:*:*:*:*:-:*:*:* | cpe:2.3:a:mozilla:firefox:*:*:*:*:esr:*:*:* | cpe:2.3:o:mozilla:firefox_os:*:*:*:*:*:*:*:* | cpe:2.3:o:oracle:solaris:11.3:*:*:*:*:*:*:* | cpe:2.3:o:canonical:ubuntu_linux:12.04:*:*:*:-:*:*:* | cpe:2.3:o:canonical:ubuntu_linux:14.04:*:*:*:esm:*:*:* | cpe:2.3:o:canonical:ubuntu_linux:15.04:*:*:*:*:*:*:* | cpe:2.3:o:redhat:enterprise_linux_desktop:5.0:*:*:*:*:*:*:* | cpe:2.3:o:redhat:enterprise_linux_desktop:6.0:*:*:*:*:*:*:* | cpe:2.3:o:redhat:enterprise_linux_desktop:7.0:*:*:*:*:*:*:*
CVE-2015-4632,NUCLEI,False,True,"Multiple directory traversal vulnerabilities in Koha 3.14.x before 3.14.16, 3.16.x before 3.16.12, 3.18.x before 3.18.08, and 3.20.x before 3.20.1 allow remote attackers to read arbitrary files via a ..%2f (dot dot encoded slash) in the template_path parameter to (1) svc/virtualshelves/search or (2) svc/members/search.",,,,,,5.0,MEDIUM,AV:N/AC:L/Au:N/C:P/I:N/A:N,10.0,2.9,CWE-22,1,cpe:2.3:a:koha:koha:*:*:*:*:*:*:*:*
CVE-2015-4666,NUCLEI,False,True,Directory traversal vulnerability in opm/read_sessionlog.php in Xceedium Xsuite 2.4.4.5 and earlier allows remote attackers to read arbitrary files via a ....// (quadruple dot double slash) in the logFile parameter.,,,,,,5.0,MEDIUM,AV:N/AC:L/Au:N/C:P/I:N/A:N,10.0,2.9,CWE-22,2,cpe:2.3:a:xceedium:xsuite:2.3.0:*:*:*:*:*:*:* | cpe:2.3:a:xceedium:xsuite:2.4.3.0:*:*:*:*:*:*:*
CVE-2015-4668,NUCLEI,False,True,Open redirect vulnerability in Xsuite 2.4.4.5 and earlier allows remote attackers to redirect users to arbitrary web sites and conduct phishing attacks via a URL in the redirurl parameter.,,,,,,5.8,MEDIUM,AV:N/AC:M/Au:N/C:P/I:P/A:N,8.6,4.9,CWE-601,2,cpe:2.3:a:xceedium:xsuite:2.3.0:*:*:*:*:*:*:* | cpe:2.3:a:xceedium:xsuite:2.4.3.0:*:*:*:*:*:*:*
CVE-2015-4694,NUCLEI,False,True,Directory traversal vulnerability in download.php in the Zip Attachments plugin before 1.5.1 for WordPress allows remote attackers to read arbitrary files via a .. (dot dot) in the za_file parameter.,,,,,,5.0,MEDIUM,AV:N/AC:L/Au:N/C:P/I:N/A:N,10.0,2.9,CWE-22,1,cpe:2.3:a:zip_attachments_project:zip_attachments:*:*:*:*:*:wordpress:*:*
CVE-2015-4852,CISA,True,False,"The WLS Security component in Oracle WebLogic Server 10.3.6.0, 12.1.2.0, 12.1.3.0, and 12.2.1.0 allows remote attackers to execute arbitrary commands via a crafted serialized Java object in T3 protocol traffic to TCP port 7001, related to oracle_common/modules/com.bea.core.apache.commons.collections.jar. NOTE: the scope of this CVE is limited to the WebLogic Server product.",9.8,CRITICAL,CVSS:3.1/AV:N/AC:L/PR:N/UI:N/S:U/C:H/I:H/A:H,3.9,5.9,7.5,HIGH,AV:N/AC:L/Au:N/C:P/I:P/A:P,10.0,6.4,CWE-502,6,cpe:2.3:a:oracle:virtual_desktop_infrastructure:*:*:*:*:*:*:*:* | cpe:2.3:a:oracle:storagetek_tape_analytics_sw_tool:2.3:*:*:*:*:*:*:* | cpe:2.3:a:oracle:weblogic_server:10.3.6.0.0:*:*:*:*:*:*:* | cpe:2.3:a:oracle:weblogic_server:12.1.2.0.0:*:*:*:*:*:*:* | cpe:2.3:a:oracle:weblogic_server:12.1.3.0.0:*:*:*:*:*:*:* | cpe:2.3:a:oracle:weblogic_server:12.2.1.0.0:*:*:*:*:*:*:*
CVE-2015-4902,CISA,True,False,"Unspecified vulnerability in Oracle Java SE 6u101, 7u85, and 8u60 allows remote attackers to affect integrity via unknown vectors related to Deployment.",5.3,MEDIUM,CVSS:3.1/AV:N/AC:L/PR:N/UI:N/S:U/C:N/I:L/A:N,3.9,1.4,5.0,MEDIUM,AV:N/AC:L/Au:N/C:N/I:P/A:N,10.0,2.9,NVD-CWE-noinfo | CWE-284,64,cpe:2.3:a:oracle:jdk:1.6.0:update101:*:*:*:*:*:* | cpe:2.3:a:oracle:jdk:1.7.0:update85:*:*:*:*:*:* | cpe:2.3:a:oracle:jdk:1.8.0:update60:*:*:*:*:*:* | cpe:2.3:a:oracle:jre:1.6.0:update101:*:*:*:*:*:* | cpe:2.3:a:oracle:jre:1.7.0:update85:*:*:*:*:*:* | cpe:2.3:a:oracle:jre:1.8.0:update60:*:*:*:*:*:* | cpe:2.3:a:redhat:satellite:5.6:*:*:*:*:*:*:* | cpe:2.3:a:redhat:satellite:5.7:*:*:*:*:*:*:* | cpe:2.3:o:redhat:enterprise_linux_desktop:5.0:*:*:*:*:*:*:* | cpe:2.3:o:redhat:enterprise_linux_desktop:6.0:*:*:*:*:*:*:*
CVE-2015-5119,CISA,True,False,"Use-after-free vulnerability in the ByteArray class in the ActionScript 3 (AS3) implementation in Adobe Flash Player 13.x through 13.0.0.296 and 14.x through 18.0.0.194 on Windows and OS X and 11.x through 11.2.202.468 on Linux allows remote attackers to execute arbitrary code or cause a denial of service (memory corruption) via crafted Flash content that overrides a valueOf function, as exploited in the wild in July 2015.",9.8,CRITICAL,CVSS:3.1/AV:N/AC:L/PR:N/UI:N/S:U/C:H/I:H/A:H,3.9,5.9,10.0,HIGH,AV:N/AC:L/Au:N/C:C/I:C/A:C,10.0,10.0,CWE-416,21,cpe:2.3:a:adobe:flash_player:*:*:*:*:*:*:*:* | cpe:2.3:o:apple:mac_os_x:-:*:*:*:*:*:*:* | cpe:2.3:o:microsoft:windows:-:*:*:*:*:*:*:* | cpe:2.3:o:linux:linux_kernel:-:*:*:*:*:*:*:* | cpe:2.3:o:redhat:enterprise_linux_desktop:5.0:*:*:*:*:*:*:* | cpe:2.3:o:redhat:enterprise_linux_desktop:6.0:*:*:*:*:*:*:* | cpe:2.3:o:redhat:enterprise_linux_eus:6.6:*:*:*:*:*:*:* | cpe:2.3:o:redhat:enterprise_linux_server:5.0:*:*:*:*:*:*:* | cpe:2.3:o:redhat:enterprise_linux_server:6.0:*:*:*:*:*:*:* | cpe:2.3:o:redhat:enterprise_linux_server_aus:6.6:*:*:*:*:*:*:*
CVE-2015-5122,CISA,True,False,"Use-after-free vulnerability in the DisplayObject class in the ActionScript 3 (AS3) implementation in Adobe Flash Player 13.x through 13.0.0.302 on Windows and OS X, 14.x through 18.0.0.203 on Windows and OS X, 11.x through 11.2.202.481 on Linux, and 12.x through 18.0.0.204 on Linux Chrome installations allows remote attackers to execute arbitrary code or cause a denial of service (memory corruption) via crafted Flash content that leverages improper handling of the opaqueBackground property, as exploited in the wild in July 2015.",9.8,CRITICAL,CVSS:3.1/AV:N/AC:L/PR:N/UI:N/S:U/C:H/I:H/A:H,3.9,5.9,10.0,HIGH,AV:N/AC:L/Au:N/C:C/I:C/A:C,10.0,10.0,CWE-416,23,cpe:2.3:a:adobe:flash_player:*:*:*:*:esr:*:*:* | cpe:2.3:a:adobe:flash_player:*:*:*:*:*:chrome:*:* | cpe:2.3:a:adobe:flash_player_desktop_runtime:*:*:*:*:*:*:*:* | cpe:2.3:o:apple:macos:-:*:*:*:*:*:*:* | cpe:2.3:o:microsoft:windows:-:*:*:*:*:*:*:* | cpe:2.3:o:linux:linux_kernel:-:*:*:*:*:*:*:* | cpe:2.3:a:adobe:flash_player:*:*:*:*:*:internet_explorer_10:*:* | cpe:2.3:a:adobe:flash_player:*:*:*:*:*:internet_explorer_11:*:* | cpe:2.3:o:microsoft:windows_8:-:*:*:*:*:*:*:* | cpe:2.3:o:microsoft:windows_8.1:-:*:*:*:*:*:*:*
CVE-2015-5123,CISA,True,False,"Use-after-free vulnerability in the BitmapData class in the ActionScript 3 (AS3) implementation in Adobe Flash Player 13.x through 13.0.0.302 on Windows and OS X, 14.x through 18.0.0.203 on Windows and OS X, 11.x through 11.2.202.481 on Linux, and 12.x through 18.0.0.204 on Linux Chrome installations allows remote attackers to execute arbitrary code or cause a denial of service (memory corruption) via crafted Flash content that overrides a valueOf function, as exploited in the wild in July 2015.",9.8,CRITICAL,CVSS:3.1/AV:N/AC:L/PR:N/UI:N/S:U/C:H/I:H/A:H,3.9,5.9,10.0,HIGH,AV:N/AC:L/Au:N/C:C/I:C/A:C,10.0,10.0,CWE-416,19,cpe:2.3:o:redhat:enterprise_linux_desktop:5.0:*:*:*:*:*:*:* | cpe:2.3:o:redhat:enterprise_linux_desktop:6.0:*:*:*:*:*:*:* | cpe:2.3:o:redhat:enterprise_linux_server:5.0:*:*:*:*:*:*:* | cpe:2.3:o:redhat:enterprise_linux_server:6.0:*:*:*:*:*:*:* | cpe:2.3:o:redhat:enterprise_linux_server_eus:6.6:*:*:*:*:*:*:* | cpe:2.3:o:redhat:enterprise_linux_workstation:5.0:*:*:*:*:*:*:* | cpe:2.3:o:redhat:enterprise_linux_workstation:6.0:*:*:*:*:*:*:* | cpe:2.3:o:opensuse:evergreen:11.4:*:*:*:*:*:*:* | cpe:2.3:o:suse:linux_enterprise_desktop:11:sp3:*:*:*:*:*:* | cpe:2.3:o:suse:linux_enterprise_desktop:11:sp4:*:*:*:*:*:*
CVE-2015-5317,CISA,True,False,The Fingerprints pages in Jenkins before 1.638 and LTS before 1.625.2 might allow remote attackers to obtain sensitive job and build name information via a direct request.,7.5,HIGH,CVSS:3.1/AV:N/AC:L/PR:N/UI:N/S:U/C:H/I:N/A:N,3.9,3.6,5.0,MEDIUM,AV:N/AC:L/Au:N/C:P/I:N/A:N,10.0,2.9,CWE-200,4,cpe:2.3:a:jenkins:jenkins:*:*:*:*:-:*:*:* | cpe:2.3:a:jenkins:jenkins:*:*:*:*:lts:*:*:* | cpe:2.3:a:redhat:openshift:2.0:*:*:*:*:*:*:* | cpe:2.3:a:redhat:openshift:*:*:*:*:enterprise:*:*:*
CVE-2015-5354,NUCLEI,False,True,Open redirect vulnerability in Novius OS 5.0.1 (Elche) allows remote attackers to redirect users to arbitrary web sites and conduct phishing attacks via a URL in the redirect parameter to admin/nos/login.,,,,,,5.8,MEDIUM,AV:N/AC:M/Au:N/C:P/I:P/A:N,8.6,4.9,CWE-601,1,cpe:2.3:a:novius-os:novius_os:5.0.1:*:*:*:*:*:*:*
CVE-2015-5461,NUCLEI,False,True,Open redirect vulnerability in the Redirect function in stageshow_redirect.php in the StageShow plugin before 5.0.9 for WordPress allows remote attackers to redirect users to arbitrary web sites and conduct phishing attacks via a URL in the url parameter.,,,,,,6.4,MEDIUM,AV:N/AC:L/Au:N/C:P/I:P/A:N,10.0,4.9,NVD-CWE-Other,1,cpe:2.3:a:stageshow_project:stageshow:*:*:*:*:*:wordpress:*:*
CVE-2015-5469,NUCLEI,False,True,Absolute path traversal vulnerability in the MDC YouTube Downloader plugin 2.1.0 for WordPress allows remote attackers to read arbitrary files via a full pathname in the file parameter to includes/download.php.,,,,,,5.0,MEDIUM,AV:N/AC:L/Au:N/C:P/I:N/A:N,10.0,2.9,CWE-22,1,cpe:2.3:a:mdc_youtube_downloader_project:mdc_youtube_downloader:2.1.0:*:*:*:*:wordpress:*:*
CVE-2015-5471,NUCLEI,False,True,Absolute path traversal vulnerability in include/user/download.php in the Swim Team plugin 1.44.10777 for WordPress allows remote attackers to read arbitrary files via a full pathname in the file parameter.,,,,,,5.0,MEDIUM,AV:N/AC:L/Au:N/C:P/I:N/A:N,10.0,2.9,CWE-22,1,cpe:2.3:a:swim_team_project:swim_team:1.44.10777:*:*:*:*:wordpress:*:*
CVE-2015-5531,NUCLEI,False,True,Directory traversal vulnerability in Elasticsearch before 1.6.1 allows remote attackers to read arbitrary files via unspecified vectors related to snapshot API calls.,,,,,,5.0,MEDIUM,AV:N/AC:L/Au:N/C:P/I:N/A:N,10.0,2.9,CWE-22,1,cpe:2.3:a:elasticsearch:elasticsearch:*:*:*:*:*:*:*:*
CVE-2015-5688,NUCLEI,False,True,Directory traversal vulnerability in lib/app/index.js in Geddy before 13.0.8 for Node.js allows remote attackers to read arbitrary files via a ..%2f (dot dot encoded slash) in the PATH_INFO to the default URI.,,,,,,5.0,MEDIUM,AV:N/AC:L/Au:N/C:P/I:N/A:N,10.0,2.9,CWE-22,1,cpe:2.3:a:geddyjs:geddy:13.0.7:*:*:*:*:node.js:*:*
CVE-2015-6175,CISA,True,False,"The kernel in Microsoft Windows 10 Gold allows local users to gain privileges via a crafted application, aka ""Windows Kernel Memory Elevation of Privilege Vulnerability.""",7.8,HIGH,CVSS:3.1/AV:L/AC:L/PR:N/UI:R/S:U/C:H/I:H/A:H,1.8,5.9,7.2,HIGH,AV:L/AC:L/Au:N/C:C/I:C/A:C,3.9,10.0,NVD-CWE-noinfo,1,cpe:2.3:o:microsoft:windows_10_1507:-:*:*:*:*:*:*:*
CVE-2015-6477,NUCLEI,False,True,Multiple cross-site scripting (XSS) vulnerabilities in the Wind Farm Portal application in Nordex Control 2 (NC2) SCADA 16 and earlier allow remote attackers to inject arbitrary web script or HTML via unspecified vectors.,,,,,,4.3,MEDIUM,AV:N/AC:M/Au:N/C:N/I:P/A:N,8.6,2.9,CWE-79,1,cpe:2.3:o:nordex:nordex_control_2_scada:*:*:*:*:*:*:*:*
CVE-2015-6544,NUCLEI,False,True,Cross-site scripting (XSS) vulnerability in application/dashboard.class.inc.php in Combodo iTop before 2.2.0-2459 allows remote attackers to inject arbitrary web script or HTML via a dashboard title.,,,,,,4.3,MEDIUM,AV:N/AC:M/Au:N/C:N/I:P/A:N,8.6,2.9,CWE-79,1,cpe:2.3:a:combodo:itop:*:*:*:*:*:*:*:*
CVE-2015-6920,NUCLEI,False,True,Cross-site scripting (XSS) vulnerability in js/window.php in the sourceAFRICA plugin 0.1.3 for WordPress allows remote attackers to inject arbitrary web script or HTML via the wpbase parameter.,,,,,,4.3,MEDIUM,AV:N/AC:M/Au:N/C:N/I:P/A:N,8.6,2.9,CWE-79,1,cpe:2.3:a:sourceafrica_project:sourceafrica:0.1.3:*:*:*:*:wordpress:*:*
CVE-2015-7245,NUCLEI,False,True,"Directory traversal vulnerability in D-Link DVG-N5402SP with firmware W1000CN-00, W1000CN-03, or W2000EN-00 allows remote attackers to read sensitive information via a .. (dot dot) in the errorpage parameter.",,,,,,5.0,MEDIUM,AV:N/AC:L/Au:N/C:P/I:N/A:N,10.0,2.9,CWE-22,4,cpe:2.3:o:d-link:dvg-n5402sp_firmware:w1000cn-00:*:*:*:*:*:*:* | cpe:2.3:o:d-link:dvg-n5402sp_firmware:w1000cn-03:*:*:*:*:*:*:* | cpe:2.3:o:d-link:dvg-n5402sp_firmware:w2000en-00:*:*:*:*:*:*:* | cpe:2.3:h:dlink:dvg-n5402sp:-:*:*:*:*:*:*:*
CVE-2015-7297,NUCLEI,False,True,"SQL injection vulnerability in Joomla! 3.2 before 3.4.4 allows remote attackers to execute arbitrary SQL commands via unspecified vectors, a different vulnerability than CVE-2015-7858.",,,,,,7.5,HIGH,AV:N/AC:L/Au:N/C:P/I:P/A:P,10.0,6.4,CWE-89,15,cpe:2.3:a:joomla:joomla\!:3.2.0:*:*:*:*:*:*:* | cpe:2.3:a:joomla:joomla\!:3.2.1:*:*:*:*:*:*:* | cpe:2.3:a:joomla:joomla\!:3.2.2:*:*:*:*:*:*:* | cpe:2.3:a:joomla:joomla\!:3.2.3:*:*:*:*:*:*:* | cpe:2.3:a:joomla:joomla\!:3.2.4:*:*:*:*:*:*:* | cpe:2.3:a:joomla:joomla\!:3.3.0:*:*:*:*:*:*:* | cpe:2.3:a:joomla:joomla\!:3.3.1:*:*:*:*:*:*:* | cpe:2.3:a:joomla:joomla\!:3.3.2:*:*:*:*:*:*:* | cpe:2.3:a:joomla:joomla\!:3.3.3:*:*:*:*:*:*:* | cpe:2.3:a:joomla:joomla\!:3.3.4:*:*:*:*:*:*:*
CVE-2015-7377,NUCLEI,False,True,Cross-site scripting (XSS) vulnerability in pie-register/pie-register.php in the Pie Register plugin before 2.0.19 for WordPress allows remote attackers to inject arbitrary web script or HTML via the invitaion_code parameter in a pie-register page to the default URI.,,,,,,4.3,MEDIUM,AV:N/AC:M/Au:N/C:N/I:P/A:N,8.6,2.9,CWE-79,1,cpe:2.3:a:genetechsolutions:pie_register:*:*:*:*:*:wordpress:*:*
CVE-2015-7450,CISA + NUCLEI,True,True,"Serialized-object interfaces in certain IBM analytics, business solutions, cognitive, IT infrastructure, and mobile and social products allow remote attackers to execute arbitrary commands via a crafted serialized Java object, related to the InvokerTransformer class in the Apache Commons Collections library.",9.8,CRITICAL,CVSS:3.1/AV:N/AC:L/PR:N/UI:N/S:U/C:H/I:H/A:H,3.9,5.9,10.0,HIGH,AV:N/AC:L/Au:N/C:C/I:C/A:C,10.0,10.0,CWE-502,20,cpe:2.3:a:ibm:sterling_b2b_integrator:5.2:*:*:*:*:*:*:* | cpe:2.3:a:ibm:sterling_integrator:5.1:*:*:*:*:*:*:* | cpe:2.3:a:ibm:tivoli_common_reporting:2.1:*:*:*:*:*:*:* | cpe:2.3:a:ibm:tivoli_common_reporting:2.1.1:*:*:*:*:*:*:* | cpe:2.3:a:ibm:tivoli_common_reporting:2.1.1.2:*:*:*:*:*:*:* | cpe:2.3:a:ibm:tivoli_common_reporting:3.1:*:*:*:*:*:*:* | cpe:2.3:a:ibm:tivoli_common_reporting:3.1.0.1:*:*:*:*:*:*:* | cpe:2.3:a:ibm:tivoli_common_reporting:3.1.0.2:*:*:*:*:*:*:* | cpe:2.3:a:ibm:tivoli_common_reporting:3.1.2:*:*:*:*:*:*:* | cpe:2.3:a:ibm:tivoli_common_reporting:3.1.2.1:*:*:*:*:*:*:*
CVE-2015-7645,CISA,True,False,"Adobe Flash Player 18.x through 18.0.0.252 and 19.x through 19.0.0.207 on Windows and OS X and 11.x through 11.2.202.535 on Linux allows remote attackers to execute arbitrary code via a crafted SWF file, as exploited in the wild in October 2015.",7.8,HIGH,CVSS:3.1/AV:L/AC:L/PR:N/UI:R/S:U/C:H/I:H/A:H,1.8,5.9,9.3,HIGH,AV:N/AC:M/Au:N/C:C/I:C/A:C,8.6,10.0,NVD-CWE-noinfo,22,cpe:2.3:a:adobe:flash_player:*:*:*:*:*:*:*:* | cpe:2.3:a:adobe:flash_player:19.0.0.185:*:*:*:*:*:*:* | cpe:2.3:a:adobe:flash_player:19.0.0.207:*:*:*:*:*:*:* | cpe:2.3:o:apple:mac_os_x:-:*:*:*:*:*:*:* | cpe:2.3:o:microsoft:windows:-:*:*:*:*:*:*:* | cpe:2.3:o:linux:linux_kernel:-:*:*:*:*:*:*:* | cpe:2.3:o:opensuse:evergreen:11.4:*:*:*:*:*:*:* | cpe:2.3:o:opensuse:opensuse:13.1:*:*:*:*:*:*:* | cpe:2.3:o:opensuse:opensuse:13.2:*:*:*:*:*:*:* | cpe:2.3:o:suse:linux_enterprise_desktop:11:sp3:*:*:*:*:*:*
CVE-2015-7755,CISA,True,False,"Juniper ScreenOS 6.2.0r15 through 6.2.0r18, 6.3.0r12 before 6.3.0r12b, 6.3.0r13 before 6.3.0r13b, 6.3.0r14 before 6.3.0r14b, 6.3.0r15 before 6.3.0r15b, 6.3.0r16 before 6.3.0r16b, 6.3.0r17 before 6.3.0r17b, 6.3.0r18 before 6.3.0r18b, 6.3.0r19 before 6.3.0r19b, and 6.3.0r20 before 6.3.0r21 allows remote attackers to obtain administrative access by entering an unspecified password during a (1) SSH or (2) TELNET session.",9.8,CRITICAL,CVSS:3.1/AV:N/AC:L/PR:N/UI:N/S:U/C:H/I:H/A:H,3.9,5.9,10.0,HIGH,AV:N/AC:L/Au:N/C:C/I:C/A:C,10.0,10.0,CWE-287,4,cpe:2.3:o:juniper:screenos:6.3.0:r17:*:*:*:*:*:* | cpe:2.3:o:juniper:screenos:6.3.0:r18:*:*:*:*:*:* | cpe:2.3:o:juniper:screenos:6.3.0:r19:*:*:*:*:*:* | cpe:2.3:o:juniper:screenos:6.3.0:r20:*:*:*:*:*:*
CVE-2015-7780,NUCLEI,False,True,Directory traversal vulnerability in ManageEngine Firewall Analyzer before 8.0.,,,,,,4.0,MEDIUM,AV:N/AC:L/Au:S/C:P/I:N/A:N,8.0,2.9,CWE-22,1,cpe:2.3:a:zohocorp:manageengine_firewall_analyzer:*:*:*:*:*:*:*:*
CVE-2015-7823,NUCLEI,False,True,Open redirect vulnerability in CMSPages/GetDocLink.ashx in Kentico CMS 8.2 through 8.2.41 allows remote attackers to redirect users to arbitrary web sites and conduct phishing attacks via a URL in the link parameter.,,,,,,5.8,MEDIUM,AV:N/AC:M/Au:N/C:P/I:P/A:N,8.6,4.9,NVD-CWE-Other,1,cpe:2.3:a:kentico:kentico_cms:8.2:*:*:*:*:*:*:*
CVE-2015-8349,NUCLEI,False,True,Cross-site scripting (XSS) vulnerability in SourceBans before 2.0 pre-alpha allows remote attackers to inject arbitrary web script or HTML via the advSearch parameter to index.php.,,,,,,4.3,MEDIUM,AV:N/AC:M/Au:N/C:N/I:P/A:N,8.6,2.9,CWE-79,1,cpe:2.3:a:gameconnect:sourcebans:*:*:*:*:*:*:*:*
CVE-2015-8350,NUCLEI,False,True,Multiple cross-site scripting (XSS) vulnerabilities in the Calls to Action plugin before 2.5.1 for WordPress allow remote attackers to inject arbitrary web script or HTML via the (1) open-tab parameter in a wp_cta_global_settings action to wp-admin/edit.php or (2) wp-cta-variation-id parameter to ab-testing-call-to-action-example/.,,,,,,4.3,MEDIUM,AV:N/AC:M/Au:N/C:N/I:P/A:N,8.6,2.9,CWE-79,1,cpe:2.3:a:inboundnow:call_to_action:*:*:*:*:*:wordpress:*:*
CVE-2015-8399,NUCLEI,False,True,Atlassian Confluence before 5.8.17 allows remote authenticated users to read configuration files via the decoratorName parameter to (1) spaces/viewdefaultdecorator.action or (2) admin/viewdefaultdecorator.action.,,,,,,4.0,MEDIUM,AV:N/AC:L/Au:S/C:P/I:N/A:N,8.0,2.9,CWE-200,1,cpe:2.3:a:atlassian:confluence:*:*:*:*:*:*:*:*
CVE-2015-8562,NUCLEI,False,True,"Joomla! 1.5.x, 2.x, and 3.x before 3.4.6 allow remote attackers to conduct PHP object injection attacks and execute arbitrary PHP code via the HTTP User-Agent header, as exploited in the wild in December 2015.",,,,,,7.5,HIGH,AV:N/AC:L/Au:N/C:P/I:P/A:P,10.0,6.4,CWE-20,95,cpe:2.3:a:joomla:joomla\!:1.5.0:*:*:*:*:*:*:* | cpe:2.3:a:joomla:joomla\!:1.5.1:*:*:*:*:*:*:* | cpe:2.3:a:joomla:joomla\!:1.5.2:*:*:*:*:*:*:* | cpe:2.3:a:joomla:joomla\!:1.5.3:*:*:*:*:*:*:* | cpe:2.3:a:joomla:joomla\!:1.5.4:*:*:*:*:*:*:* | cpe:2.3:a:joomla:joomla\!:1.5.6:*:*:*:*:*:*:* | cpe:2.3:a:joomla:joomla\!:1.5.7:*:*:*:*:*:*:* | cpe:2.3:a:joomla:joomla\!:1.5.8:*:*:*:*:*:*:* | cpe:2.3:a:joomla:joomla\!:1.5.9:*:*:*:*:*:*:* | cpe:2.3:a:joomla:joomla\!:1.5.10:*:*:*:*:*:*:*
CVE-2015-8651,CISA,True,False,"Integer overflow in Adobe Flash Player before 18.0.0.324 and 19.x and 20.x before 20.0.0.267 on Windows and OS X and before 11.2.202.559 on Linux, Adobe AIR before 20.0.0.233, Adobe AIR SDK before 20.0.0.233, and Adobe AIR SDK & Compiler before 20.0.0.233 allows attackers to execute arbitrary code via unspecified vectors.",8.8,HIGH,CVSS:3.1/AV:N/AC:L/PR:N/UI:R/S:U/C:H/I:H/A:H,2.8,5.9,9.3,HIGH,AV:N/AC:M/Au:N/C:C/I:C/A:C,8.6,10.0,CWE-190,30,cpe:2.3:a:adobe:air_sdk:*:*:*:*:*:*:*:* | cpe:2.3:a:adobe:air_sdk_\&_compiler:*:*:*:*:*:*:*:* | cpe:2.3:o:apple:iphone_os:*:*:*:*:*:*:*:* | cpe:2.3:o:apple:mac_os_x:*:*:*:*:*:*:*:* | cpe:2.3:o:google:android:*:*:*:*:*:*:*:* | cpe:2.3:o:microsoft:windows:*:*:*:*:*:*:*:* | cpe:2.3:a:adobe:flash_player:*:*:*:*:*:*:*:* | cpe:2.3:o:linux:linux_kernel:*:*:*:*:*:*:*:* | cpe:2.3:a:adobe:air:*:*:*:*:*:*:*:* | cpe:2.3:o:redhat:enterprise_linux_desktop:5.0:*:*:*:*:*:*:*
CVE-2015-8813,NUCLEI,False,True,The Page_Load function in Umbraco.Web/umbraco.presentation/umbraco/dashboard/FeedProxy.aspx.cs in Umbraco before 7.4.0 allows remote attackers to conduct server-side request forgery (SSRF) attacks via the url parameter.,,,,,,4.3,MEDIUM,AV:N/AC:M/Au:N/C:N/I:P/A:N,8.6,2.9,CWE-918,1,cpe:2.3:a:umbraco:umbraco:*:*:*:*:*:*:*:*
CVE-2015-9312,NUCLEI,False,True,The newstatpress plugin before 1.0.5 for WordPress has XSS related to an IMG element.,,,,,,4.3,MEDIUM,AV:N/AC:M/Au:N/C:N/I:P/A:N,8.6,2.9,CWE-79,1,cpe:2.3:a:newstatpress_project:newstatpress:*:*:*:*:*:wordpress:*:*
CVE-2015-9323,NUCLEI,False,True,The 404-to-301 plugin before 2.0.3 for WordPress has SQL injection.,9.8,CRITICAL,CVSS:3.1/AV:N/AC:L/PR:N/UI:N/S:U/C:H/I:H/A:H,3.9,5.9,7.5,HIGH,AV:N/AC:L/Au:N/C:P/I:P/A:P,10.0,6.4,CWE-89,1,cpe:2.3:a:duckdev:404_to_301:*:*:*:*:*:wordpress:*:*
CVE-2015-9406,NUCLEI,False,True,Directory traversal vulnerability in the mTheme-Unus theme before 2.3 for WordPress allows an attacker to read arbitrary files via a .. (dot dot) in the files parameter to css/css.php.,7.5,HIGH,CVSS:3.1/AV:N/AC:L/PR:N/UI:N/S:U/C:H/I:N/A:N,3.9,3.6,5.0,MEDIUM,AV:N/AC:L/Au:N/C:P/I:N/A:N,10.0,2.9,CWE-22,1,cpe:2.3:a:mtheme-unus_project:mtheme-unus:*:*:*:*:*:wordpress:*:*
CVE-2015-9414,NUCLEI,False,True,The wp-symposium plugin through 15.8.1 for WordPress has XSS via the wp-content/plugins/wp-symposium/get_album_item.php?size parameter.,6.1,MEDIUM,CVSS:3.1/AV:N/AC:L/PR:N/UI:R/S:C/C:L/I:L/A:N,2.8,2.7,4.3,MEDIUM,AV:N/AC:M/Au:N/C:N/I:P/A:N,8.6,2.9,CWE-79,1,cpe:2.3:a:wpsymposiumpro:wp-symposium:*:*:*:*:*:wordpress:*:*
CVE-2015-9415,NUCLEI,False,True,The bj-lazy-load plugin before 1.0 for WordPress has Remote File Inclusion.,7.5,HIGH,CVSS:3.1/AV:N/AC:L/PR:N/UI:N/S:U/C:N/I:H/A:N,3.9,3.6,5.0,MEDIUM,AV:N/AC:L/Au:N/C:N/I:P/A:N,10.0,2.9,CWE-20,1,cpe:2.3:a:angrycreative:bj_lazy_load:*:*:*:*:*:wordpress:*:*
CVE-2015-9480,NUCLEI,False,True,The RobotCPA plugin 5 for WordPress has directory traversal via the f.php l parameter.,7.5,HIGH,CVSS:3.1/AV:N/AC:L/PR:N/UI:N/S:U/C:H/I:N/A:N,3.9,3.6,5.0,MEDIUM,AV:N/AC:L/Au:N/C:P/I:N/A:N,10.0,2.9,CWE-22,1,cpe:2.3:a:robot-cpa:robotcpa:5:*:*:*:*:wordpress:*:*
CVE-2015-9499,NUCLEI,False,True,The Showbiz Pro plugin through 1.7.1 for WordPress has PHP code execution by uploading a .php file within a ZIP archive.,9.8,CRITICAL,CVSS:3.1/AV:N/AC:L/PR:N/UI:N/S:U/C:H/I:H/A:H,3.9,5.9,7.5,HIGH,AV:N/AC:L/Au:N/C:P/I:P/A:P,10.0,6.4,CWE-434,1,cpe:2.3:a:themepunch:showbiz_pro:*:*:*:*:*:wordpress:*:*
CVE-2016-0034,CISA,True,False,"Microsoft Silverlight 5 before 5.1.41212.0 mishandles negative offsets during decoding, which allows remote attackers to execute arbitrary code or cause a denial of service (object-header corruption) via a crafted web site, aka ""Silverlight Runtime Remote Code Execution Vulnerability.""",8.8,HIGH,CVSS:3.1/AV:N/AC:L/PR:N/UI:R/S:U/C:H/I:H/A:H,2.8,5.9,9.3,HIGH,AV:N/AC:M/Au:N/C:C/I:C/A:C,8.6,10.0,NVD-CWE-noinfo,1,cpe:2.3:a:microsoft:silverlight:*:*:*:*:*:*:*:*
CVE-2016-0040,CISA,True,False,"The kernel in Microsoft Windows Vista SP2, Windows Server 2008 SP2 and R2 SP1, and Windows 7 SP1 allows local users to gain privileges via a crafted application, aka ""Windows Elevation of Privilege Vulnerability.""",7.8,HIGH,CVSS:3.1/AV:L/AC:L/PR:N/UI:R/S:U/C:H/I:H/A:H,1.8,5.9,7.2,HIGH,AV:L/AC:L/Au:N/C:C/I:C/A:C,3.9,10.0,NVD-CWE-noinfo,4,cpe:2.3:o:microsoft:windows_7:-:sp1:*:*:*:*:*:* | cpe:2.3:o:microsoft:windows_server_2008:-:sp2:*:*:*:*:*:* | cpe:2.3:o:microsoft:windows_server_2008:r2:sp1:*:*:*:*:*:* | cpe:2.3:o:microsoft:windows_vista:-:sp2:*:*:*:*:*:*
CVE-2016-0099,CISA,True,False,"The Secondary Logon Service in Microsoft Windows Vista SP2, Windows Server 2008 SP2 and R2 SP1, Windows 7 SP1, Windows 8.1, Windows Server 2012 Gold and R2, Windows RT 8.1, and Windows 10 Gold and 1511 does not properly process request handles, which allows local users to gain privileges via a crafted application, aka ""Secondary Logon Elevation of Privilege Vulnerability.""",7.8,HIGH,CVSS:3.1/AV:L/AC:L/PR:L/UI:N/S:U/C:H/I:H/A:H,1.8,5.9,7.2,HIGH,AV:L/AC:L/Au:N/C:C/I:C/A:C,3.9,10.0,CWE-120,9,cpe:2.3:o:microsoft:windows_10_1507:-:*:*:*:*:*:*:* | cpe:2.3:o:microsoft:windows_10_1511:-:*:*:*:*:*:*:* | cpe:2.3:o:microsoft:windows_7:-:sp1:*:*:*:*:*:* | cpe:2.3:o:microsoft:windows_8.1:-:*:*:*:*:*:*:* | cpe:2.3:o:microsoft:windows_server_2008:-:sp2:*:*:*:*:*:* | cpe:2.3:o:microsoft:windows_server_2008:r2:*:*:*:*:*:*:* | cpe:2.3:o:microsoft:windows_server_2012:-:*:*:*:*:*:*:* | cpe:2.3:o:microsoft:windows_server_2012:r2:*:*:*:*:*:*:* | cpe:2.3:o:microsoft:windows_vista:-:sp2:*:*:*:*:*:*
CVE-2016-0151,CISA,True,False,"The Client-Server Run-time Subsystem (CSRSS) in Microsoft Windows 8.1, Windows Server 2012 Gold and R2, Windows RT 8.1, and Windows 10 Gold and 1511 mismanages process tokens, which allows local users to gain privileges via a crafted application, aka ""Windows CSRSS Security Feature Bypass Vulnerability.""",7.8,HIGH,CVSS:3.1/AV:L/AC:L/PR:N/UI:R/S:U/C:H/I:H/A:H,1.8,5.9,7.2,HIGH,AV:L/AC:L/Au:N/C:C/I:C/A:C,3.9,10.0,CWE-269,6,cpe:2.3:o:microsoft:windows_10_1507:-:*:*:*:*:*:*:* | cpe:2.3:o:microsoft:windows_10_1511:-:*:*:*:*:*:*:* | cpe:2.3:o:microsoft:windows_8.1:-:*:*:*:*:*:*:* | cpe:2.3:o:microsoft:windows_rt_8.1:-:*:*:*:*:*:*:* | cpe:2.3:o:microsoft:windows_server_2012:-:*:*:*:*:*:*:* | cpe:2.3:o:microsoft:windows_server_2012:r2:*:*:*:*:*:*:*
CVE-2016-0162,CISA,True,False,"Microsoft Internet Explorer 9 through 11 allows remote attackers to determine the existence of files via crafted JavaScript code, aka ""Internet Explorer Information Disclosure Vulnerability.""",4.3,MEDIUM,CVSS:3.1/AV:N/AC:L/PR:N/UI:R/S:U/C:L/I:N/A:N,2.8,1.4,4.3,MEDIUM,AV:N/AC:M/Au:N/C:P/I:N/A:N,8.6,2.9,NVD-CWE-noinfo,13,cpe:2.3:a:microsoft:internet_explorer:9:*:*:*:*:*:*:* | cpe:2.3:o:microsoft:windows_server_2008:-:sp2:*:*:*:*:*:* | cpe:2.3:o:microsoft:windows_vista:-:sp2:*:*:*:*:*:* | cpe:2.3:a:microsoft:internet_explorer:10:*:*:*:*:*:*:* | cpe:2.3:o:microsoft:windows_server_2012:-:*:*:*:*:*:*:* | cpe:2.3:a:microsoft:internet_explorer:11:-:*:*:*:*:*:* | cpe:2.3:o:microsoft:windows_10_1507:-:*:*:*:*:*:*:* | cpe:2.3:o:microsoft:windows_10_1511:-:*:*:*:*:*:*:* | cpe:2.3:o:microsoft:windows_7:-:sp1:*:*:*:*:*:* | cpe:2.3:o:microsoft:windows_8.1:-:*:*:*:*:*:*:*
CVE-2016-0165,CISA,True,False,"The kernel-mode driver in Microsoft Windows Vista SP2, Windows Server 2008 SP2 and R2 SP1, Windows 7 SP1, Windows 8.1, Windows Server 2012 Gold and R2, Windows RT 8.1, and Windows 10 Gold and 1511 allows local users to gain privileges via a crafted application, aka ""Win32k Elevation of Privilege Vulnerability,"" a different vulnerability than CVE-2016-0143 and CVE-2016-0167.",7.8,HIGH,CVSS:3.1/AV:L/AC:L/PR:N/UI:R/S:U/C:H/I:H/A:H,1.8,5.9,7.2,HIGH,AV:L/AC:L/Au:N/C:C/I:C/A:C,3.9,10.0,NVD-CWE-noinfo,10,cpe:2.3:o:microsoft:windows_10_1507:-:*:*:*:*:*:*:* | cpe:2.3:o:microsoft:windows_10_1511:*:*:*:*:*:*:*:* | cpe:2.3:o:microsoft:windows_7:-:sp1:*:*:*:*:*:* | cpe:2.3:o:microsoft:windows_8.1:*:*:*:*:*:*:*:* | cpe:2.3:o:microsoft:windows_rt_8.1:-:*:*:*:*:*:*:* | cpe:2.3:o:microsoft:windows_server_2008:-:sp2:*:*:*:*:*:* | cpe:2.3:o:microsoft:windows_server_2008:r2:sp1:*:*:*:*:*:* | cpe:2.3:o:microsoft:windows_server_2012:-:*:*:*:*:*:*:* | cpe:2.3:o:microsoft:windows_server_2012:r2:*:*:*:*:*:*:* | cpe:2.3:o:microsoft:windows_vista:-:sp2:*:*:*:*:*:*
CVE-2016-0167,CISA,True,False,"The kernel-mode driver in Microsoft Windows Vista SP2, Windows Server 2008 SP2 and R2 SP1, Windows 7 SP1, Windows 8.1, Windows Server 2012 Gold and R2, Windows RT 8.1, and Windows 10 Gold and 1511 allows local users to gain privileges via a crafted application, aka ""Win32k Elevation of Privilege Vulnerability,"" a different vulnerability than CVE-2016-0143 and CVE-2016-0165.",7.8,HIGH,CVSS:3.1/AV:L/AC:L/PR:N/UI:R/S:U/C:H/I:H/A:H,1.8,5.9,7.2,HIGH,AV:L/AC:L/Au:N/C:C/I:C/A:C,3.9,10.0,NVD-CWE-noinfo,10,cpe:2.3:o:microsoft:windows_10_1507:-:*:*:*:*:*:*:* | cpe:2.3:o:microsoft:windows_10_1511:-:*:*:*:*:*:*:* | cpe:2.3:o:microsoft:windows_7:-:sp1:*:*:*:*:*:* | cpe:2.3:o:microsoft:windows_8.1:-:*:*:*:*:*:*:* | cpe:2.3:o:microsoft:windows_rt_8.1:-:*:*:*:*:*:*:* | cpe:2.3:o:microsoft:windows_server_2008:-:sp2:*:*:*:*:*:* | cpe:2.3:o:microsoft:windows_server_2008:r2:sp1:*:*:*:*:*:* | cpe:2.3:o:microsoft:windows_server_2012:-:*:*:*:*:*:*:* | cpe:2.3:o:microsoft:windows_server_2012:r2:*:*:*:*:*:*:* | cpe:2.3:o:microsoft:windows_vista:-:sp2:*:*:*:*:*:*
CVE-2016-0185,CISA,True,False,"Media Center in Microsoft Windows Vista SP2, Windows 7 SP1, and Windows 8.1 allows remote attackers to execute arbitrary code via a crafted Media Center link (aka .mcl) file, aka ""Windows Media Center Remote Code Execution Vulnerability.""",7.8,HIGH,CVSS:3.1/AV:L/AC:L/PR:N/UI:R/S:U/C:H/I:H/A:H,1.8,5.9,9.3,HIGH,AV:N/AC:M/Au:N/C:C/I:C/A:C,8.6,10.0,NVD-CWE-noinfo,3,cpe:2.3:o:microsoft:windows_7:-:sp1:*:*:*:*:*:* | cpe:2.3:o:microsoft:windows_8.1:-:*:*:*:*:*:*:* | cpe:2.3:o:microsoft:windows_vista:-:sp2:*:*:*:*:*:*
CVE-2016-0189,CISA,True,False,"The Microsoft (1) JScript 5.8 and (2) VBScript 5.7 and 5.8 engines, as used in Internet Explorer 9 through 11 and other products, allow remote attackers to execute arbitrary code or cause a denial of service (memory corruption) via a crafted web site, aka ""Scripting Engine Memory Corruption Vulnerability,"" a different vulnerability than CVE-2016-0187.",7.5,HIGH,CVSS:3.1/AV:N/AC:H/PR:N/UI:R/S:U/C:H/I:H/A:H,1.6,5.9,7.6,HIGH,AV:N/AC:H/Au:N/C:C/I:C/A:C,4.9,10.0,CWE-787,17,cpe:2.3:a:microsoft:jscript:5.8:*:*:*:*:*:*:* | cpe:2.3:a:microsoft:vbscript:5.7:*:*:*:*:*:*:* | cpe:2.3:a:microsoft:vbscript:5.8:*:*:*:*:*:*:* | cpe:2.3:o:microsoft:windows_server_2008:r2:sp1:*:*:*:*:*:* | cpe:2.3:o:microsoft:windows_server_2008:-:sp2:*:*:*:*:*:* | cpe:2.3:o:microsoft:windows_vista:-:sp2:*:*:*:*:*:* | cpe:2.3:a:microsoft:internet_explorer:9:*:*:*:*:*:*:* | cpe:2.3:a:microsoft:internet_explorer:10:*:*:*:*:*:*:* | cpe:2.3:o:microsoft:windows_server_2012:-:*:*:*:*:*:*:* | cpe:2.3:a:microsoft:internet_explorer:11:-:*:*:*:*:*:*
CVE-2016-0752,CISA,True,False,"Directory traversal vulnerability in Action View in Ruby on Rails before 3.2.22.1, 4.0.x and 4.1.x before 4.1.14.1, 4.2.x before 4.2.5.1, and 5.x before 5.0.0.beta1.1 allows remote attackers to read arbitrary files by leveraging an application's unrestricted use of the render method and providing a .. (dot dot) in a pathname.",7.5,HIGH,CVSS:3.1/AV:N/AC:L/PR:N/UI:N/S:U/C:H/I:N/A:N,3.9,3.6,5.0,MEDIUM,AV:N/AC:L/Au:N/C:P/I:N/A:N,10.0,2.9,CWE-22,7,cpe:2.3:a:rubyonrails:rails:*:*:*:*:*:*:*:* | cpe:2.3:a:rubyonrails:rails:5.0.0:beta1:*:*:*:*:*:* | cpe:2.3:o:opensuse:leap:42.1:*:*:*:*:*:*:* | cpe:2.3:o:opensuse:opensuse:13.2:*:*:*:*:*:*:* | cpe:2.3:o:suse:linux_enterprise_module_for_containers:12:*:*:*:*:*:*:* | cpe:2.3:o:debian:debian_linux:8.0:*:*:*:*:*:*:* | cpe:2.3:a:redhat:software_collections:1.0:*:*:*:*:*:*:*
CVE-2016-0957,NUCLEI,False,True,"Dispatcher before 4.1.5 in Adobe Experience Manager 5.6.1, 6.0.0, and 6.1.0 does not properly implement a URL filter, which allows remote attackers to bypass dispatcher rules via unspecified vectors.",,,,,,7.8,HIGH,AV:N/AC:L/Au:N/C:C/I:N/A:N,10.0,6.9,NVD-CWE-noinfo,7,cpe:2.3:a:adobe:dispatcher:*:*:*:*:*:*:*:* | cpe:2.3:a:adobe:experience_manager:5.6.1:*:*:*:*:*:*:* | cpe:2.3:a:adobe:experience_manager:6.0.0:*:*:*:*:*:*:* | cpe:2.3:a:adobe:experience_manager:6.1.0:*:*:*:*:*:*:* | cpe:2.3:o:apple:mac_os_x:*:*:*:*:*:*:*:* | cpe:2.3:o:linux:kernel:*:*:*:*:*:*:*:* | cpe:2.3:o:microsoft:windows:*:*:*:*:*:*:*:*
CVE-2016-0984,CISA,True,False,"Use-after-free vulnerability in Adobe Flash Player before 18.0.0.329 and 19.x and 20.x before 20.0.0.306 on Windows and OS X and before 11.2.202.569 on Linux, Adobe AIR before 20.0.0.260, Adobe AIR SDK before 20.0.0.260, and Adobe AIR SDK & Compiler before 20.0.0.260 allows attackers to execute arbitrary code via unspecified vectors, a different vulnerability than CVE-2016-0973, CVE-2016-0974, CVE-2016-0975, CVE-2016-0982, and CVE-2016-0983.",8.8,HIGH,CVSS:3.1/AV:N/AC:L/PR:N/UI:R/S:U/C:H/I:H/A:H,2.8,5.9,9.3,HIGH,AV:N/AC:M/Au:N/C:C/I:C/A:C,8.6,10.0,CWE-416,15,cpe:2.3:a:adobe:flash_player:*:*:*:*:*:internet_explorer:*:* | cpe:2.3:o:microsoft:windows:-:*:*:*:*:*:*:* | cpe:2.3:a:adobe:flash_player:*:*:*:*:*:edge:*:* | cpe:2.3:a:adobe:flash_player:*:*:*:*:*:*:*:* | cpe:2.3:o:linux:linux_kernel:-:*:*:*:*:*:*:* | cpe:2.3:a:adobe:flash_player_desktop_runtime:*:*:*:*:*:*:*:* | cpe:2.3:o:apple:mac_os_x:-:*:*:*:*:*:*:* | cpe:2.3:a:adobe:flash_player:*:*:*:*:esr:*:*:* | cpe:2.3:a:adobe:flash_player:*:*:*:*:*:chrome:*:* | cpe:2.3:o:google:chrome_os:-:*:*:*:*:*:*:*
CVE-2016-1000126,NUCLEI,False,True,Reflected XSS in wordpress plugin admin-font-editor v1.8,,,,,,4.3,MEDIUM,AV:N/AC:M/Au:N/C:N/I:P/A:N,8.6,2.9,CWE-79,1,cpe:2.3:a:admin-font-editor_project:admin-font-editor:*:*:*:*:*:wordpress:*:*
CVE-2016-1000127,NUCLEI,False,True,Reflected XSS in wordpress plugin ajax-random-post v2.00,,,,,,4.3,MEDIUM,AV:N/AC:M/Au:N/C:N/I:P/A:N,8.6,2.9,CWE-79,1,cpe:2.3:a:ajax-random-post_project:ajax-random-post:*:*:*:*:*:wordpress:*:*
CVE-2016-1000128,NUCLEI,False,True,Reflected XSS in wordpress plugin anti-plagiarism v3.60,,,,,,4.3,MEDIUM,AV:N/AC:M/Au:N/C:N/I:P/A:N,8.6,2.9,CWE-79,1,cpe:2.3:a:anti-plagiarism_project:anti-plagiarism:*:*:*:*:*:wordpress:*:*
CVE-2016-1000129,NUCLEI,False,True,Reflected XSS in wordpress plugin defa-online-image-protector v3.3,,,,,,4.3,MEDIUM,AV:N/AC:M/Au:N/C:N/I:P/A:N,8.6,2.9,CWE-79,1,cpe:2.3:a:defa-online-image-protector_project:defa-online-image-protector:*:*:*:*:*:wordpress:*:*
CVE-2016-1000130,NUCLEI,False,True,Reflected XSS in wordpress plugin e-search v1.0,,,,,,4.3,MEDIUM,AV:N/AC:M/Au:N/C:N/I:P/A:N,8.6,2.9,CWE-79,1,cpe:2.3:a:e-search_project:e-search:1.0:*:*:*:*:wordpress:*:*
CVE-2016-1000131,NUCLEI,False,True,Reflected XSS in wordpress plugin e-search v1.0,,,,,,4.3,MEDIUM,AV:N/AC:M/Au:N/C:N/I:P/A:N,8.6,2.9,CWE-79,1,cpe:2.3:a:e-search_project:esearch:1.0:*:*:*:*:wordpress:*:*
CVE-2016-1000132,NUCLEI,False,True,Reflected XSS in wordpress plugin enhanced-tooltipglossary v3.2.8,,,,,,4.3,MEDIUM,AV:N/AC:M/Au:N/C:N/I:P/A:N,8.6,2.9,CWE-79,1,cpe:2.3:a:cminds:tooltip_glossary:*:*:*:*:*:wordpress:*:*
CVE-2016-1000133,NUCLEI,False,True,Reflected XSS in wordpress plugin forget-about-shortcode-buttons v1.1.1,,,,,,4.3,MEDIUM,AV:N/AC:M/Au:N/C:N/I:P/A:N,8.6,2.9,CWE-79,1,cpe:2.3:a:designsandcode:forget_about_shortcode_buttons:*:*:*:*:*:wordpress:*:*
CVE-2016-1000134,NUCLEI,False,True,Reflected XSS in wordpress plugin hdw-tube v1.2,,,,,,4.3,MEDIUM,AV:N/AC:M/Au:N/C:N/I:P/A:N,8.6,2.9,CWE-79,1,cpe:2.3:a:hdw-tube_project:hdw-tube:*:*:*:*:*:wordpress:*:*
CVE-2016-1000135,NUCLEI,False,True,Reflected XSS in wordpress plugin hdw-tube v1.2,,,,,,4.3,MEDIUM,AV:N/AC:M/Au:N/C:N/I:P/A:N,8.6,2.9,CWE-79,1,cpe:2.3:a:hdw-tube_project:hdw-tube:*:*:*:*:*:wordpress:*:*
CVE-2016-1000136,NUCLEI,False,True,Reflected XSS in wordpress plugin heat-trackr v1.0,,,,,,4.3,MEDIUM,AV:N/AC:M/Au:N/C:N/I:P/A:N,8.6,2.9,CWE-79,1,cpe:2.3:a:heat-trackr_project:heat-trackr:1.0:*:*:*:*:wordpress:*:*
CVE-2016-1000137,NUCLEI,False,True,Reflected XSS in wordpress plugin hero-maps-pro v2.1.0,,,,,,4.3,MEDIUM,AV:N/AC:M/Au:N/C:N/I:P/A:N,8.6,2.9,CWE-79,1,cpe:2.3:a:hero-maps-pro_project:hero-maps-pro:*:*:*:*:*:wordpress:*:*
CVE-2016-1000138,NUCLEI,False,True,Reflected XSS in wordpress plugin indexisto v1.0.5,,,,,,4.3,MEDIUM,AV:N/AC:M/Au:N/C:N/I:P/A:N,8.6,2.9,CWE-79,1,cpe:2.3:a:indexisto_project:indexisto:*:*:*:*:*:wordpress:*:*
CVE-2016-1000139,NUCLEI,False,True,Reflected XSS in wordpress plugin infusionsoft v1.5.11,,,,,,4.3,MEDIUM,AV:N/AC:M/Au:N/C:N/I:P/A:N,8.6,2.9,CWE-79,1,cpe:2.3:a:infusionsoft_project:infusionsoft:*:*:*:*:*:wordpress:*:*
CVE-2016-1000140,NUCLEI,False,True,Reflected XSS in wordpress plugin new-year-firework v1.1.9,,,,,,4.3,MEDIUM,AV:N/AC:M/Au:N/C:N/I:P/A:N,8.6,2.9,CWE-79,1,cpe:2.3:a:new-year-firework_project:new-year-firework:*:*:*:*:*:wordpress:*:*
CVE-2016-1000141,NUCLEI,False,True,Reflected XSS in wordpress plugin page-layout-builder v1.9.3,,,,,,4.3,MEDIUM,AV:N/AC:M/Au:N/C:N/I:P/A:N,8.6,2.9,CWE-79,1,cpe:2.3:a:page-layout-builder_project:page-layout-builder:*:*:*:*:*:wordpress:*:*
CVE-2016-1000142,NUCLEI,False,True,Reflected XSS in wordpress plugin parsi-font v4.2.5,,,,,,4.3,MEDIUM,AV:N/AC:M/Au:N/C:N/I:P/A:N,8.6,2.9,CWE-79,1,cpe:2.3:a:parsi-font_project:parsi-font:4.2.5:*:*:*:*:wordpress:*:*
CVE-2016-1000143,NUCLEI,False,True,Reflected XSS in wordpress plugin photoxhibit v2.1.8,,,,,,4.3,MEDIUM,AV:N/AC:M/Au:N/C:N/I:P/A:N,8.6,2.9,CWE-79,1,cpe:2.3:a:photoxhibit_project:photoxhibit:*:*:*:*:*:wordpress:*:*
CVE-2016-1000146,NUCLEI,False,True,Reflected XSS in wordpress plugin pondol-formmail v1.1,,,,,,4.3,MEDIUM,AV:N/AC:M/Au:N/C:N/I:P/A:N,8.6,2.9,CWE-79,1,cpe:2.3:a:pondol-formmail_project:pondol-formmail:*:*:*:*:*:wordpress:*:*
CVE-2016-1000148,NUCLEI,False,True,Reflected XSS in wordpress plugin s3-video v0.983,,,,,,4.3,MEDIUM,AV:N/AC:M/Au:N/C:N/I:P/A:N,8.6,2.9,CWE-79,1,cpe:2.3:a:s3-video_project:s3-video:*:*:*:*:*:wordpress:*:*
CVE-2016-1000149,NUCLEI,False,True,Reflected XSS in wordpress plugin simpel-reserveren v3.5.2,,,,,,4.3,MEDIUM,AV:N/AC:M/Au:N/C:N/I:P/A:N,8.6,2.9,CWE-79,1,cpe:2.3:a:simpel-reserveren_project:simpel-reserveren:*:*:*:*:*:wordpress:*:*
CVE-2016-1000152,NUCLEI,False,True,Reflected XSS in wordpress plugin tidio-form v1.0,,,,,,4.3,MEDIUM,AV:N/AC:M/Au:N/C:N/I:P/A:N,8.6,2.9,CWE-79,1,cpe:2.3:a:tidio-form_project:tidio-form:1.0:*:*:*:*:wordpress:*:*
CVE-2016-1000153,NUCLEI,False,True,Reflected XSS in wordpress plugin tidio-gallery v1.1,,,,,,4.3,MEDIUM,AV:N/AC:M/Au:N/C:N/I:P/A:N,8.6,2.9,CWE-79,1,cpe:2.3:a:tidio-gallery_project:tidio-gallery:*:*:*:*:*:wordpress:*:*
CVE-2016-1000154,NUCLEI,False,True,Reflected XSS in wordpress plugin whizz v1.0.7,,,,,,4.3,MEDIUM,AV:N/AC:M/Au:N/C:N/I:P/A:N,8.6,2.9,CWE-79,1,cpe:2.3:a:browserweb:whizz:*:*:*:*:*:wordpress:*:*
CVE-2016-1000155,NUCLEI,False,True,Reflected XSS in wordpress plugin wpsolr-search-engine v7.6,,,,,,4.3,MEDIUM,AV:N/AC:M/Au:N/C:N/I:P/A:N,8.6,2.9,CWE-79,1,cpe:2.3:a:wpsolr:wpsolr-search-engine:7.6:*:*:*:*:wordpress:*:*
CVE-2016-10033,CISA + NUCLEI,True,True,"The mailSend function in the isMail transport in PHPMailer before 5.2.18 might allow remote attackers to pass extra parameters to the mail command and consequently execute arbitrary code via a \"" (backslash double quote) in a crafted Sender property.",9.8,CRITICAL,CVSS:3.1/AV:N/AC:L/PR:N/UI:N/S:U/C:H/I:H/A:H,3.9,5.9,7.5,HIGH,AV:N/AC:L/Au:N/C:P/I:P/A:P,10.0,6.4,CWE-88,3,cpe:2.3:a:phpmailer_project:phpmailer:*:*:*:*:*:*:*:* | cpe:2.3:a:wordpress:wordpress:*:*:*:*:*:*:*:* | cpe:2.3:a:joomla:joomla\!:*:*:*:*:*:*:*:*
CVE-2016-1010,CISA,True,False,"Integer overflow in Adobe Flash Player before 18.0.0.333 and 19.x through 21.x before 21.0.0.182 on Windows and OS X and before 11.2.202.577 on Linux, Adobe AIR before 21.0.0.176, Adobe AIR SDK before 21.0.0.176, and Adobe AIR SDK & Compiler before 21.0.0.176 allows attackers to execute arbitrary code via unspecified vectors, a different vulnerability than CVE-2016-0963 and CVE-2016-0993.",8.8,HIGH,CVSS:3.1/AV:N/AC:L/PR:N/UI:R/S:U/C:H/I:H/A:H,2.8,5.9,9.3,HIGH,AV:N/AC:M/Au:N/C:C/I:C/A:C,8.6,10.0,CWE-190,18,cpe:2.3:a:adobe:flash_player:*:*:*:*:*:chrome:*:* | cpe:2.3:o:apple:mac_os_x:-:*:*:*:*:*:*:* | cpe:2.3:o:google:chrome_os:-:*:*:*:*:*:*:* | cpe:2.3:o:linux:linux_kernel:-:*:*:*:*:*:*:* | cpe:2.3:o:microsoft:windows:-:*:*:*:*:*:*:* | cpe:2.3:a:adobe:air:*:*:*:*:*:*:*:* | cpe:2.3:o:google:android:-:*:*:*:*:*:*:* | cpe:2.3:a:adobe:air_sdk:*:*:*:*:*:*:*:* | cpe:2.3:o:samsung:x14j_firmware:t-ms14jakucb-1102.5:*:*:*:*:*:*:* | cpe:2.3:o:apple:iphone_os:-:*:*:*:*:*:*:*
CVE-2016-10108,NUCLEI,False,True,Unauthenticated Remote Command injection as root occurs in the Western Digital MyCloud NAS 2.11.142 /web/google_analytics.php URL via a modified arg parameter in the POST data.,,,,,,10.0,HIGH,AV:N/AC:L/Au:N/C:C/I:C/A:C,10.0,10.0,CWE-77,1,cpe:2.3:a:western_digital:mycloud_nas:2.11.142:*:*:*:*:*:*:*
CVE-2016-10134,NUCLEI,False,True,SQL injection vulnerability in Zabbix before 2.2.14 and 3.0 before 3.0.4 allows remote attackers to execute arbitrary SQL commands via the toggle_ids array parameter in latest.php.,,,,,,7.5,HIGH,AV:N/AC:L/Au:N/C:P/I:P/A:P,10.0,6.4,CWE-89,5,cpe:2.3:a:zabbix:zabbix:*:*:*:*:*:*:*:* | cpe:2.3:a:zabbix:zabbix:3.0.0:*:*:*:*:*:*:* | cpe:2.3:a:zabbix:zabbix:3.0.1:*:*:*:*:*:*:* | cpe:2.3:a:zabbix:zabbix:3.0.2:*:*:*:*:*:*:* | cpe:2.3:a:zabbix:zabbix:3.0.3:*:*:*:*:*:*:*
CVE-2016-10174,CISA,True,False,The NETGEAR WNR2000v5 router contains a buffer overflow in the hidden_lang_avi parameter when invoking the URL /apply.cgi?/lang_check.html. This buffer overflow can be exploited by an unauthenticated attacker to achieve remote code execution.,9.8,CRITICAL,CVSS:3.1/AV:N/AC:L/PR:N/UI:N/S:U/C:H/I:H/A:H,3.9,5.9,10.0,HIGH,AV:N/AC:L/Au:N/C:C/I:C/A:C,10.0,10.0,CWE-120,56,cpe:2.3:o:netgear:d6100_firmware:-:*:*:*:*:*:*:* | cpe:2.3:h:netgear:d6100:-:*:*:*:*:*:*:* | cpe:2.3:o:netgear:d7000_firmware:-:*:*:*:*:*:*:* | cpe:2.3:h:netgear:d7000:-:*:*:*:*:*:*:* | cpe:2.3:o:netgear:d7800_firmware:-:*:*:*:*:*:*:* | cpe:2.3:h:netgear:d7800:-:*:*:*:*:*:*:* | cpe:2.3:o:netgear:jnr1010v2_firmware:-:*:*:*:*:*:*:* | cpe:2.3:h:netgear:jnr1010v2:-:*:*:*:*:*:*:* | cpe:2.3:o:netgear:jnr3300_firmware:-:*:*:*:*:*:*:* | cpe:2.3:h:netgear:jnr3300:-:*:*:*:*:*:*:*
CVE-2016-1019,CISA,True,False,"Adobe Flash Player 21.0.0.197 and earlier allows remote attackers to cause a denial of service (application crash) or possibly execute arbitrary code via unspecified vectors, as exploited in the wild in April 2016.",9.8,CRITICAL,CVSS:3.1/AV:N/AC:L/PR:N/UI:N/S:U/C:H/I:H/A:H,3.9,5.9,10.0,HIGH,AV:N/AC:L/Au:N/C:C/I:C/A:C,10.0,10.0,NVD-CWE-noinfo,17,cpe:2.3:a:adobe:flash_player_desktop_runtime:*:*:*:*:*:*:*:* | cpe:2.3:o:apple:mac_os_x:-:*:*:*:*:*:*:* | cpe:2.3:o:microsoft:windows:-:*:*:*:*:*:*:* | cpe:2.3:a:adobe:flash_player:*:*:*:*:esr:*:*:* | cpe:2.3:a:adobe:flash_player:*:*:*:*:*:chrome:*:* | cpe:2.3:o:google:chrome_os:-:*:*:*:*:*:*:* | cpe:2.3:o:linux:linux_kernel:-:*:*:*:*:*:*:* | cpe:2.3:a:adobe:flash_player:*:*:*:*:*:edge:*:* | cpe:2.3:o:microsoft:windows_10:-:*:*:*:*:*:*:* | cpe:2.3:a:adobe:flash_player:*:*:*:*:*:internet_explorer:*:*
CVE-2016-10367,NUCLEI,False,True,"In Opsview Monitor Pro (Prior to 5.1.0.162300841, prior to 5.0.2.27475, prior to 4.6.4.162391051, and 4.5.x without a certain 2016 security patch), an unauthenticated Directory Traversal vulnerability can be exploited by issuing a specially crafted HTTP GET request utilizing a simple URL encoding bypass, %252f instead of /.",,,,,,5.0,MEDIUM,AV:N/AC:L/Au:N/C:P/I:N/A:N,10.0,2.9,CWE-22,4,cpe:2.3:a:opsview:opsview:4.5.0:*:*:*:pro:*:*:* | cpe:2.3:a:opsview:opsview:4.6.4:*:*:*:pro:*:*:* | cpe:2.3:a:opsview:opsview:5.0.2:*:*:*:pro:*:*:* | cpe:2.3:a:opsview:opsview:5.1.0:*:*:*:pro:*:*:*
CVE-2016-10368,NUCLEI,False,True,"Open redirect vulnerability in Opsview Monitor Pro (Prior to 5.1.0.162300841, prior to 5.0.2.27475, prior to 4.6.4.162391051, and 4.5.x without a certain 2016 security patch) allows remote attackers to redirect users to arbitrary web sites and conduct phishing attacks via the back parameter to the /login URI.",,,,,,5.8,MEDIUM,AV:N/AC:M/Au:N/C:P/I:P/A:N,8.6,4.9,CWE-601,4,cpe:2.3:a:opsview:opsview:4.5.0:*:*:*:pro:*:*:* | cpe:2.3:a:opsview:opsview:4.6.4:*:*:*:pro:*:*:* | cpe:2.3:a:opsview:opsview:5.0.2:*:*:*:pro:*:*:* | cpe:2.3:a:opsview:opsview:5.1.0:*:*:*:pro:*:*:*
CVE-2016-10924,NUCLEI,False,True,The ebook-download plugin before 1.2 for WordPress has directory traversal.,,,,,,5.0,MEDIUM,AV:N/AC:L/Au:N/C:P/I:N/A:N,10.0,2.9,CWE-22,1,cpe:2.3:a:zedna_ebook_download_project:zedna_ebook_download:*:*:*:*:*:wordpress:*:*
CVE-2016-10940,NUCLEI,False,True,The zm-gallery plugin 1.0 for WordPress has SQL injection via the order parameter.,7.2,HIGH,CVSS:3.1/AV:N/AC:L/PR:H/UI:N/S:U/C:H/I:H/A:H,1.2,5.9,6.5,MEDIUM,AV:N/AC:L/Au:S/C:P/I:P/A:P,8.0,6.4,CWE-89,1,cpe:2.3:a:zm-gallery_project:zm-gallery:1.0:*:*:*:*:wordpress:*:*
CVE-2016-10956,NUCLEI,False,True,The mail-masta plugin 1.0 for WordPress has local file inclusion in count_of_send.php and csvexport.php.,7.5,HIGH,CVSS:3.1/AV:N/AC:L/PR:N/UI:N/S:U/C:H/I:N/A:N,3.9,3.6,5.0,MEDIUM,AV:N/AC:L/Au:N/C:P/I:N/A:N,10.0,2.9,CWE-20,1,cpe:2.3:a:mail-masta_project:mail-masta:1.0:*:*:*:*:wordpress:*:*
CVE-2016-10960,NUCLEI,False,True,The wsecure plugin before 2.4 for WordPress has remote code execution via shell metacharacters in the wsecure-config.php publish parameter.,8.8,HIGH,CVSS:3.1/AV:N/AC:L/PR:L/UI:N/S:U/C:H/I:H/A:H,2.8,5.9,6.5,MEDIUM,AV:N/AC:L/Au:S/C:P/I:P/A:P,8.0,6.4,CWE-20,1,cpe:2.3:a:joomlaserviceprovider:wsecure:*:*:*:*:lite:wordpress:*:*
CVE-2016-10972,NUCLEI,False,True,The newspaper theme before 6.7.2 for WordPress has a lack of options access control via td_ajax_update_panel.,9.8,CRITICAL,CVSS:3.1/AV:N/AC:L/PR:N/UI:N/S:U/C:H/I:H/A:H,3.9,5.9,7.5,HIGH,AV:N/AC:L/Au:N/C:P/I:P/A:P,10.0,6.4,CWE-269,1,cpe:2.3:a:tagdiv:newspaper:*:*:*:*:*:wordpress:*:*
CVE-2016-10973,NUCLEI,False,True,The Brafton plugin before 3.4.8 for WordPress has XSS via the wp-admin/admin.php?page=BraftonArticleLoader tab parameter to BraftonAdminPage.php.,6.1,MEDIUM,CVSS:3.1/AV:N/AC:L/PR:N/UI:R/S:C/C:L/I:L/A:N,2.8,2.7,4.3,MEDIUM,AV:N/AC:M/Au:N/C:N/I:P/A:N,8.6,2.9,CWE-79,1,cpe:2.3:a:brafton:brafton:*:*:*:*:*:wordpress:*:*
CVE-2016-10976,NUCLEI,False,True,"The safe-editor plugin before 1.2 for WordPress has no se_save authentication, with resultant XSS.",6.1,MEDIUM,CVSS:3.1/AV:N/AC:L/PR:N/UI:R/S:C/C:L/I:L/A:N,2.8,2.7,4.3,MEDIUM,AV:N/AC:M/Au:N/C:N/I:P/A:N,8.6,2.9,CWE-79,1,cpe:2.3:a:kodebyraaet:safe_editor:*:*:*:*:*:wordpress:*:*
CVE-2016-10993,NUCLEI,False,True,The ScoreMe theme through 2016-04-01 for WordPress has XSS via the s parameter.,5.4,MEDIUM,CVSS:3.1/AV:N/AC:L/PR:L/UI:R/S:C/C:L/I:L/A:N,2.3,2.7,3.5,LOW,AV:N/AC:M/Au:S/C:N/I:P/A:N,6.8,2.9,CWE-79,1,cpe:2.3:a:scoreme_project:scoreme:*:*:*:*:*:wordpress:*:*
CVE-2016-11021,CISA,True,False,setSystemCommand on D-Link DCS-930L devices before 2.12 allows a remote attacker to execute code via an OS command in the SystemCommand parameter.,7.2,HIGH,CVSS:3.1/AV:N/AC:L/PR:H/UI:N/S:U/C:H/I:H/A:H,1.2,5.9,9.0,HIGH,AV:N/AC:L/Au:S/C:C/I:C/A:C,8.0,10.0,CWE-78,2,cpe:2.3:o:dlink:dcs-930l_firmware:*:*:*:*:*:*:*:* | cpe:2.3:h:dlink:dcs-930l:-:*:*:*:*:*:*:*
CVE-2016-15041,NUCLEI,False,True,"The MainWP Dashboard – The Private WordPress Manager for Multiple Website Maintenance plugin for WordPress is vulnerable to Stored Cross-Site Scripting via the ‘mwp_setup_purchase_username’ parameter in versions up to, and including, 3.1.2 due to insufficient input sanitization and output escaping. This makes it possible for unauthenticated attackers to inject arbitrary web scripts in pages that will execute whenever a user accesses an injected page.",7.2,HIGH,CVSS:3.1/AV:N/AC:L/PR:N/UI:N/S:C/C:L/I:L/A:N,3.9,2.7,,,,,,CWE-79,1,cpe:2.3:a:mainwp:mainwp_dashboard:*:*:*:*:*:wordpress:*:*
CVE-2016-15042,NUCLEI,False,True,"The Frontend File Manager (versions < 4.0), N-Media Post Front-end Form (versions < 1.1) plugins for WordPress are vulnerable to arbitrary file uploads due to missing file type validation via the `nm_filemanager_upload_file` and `nm_postfront_upload_file` AJAX actions. This makes it possible for unauthenticated attackers to upload arbitrary files on the affected sites server which may make remote code execution possible.",9.8,CRITICAL,CVSS:3.1/AV:N/AC:L/PR:N/UI:N/S:U/C:H/I:H/A:H,3.9,5.9,,,,,,CWE-434,2,cpe:2.3:a:najeebmedia:frontend_file_manager:*:*:*:*:*:wordpress:*:* | cpe:2.3:a:najeebmedia:post_front-end_form:*:*:*:*:*:wordpress:*:*
CVE-2016-15043,NUCLEI,False,True,"The WP Mobile Detector plugin for WordPress is vulnerable to arbitrary file uploads due to missing file type validation in resize.php file in versions up to, and including, 3.5. This makes it possible for unauthenticated attackers to upload arbitrary files on the affected sites server which may make remote code execution possible.",9.8,CRITICAL,CVSS:3.1/AV:N/AC:L/PR:N/UI:N/S:U/C:H/I:H/A:H,3.9,5.9,,,,,,CWE-434,1,cpe:2.3:a:wp_mobile_detector_project:wp_mobile_detector:*:*:*:*:*:wordpress:*:*
CVE-2016-1555,CISA + NUCLEI,True,True,"(1) boardData102.php, (2) boardData103.php, (3) boardDataJP.php, (4) boardDataNA.php, and (5) boardDataWW.php in Netgear WN604 before 3.3.3 and WN802Tv2, WNAP210v2, WNAP320, WNDAP350, WNDAP360, and WNDAP660 before 3.5.5.0 allow remote attackers to execute arbitrary commands.",9.8,CRITICAL,CVSS:3.1/AV:N/AC:L/PR:N/UI:N/S:U/C:H/I:H/A:H,3.9,5.9,10.0,HIGH,AV:N/AC:L/Au:N/C:C/I:C/A:C,10.0,10.0,CWE-77,14,cpe:2.3:o:netgear:wnap320_firmware:*:*:*:*:*:*:*:* | cpe:2.3:h:netgear:wnap320:-:*:*:*:*:*:*:* | cpe:2.3:o:netgear:wndap350_firmware:*:*:*:*:*:*:*:* | cpe:2.3:h:netgear:wndap350:-:*:*:*:*:*:*:* | cpe:2.3:o:netgear:wndap360_firmware:*:*:*:*:*:*:*:* | cpe:2.3:h:netgear:wndap360:-:*:*:*:*:*:*:* | cpe:2.3:o:netgear:wndap210v2_firmware:*:*:*:*:*:*:*:* | cpe:2.3:h:netgear:wndap210v2:-:*:*:*:*:*:*:* | cpe:2.3:o:netgear:wn604_firmware:*:*:*:*:*:*:*:* | cpe:2.3:h:netgear:wn604:-:*:*:*:*:*:*:*
CVE-2016-1646,CISA,True,False,"The Array.prototype.concat implementation in builtins.cc in Google V8, as used in Google Chrome before 49.0.2623.108, does not properly consider element data types, which allows remote attackers to cause a denial of service (out-of-bounds read) or possibly have unspecified other impact via crafted JavaScript code.",8.8,HIGH,CVSS:3.1/AV:N/AC:L/PR:N/UI:R/S:U/C:H/I:H/A:H,2.8,5.9,9.3,HIGH,AV:N/AC:M/Au:N/C:C/I:C/A:C,8.6,10.0,CWE-125,13,cpe:2.3:o:debian:debian_linux:8.0:*:*:*:*:*:*:* | cpe:2.3:o:debian:debian_linux:9.0:*:*:*:*:*:*:* | cpe:2.3:o:canonical:ubuntu_linux:14.04:*:*:*:esm:*:*:* | cpe:2.3:o:canonical:ubuntu_linux:15.10:*:*:*:*:*:*:* | cpe:2.3:o:canonical:ubuntu_linux:16.04:*:*:*:esm:*:*:* | cpe:2.3:a:google:chrome:*:*:*:*:*:*:*:* | cpe:2.3:a:suse:package_hub:-:*:*:*:*:*:*:* | cpe:2.3:o:opensuse:leap:42.1:*:*:*:*:*:*:* | cpe:2.3:o:opensuse:opensuse:13.1:*:*:*:*:*:*:* | cpe:2.3:o:redhat:enterprise_linux_desktop:6.0:*:*:*:*:*:*:*
CVE-2016-20017,CISA,True,False,"D-Link DSL-2750B devices before 1.05 allow remote unauthenticated command injection via the login.cgi cli parameter, as exploited in the wild in 2016 through 2022.",9.8,CRITICAL,CVSS:3.1/AV:N/AC:L/PR:N/UI:N/S:U/C:H/I:H/A:H,3.9,5.9,,,,,,CWE-77,2,cpe:2.3:o:dlink:dsl-2750b_firmware:*:*:*:*:*:*:*:* | cpe:2.3:h:dlink:dsl-2750b:-:*:*:*:*:*:*:*
CVE-2016-2004,NUCLEI,False,True,"HPE Data Protector before 7.03_108, 8.x before 8.15, and 9.x before 9.06 allow remote attackers to execute arbitrary code via unspecified vectors related to lack of authentication.  NOTE: this vulnerability exists because of an incomplete fix for CVE-2014-2623.",,,,,,9.3,HIGH,AV:N/AC:M/Au:N/C:C/I:C/A:C,8.6,10.0,CWE-306,1,cpe:2.3:a:hp:data_protector:*:*:*:*:*:*:*:*
CVE-2016-2386,CISA,True,False,"SQL injection vulnerability in the UDDI server in SAP NetWeaver J2EE Engine 7.40 allows remote attackers to execute arbitrary SQL commands via unspecified vectors, aka SAP Security Note 2101079.",9.8,CRITICAL,CVSS:3.1/AV:N/AC:L/PR:N/UI:N/S:U/C:H/I:H/A:H,3.9,5.9,7.5,HIGH,AV:N/AC:L/Au:N/C:P/I:P/A:P,10.0,6.4,CWE-89,1,cpe:2.3:a:sap:netweaver_application_server_java:7.40:*:*:*:*:*:*:*
CVE-2016-2388,CISA,True,False,"The Universal Worklist Configuration in SAP NetWeaver AS JAVA 7.4 allows remote attackers to obtain sensitive user information via a crafted HTTP request, aka SAP Security Note 2256846.",5.3,MEDIUM,CVSS:3.1/AV:N/AC:L/PR:N/UI:N/S:U/C:L/I:N/A:N,3.9,1.4,5.0,MEDIUM,AV:N/AC:L/Au:N/C:P/I:N/A:N,10.0,2.9,CWE-200,1,cpe:2.3:a:sap:netweaver_application_server_java:*:*:*:*:*:*:*:*
CVE-2016-2389,NUCLEI,False,True,"Directory traversal vulnerability in the GetFileList function in the SAP Manufacturing Integration and Intelligence (xMII) component 15.0 for SAP NetWeaver 7.4 allows remote attackers to read arbitrary files via a .. (dot dot) in the Path parameter to /Catalog, aka SAP Security Note 2230978.",,,,,,7.8,HIGH,AV:N/AC:L/Au:N/C:C/I:N/A:N,10.0,6.9,CWE-22,1,cpe:2.3:a:sap:netweaver:7.40:*:*:*:*:*:*:*
CVE-2016-3081,NUCLEI,False,True,"Apache Struts 2.3.19 to 2.3.20.2, 2.3.21 to 2.3.24.1, and 2.3.25 to 2.3.28, when Dynamic Method Invocation is enabled, allow remote attackers to execute arbitrary code via method: prefix, related to chained expressions.",,,,,,9.3,HIGH,AV:N/AC:M/Au:N/C:C/I:C/A:C,8.6,10.0,CWE-77,57,cpe:2.3:a:apache:struts:2.0.0:*:*:*:*:*:*:* | cpe:2.3:a:apache:struts:2.0.1:*:*:*:*:*:*:* | cpe:2.3:a:apache:struts:2.0.2:*:*:*:*:*:*:* | cpe:2.3:a:apache:struts:2.0.3:*:*:*:*:*:*:* | cpe:2.3:a:apache:struts:2.0.4:*:*:*:*:*:*:* | cpe:2.3:a:apache:struts:2.0.5:*:*:*:*:*:*:* | cpe:2.3:a:apache:struts:2.0.6:*:*:*:*:*:*:* | cpe:2.3:a:apache:struts:2.0.7:*:*:*:*:*:*:* | cpe:2.3:a:apache:struts:2.0.8:*:*:*:*:*:*:* | cpe:2.3:a:apache:struts:2.0.9:*:*:*:*:*:*:*
CVE-2016-3088,CISA + NUCLEI,True,True,The Fileserver web application in Apache ActiveMQ 5.x before 5.14.0 allows remote attackers to upload and execute arbitrary files via an HTTP PUT followed by an HTTP MOVE request.,9.8,CRITICAL,CVSS:3.1/AV:N/AC:L/PR:N/UI:N/S:U/C:H/I:H/A:H,3.9,5.9,7.5,HIGH,AV:N/AC:L/Au:N/C:P/I:P/A:P,10.0,6.4,CWE-434,1,cpe:2.3:a:apache:activemq:*:*:*:*:*:*:*:*
CVE-2016-3235,CISA,True,False,"Microsoft Visio 2007 SP3, Visio 2010 SP2, Visio 2013 SP1, Visio 2016, Visio Viewer 2007 SP3, and Visio Viewer 2010 mishandle library loading, which allows local users to gain privileges via a crafted application, aka ""Microsoft Office OLE DLL Side Loading Vulnerability.""",7.8,HIGH,CVSS:3.1/AV:L/AC:L/PR:N/UI:R/S:U/C:H/I:H/A:H,1.8,5.9,9.3,HIGH,AV:N/AC:M/Au:N/C:C/I:C/A:C,8.6,10.0,NVD-CWE-noinfo,6,cpe:2.3:a:microsoft:visio:2007:sp3:*:*:*:*:*:* | cpe:2.3:a:microsoft:visio:2010:sp2:*:*:*:*:*:* | cpe:2.3:a:microsoft:visio:2013:sp1:*:*:*:*:*:* | cpe:2.3:a:microsoft:visio:2016:*:*:*:*:*:*:* | cpe:2.3:a:microsoft:visio_viewer:2007:sp3:*:*:*:*:*:* | cpe:2.3:a:microsoft:visio_viewer:2010:*:*:*:*:*:*:*
CVE-2016-3298,CISA,True,False,"Microsoft Internet Explorer 9 through 11 and the Internet Messaging API in Windows Vista SP2, Windows Server 2008 SP2 and R2 SP1, and Windows 7 SP1 allow remote attackers to determine the existence of arbitrary files via a crafted web site, aka ""Internet Explorer Information Disclosure Vulnerability.""",6.5,MEDIUM,CVSS:3.1/AV:N/AC:L/PR:N/UI:R/S:U/C:H/I:N/A:N,2.8,3.6,2.6,LOW,AV:N/AC:H/Au:N/C:P/I:N/A:N,4.9,2.9,NVD-CWE-noinfo,15,cpe:2.3:a:microsoft:internet_explorer:9:*:*:*:*:*:*:* | cpe:2.3:o:microsoft:windows_server_2008:-:sp2:*:*:*:*:*:* | cpe:2.3:o:microsoft:windows_vista:-:sp2:*:*:*:*:*:* | cpe:2.3:a:microsoft:internet_explorer:10:*:*:*:*:*:*:* | cpe:2.3:o:microsoft:windows_server_2012:-:*:*:*:*:*:*:* | cpe:2.3:a:microsoft:internet_explorer:11:-:*:*:*:*:*:* | cpe:2.3:o:microsoft:windows_10_1507:-:*:*:*:*:*:*:* | cpe:2.3:o:microsoft:windows_10_1511:-:*:*:*:*:*:*:* | cpe:2.3:o:microsoft:windows_10_1607:-:*:*:*:*:*:*:* | cpe:2.3:o:microsoft:windows_7:-:sp1:*:*:*:*:*:*
CVE-2016-3309,CISA,True,False,"The kernel-mode drivers in Microsoft Windows Vista SP2; Windows Server 2008 SP2 and R2 SP1; Windows 7 SP1; Windows 8.1; Windows Server 2012 Gold and R2; Windows RT 8.1; and Windows 10 Gold, 1511, and 1607 allow local users to gain privileges via a crafted application, aka ""Win32k Elevation of Privilege Vulnerability,"" a different vulnerability than CVE-2016-3308, CVE-2016-3310, and CVE-2016-3311.",7.8,HIGH,CVSS:3.1/AV:L/AC:L/PR:L/UI:N/S:U/C:H/I:H/A:H,1.8,5.9,7.2,HIGH,AV:L/AC:L/Au:N/C:C/I:C/A:C,3.9,10.0,NVD-CWE-noinfo,11,cpe:2.3:o:microsoft:windows_10_1507:-:*:*:*:*:*:*:* | cpe:2.3:o:microsoft:windows_10_1511:-:*:*:*:*:*:*:* | cpe:2.3:o:microsoft:windows_10_1607:-:*:*:*:*:*:*:* | cpe:2.3:o:microsoft:windows_7:-:sp1:*:*:*:*:*:* | cpe:2.3:o:microsoft:windows_8.1:-:*:*:*:*:*:*:* | cpe:2.3:o:microsoft:windows_rt_8.1:-:*:*:*:*:*:*:* | cpe:2.3:o:microsoft:windows_server_2008:-:sp2:*:*:*:*:*:* | cpe:2.3:o:microsoft:windows_server_2008:r2:sp1:*:*:*:*:*:* | cpe:2.3:o:microsoft:windows_server_2012:-:*:*:*:*:*:*:* | cpe:2.3:o:microsoft:windows_server_2012:r2:*:*:*:*:*:*:*
CVE-2016-3351,CISA,True,False,"Microsoft Internet Explorer 9 through 11 and Microsoft Edge allow remote attackers to obtain sensitive information via a crafted web site, aka ""Microsoft Browser Information Disclosure Vulnerability.""",6.5,MEDIUM,CVSS:3.1/AV:N/AC:L/PR:N/UI:R/S:U/C:H/I:N/A:N,2.8,3.6,2.6,LOW,AV:N/AC:H/Au:N/C:P/I:N/A:N,4.9,2.9,NVD-CWE-noinfo,15,cpe:2.3:a:microsoft:internet_explorer:9:*:*:*:*:*:*:* | cpe:2.3:o:microsoft:windows_server_2008:-:sp2:*:*:*:*:*:* | cpe:2.3:o:microsoft:windows_vista:-:sp2:*:*:*:*:*:* | cpe:2.3:a:microsoft:internet_explorer:10:*:*:*:*:*:*:* | cpe:2.3:o:microsoft:windows_server_2012:-:*:*:*:*:*:*:* | cpe:2.3:a:microsoft:internet_explorer:11:-:*:*:*:*:*:* | cpe:2.3:o:microsoft:windows_10_1507:-:*:*:*:*:*:*:* | cpe:2.3:o:microsoft:windows_10_1511:-:*:*:*:*:*:*:* | cpe:2.3:o:microsoft:windows_10_1607:-:*:*:*:*:*:*:* | cpe:2.3:o:microsoft:windows_7:-:sp1:*:*:*:*:*:*
CVE-2016-3393,CISA,True,False,"Graphics Device Interface (aka GDI or GDI+) in Microsoft Windows Vista SP2; Windows Server 2008 SP2 and R2 SP1; Windows 7 SP1; Windows 8.1; Windows Server 2012 Gold and R2; Windows RT 8.1; and Windows 10 Gold, 1511, and 1607 allows remote attackers to execute arbitrary code via a crafted web site, aka ""Windows Graphics Component RCE Vulnerability.""",7.8,HIGH,CVSS:3.1/AV:L/AC:L/PR:N/UI:R/S:U/C:H/I:H/A:H,1.8,5.9,9.3,HIGH,AV:N/AC:M/Au:N/C:C/I:C/A:C,8.6,10.0,NVD-CWE-noinfo,11,cpe:2.3:o:microsoft:windows_10_1507:-:*:*:*:*:*:*:* | cpe:2.3:o:microsoft:windows_10_1511:-:*:*:*:*:*:*:* | cpe:2.3:o:microsoft:windows_10_1607:-:*:*:*:*:*:*:* | cpe:2.3:o:microsoft:windows_7:-:sp1:*:*:*:*:*:* | cpe:2.3:o:microsoft:windows_8.1:-:*:*:*:*:*:*:* | cpe:2.3:o:microsoft:windows_rt_8.1:-:*:*:*:*:*:*:* | cpe:2.3:o:microsoft:windows_server_2008:-:sp2:*:*:*:*:*:* | cpe:2.3:o:microsoft:windows_server_2008:r2:sp1:*:*:*:*:*:* | cpe:2.3:o:microsoft:windows_server_2012:-:*:*:*:*:*:*:* | cpe:2.3:o:microsoft:windows_server_2012:r2:*:*:*:*:*:*:*
CVE-2016-3427,CISA,True,False,"Unspecified vulnerability in Oracle Java SE 6u113, 7u99, and 8u77; Java SE Embedded 8u77; and JRockit R28.3.9 allows remote attackers to affect confidentiality, integrity, and availability via vectors related to JMX.",9.8,CRITICAL,CVSS:3.1/AV:N/AC:L/PR:N/UI:N/S:U/C:H/I:H/A:H,3.9,5.9,10.0,HIGH,AV:N/AC:L/Au:N/C:C/I:C/A:C,10.0,10.0,NVD-CWE-noinfo | CWE-284,78,cpe:2.3:a:oracle:jdk:1.6.0:update113:*:*:*:*:*:* | cpe:2.3:a:oracle:jdk:1.7.0:update99:*:*:*:*:*:* | cpe:2.3:a:oracle:jdk:1.8.0:update77:*:*:*:*:*:* | cpe:2.3:a:oracle:jre:1.6.0:update113:*:*:*:*:*:* | cpe:2.3:a:oracle:jre:1.7.0:update99:*:*:*:*:*:* | cpe:2.3:a:oracle:jre:1.8.0:update77:*:*:*:*:*:* | cpe:2.3:a:oracle:jrockit:r28.3.9:*:*:*:*:*:*:* | cpe:2.3:o:oracle:linux:5:-:*:*:*:*:*:* | cpe:2.3:o:oracle:linux:6:-:*:*:*:*:*:* | cpe:2.3:o:oracle:linux:7:-:*:*:*:*:*:*
CVE-2016-3510,NUCLEI,False,True,"Unspecified vulnerability in the Oracle WebLogic Server component in Oracle Fusion Middleware 10.3.6.0, 12.1.3.0, and 12.2.1.0 allows remote attackers to affect confidentiality, integrity, and availability via vectors related to WLS Core Components, a different vulnerability than CVE-2016-3586.",,,,,,10.0,HIGH,AV:N/AC:L/Au:N/C:C/I:C/A:C,10.0,10.0,NVD-CWE-noinfo,3,cpe:2.3:a:oracle:weblogic_server:10.3.6.0.0:*:*:*:*:*:*:* | cpe:2.3:a:oracle:weblogic_server:12.1.3.0.0:*:*:*:*:*:*:* | cpe:2.3:a:oracle:weblogic_server:12.2.1.0.0:*:*:*:*:*:*:*
CVE-2016-3643,CISA,True,False,"SolarWinds Virtualization Manager 6.3.1 and earlier allow local users to gain privileges by leveraging a misconfiguration of sudo, as demonstrated by ""sudo cat /etc/passwd.""",7.8,HIGH,CVSS:3.1/AV:L/AC:L/PR:L/UI:N/S:U/C:H/I:H/A:H,1.8,5.9,7.2,HIGH,AV:L/AC:L/Au:N/C:C/I:C/A:C,3.9,10.0,CWE-264,1,cpe:2.3:a:solarwinds:virtualization_manager:*:*:*:*:*:*:*:*
CVE-2016-3714,CISA,True,False,"The (1) EPHEMERAL, (2) HTTPS, (3) MVG, (4) MSL, (5) TEXT, (6) SHOW, (7) WIN, and (8) PLT coders in ImageMagick before 6.9.3-10 and 7.x before 7.0.1-1 allow remote attackers to execute arbitrary code via shell metacharacters in a crafted image, aka ""ImageTragick.""",8.4,HIGH,CVSS:3.1/AV:L/AC:L/PR:N/UI:N/S:U/C:H/I:H/A:H,2.5,5.9,10.0,HIGH,AV:N/AC:L/Au:N/C:C/I:C/A:C,10.0,10.0,CWE-20,12,cpe:2.3:a:imagemagick:imagemagick:*:*:*:*:*:*:*:* | cpe:2.3:a:imagemagick:imagemagick:7.0.0-0:*:*:*:*:*:*:* | cpe:2.3:a:imagemagick:imagemagick:7.0.1-0:*:*:*:*:*:*:* | cpe:2.3:o:canonical:ubuntu_linux:12.04:*:*:*:lts:*:*:* | cpe:2.3:o:canonical:ubuntu_linux:14.04:*:*:*:lts:*:*:* | cpe:2.3:o:canonical:ubuntu_linux:15.10:*:*:*:*:*:*:* | cpe:2.3:o:canonical:ubuntu_linux:16.04:*:*:*:lts:*:*:* | cpe:2.3:o:debian:debian_linux:8.0:*:*:*:*:*:*:* | cpe:2.3:o:debian:debian_linux:9.0:*:*:*:*:*:*:* | cpe:2.3:o:opensuse:leap:42.1:*:*:*:*:*:*:*
CVE-2016-3715,CISA,True,False,The EPHEMERAL coder in ImageMagick before 6.9.3-10 and 7.x before 7.0.1-1 allows remote attackers to delete arbitrary files via a crafted image.,5.5,MEDIUM,CVSS:3.1/AV:L/AC:L/PR:N/UI:R/S:U/C:N/I:H/A:N,1.8,3.6,5.8,MEDIUM,AV:N/AC:M/Au:N/C:N/I:P/A:P,8.6,4.9,NVD-CWE-noinfo | CWE-552,84,cpe:2.3:o:redhat:enterprise_linux_desktop:6.0:*:*:*:*:*:*:* | cpe:2.3:o:redhat:enterprise_linux_desktop:7.0:*:*:*:*:*:*:* | cpe:2.3:o:redhat:enterprise_linux_eus:6.7:*:*:*:*:*:*:* | cpe:2.3:o:redhat:enterprise_linux_eus:7.2:*:*:*:*:*:*:* | cpe:2.3:o:redhat:enterprise_linux_eus:7.3:*:*:*:*:*:*:* | cpe:2.3:o:redhat:enterprise_linux_eus:7.4:*:*:*:*:*:*:* | cpe:2.3:o:redhat:enterprise_linux_eus:7.5:*:*:*:*:*:*:* | cpe:2.3:o:redhat:enterprise_linux_eus:7.6:*:*:*:*:*:*:* | cpe:2.3:o:redhat:enterprise_linux_eus:7.7:*:*:*:*:*:*:* | cpe:2.3:o:redhat:enterprise_linux_for_ibm_z_systems:6.0_s390x:*:*:*:*:*:*:*
CVE-2016-3718,CISA,True,False,The (1) HTTP and (2) FTP coders in ImageMagick before 6.9.3-10 and 7.x before 7.0.1-1 allow remote attackers to conduct server-side request forgery (SSRF) attacks via a crafted image.,5.5,MEDIUM,CVSS:3.1/AV:L/AC:L/PR:N/UI:R/S:U/C:N/I:H/A:N,1.8,3.6,4.3,MEDIUM,AV:N/AC:M/Au:N/C:N/I:P/A:N,8.6,2.9,CWE-918,84,cpe:2.3:o:redhat:enterprise_linux_desktop:6.0:*:*:*:*:*:*:* | cpe:2.3:o:redhat:enterprise_linux_desktop:7.0:*:*:*:*:*:*:* | cpe:2.3:o:redhat:enterprise_linux_eus:6.7:*:*:*:*:*:*:* | cpe:2.3:o:redhat:enterprise_linux_eus:7.2:*:*:*:*:*:*:* | cpe:2.3:o:redhat:enterprise_linux_eus:7.3:*:*:*:*:*:*:* | cpe:2.3:o:redhat:enterprise_linux_eus:7.4:*:*:*:*:*:*:* | cpe:2.3:o:redhat:enterprise_linux_eus:7.5:*:*:*:*:*:*:* | cpe:2.3:o:redhat:enterprise_linux_eus:7.6:*:*:*:*:*:*:* | cpe:2.3:o:redhat:enterprise_linux_eus:7.7:*:*:*:*:*:*:* | cpe:2.3:o:redhat:enterprise_linux_for_ibm_z_systems:6.0_s390x:*:*:*:*:*:*:*
CVE-2016-3976,CISA,True,False,"Directory traversal vulnerability in SAP NetWeaver AS Java 7.1 through 7.5 allows remote attackers to read arbitrary files via a ..\ (dot dot backslash) in the fileName parameter to CrashFileDownloadServlet, aka SAP Security Note 2234971.",7.5,HIGH,CVSS:3.1/AV:N/AC:L/PR:N/UI:N/S:U/C:H/I:N/A:N,3.9,3.6,5.0,MEDIUM,AV:N/AC:L/Au:N/C:P/I:N/A:N,10.0,2.9,CWE-22,1,cpe:2.3:a:sap:netweaver_application_server_java:*:*:*:*:*:*:*:*
CVE-2016-3978,NUCLEI,False,True,"The Web User Interface (WebUI) in FortiOS 5.0.x before 5.0.13, 5.2.x before 5.2.3, and 5.4.x before 5.4.0 allows remote attackers to redirect users to arbitrary web sites and conduct phishing attacks or cross-site scripting (XSS) attacks via the ""redirect"" parameter to ""login.""",,,,,,4.3,MEDIUM,AV:N/AC:M/Au:N/C:N/I:P/A:N,8.6,2.9,CWE-79,17,cpe:2.3:o:fortinet:fortios:5.0.0:*:*:*:*:*:*:* | cpe:2.3:o:fortinet:fortios:5.0.1:*:*:*:*:*:*:* | cpe:2.3:o:fortinet:fortios:5.0.2:*:*:*:*:*:*:* | cpe:2.3:o:fortinet:fortios:5.0.3:*:*:*:*:*:*:* | cpe:2.3:o:fortinet:fortios:5.0.4:*:*:*:*:*:*:* | cpe:2.3:o:fortinet:fortios:5.0.5:*:*:*:*:*:*:* | cpe:2.3:o:fortinet:fortios:5.0.6:*:*:*:*:*:*:* | cpe:2.3:o:fortinet:fortios:5.0.7:*:*:*:*:*:*:* | cpe:2.3:o:fortinet:fortios:5.0.8:*:*:*:*:*:*:* | cpe:2.3:o:fortinet:fortios:5.0.9:*:*:*:*:*:*:*
CVE-2016-4117,CISA,True,False,"Adobe Flash Player 21.0.0.226 and earlier allows remote attackers to execute arbitrary code via unspecified vectors, as exploited in the wild in May 2016.",9.8,CRITICAL,CVSS:3.1/AV:N/AC:L/PR:N/UI:N/S:U/C:H/I:H/A:H,3.9,5.9,10.0,HIGH,AV:N/AC:L/Au:N/C:C/I:C/A:C,10.0,10.0,NVD-CWE-noinfo,16,cpe:2.3:a:adobe:flash_player:*:*:*:*:*:*:*:* | cpe:2.3:o:redhat:enterprise_linux_desktop:5.0:*:*:*:*:*:*:* | cpe:2.3:o:redhat:enterprise_linux_desktop:6.0:*:*:*:*:*:*:* | cpe:2.3:o:redhat:enterprise_linux_server:5.0:*:*:*:*:*:*:* | cpe:2.3:o:redhat:enterprise_linux_server:6.0:*:*:*:*:*:*:* | cpe:2.3:o:redhat:enterprise_linux_server_from_rhui:5.0:*:*:*:*:*:*:* | cpe:2.3:o:redhat:enterprise_linux_server_from_rhui:6.0:*:*:*:*:*:*:* | cpe:2.3:o:redhat:enterprise_linux_workstation:5.0:*:*:*:*:*:*:* | cpe:2.3:o:redhat:enterprise_linux_workstation:6.0:*:*:*:*:*:*:* | cpe:2.3:o:opensuse:evergreen:11.4:*:*:*:*:*:*:*
CVE-2016-4171,CISA,True,False,"Unspecified vulnerability in Adobe Flash Player 21.0.0.242 and earlier allows remote attackers to execute arbitrary code via unknown vectors, as exploited in the wild in June 2016.",9.8,CRITICAL,CVSS:3.1/AV:N/AC:L/PR:N/UI:N/S:U/C:H/I:H/A:H,3.9,5.9,10.0,HIGH,AV:N/AC:L/Au:N/C:C/I:C/A:C,10.0,10.0,NVD-CWE-noinfo,25,cpe:2.3:a:adobe:flash_player:*:*:*:*:*:*:*:* | cpe:2.3:o:linux:linux_kernel:-:*:*:*:*:*:*:* | cpe:2.3:o:apple:mac_os_x:*:*:*:*:*:*:*:* | cpe:2.3:o:apple:macos:*:*:*:*:*:*:*:* | cpe:2.3:o:microsoft:windows:*:*:*:*:*:*:*:* | cpe:2.3:o:google:chrome_os:*:*:*:*:*:*:*:* | cpe:2.3:o:linux:linux_kernel:*:*:*:*:*:*:*:* | cpe:2.3:a:adobe:flash_player:*:*:*:*:*:chrome:*:* | cpe:2.3:o:microsoft:windows_8.1:*:*:*:*:*:*:*:* | cpe:2.3:a:adobe:flash_player:*:*:*:*:*:internet_explorer:*:*
CVE-2016-4437,CISA + NUCLEI,True,True,"Apache Shiro before 1.2.5, when a cipher key has not been configured for the ""remember me"" feature, allows remote attackers to execute arbitrary code or bypass intended access restrictions via an unspecified request parameter.",9.8,CRITICAL,CVSS:3.1/AV:N/AC:L/PR:N/UI:N/S:U/C:H/I:H/A:H,3.9,5.9,6.8,MEDIUM,AV:N/AC:M/Au:N/C:P/I:P/A:P,8.6,6.4,NVD-CWE-noinfo | CWE-321,4,cpe:2.3:a:apache:aurora:*:*:*:*:*:*:*:* | cpe:2.3:a:apache:shiro:*:*:*:*:*:*:*:* | cpe:2.3:a:redhat:fuse:1.0:*:*:*:*:*:*:* | cpe:2.3:a:redhat:jboss_middleware_text-only_advisories:1.0:*:*:*:*:middleware:*:*
CVE-2016-4523,CISA,True,False,The WAP interface in Trihedral VTScada (formerly VTS) 8.x through 11.x before 11.2.02 allows remote attackers to cause a denial of service (out-of-bounds read and application crash) via unspecified vectors.,7.5,HIGH,CVSS:3.1/AV:N/AC:L/PR:N/UI:N/S:U/C:N/I:N/A:H,3.9,3.6,5.0,MEDIUM,AV:N/AC:L/Au:N/C:N/I:N/A:P,10.0,2.9,CWE-125,1,cpe:2.3:a:trihedral:vtscada:*:*:*:*:*:*:*:*
CVE-2016-4655,CISA,True,False,The kernel in Apple iOS before 9.3.5 allows attackers to obtain sensitive information from memory via a crafted app.,5.5,MEDIUM,CVSS:3.1/AV:L/AC:L/PR:N/UI:R/S:U/C:H/I:N/A:N,1.8,3.6,7.1,HIGH,AV:N/AC:M/Au:N/C:C/I:N/A:N,8.6,6.9,NVD-CWE-noinfo,2,cpe:2.3:o:apple:iphone_os:*:*:*:*:*:*:*:* | cpe:2.3:o:apple:iphone_os:10.0:*:*:*:*:*:*:*
CVE-2016-4656,CISA,True,False,The kernel in Apple iOS before 9.3.5 allows attackers to execute arbitrary code in a privileged context or cause a denial of service (memory corruption) via a crafted app.,7.8,HIGH,CVSS:3.1/AV:L/AC:L/PR:N/UI:R/S:U/C:H/I:H/A:H,1.8,5.9,9.3,HIGH,AV:N/AC:M/Au:N/C:C/I:C/A:C,8.6,10.0,CWE-787,1,cpe:2.3:o:apple:iphone_os:*:*:*:*:*:*:*:*
CVE-2016-4657,CISA,True,False,WebKit in Apple iOS before 9.3.5 allows remote attackers to execute arbitrary code or cause a denial of service (memory corruption) via a crafted web site.,8.8,HIGH,CVSS:3.1/AV:N/AC:L/PR:N/UI:R/S:U/C:H/I:H/A:H,2.8,5.9,6.8,MEDIUM,AV:N/AC:M/Au:N/C:P/I:P/A:P,8.6,6.4,CWE-787,1,cpe:2.3:o:apple:iphone_os:*:*:*:*:*:*:*:*
CVE-2016-4975,NUCLEI,False,True,"Possible CRLF injection allowing HTTP response splitting attacks for sites which use mod_userdir. This issue was mitigated by changes made in 2.4.25 and 2.2.32 which prohibit CR or LF injection into the ""Location"" or other outbound header key or value. Fixed in Apache HTTP Server 2.4.25 (Affected 2.4.1-2.4.23). Fixed in Apache HTTP Server 2.2.32 (Affected 2.2.0-2.2.31).",,,,,,4.3,MEDIUM,AV:N/AC:M/Au:N/C:N/I:P/A:N,8.6,2.9,CWE-93,41,cpe:2.3:a:apache:http_server:2.2.0:*:*:*:*:*:*:* | cpe:2.3:a:apache:http_server:2.2.2:*:*:*:*:*:*:* | cpe:2.3:a:apache:http_server:2.2.3:*:*:*:*:*:*:* | cpe:2.3:a:apache:http_server:2.2.4:*:*:*:*:*:*:* | cpe:2.3:a:apache:http_server:2.2.6:*:*:*:*:*:*:* | cpe:2.3:a:apache:http_server:2.2.8:*:*:*:*:*:*:* | cpe:2.3:a:apache:http_server:2.2.9:*:*:*:*:*:*:* | cpe:2.3:a:apache:http_server:2.2.10:*:*:*:*:*:*:* | cpe:2.3:a:apache:http_server:2.2.11:*:*:*:*:*:*:* | cpe:2.3:a:apache:http_server:2.2.12:*:*:*:*:*:*:*
CVE-2016-4977,NUCLEI,False,True,"When processing authorization requests using the whitelabel views in Spring Security OAuth 2.0.0 to 2.0.9 and 1.0.0 to 1.0.5, the response_type parameter value was executed as Spring SpEL which enabled a malicious user to trigger remote code execution via the crafting of the value for response_type.",,,,,,6.5,MEDIUM,AV:N/AC:L/Au:S/C:P/I:P/A:P,8.0,6.4,CWE-19,16,cpe:2.3:a:pivotal:spring_security_oauth:1.0.0:*:*:*:*:*:*:* | cpe:2.3:a:pivotal:spring_security_oauth:1.0.1:*:*:*:*:*:*:* | cpe:2.3:a:pivotal:spring_security_oauth:1.0.2:*:*:*:*:*:*:* | cpe:2.3:a:pivotal:spring_security_oauth:1.0.3:*:*:*:*:*:*:* | cpe:2.3:a:pivotal:spring_security_oauth:1.0.4:*:*:*:*:*:*:* | cpe:2.3:a:pivotal:spring_security_oauth:1.0.5:*:*:*:*:*:*:* | cpe:2.3:a:pivotal:spring_security_oauth:2.0.0:*:*:*:*:*:*:* | cpe:2.3:a:pivotal:spring_security_oauth:2.0.1:*:*:*:*:*:*:* | cpe:2.3:a:pivotal:spring_security_oauth:2.0.2:*:*:*:*:*:*:* | cpe:2.3:a:pivotal:spring_security_oauth:2.0.3:*:*:*:*:*:*:*
CVE-2016-5195,CISA,True,False,"Race condition in mm/gup.c in the Linux kernel 2.x through 4.x before 4.8.3 allows local users to gain privileges by leveraging incorrect handling of a copy-on-write (COW) feature to write to a read-only memory mapping, as exploited in the wild in October 2016, aka ""Dirty COW.""",7.0,HIGH,CVSS:3.1/AV:L/AC:H/PR:L/UI:N/S:U/C:H/I:H/A:H,1.0,5.9,7.2,HIGH,AV:L/AC:L/Au:N/C:C/I:C/A:C,3.9,10.0,CWE-362,31,cpe:2.3:o:canonical:ubuntu_linux:12.04:*:*:*:-:*:*:* | cpe:2.3:o:canonical:ubuntu_linux:14.04:*:*:*:esm:*:*:* | cpe:2.3:o:canonical:ubuntu_linux:16.04:*:*:*:esm:*:*:* | cpe:2.3:o:canonical:ubuntu_linux:16.10:*:*:*:*:*:*:* | cpe:2.3:o:linux:linux_kernel:*:*:*:*:*:*:*:* | cpe:2.3:o:redhat:enterprise_linux:5:*:*:*:*:*:*:* | cpe:2.3:o:redhat:enterprise_linux:6.0:*:*:*:*:*:*:* | cpe:2.3:o:redhat:enterprise_linux:7.0:*:*:*:*:*:*:* | cpe:2.3:o:redhat:enterprise_linux_aus:6.2:*:*:*:*:*:*:* | cpe:2.3:o:redhat:enterprise_linux_aus:6.4:*:*:*:*:*:*:*
CVE-2016-5198,CISA,True,False,"V8 in Google Chrome prior to 54.0.2840.90 for Linux, and 54.0.2840.85 for Android, and 54.0.2840.87 for Windows and Mac included incorrect optimisation assumptions, which allowed a remote attacker to perform arbitrary read/write operations, leading to code execution, via a crafted HTML page.",8.8,HIGH,CVSS:3.1/AV:N/AC:L/PR:N/UI:R/S:U/C:H/I:H/A:H,2.8,5.9,6.8,MEDIUM,AV:N/AC:M/Au:N/C:P/I:P/A:P,8.6,6.4,CWE-787,8,cpe:2.3:a:google:chrome:*:*:*:*:*:*:*:* | cpe:2.3:o:linux:linux_kernel:-:*:*:*:*:*:*:* | cpe:2.3:o:google:android:-:*:*:*:*:*:*:* | cpe:2.3:o:apple:macos:-:*:*:*:*:*:*:* | cpe:2.3:o:microsoft:windows:-:*:*:*:*:*:*:* | cpe:2.3:o:redhat:enterprise_linux_desktop:6.0:*:*:*:*:*:*:* | cpe:2.3:o:redhat:enterprise_linux_server:6.0:*:*:*:*:*:*:* | cpe:2.3:o:redhat:enterprise_linux_workstation:6.0:*:*:*:*:*:*:*
CVE-2016-5649,NUCLEI,False,True,"A vulnerability is in the 'BSW_cxttongr.htm' page of the Netgear DGN2200, version DGN2200-V1.0.0.50_7.0.50, and DGND3700, version DGND3700-V1.0.0.17_1.0.17, which can allow a remote attacker to access this page without any authentication. When processed, it exposes the admin password in clear text before it gets redirected to absw_vfysucc.cgia. An attacker can use this password to gain administrator access to the targeted router's web interface.",,,,,,5.0,MEDIUM,AV:N/AC:L/Au:N/C:P/I:N/A:N,10.0,2.9,CWE-319 | CWE-200,4,cpe:2.3:o:netgear:dgn2200_firmware:1.0.0.50_7.0.50:*:*:*:*:*:*:* | cpe:2.3:h:netgear:dgn2200:-:*:*:*:*:*:*:* | cpe:2.3:o:netgear:dgnd3700_firmware:1.0.0.17_1.0.17:*:*:*:*:*:*:* | cpe:2.3:h:netgear:dgnd3700:-:*:*:*:*:*:*:*
CVE-2016-5674,NUCLEI,False,True,"__debugging_center_utils___.php in NUUO NVRmini 2 1.7.5 through 3.0.0, NUUO NVRsolo 1.7.5 through 3.0.0, and NETGEAR ReadyNAS Surveillance 1.1.1 through 1.4.1 allows remote attackers to execute arbitrary PHP code via the log parameter.",,,,,,10.0,HIGH,AV:N/AC:L/Au:N/C:C/I:C/A:C,10.0,10.0,CWE-20,24,cpe:2.3:a:netgear:readynas_surveillance:1.1.1:*:*:*:*:*:*:* | cpe:2.3:a:netgear:readynas_surveillance:1.1.2:*:*:*:*:*:*:* | cpe:2.3:a:netgear:readynas_surveillance:1.2.0.4:*:*:*:*:*:*:* | cpe:2.3:a:netgear:readynas_surveillance:1.3.2.4:*:*:*:*:*:*:* | cpe:2.3:a:netgear:readynas_surveillance:1.3.2.14:*:*:*:*:*:*:* | cpe:2.3:a:netgear:readynas_surveillance:1.4.0:*:*:*:*:*:*:* | cpe:2.3:a:netgear:readynas_surveillance:1.4.1:*:*:*:*:*:*:* | cpe:2.3:a:netgear:readynas_surveillance:1.4.2:*:*:*:*:*:*:* | cpe:2.3:o:nuuo:nvrmini_2:1.7.5:*:*:*:*:*:*:* | cpe:2.3:o:nuuo:nvrmini_2:1.7.6:*:*:*:*:*:*:*
CVE-2016-6195,NUCLEI,False,True,"SQL injection vulnerability in forumrunner/includes/moderation.php in vBulletin before 4.2.2 Patch Level 5 and 4.2.3 before Patch Level 1 allows remote attackers to execute arbitrary SQL commands via the postids parameter to forumrunner/request.php, as exploited in the wild in July 2016.",,,,,,7.5,HIGH,AV:N/AC:L/Au:N/C:P/I:P/A:P,10.0,6.4,CWE-89,2,cpe:2.3:a:vbulletin:vbulletin:*:patch_level_4:*:*:*:*:*:* | cpe:2.3:a:vbulletin:vbulletin:4.2.3:*:*:*:*:*:*:*
CVE-2016-6277,CISA + NUCLEI,True,True,"NETGEAR R6250 before 1.0.4.6.Beta, R6400 before 1.0.1.18.Beta, R6700 before 1.0.1.14.Beta, R6900, R7000 before 1.0.7.6.Beta, R7100LG before 1.0.0.28.Beta, R7300DST before 1.0.0.46.Beta, R7900 before 1.0.1.8.Beta, R8000 before 1.0.3.26.Beta, D6220, D6400, D7000, and possibly other routers allow remote attackers to execute arbitrary commands via shell metacharacters in the path info to cgi-bin/.",8.8,HIGH,CVSS:3.1/AV:N/AC:L/PR:N/UI:R/S:U/C:H/I:H/A:H,2.8,5.9,9.3,HIGH,AV:N/AC:M/Au:N/C:C/I:C/A:C,8.6,10.0,CWE-352,22,cpe:2.3:o:netgear:d6220_firmware:*:*:*:*:*:*:*:* | cpe:2.3:h:netgear:d6220:-:*:*:*:*:*:*:* | cpe:2.3:o:netgear:d6400_firmware:*:*:*:*:*:*:*:* | cpe:2.3:h:netgear:d6400:-:*:*:*:*:*:*:* | cpe:2.3:o:netgear:r6250_firmware:*:*:*:*:*:*:*:* | cpe:2.3:h:netgear:r6250:-:*:*:*:*:*:*:* | cpe:2.3:o:netgear:r6400_firmware:*:*:*:*:*:*:*:* | cpe:2.3:h:netgear:r6400:-:*:*:*:*:*:*:* | cpe:2.3:o:netgear:r6700_firmware:*:*:*:*:*:*:*:* | cpe:2.3:h:netgear:r6700:-:*:*:*:*:*:*:*
CVE-2016-6366,CISA,True,False,"Buffer overflow in Cisco Adaptive Security Appliance (ASA) Software through 9.4.2.3 on ASA 5500, ASA 5500-X, ASA Services Module, ASA 1000V, ASAv, Firepower 9300 ASA Security Module, PIX, and FWSM devices allows remote authenticated users to execute arbitrary code via crafted IPv4 SNMP packets, aka Bug ID CSCva92151 or EXTRABACON.",8.8,HIGH,CVSS:3.1/AV:N/AC:L/PR:L/UI:N/S:U/C:H/I:H/A:H,2.8,5.9,8.5,HIGH,AV:N/AC:M/Au:S/C:C/I:C/A:C,6.8,10.0,CWE-120,46,cpe:2.3:o:cisco:pix_firewall_software:-:*:*:*:*:*:*:* | cpe:2.3:h:cisco:pix_firewall_501:-:*:*:*:*:*:*:* | cpe:2.3:h:cisco:pix_firewall_506:-:*:*:*:*:*:*:* | cpe:2.3:h:cisco:pix_firewall_506e:-:*:*:*:*:*:*:* | cpe:2.3:h:cisco:pix_firewall_515:-:*:*:*:*:*:*:* | cpe:2.3:h:cisco:pix_firewall_515e:-:*:*:*:*:*:*:* | cpe:2.3:h:cisco:pix_firewall_520:-:*:*:*:*:*:*:* | cpe:2.3:h:cisco:pix_firewall_525:-:*:*:*:*:*:*:* | cpe:2.3:h:cisco:pix_firewall_535:-:*:*:*:*:*:*:* | cpe:2.3:o:cisco:adaptive_security_appliance_software:*:*:*:*:*:*:*:*
CVE-2016-6367,CISA,True,False,"Cisco Adaptive Security Appliance (ASA) Software before 8.4(1) on ASA 5500, ASA 5500-X, PIX, and FWSM devices allows local users to gain privileges via invalid CLI commands, aka Bug ID CSCtu74257 or EPICBANANA.",7.8,HIGH,CVSS:3.1/AV:L/AC:L/PR:L/UI:N/S:U/C:H/I:H/A:H,1.8,5.9,6.8,MEDIUM,AV:L/AC:L/Au:S/C:C/I:C/A:C,3.1,10.0,CWE-77,30,cpe:2.3:o:cisco:adaptive_security_appliance_software:*:*:*:*:*:*:*:* | cpe:2.3:h:cisco:asa_5500:-:*:*:*:*:*:*:* | cpe:2.3:h:cisco:asa_5500-x:-:*:*:*:*:*:*:* | cpe:2.3:h:cisco:asa_5500_csc-ssm:-:*:*:*:*:*:*:* | cpe:2.3:h:cisco:asa_5505:-:*:*:*:*:*:*:* | cpe:2.3:h:cisco:asa_5506-x:-:*:*:*:*:*:*:* | cpe:2.3:h:cisco:asa_5506h-x:-:*:*:*:*:*:*:* | cpe:2.3:h:cisco:asa_5506w-x:-:*:*:*:*:*:*:* | cpe:2.3:h:cisco:asa_5508-x:-:*:*:*:*:*:*:* | cpe:2.3:h:cisco:asa_5510:-:*:*:*:*:*:*:*
CVE-2016-6415,CISA,True,False,"The server IKEv1 implementation in Cisco IOS 12.2 through 12.4 and 15.0 through 15.6, IOS XE through 3.18S, IOS XR 4.3.x and 5.0.x through 5.2.x, and PIX before 7.0 allows remote attackers to obtain sensitive information from device memory via a Security Association (SA) negotiation request, aka Bug IDs CSCvb29204 and CSCvb36055 or BENIGNCERTAIN.",7.5,HIGH,CVSS:3.1/AV:N/AC:L/PR:N/UI:N/S:U/C:H/I:N/A:N,3.9,3.6,5.0,MEDIUM,AV:N/AC:L/Au:N/C:P/I:N/A:N,10.0,2.9,CWE-200,3,cpe:2.3:o:cisco:ios:*:*:*:*:*:*:*:* | cpe:2.3:o:cisco:ios_xe:*:*:*:*:*:*:*:* | cpe:2.3:o:cisco:ios_xr:*:*:*:*:*:*:*:*
CVE-2016-6601,NUCLEI,False,True,Directory traversal vulnerability in the file download functionality in ZOHO WebNMS Framework 5.2 and 5.2 SP1 allows remote attackers to read arbitrary files via a .. (dot dot) in the fileName parameter to servlets/FetchFile.,,,,,,5.0,MEDIUM,AV:N/AC:L/Au:N/C:P/I:N/A:N,10.0,2.9,CWE-22,2,cpe:2.3:a:zohocorp:webnms_framework:5.2:*:*:*:*:*:*:* | cpe:2.3:a:zohocorp:webnms_framework:5.2:sp1:*:*:*:*:*:*
CVE-2016-7193,CISA,True,False,"Microsoft Word 2007 SP2, Office 2010 SP2, Word 2013 SP1, Word 2013 RT SP1, Word 2016, Word for Mac 2011, Word 2016 for Mac, Office Compatibility Pack SP3, Word Viewer, Word Automation Services on SharePoint Server 2010 SP2, Word Automation Services on SharePoint Server 2013 SP1, Office Web Apps 2010 SP2, Office Web Apps Server 2013 SP1, and Office Online Server allow remote attackers to execute arbitrary code via a crafted RTF document, aka ""Microsoft Office Memory Corruption Vulnerability.""",7.8,HIGH,CVSS:3.1/AV:L/AC:L/PR:N/UI:R/S:U/C:H/I:H/A:H,1.8,5.9,9.3,HIGH,AV:N/AC:M/Au:N/C:C/I:C/A:C,8.6,10.0,CWE-119,10,cpe:2.3:a:microsoft:office:2007:sp3:*:*:*:*:*:* | cpe:2.3:a:microsoft:office:2010:sp2:*:*:*:*:*:* | cpe:2.3:a:microsoft:office:2016:*:*:*:*:*:*:* | cpe:2.3:a:microsoft:office_compatibility_pack:-:sp3:*:*:*:*:*:* | cpe:2.3:a:microsoft:word:2010:sp2:*:*:*:*:*:* | cpe:2.3:a:microsoft:word:2011:*:*:*:*:macos:*:* | cpe:2.3:a:microsoft:word:2013:sp1:*:*:-:*:*:* | cpe:2.3:a:microsoft:word:2013:sp1:*:*:rt:*:*:* | cpe:2.3:a:microsoft:word:2016:*:*:*:*:macos:*:* | cpe:2.3:a:microsoft:word_viewer:-:*:*:*:*:*:*:*
CVE-2016-7200,CISA,True,False,"The Chakra JavaScript scripting engine in Microsoft Edge allows remote attackers to execute arbitrary code or cause a denial of service (memory corruption) via a crafted web site, aka ""Scripting Engine Memory Corruption Vulnerability,"" a different vulnerability than CVE-2016-7201, CVE-2016-7202, CVE-2016-7203, CVE-2016-7208, CVE-2016-7240, CVE-2016-7242, and CVE-2016-7243.",8.8,HIGH,CVSS:3.1/AV:N/AC:L/PR:N/UI:R/S:U/C:H/I:H/A:H,2.8,5.9,7.6,HIGH,AV:N/AC:H/Au:N/C:C/I:C/A:C,4.9,10.0,CWE-787,5,cpe:2.3:a:microsoft:edge:-:*:*:*:*:*:*:* | cpe:2.3:o:microsoft:windows_10_1507:-:*:*:*:*:*:*:* | cpe:2.3:o:microsoft:windows_10_1511:-:*:*:*:*:*:*:* | cpe:2.3:o:microsoft:windows_10_1607:-:*:*:*:*:*:*:* | cpe:2.3:o:microsoft:windows_server_2016:-:-:*:*:*:*:x64:*
CVE-2016-7201,CISA,True,False,"The Chakra JavaScript scripting engine in Microsoft Edge allows remote attackers to execute arbitrary code or cause a denial of service (memory corruption) via a crafted web site, aka ""Scripting Engine Memory Corruption Vulnerability,"" a different vulnerability than CVE-2016-7200, CVE-2016-7202, CVE-2016-7203, CVE-2016-7208, CVE-2016-7240, CVE-2016-7242, and CVE-2016-7243.",8.8,HIGH,CVSS:3.1/AV:N/AC:L/PR:N/UI:R/S:U/C:H/I:H/A:H,2.8,5.9,7.6,HIGH,AV:N/AC:H/Au:N/C:C/I:C/A:C,4.9,10.0,CWE-843,5,cpe:2.3:a:microsoft:edge:-:*:*:*:*:*:*:* | cpe:2.3:o:microsoft:windows_10_1507:-:*:*:*:*:*:*:* | cpe:2.3:o:microsoft:windows_10_1511:-:*:*:*:*:*:*:* | cpe:2.3:o:microsoft:windows_10_1607:-:*:*:*:*:*:*:* | cpe:2.3:o:microsoft:windows_server_2016:-:*:*:*:*:*:*:*
CVE-2016-7255,CISA,True,False,"The kernel-mode drivers in Microsoft Windows Vista SP2, Windows Server 2008 SP2 and R2 SP1, Windows 7 SP1, Windows 8.1, Windows Server 2012 Gold and R2, Windows RT 8.1, Windows 10 Gold, 1511, and 1607, and Windows Server 2016 allow local users to gain privileges via a crafted application, aka ""Win32k Elevation of Privilege Vulnerability.""",7.8,HIGH,CVSS:3.1/AV:L/AC:L/PR:N/UI:R/S:U/C:H/I:H/A:H,1.8,5.9,7.2,HIGH,AV:L/AC:L/Au:N/C:C/I:C/A:C,3.9,10.0,NVD-CWE-noinfo,12,cpe:2.3:o:microsoft:windows_10_1507:-:*:*:*:*:*:*:* | cpe:2.3:o:microsoft:windows_10_1511:-:*:*:*:*:*:*:* | cpe:2.3:o:microsoft:windows_10_1607:-:*:*:*:*:*:*:* | cpe:2.3:o:microsoft:windows_7:-:sp1:*:*:*:*:*:* | cpe:2.3:o:microsoft:windows_8.1:-:*:*:*:*:*:*:* | cpe:2.3:o:microsoft:windows_rt_8.1:-:*:*:*:*:*:*:* | cpe:2.3:o:microsoft:windows_server_2008:-:sp2:*:*:*:*:*:* | cpe:2.3:o:microsoft:windows_server_2008:r2:sp1:*:*:*:*:*:* | cpe:2.3:o:microsoft:windows_server_2012:-:*:*:*:*:*:*:* | cpe:2.3:o:microsoft:windows_server_2012:r2:*:*:*:*:*:*:*
CVE-2016-7256,CISA,True,False,"atmfd.dll in the Windows font library in Microsoft Windows Vista SP2, Windows Server 2008 SP2 and R2 SP1, Windows 7 SP1, Windows 8.1, Windows Server 2012 Gold and R2, Windows RT 8.1, Windows 10 Gold, 1511, and 1607, and Windows Server 2016 allows remote attackers to execute arbitrary code via a crafted web site, aka ""Open Type Font Remote Code Execution Vulnerability.""",8.8,HIGH,CVSS:3.1/AV:N/AC:L/PR:N/UI:R/S:U/C:H/I:H/A:H,2.8,5.9,9.3,HIGH,AV:N/AC:M/Au:N/C:C/I:C/A:C,8.6,10.0,NVD-CWE-noinfo,12,cpe:2.3:o:microsoft:windows_10_1507:-:*:*:*:*:*:*:* | cpe:2.3:o:microsoft:windows_10_1511:-:*:*:*:*:*:*:* | cpe:2.3:o:microsoft:windows_10_1607:-:*:*:*:*:*:*:* | cpe:2.3:o:microsoft:windows_7:-:sp1:*:*:*:*:*:* | cpe:2.3:o:microsoft:windows_8.1:-:*:*:*:*:*:*:* | cpe:2.3:o:microsoft:windows_rt_8.1:-:*:*:*:*:*:*:* | cpe:2.3:o:microsoft:windows_server_2008:-:sp2:*:*:*:*:*:* | cpe:2.3:o:microsoft:windows_server_2008:r2:sp1:*:*:*:*:*:* | cpe:2.3:o:microsoft:windows_server_2012:-:*:*:*:*:*:*:* | cpe:2.3:o:microsoft:windows_server_2012:r2:*:*:*:*:*:*:*
CVE-2016-7262,CISA,True,False,"Microsoft Excel 2007 SP3, Excel 2010 SP2, Excel 2013 SP1, Excel 2013 RT SP1, Excel 2016, Office Compatibility Pack SP3, and Excel Viewer allow user-assisted remote attackers to execute arbitrary commands via a crafted cell that is mishandled upon a click, aka ""Microsoft Office Security Feature Bypass Vulnerability.""",7.8,HIGH,CVSS:3.1/AV:L/AC:L/PR:N/UI:R/S:U/C:H/I:H/A:H,1.8,5.9,6.8,MEDIUM,AV:N/AC:M/Au:N/C:P/I:P/A:P,8.6,6.4,NVD-CWE-noinfo,7,cpe:2.3:a:microsoft:excel:2007:sp3:*:*:*:*:*:* | cpe:2.3:a:microsoft:excel:2010:sp2:*:*:*:*:*:* | cpe:2.3:a:microsoft:excel:2013:sp1:*:*:-:*:*:* | cpe:2.3:a:microsoft:excel:2013:sp1:*:*:rt:*:*:* | cpe:2.3:a:microsoft:excel:2016:*:*:*:*:*:*:* | cpe:2.3:a:microsoft:excel_viewer:-:*:*:*:*:*:*:* | cpe:2.3:a:microsoft:office_compatibility_pack:-:sp3:*:*:*:*:*:*
CVE-2016-7552,NUCLEI,False,True,"On the Trend Micro Threat Discovery Appliance 2.6.1062r1, directory traversal when processing a session_id cookie allows a remote, unauthenticated attacker to delete arbitrary files as root. This can be used to bypass authentication or cause a DoS.",,,,,,10.0,HIGH,AV:N/AC:L/Au:N/C:C/I:C/A:C,10.0,10.0,CWE-22,1,cpe:2.3:a:trendmicro:threat_discovery_appliance:2.6.1062:r1:*:*:*:*:*:*
CVE-2016-7834,NUCLEI,False,True,"SONY SNC-CH115, SNC-CH120, SNC-CH160, SNC-CH220, SNC-CH260, SNC-DH120, SNC-DH120T, SNC-DH160, SNC-DH220, SNC-DH220T, SNC-DH260, SNC-EB520, SNC-EM520, SNC-EM521, SNC-ZB550, SNC-ZM550, SNC-ZM551, SNC-EP550, SNC-EP580, SNC-ER550, SNC-ER550C, SNC-ER580, SNC-ER585, SNC-ER585H, SNC-ZP550, SNC-ZR550, SNC-EP520, SNC-EP521, SNC-ER520, SNC-ER521, SNC-ER521C network cameras with firmware before Ver.1.86.00 and SONY SNC-CX600, SNC-CX600W, SNC-EB600, SNC-EB600B, SNC-EB602R, SNC-EB630, SNC-EB630B, SNC-EB632R, SNC-EM600, SNC-EM601, SNC-EM602R, SNC-EM602RC, SNC-EM630, SNC-EM631, SNC-EM632R, SNC-EM632RC, SNC-VB600, SNC-VB600B, SNC-VB600B5, SNC-VB630, SNC-VB6305, SNC-VB6307, SNC-VB632D, SNC-VB635, SNC-VM600, SNC-VM600B, SNC-VM600B5, SNC-VM601, SNC-VM601B, SNC-VM602R, SNC-VM630, SNC-VM6305, SNC-VM6307, SNC-VM631, SNC-VM632R, SNC-WR600, SNC-WR602, SNC-WR602C, SNC-WR630, SNC-WR632, SNC-WR632C, SNC-XM631, SNC-XM632, SNC-XM636, SNC-XM637, SNC-VB600L, SNC-VM600L, SNC-XM631L, SNC-WR602CL network cameras with firmware before Ver.2.7.2 are prone to sensitive information disclosure. This may allow an attacker on the same local network segment to login to the device with administrative privileges and perform operations on the device.",,,,,,3.3,LOW,AV:A/AC:L/Au:N/C:P/I:N/A:N,6.5,2.9,CWE-200,81,cpe:2.3:o:sony:snc_series_firmware:*:*:*:*:*:*:*:* | cpe:2.3:h:sony:snc-cx600:-:*:*:*:*:*:*:* | cpe:2.3:h:sony:snc-cx600w:-:*:*:*:*:*:*:* | cpe:2.3:h:sony:snc-eb600:-:*:*:*:*:*:*:* | cpe:2.3:h:sony:snc-eb600b:-:*:*:*:*:*:*:* | cpe:2.3:h:sony:snc-eb602r:-:*:*:*:*:*:*:* | cpe:2.3:h:sony:snc-eb630:-:*:*:*:*:*:*:* | cpe:2.3:h:sony:snc-eb630b:-:*:*:*:*:*:*:* | cpe:2.3:h:sony:snc-eb632r:-:*:*:*:*:*:*:* | cpe:2.3:h:sony:snc-em600:-:*:*:*:*:*:*:*
CVE-2016-7836,CISA,True,False,SKYSEA Client View Ver.11.221.03 and earlier allows remote code execution via a flaw in processing authentication on the TCP connection with the management console program.,9.8,CRITICAL,CVSS:3.1/AV:N/AC:L/PR:N/UI:N/S:U/C:H/I:H/A:H,3.9,5.9,10.0,HIGH,AV:N/AC:L/Au:N/C:C/I:C/A:C,10.0,10.0,CWE-287,1,cpe:2.3:a:skygroup:skysea_client_view:*:*:*:*:*:*:*:*
CVE-2016-7855,CISA,True,False,"Use-after-free vulnerability in Adobe Flash Player before 23.0.0.205 on Windows and OS X and before 11.2.202.643 on Linux allows remote attackers to execute arbitrary code via unspecified vectors, as exploited in the wild in October 2016.",8.8,HIGH,CVSS:3.1/AV:N/AC:L/PR:N/UI:R/S:U/C:H/I:H/A:H,2.8,5.9,9.3,HIGH,AV:N/AC:M/Au:N/C:C/I:C/A:C,8.6,10.0,CWE-416,22,cpe:2.3:a:adobe:flash_player:*:*:*:*:*:chrome:*:* | cpe:2.3:o:apple:mac_os_x:-:*:*:*:*:*:*:* | cpe:2.3:o:google:chrome_os:-:*:*:*:*:*:*:* | cpe:2.3:o:linux:linux_kernel:-:*:*:*:*:*:*:* | cpe:2.3:o:microsoft:windows:-:*:*:*:*:*:*:* | cpe:2.3:a:adobe:flash_player:*:*:*:*:*:edge:*:* | cpe:2.3:a:adobe:flash_player:*:*:*:*:*:internet_explorer:*:* | cpe:2.3:o:microsoft:windows_10:-:*:*:*:*:*:*:* | cpe:2.3:o:microsoft:windows_10:1511:*:*:*:*:*:*:* | cpe:2.3:o:microsoft:windows_10:1607:*:*:*:*:*:*:*
CVE-2016-7892,CISA,True,False,"Adobe Flash Player versions 23.0.0.207 and earlier, 11.2.202.644 and earlier have an exploitable use after free vulnerability in the TextField class. Successful exploitation could lead to arbitrary code execution.",8.8,HIGH,CVSS:3.1/AV:N/AC:L/PR:N/UI:R/S:U/C:H/I:H/A:H,2.8,5.9,9.3,HIGH,AV:N/AC:M/Au:N/C:C/I:C/A:C,8.6,10.0,CWE-416,11,cpe:2.3:a:adobe:flash_player_desktop_runtime:*:*:*:*:*:*:*:* | cpe:2.3:o:apple:mac_os_x:-:*:*:*:*:*:*:* | cpe:2.3:o:microsoft:windows:-:*:*:*:*:*:*:* | cpe:2.3:a:adobe:flash_player:*:*:*:*:*:edge:*:* | cpe:2.3:a:adobe:flash_player:*:*:*:*:*:internet_explorer:*:* | cpe:2.3:o:microsoft:windows_10:-:*:*:*:*:*:*:* | cpe:2.3:o:microsoft:windows_8.1:-:*:*:*:*:*:*:* | cpe:2.3:a:adobe:flash_player:*:*:*:*:*:chrome:*:* | cpe:2.3:o:google:chrome_os:-:*:*:*:*:*:*:* | cpe:2.3:o:linux:linux_kernel:-:*:*:*:*:*:*:*
CVE-2016-7981,NUCLEI,False,True,Cross-site scripting (XSS) vulnerability in valider_xml.php in SPIP 3.1.2 and earlier allows remote attackers to inject arbitrary web script or HTML via the var_url parameter in a valider_xml action.,,,,,,4.3,MEDIUM,AV:N/AC:M/Au:N/C:N/I:P/A:N,8.6,2.9,CWE-79,1,cpe:2.3:a:spip:spip:*:*:*:*:*:*:*:*
CVE-2016-8527,NUCLEI,False,True,"Aruba Airwave all versions up to, but not including, 8.2.3.1 is vulnerable to a reflected cross-site scripting (XSS). The vulnerability is present in the VisualRF component of AirWave. By exploiting this vulnerability, an attacker who can trick a logged-in AirWave administrative user into clicking a link could obtain sensitive information, such as session cookies or passwords. The vulnerability requires that an administrative users click on the malicious link while currently logged into AirWave in the same browser.",,,,,,4.3,MEDIUM,AV:N/AC:M/Au:N/C:N/I:P/A:N,8.6,2.9,CWE-79,1,cpe:2.3:a:hp:airwave:*:*:*:*:*:*:*:*
CVE-2016-8562,CISA,True,False,"A vulnerability has been identified in SIMATIC CP 1543-1 (All versions < V2.0.28), SIPLUS NET CP 1543-1 (All versions < V2.0.28). Under special conditions it was possible to write SNMP variables on port 161/udp which should be read-only and should only be configured with TIA-Portal. A write to these variables could reduce the availability or cause a denial-of-service.",7.5,HIGH,CVSS:3.1/AV:N/AC:H/PR:L/UI:N/S:U/C:H/I:H/A:H,1.6,5.9,3.5,LOW,AV:N/AC:M/Au:S/C:N/I:N/A:P,6.8,2.9,NVD-CWE-noinfo,4,cpe:2.3:o:siemens:simatic_cp_1543-1_firmware:*:*:*:*:*:*:*:* | cpe:2.3:h:siemens:simatic_cp_1543-1:-:*:*:*:*:*:*:* | cpe:2.3:o:siemens:siplus_net_cp_1543-1_firmware:*:*:*:*:*:*:*:* | cpe:2.3:h:siemens:siplus_net_cp_1543-1:-:*:*:*:*:*:*:*
CVE-2016-8706,NUCLEI,False,True,"An integer overflow in process_bin_sasl_auth function in Memcached, which is responsible for authentication commands of Memcached binary protocol, can be abused to cause heap overflow and lead to remote code execution.",,,,,,6.8,MEDIUM,AV:N/AC:M/Au:N/C:P/I:P/A:P,8.6,6.4,CWE-190,1,cpe:2.3:a:memcached:memcached:*:*:*:*:*:*:*:*
CVE-2016-8735,CISA,True,False,"Remote code execution is possible with Apache Tomcat before 6.0.48, 7.x before 7.0.73, 8.x before 8.0.39, 8.5.x before 8.5.7, and 9.x before 9.0.0.M12 if JmxRemoteLifecycleListener is used and an attacker can reach JMX ports. The issue exists because this listener wasn't updated for consistency with the CVE-2016-3427 Oracle patch that affected credential types.",9.8,CRITICAL,CVSS:3.1/AV:N/AC:L/PR:N/UI:N/S:U/C:H/I:H/A:H,3.9,5.9,7.5,HIGH,AV:N/AC:L/Au:N/C:P/I:P/A:P,10.0,6.4,NVD-CWE-noinfo,51,cpe:2.3:a:apache:tomcat:*:*:*:*:*:*:*:* | cpe:2.3:a:apache:tomcat:9.0.0:-:*:*:*:*:*:* | cpe:2.3:a:apache:tomcat:9.0.0:milestone1:*:*:*:*:*:* | cpe:2.3:a:apache:tomcat:9.0.0:milestone10:*:*:*:*:*:* | cpe:2.3:a:apache:tomcat:9.0.0:milestone11:*:*:*:*:*:* | cpe:2.3:a:apache:tomcat:9.0.0:milestone2:*:*:*:*:*:* | cpe:2.3:a:apache:tomcat:9.0.0:milestone3:*:*:*:*:*:* | cpe:2.3:a:apache:tomcat:9.0.0:milestone4:*:*:*:*:*:* | cpe:2.3:a:apache:tomcat:9.0.0:milestone5:*:*:*:*:*:* | cpe:2.3:a:apache:tomcat:9.0.0:milestone6:*:*:*:*:*:*
CVE-2016-9079,CISA,True,False,"A use-after-free vulnerability in SVG Animation has been discovered. An exploit built on this vulnerability has been discovered in the wild targeting Firefox and Tor Browser users on Windows. This vulnerability affects Firefox < 50.0.2, Firefox ESR < 45.5.1, and Thunderbird < 45.5.1.",7.5,HIGH,CVSS:3.1/AV:N/AC:L/PR:N/UI:N/S:U/C:H/I:N/A:N,3.9,3.6,5.0,MEDIUM,AV:N/AC:L/Au:N/C:P/I:N/A:N,10.0,2.9,CWE-416,23,cpe:2.3:o:debian:debian_linux:9.0:*:*:*:*:*:*:* | cpe:2.3:o:redhat:enterprise_linux:5.0:*:*:*:*:*:*:* | cpe:2.3:o:redhat:enterprise_linux:6.0:*:*:*:*:*:*:* | cpe:2.3:o:redhat:enterprise_linux:7.0:*:*:*:*:*:*:* | cpe:2.3:o:redhat:enterprise_linux_desktop:5.0:*:*:*:*:*:*:* | cpe:2.3:o:redhat:enterprise_linux_desktop:6.0:*:*:*:*:*:*:* | cpe:2.3:o:redhat:enterprise_linux_desktop:7.0:*:*:*:*:*:*:* | cpe:2.3:o:redhat:enterprise_linux_server:5.0:*:*:*:*:*:*:* | cpe:2.3:o:redhat:enterprise_linux_server:6.0:*:*:*:*:*:*:* | cpe:2.3:o:redhat:enterprise_linux_server:7.0:*:*:*:*:*:*:*
CVE-2016-9299,NUCLEI,False,True,"The remoting module in Jenkins before 2.32 and LTS before 2.19.3 allows remote attackers to execute arbitrary code via a crafted serialized Java object, which triggers an LDAP query to a third-party server.",,,,,,7.5,HIGH,AV:N/AC:L/Au:N/C:P/I:P/A:P,10.0,6.4,CWE-90,3,cpe:2.3:a:jenkins:jenkins:*:*:*:*:lts:*:*:* | cpe:2.3:a:jenkins:jenkins:*:*:*:*:-:*:*:* | cpe:2.3:o:fedoraproject:fedora:25:*:*:*:*:*:*:*
CVE-2016-9563,CISA,True,False,"BC-BMT-BPM-DSK in SAP NetWeaver AS JAVA 7.5 allows remote authenticated users to conduct XML External Entity (XXE) attacks via the sap.com~tc~bpem~him~uwlconn~provider~web/bpemuwlconn URI, aka SAP Security Note 2296909.",6.5,MEDIUM,CVSS:3.1/AV:N/AC:L/PR:L/UI:N/S:U/C:H/I:N/A:N,2.8,3.6,4.0,MEDIUM,AV:N/AC:L/Au:S/C:P/I:N/A:N,8.0,2.9,CWE-611,1,cpe:2.3:a:sap:netweaver_application_server_java:7.50:*:*:*:*:*:*:*
CVE-2017-0001,CISA,True,False,"The Graphics Device Interface (GDI) in Microsoft Windows Vista SP2; Windows Server 2008 SP2 and R2 SP1; Windows 7 SP1; Windows 8.1; Windows Server 2012 Gold and R2; Windows RT 8.1; and Windows 10 Gold, 1511, and 1607 allows local users to gain privileges via a crafted application, aka ""Windows GDI Elevation of Privilege Vulnerability."" This vulnerability is different from those described in CVE-2017-0005, CVE-2017-0025, and CVE-2017-0047.",7.8,HIGH,CVSS:3.1/AV:L/AC:L/PR:L/UI:N/S:U/C:H/I:H/A:H,1.8,5.9,7.2,HIGH,AV:L/AC:L/Au:N/C:C/I:C/A:C,3.9,10.0,NVD-CWE-noinfo,15,cpe:2.3:o:microsoft:windows_10_1507:-:*:*:*:*:*:x64:* | cpe:2.3:o:microsoft:windows_10_1507:-:*:*:*:*:*:x86:* | cpe:2.3:o:microsoft:windows_10_1511:-:*:*:*:*:*:x64:* | cpe:2.3:o:microsoft:windows_10_1511:-:*:*:*:*:*:x86:* | cpe:2.3:o:microsoft:windows_10_1607:-:*:*:*:*:*:x64:* | cpe:2.3:o:microsoft:windows_10_1607:-:*:*:*:*:*:x86:* | cpe:2.3:o:microsoft:windows_7:-:sp1:*:*:*:*:*:* | cpe:2.3:o:microsoft:windows_8.1:-:*:*:*:*:*:*:* | cpe:2.3:o:microsoft:windows_rt_8.1:-:*:*:*:*:*:*:* | cpe:2.3:o:microsoft:windows_server_2008:-:sp2:*:*:*:*:*:*
CVE-2017-0005,CISA,True,False,"The Graphics Device Interface (GDI) in Microsoft Windows Vista SP2; Windows Server 2008 SP2 and R2 SP1; Windows 7 SP1; Windows 8.1; Windows Server 2012 Gold and R2; Windows RT 8.1; and Windows 10 Gold, 1511, and 1607 allows local users to gain privileges via a crafted application, aka ""Windows GDI Elevation of Privilege Vulnerability."" This vulnerability is different from those described in CVE-2017-0001, CVE-2017-0025, and CVE-2017-0047.",7.8,HIGH,CVSS:3.1/AV:L/AC:L/PR:L/UI:N/S:U/C:H/I:H/A:H,1.8,5.9,6.9,MEDIUM,AV:L/AC:M/Au:N/C:C/I:C/A:C,3.4,10.0,NVD-CWE-noinfo,15,cpe:2.3:o:microsoft:windows_10_1507:-:*:*:*:*:*:x64:* | cpe:2.3:o:microsoft:windows_10_1507:-:*:*:*:*:*:x86:* | cpe:2.3:o:microsoft:windows_10_1511:-:*:*:*:*:*:x64:* | cpe:2.3:o:microsoft:windows_10_1511:-:*:*:*:*:*:x86:* | cpe:2.3:o:microsoft:windows_10_1607:-:*:*:*:*:*:x64:* | cpe:2.3:o:microsoft:windows_10_1607:-:*:*:*:*:*:x86:* | cpe:2.3:o:microsoft:windows_7:-:sp1:*:*:*:*:*:* | cpe:2.3:o:microsoft:windows_8.1:-:*:*:*:*:*:*:* | cpe:2.3:o:microsoft:windows_rt_8.1:-:*:*:*:*:*:*:* | cpe:2.3:o:microsoft:windows_server_2008:-:sp2:*:*:*:*:*:*
CVE-2017-0022,CISA,True,False,"Microsoft XML Core Services (MSXML) in Windows 10 Gold, 1511, and 1607; Windows 7 SP1; Windows 8.1; Windows RT 8.1; Windows Server 2008 SP2 and R2 SP1; Windows Server 2012 Gold and R2; Windows Server 2016; and Windows Vista SP2 improperly handles objects in memory, allowing attackers to test for files on disk via a crafted web site, aka ""Microsoft XML Information Disclosure Vulnerability.""",6.5,MEDIUM,CVSS:3.1/AV:N/AC:L/PR:N/UI:R/S:U/C:H/I:N/A:N,2.8,3.6,4.3,MEDIUM,AV:N/AC:M/Au:N/C:P/I:N/A:N,8.6,2.9,CWE-119,16,cpe:2.3:a:microsoft:xml_core_services:3.0:*:*:*:*:*:*:* | cpe:2.3:o:microsoft:windows_10_1507:-:*:*:*:*:*:x64:* | cpe:2.3:o:microsoft:windows_10_1507:-:*:*:*:*:*:x86:* | cpe:2.3:o:microsoft:windows_10_1511:-:*:*:*:*:*:x64:* | cpe:2.3:o:microsoft:windows_10_1511:-:*:*:*:*:*:x86:* | cpe:2.3:o:microsoft:windows_10_1607:-:*:*:*:*:*:x64:* | cpe:2.3:o:microsoft:windows_10_1607:-:*:*:*:*:*:x86:* | cpe:2.3:o:microsoft:windows_7:-:sp1:*:*:*:*:*:* | cpe:2.3:o:microsoft:windows_8.1:-:*:*:*:*:*:*:* | cpe:2.3:o:microsoft:windows_rt_8.1:-:*:*:*:*:*:*:*
CVE-2017-0037,CISA,True,False,"Microsoft Internet Explorer 10 and 11 and Microsoft Edge have a type confusion issue in the Layout::MultiColumnBoxBuilder::HandleColumnBreakOnColumnSpanningElement function in mshtml.dll, which allows remote attackers to execute arbitrary code via vectors involving a crafted Cascading Style Sheets (CSS) token sequence and crafted JavaScript code that operates on a TH element.",8.1,HIGH,CVSS:3.1/AV:N/AC:H/PR:N/UI:N/S:U/C:H/I:H/A:H,2.2,5.9,7.6,HIGH,AV:N/AC:H/Au:N/C:C/I:C/A:C,4.9,10.0,CWE-843,10,cpe:2.3:a:microsoft:edge:*:*:*:*:*:*:*:* | cpe:2.3:o:microsoft:windows_10_1507:-:*:*:*:*:*:*:* | cpe:2.3:o:microsoft:windows_10_1511:-:*:*:*:*:*:*:* | cpe:2.3:o:microsoft:windows_10_1607:-:*:*:*:*:*:*:* | cpe:2.3:a:microsoft:internet_explorer:11:-:*:*:*:*:*:* | cpe:2.3:o:microsoft:windows_8.1:-:*:*:*:*:*:*:* | cpe:2.3:o:microsoft:windows_rt_8.1:-:*:*:*:*:*:*:* | cpe:2.3:o:microsoft:windows_server_2012:-:*:*:*:*:*:*:* | cpe:2.3:o:microsoft:windows_server_2012:r2:*:*:*:*:*:*:* | cpe:2.3:o:microsoft:windows_server_2016:-:*:*:*:*:*:*:*
CVE-2017-0059,CISA,True,False,"Microsoft Internet Explorer 9 through 11 allow remote attackers to obtain sensitive information from process memory via a crafted web site, aka ""Internet Explorer Information Disclosure Vulnerability."" This vulnerability is different from those described in CVE-2017-0008 and CVE-2017-0009.",4.3,MEDIUM,CVSS:3.1/AV:N/AC:L/PR:N/UI:R/S:U/C:L/I:N/A:N,2.8,1.4,4.3,MEDIUM,AV:N/AC:M/Au:N/C:P/I:N/A:N,8.6,2.9,NVD-CWE-noinfo,15,cpe:2.3:a:microsoft:internet_explorer:9:*:*:*:*:*:*:* | cpe:2.3:o:microsoft:windows_server_2008:-:sp2:*:*:*:*:*:* | cpe:2.3:o:microsoft:windows_vista:-:sp2:*:*:*:*:*:* | cpe:2.3:a:microsoft:internet_explorer:10:*:*:*:*:*:*:* | cpe:2.3:o:microsoft:windows_server_2012:-:*:*:*:*:*:*:* | cpe:2.3:a:microsoft:internet_explorer:11:-:*:*:*:*:*:* | cpe:2.3:o:microsoft:windows_10_1507:-:*:*:*:*:*:*:* | cpe:2.3:o:microsoft:windows_10_1511:-:*:*:*:*:*:*:* | cpe:2.3:o:microsoft:windows_10_1607:-:*:*:*:*:*:*:* | cpe:2.3:o:microsoft:windows_7:-:sp1:*:*:*:*:*:*
CVE-2017-0101,CISA,True,False,"The kernel-mode drivers in Transaction Manager in Microsoft Windows Vista SP2; Windows Server 2008 SP2 and R2; Windows 7 SP1; Windows 8.1, Windows Server 2012 Gold and R2, Windows RT 8.1; Windows 10 Gold, 1511, and 1607; and Windows Server 2016 allow local users to gain privileges via a crafted application, aka ""Windows Elevation of Privilege Vulnerability.""",7.8,HIGH,CVSS:3.1/AV:L/AC:L/PR:N/UI:R/S:U/C:H/I:H/A:H,1.8,5.9,6.8,MEDIUM,AV:N/AC:M/Au:N/C:P/I:P/A:P,8.6,6.4,CWE-119,3,cpe:2.3:o:microsoft:windows_7:-:sp1:*:*:*:*:*:* | cpe:2.3:o:microsoft:windows_server_2008:-:sp2:*:*:*:*:*:* | cpe:2.3:o:microsoft:windows_vista:-:sp2:*:*:*:*:*:*
CVE-2017-0143,CISA,True,False,"The SMBv1 server in Microsoft Windows Vista SP2; Windows Server 2008 SP2 and R2 SP1; Windows 7 SP1; Windows 8.1; Windows Server 2012 Gold and R2; Windows RT 8.1; and Windows 10 Gold, 1511, and 1607; and Windows Server 2016 allows remote attackers to execute arbitrary code via crafted packets, aka ""Windows SMB Remote Code Execution Vulnerability."" This vulnerability is different from those described in CVE-2017-0144, CVE-2017-0145, CVE-2017-0146, and CVE-2017-0148.",8.8,HIGH,CVSS:3.1/AV:N/AC:L/PR:L/UI:N/S:U/C:H/I:H/A:H,2.8,5.9,9.3,HIGH,AV:N/AC:M/Au:N/C:C/I:C/A:C,8.6,10.0,NVD-CWE-noinfo,41,cpe:2.3:a:microsoft:server_message_block:1.0:*:*:*:*:*:*:* | cpe:2.3:o:microsoft:windows_10_1507:-:*:*:*:*:*:x64:* | cpe:2.3:o:microsoft:windows_10_1507:-:*:*:*:*:*:x86:* | cpe:2.3:o:microsoft:windows_10_1511:-:*:*:*:*:*:x64:* | cpe:2.3:o:microsoft:windows_10_1511:-:*:*:*:*:*:x86:* | cpe:2.3:o:microsoft:windows_10_1607:-:*:*:*:*:*:x64:* | cpe:2.3:o:microsoft:windows_10_1607:-:*:*:*:*:*:x86:* | cpe:2.3:o:microsoft:windows_7:-:sp1:*:*:*:*:*:* | cpe:2.3:o:microsoft:windows_8.1:-:*:*:*:*:*:*:* | cpe:2.3:o:microsoft:windows_rt_8.1:-:*:*:*:*:*:*:*
CVE-2017-0144,CISA,True,False,"The SMBv1 server in Microsoft Windows Vista SP2; Windows Server 2008 SP2 and R2 SP1; Windows 7 SP1; Windows 8.1; Windows Server 2012 Gold and R2; Windows RT 8.1; and Windows 10 Gold, 1511, and 1607; and Windows Server 2016 allows remote attackers to execute arbitrary code via crafted packets, aka ""Windows SMB Remote Code Execution Vulnerability."" This vulnerability is different from those described in CVE-2017-0143, CVE-2017-0145, CVE-2017-0146, and CVE-2017-0148.",8.8,HIGH,CVSS:3.1/AV:N/AC:L/PR:L/UI:N/S:U/C:H/I:H/A:H,2.8,5.9,9.3,HIGH,AV:N/AC:M/Au:N/C:C/I:C/A:C,8.6,10.0,NVD-CWE-noinfo,39,cpe:2.3:a:microsoft:server_message_block:1.0:*:*:*:*:*:*:* | cpe:2.3:o:microsoft:windows_10_1507:-:*:*:*:*:*:x64:* | cpe:2.3:o:microsoft:windows_10_1507:-:*:*:*:*:*:x86:* | cpe:2.3:o:microsoft:windows_10_1511:-:*:*:*:*:*:x64:* | cpe:2.3:o:microsoft:windows_10_1511:-:*:*:*:*:*:x86:* | cpe:2.3:o:microsoft:windows_10_1607:-:*:*:*:*:*:x64:* | cpe:2.3:o:microsoft:windows_10_1607:-:*:*:*:*:*:x86:* | cpe:2.3:o:microsoft:windows_7:-:sp1:*:*:*:*:*:* | cpe:2.3:o:microsoft:windows_8.1:-:*:*:*:*:*:*:* | cpe:2.3:o:microsoft:windows_rt_8.1:-:*:*:*:*:*:*:*
CVE-2017-0145,CISA,True,False,"The SMBv1 server in Microsoft Windows Vista SP2; Windows Server 2008 SP2 and R2 SP1; Windows 7 SP1; Windows 8.1; Windows Server 2012 Gold and R2; Windows RT 8.1; and Windows 10 Gold, 1511, and 1607; and Windows Server 2016 allows remote attackers to execute arbitrary code via crafted packets, aka ""Windows SMB Remote Code Execution Vulnerability."" This vulnerability is different from those described in CVE-2017-0143, CVE-2017-0144, CVE-2017-0146, and CVE-2017-0148.",8.8,HIGH,CVSS:3.1/AV:N/AC:L/PR:L/UI:N/S:U/C:H/I:H/A:H,2.8,5.9,9.3,HIGH,AV:N/AC:M/Au:N/C:C/I:C/A:C,8.6,10.0,NVD-CWE-noinfo,36,cpe:2.3:a:microsoft:server_message_block:1.0:*:*:*:*:*:*:* | cpe:2.3:o:microsoft:windows_10_1507:-:*:*:*:*:*:*:* | cpe:2.3:o:microsoft:windows_10_1511:-:*:*:*:*:*:*:* | cpe:2.3:o:microsoft:windows_10_1607:-:*:*:*:*:*:*:* | cpe:2.3:o:microsoft:windows_7:-:sp1:*:*:*:*:*:* | cpe:2.3:o:microsoft:windows_8.1:-:*:*:*:*:*:*:* | cpe:2.3:o:microsoft:windows_rt_8.1:-:*:*:*:*:*:*:* | cpe:2.3:o:microsoft:windows_server_2008:-:sp2:*:*:*:*:*:* | cpe:2.3:o:microsoft:windows_server_2008:r2:sp1:*:*:*:*:*:* | cpe:2.3:o:microsoft:windows_server_2012:-:*:*:*:*:*:*:*
CVE-2017-0146,CISA,True,False,"The SMBv1 server in Microsoft Windows Vista SP2; Windows Server 2008 SP2 and R2 SP1; Windows 7 SP1; Windows 8.1; Windows Server 2012 Gold and R2; Windows RT 8.1; and Windows 10 Gold, 1511, and 1607; and Windows Server 2016 allows remote attackers to execute arbitrary code via crafted packets, aka ""Windows SMB Remote Code Execution Vulnerability."" This vulnerability is different from those described in CVE-2017-0143, CVE-2017-0144, CVE-2017-0145, and CVE-2017-0148.",8.8,HIGH,CVSS:3.1/AV:N/AC:L/PR:L/UI:N/S:U/C:H/I:H/A:H,2.8,5.9,9.3,HIGH,AV:N/AC:M/Au:N/C:C/I:C/A:C,8.6,10.0,NVD-CWE-noinfo,36,cpe:2.3:a:microsoft:server_message_block:1.0:*:*:*:*:*:*:* | cpe:2.3:o:microsoft:windows_10_1507:-:*:*:*:*:*:*:* | cpe:2.3:o:microsoft:windows_10_1511:-:*:*:*:*:*:*:* | cpe:2.3:o:microsoft:windows_10_1607:-:*:*:*:*:*:*:* | cpe:2.3:o:microsoft:windows_7:-:sp1:*:*:*:*:*:* | cpe:2.3:o:microsoft:windows_8.1:*:*:*:*:*:*:*:* | cpe:2.3:o:microsoft:windows_rt_8.1:-:*:*:*:*:*:*:* | cpe:2.3:o:microsoft:windows_server_2008:-:sp2:*:*:*:*:*:* | cpe:2.3:o:microsoft:windows_server_2008:r2:sp1:*:*:*:*:x64:* | cpe:2.3:o:microsoft:windows_server_2012:-:*:*:*:*:*:*:*
CVE-2017-0147,CISA,True,False,"The SMBv1 server in Microsoft Windows Vista SP2; Windows Server 2008 SP2 and R2 SP1; Windows 7 SP1; Windows 8.1; Windows Server 2012 Gold and R2; Windows RT 8.1; and Windows 10 Gold, 1511, and 1607; and Windows Server 2016 allows remote attackers to obtain sensitive information from process memory via a crafted packets, aka ""Windows SMB Information Disclosure Vulnerability.""",7.5,HIGH,CVSS:3.1/AV:N/AC:L/PR:N/UI:N/S:U/C:H/I:N/A:N,3.9,3.6,4.3,MEDIUM,AV:N/AC:M/Au:N/C:P/I:N/A:N,8.6,2.9,NVD-CWE-noinfo,35,cpe:2.3:o:microsoft:windows_10_1507:-:*:*:*:*:*:*:* | cpe:2.3:o:microsoft:windows_10_1511:-:*:*:*:*:*:*:* | cpe:2.3:o:microsoft:windows_10_1607:-:*:*:*:*:*:*:* | cpe:2.3:o:microsoft:windows_7:-:sp1:*:*:*:*:*:* | cpe:2.3:o:microsoft:windows_8.1:-:*:*:*:*:*:*:* | cpe:2.3:o:microsoft:windows_rt_8.1:-:*:*:*:*:*:*:* | cpe:2.3:o:microsoft:windows_server_2008:-:sp2:*:*:*:*:*:* | cpe:2.3:o:microsoft:windows_server_2008:r2:sp1:*:*:*:*:*:* | cpe:2.3:o:microsoft:windows_server_2012:-:*:*:*:*:*:*:* | cpe:2.3:o:microsoft:windows_server_2012:r2:*:*:*:*:*:*:*
CVE-2017-0148,CISA,True,False,"The SMBv1 server in Microsoft Windows Vista SP2; Windows Server 2008 SP2 and R2 SP1; Windows 7 SP1; Windows 8.1; Windows Server 2012 Gold and R2; Windows RT 8.1; and Windows 10 Gold, 1511, and 1607; and Windows Server 2016 allows remote attackers to execute arbitrary code via crafted packets, aka ""Windows SMB Remote Code Execution Vulnerability."" This vulnerability is different from those described in CVE-2017-0143, CVE-2017-0144, CVE-2017-0145, and CVE-2017-0146.",8.1,HIGH,CVSS:3.1/AV:N/AC:H/PR:N/UI:N/S:U/C:H/I:H/A:H,2.2,5.9,9.3,HIGH,AV:N/AC:M/Au:N/C:C/I:C/A:C,8.6,10.0,CWE-20,36,cpe:2.3:a:microsoft:server_message_block:1.0:*:*:*:*:*:*:* | cpe:2.3:o:microsoft:windows_10_1507:-:*:*:*:*:*:*:* | cpe:2.3:o:microsoft:windows_10_1511:-:*:*:*:*:*:*:* | cpe:2.3:o:microsoft:windows_10_1607:-:*:*:*:*:*:*:* | cpe:2.3:o:microsoft:windows_7:-:sp1:*:*:*:*:*:* | cpe:2.3:o:microsoft:windows_8.1:-:*:*:*:*:*:*:* | cpe:2.3:o:microsoft:windows_rt_8.1:-:*:*:*:*:*:*:* | cpe:2.3:o:microsoft:windows_server_2008:-:sp2:*:*:*:*:*:* | cpe:2.3:o:microsoft:windows_server_2008:r2:sp1:*:*:*:*:*:* | cpe:2.3:o:microsoft:windows_server_2012:-:*:*:*:*:*:*:*
CVE-2017-0149,CISA,True,False,"Microsoft Internet Explorer 9 through 11 allow remote attackers to execute arbitrary code or cause a denial of service (memory corruption) via a crafted web site, aka ""Internet Explorer Memory Corruption Vulnerability."" This vulnerability is different from those described in CVE-2017-0018 and CVE-2017-0037.",8.8,HIGH,CVSS:3.1/AV:N/AC:L/PR:N/UI:R/S:U/C:H/I:H/A:H,2.8,5.9,7.6,HIGH,AV:N/AC:H/Au:N/C:C/I:C/A:C,4.9,10.0,CWE-787,15,cpe:2.3:a:microsoft:internet_explorer:9:*:*:*:*:*:*:* | cpe:2.3:o:microsoft:windows_server_2008:-:sp2:*:*:*:*:*:* | cpe:2.3:o:microsoft:windows_vista:-:sp2:*:*:*:*:*:* | cpe:2.3:a:microsoft:internet_explorer:10:*:*:*:*:*:*:* | cpe:2.3:o:microsoft:windows_server_2012:-:*:*:*:*:*:*:* | cpe:2.3:a:microsoft:internet_explorer:11:-:*:*:*:*:*:* | cpe:2.3:o:microsoft:windows_10_1507:-:*:*:*:*:*:*:* | cpe:2.3:o:microsoft:windows_10_1511:-:*:*:*:*:*:*:* | cpe:2.3:o:microsoft:windows_10_1607:-:*:*:*:*:*:*:* | cpe:2.3:o:microsoft:windows_7:-:sp1:*:*:*:*:*:*
CVE-2017-0199,CISA,True,False,"Microsoft Office 2007 SP3, Microsoft Office 2010 SP2, Microsoft Office 2013 SP1, Microsoft Office 2016, Microsoft Windows Vista SP2, Windows Server 2008 SP2, Windows 7 SP1, Windows 8.1 allow remote attackers to execute arbitrary code via a crafted document, aka ""Microsoft Office/WordPad Remote Code Execution Vulnerability w/Windows API.""",7.8,HIGH,CVSS:3.1/AV:L/AC:L/PR:N/UI:R/S:U/C:H/I:H/A:H,1.8,5.9,9.3,HIGH,AV:N/AC:M/Au:N/C:C/I:C/A:C,8.6,10.0,NVD-CWE-noinfo,11,cpe:2.3:a:microsoft:office:2007:sp3:*:*:*:*:*:* | cpe:2.3:a:microsoft:office:2010:sp2:*:*:*:*:*:* | cpe:2.3:a:microsoft:office:2013:sp1:*:*:*:*:*:* | cpe:2.3:a:microsoft:office:2016:-:*:*:*:*:*:* | cpe:2.3:o:microsoft:windows_7:-:sp1:*:*:*:*:*:* | cpe:2.3:o:microsoft:windows_server_2008:-:sp2:*:*:*:*:*:* | cpe:2.3:o:microsoft:windows_server_2008:r2:sp1:*:*:*:*:*:* | cpe:2.3:o:microsoft:windows_server_2012:-:*:*:*:*:*:*:* | cpe:2.3:o:microsoft:windows_vista:-:sp2:*:*:*:*:*:* | cpe:2.3:a:philips:intellispace_portal:7.0:*:*:*:*:*:*:*
CVE-2017-0210,CISA,True,False,"An elevation of privilege vulnerability exists when Internet Explorer does not properly enforce cross-domain policies, which could allow an attacker to access information from one domain and inject it into another domain, aka ""Internet Explorer Elevation of Privilege Vulnerability.""",8.8,HIGH,CVSS:3.1/AV:N/AC:L/PR:N/UI:R/S:U/C:H/I:H/A:H,2.8,5.9,4.3,MEDIUM,AV:N/AC:M/Au:N/C:N/I:P/A:N,8.6,2.9,NVD-CWE-noinfo,13,cpe:2.3:a:microsoft:internet_explorer:10:*:*:*:*:*:*:* | cpe:2.3:o:microsoft:windows_server_2012:-:*:*:*:*:*:*:* | cpe:2.3:a:microsoft:internet_explorer:11:-:*:*:*:*:*:* | cpe:2.3:o:microsoft:windows_10_1507:-:*:*:*:*:*:*:* | cpe:2.3:o:microsoft:windows_10_1511:-:*:*:*:*:*:*:* | cpe:2.3:o:microsoft:windows_10_1607:-:*:*:*:*:*:*:* | cpe:2.3:o:microsoft:windows_10_1703:-:*:*:*:*:*:*:* | cpe:2.3:o:microsoft:windows_7:-:sp1:*:*:*:*:*:* | cpe:2.3:o:microsoft:windows_8.1:-:*:*:*:*:*:*:* | cpe:2.3:o:microsoft:windows_rt_8.1:-:*:*:*:*:*:*:*
CVE-2017-0213,CISA,True,False,"Windows COM Aggregate Marshaler in Microsoft Windows Server 2008 SP2 and R2 SP1, Windows 7 SP1, Windows 8.1, Windows Server 2012 Gold and R2, Windows RT 8.1, Windows 10 Gold, 1511, 1607, and 1703, and Windows Server 2016 allows an elevation privilege vulnerability when an attacker runs a specially crafted application, aka ""Windows COM Elevation of Privilege Vulnerability"". This CVE ID is unique from CVE-2017-0214.",7.3,HIGH,CVSS:3.1/AV:L/AC:L/PR:L/UI:R/S:U/C:H/I:H/A:H,1.3,5.9,1.9,LOW,AV:L/AC:M/Au:N/C:N/I:P/A:N,3.4,2.9,NVD-CWE-noinfo,12,cpe:2.3:o:microsoft:windows_10_1507:-:*:*:*:*:*:*:* | cpe:2.3:o:microsoft:windows_10_1511:-:*:*:*:*:*:*:* | cpe:2.3:o:microsoft:windows_10_1607:-:*:*:*:*:*:*:* | cpe:2.3:o:microsoft:windows_10_1703:-:*:*:*:*:*:*:* | cpe:2.3:o:microsoft:windows_7:-:sp1:*:*:*:*:*:* | cpe:2.3:o:microsoft:windows_8.1:-:*:*:*:*:*:*:* | cpe:2.3:o:microsoft:windows_rt_8.1:-:*:*:*:*:*:*:* | cpe:2.3:o:microsoft:windows_server_2008:-:sp2:*:*:*:*:*:* | cpe:2.3:o:microsoft:windows_server_2008:r2:sp1:*:*:*:*:x64:* | cpe:2.3:o:microsoft:windows_server_2012:-:*:*:*:*:*:*:*
CVE-2017-0222,CISA,True,False,"A remote code execution vulnerability exists when Internet Explorer improperly accesses objects in memory, aka ""Internet Explorer Memory Corruption Vulnerability."" This CVE ID is unique from CVE-2017-0226.",8.8,HIGH,CVSS:3.1/AV:N/AC:L/PR:N/UI:R/S:U/C:H/I:H/A:H,2.8,5.9,7.6,HIGH,AV:N/AC:H/Au:N/C:C/I:C/A:C,4.9,10.0,CWE-787,14,cpe:2.3:a:microsoft:internet_explorer:9:*:*:*:*:*:*:* | cpe:2.3:o:microsoft:windows_server_2008:-:sp2:*:*:*:*:*:* | cpe:2.3:a:microsoft:internet_explorer:11:-:*:*:*:*:*:* | cpe:2.3:o:microsoft:windows_10_1507:-:*:*:*:*:*:*:* | cpe:2.3:o:microsoft:windows_10_1511:-:*:*:*:*:*:*:* | cpe:2.3:o:microsoft:windows_10_1607:-:*:*:*:*:*:*:* | cpe:2.3:o:microsoft:windows_10_1703:-:*:*:*:*:*:*:* | cpe:2.3:o:microsoft:windows_7:-:sp1:*:*:*:*:*:* | cpe:2.3:o:microsoft:windows_8.1:-:*:*:*:*:*:*:* | cpe:2.3:o:microsoft:windows_rt_8.1:-:*:*:*:*:*:*:*
CVE-2017-0261,CISA,True,False,"Microsoft Office 2010 SP2, Office 2013 SP1, and Office 2016 allow a remote code execution vulnerability when the software fails to properly handle objects in memory, aka ""Office Remote Code Execution Vulnerability"". This CVE ID is unique from CVE-2017-0262 and CVE-2017-0281.",7.8,HIGH,CVSS:3.1/AV:L/AC:L/PR:N/UI:R/S:U/C:H/I:H/A:H,1.8,5.9,9.3,HIGH,AV:N/AC:M/Au:N/C:C/I:C/A:C,8.6,10.0,CWE-416,3,cpe:2.3:a:microsoft:office:2010:sp2:*:*:*:*:*:* | cpe:2.3:a:microsoft:office:2013:sp1:*:*:*:*:*:* | cpe:2.3:a:microsoft:office:2016:*:*:*:*:*:*:*
CVE-2017-0262,CISA,True,False,"Microsoft Office 2010 SP2, Office 2013 SP1, and Office 2016 allow a remote code execution vulnerability when the software fails to properly handle objects in memory, aka ""Office Remote Code Execution Vulnerability"". This CVE ID is unique from CVE-2017-0261 and CVE-2017-0281.",7.8,HIGH,CVSS:3.1/AV:L/AC:L/PR:N/UI:R/S:U/C:H/I:H/A:H,1.8,5.9,9.3,HIGH,AV:N/AC:M/Au:N/C:C/I:C/A:C,8.6,10.0,NVD-CWE-noinfo,3,cpe:2.3:a:microsoft:office:2010:sp2:*:*:*:*:*:* | cpe:2.3:a:microsoft:office:2013:sp1:*:*:*:*:*:* | cpe:2.3:a:microsoft:office:2016:*:*:*:*:*:*:*
CVE-2017-0263,CISA,True,False,"The kernel-mode drivers in Microsoft Windows Server 2008 SP2 and R2 SP1, Windows 7 SP1, Windows 8.1, Windows Server 2012 Gold and R2, Windows RT 8.1, Windows 10 Gold, 1511, 1607, 1703, and Windows Server 2016 allow local users to gain privileges via a crafted application, aka ""Win32k Elevation of Privilege Vulnerability.""",7.8,HIGH,CVSS:3.1/AV:L/AC:L/PR:L/UI:N/S:U/C:H/I:H/A:H,1.8,5.9,7.2,HIGH,AV:L/AC:L/Au:N/C:C/I:C/A:C,3.9,10.0,CWE-416,12,cpe:2.3:o:microsoft:windows_10_1507:-:*:*:*:*:*:*:* | cpe:2.3:o:microsoft:windows_10_1511:-:*:*:*:*:*:*:* | cpe:2.3:o:microsoft:windows_10_1607:-:*:*:*:*:*:*:* | cpe:2.3:o:microsoft:windows_10_1703:-:*:*:*:*:*:*:* | cpe:2.3:o:microsoft:windows_7:-:sp1:*:*:*:*:*:* | cpe:2.3:o:microsoft:windows_8.1:-:*:*:*:*:*:*:* | cpe:2.3:o:microsoft:windows_rt_8.1:-:*:*:*:*:*:*:* | cpe:2.3:o:microsoft:windows_server_2008:-:sp2:*:*:*:*:*:* | cpe:2.3:o:microsoft:windows_server_2008:r2:sp1:*:*:*:*:*:* | cpe:2.3:o:microsoft:windows_server_2012:-:*:*:*:*:*:*:*
CVE-2017-0929,NUCLEI,False,True,DNN (aka DotNetNuke) before 9.2.0 suffers from a Server-Side Request Forgery (SSRF) vulnerability in the DnnImageHandler class. Attackers may be able to access information about internal network resources.,,,,,,5.0,MEDIUM,AV:N/AC:L/Au:N/C:P/I:N/A:N,10.0,2.9,CWE-918,1,cpe:2.3:a:dnnsoftware:dotnetnuke:*:*:*:*:*:*:*:*
CVE-2017-1000028,NUCLEI,False,True,"Oracle, GlassFish Server Open Source Edition 4.1 is vulnerable to both authenticated and unauthenticated Directory Traversal vulnerability, that can be exploited by issuing a specially crafted HTTP GET request.",,,,,,5.0,MEDIUM,AV:N/AC:L/Au:N/C:P/I:N/A:N,10.0,2.9,CWE-22,1,cpe:2.3:a:oracle:glassfish_server:4.1:*:*:*:open_source:*:*:*
CVE-2017-1000029,NUCLEI,False,True,"Oracle, GlassFish Server Open Source Edition 3.0.1 (build 22) is vulnerable to Local File Inclusion vulnerability, that makes it possible to include arbitrary files on the server, this vulnerability can be exploited without any prior authentication.",,,,,,5.0,MEDIUM,AV:N/AC:L/Au:N/C:P/I:N/A:N,10.0,2.9,CWE-200,1,cpe:2.3:a:oracle:glassfish_server:3.0.1:*:*:*:open_source:*:*:*
CVE-2017-1000163,NUCLEI,False,True,"The Phoenix Framework versions 1.0.0 through 1.0.4, 1.1.0 through 1.1.6, 1.2.0, 1.2.2 and 1.3.0-rc.0 are vulnerable to unvalidated URL redirection, which may result in phishing or social engineering attacks.",,,,,,5.8,MEDIUM,AV:N/AC:M/Au:N/C:P/I:P/A:N,8.6,4.9,CWE-601,15,cpe:2.3:a:phoenixframework:phoenix:1.0.0:*:*:*:*:*:*:* | cpe:2.3:a:phoenixframework:phoenix:1.0.1:*:*:*:*:*:*:* | cpe:2.3:a:phoenixframework:phoenix:1.0.2:*:*:*:*:*:*:* | cpe:2.3:a:phoenixframework:phoenix:1.0.3:*:*:*:*:*:*:* | cpe:2.3:a:phoenixframework:phoenix:1.0.4:*:*:*:*:*:*:* | cpe:2.3:a:phoenixframework:phoenix:1.1.0:*:*:*:*:*:*:* | cpe:2.3:a:phoenixframework:phoenix:1.1.1:*:*:*:*:*:*:* | cpe:2.3:a:phoenixframework:phoenix:1.1.2:*:*:*:*:*:*:* | cpe:2.3:a:phoenixframework:phoenix:1.1.3:*:*:*:*:*:*:* | cpe:2.3:a:phoenixframework:phoenix:1.1.4:*:*:*:*:*:*:*
CVE-2017-1000170,NUCLEI,False,True,jqueryFileTree 2.1.5 and older Directory Traversal,7.5,HIGH,CVSS:3.1/AV:N/AC:L/PR:N/UI:N/S:U/C:H/I:N/A:N,3.9,3.6,5.0,MEDIUM,AV:N/AC:L/Au:N/C:P/I:N/A:N,10.0,2.9,CWE-22,1,cpe:2.3:a:jqueryfiletree_project:jqueryfiletree:*:*:*:*:*:*:*:*
CVE-2017-1000253,CISA,True,False,"Linux distributions that have not patched their long-term kernels with https://git.kernel.org/linus/a87938b2e246b81b4fb713edb371a9fa3c5c3c86 (committed on April 14, 2015). This kernel vulnerability was fixed in April 2015 by commit a87938b2e246b81b4fb713edb371a9fa3c5c3c86 (backported to Linux 3.10.77 in May 2015), but it was not recognized as a security threat. With CONFIG_ARCH_BINFMT_ELF_RANDOMIZE_PIE enabled, and a normal top-down address allocation strategy, load_elf_binary() will attempt to map a PIE binary into an address range immediately below mm->mmap_base. Unfortunately, load_elf_ binary() does not take account of the need to allocate sufficient space for the entire binary which means that, while the first PT_LOAD segment is mapped below mm->mmap_base, the subsequent PT_LOAD segment(s) end up being mapped above mm->mmap_base into the are that is supposed to be the ""gap"" between the stack and the binary.",7.8,HIGH,CVSS:3.1/AV:L/AC:L/PR:L/UI:N/S:U/C:H/I:H/A:H,1.8,5.9,7.2,HIGH,AV:L/AC:L/Au:N/C:C/I:C/A:C,3.9,10.0,CWE-119,29,cpe:2.3:o:centos:centos:6.0:*:*:*:*:*:*:* | cpe:2.3:o:centos:centos:6.1:*:*:*:*:*:*:* | cpe:2.3:o:centos:centos:6.2:*:*:*:*:*:*:* | cpe:2.3:o:centos:centos:6.3:*:*:*:*:*:*:* | cpe:2.3:o:centos:centos:6.4:*:*:*:*:*:*:* | cpe:2.3:o:centos:centos:6.5:*:*:*:*:*:*:* | cpe:2.3:o:centos:centos:6.6:*:*:*:*:*:*:* | cpe:2.3:o:centos:centos:6.7:*:*:*:*:*:*:* | cpe:2.3:o:centos:centos:6.8:*:*:*:*:*:*:* | cpe:2.3:o:centos:centos:6.9:*:*:*:*:*:*:*
CVE-2017-1000353,CISA,True,False,"Jenkins versions 2.56 and earlier as well as 2.46.1 LTS and earlier are vulnerable to an unauthenticated remote code execution. An unauthenticated remote code execution vulnerability allowed attackers to transfer a serialized Java `SignedObject` object to the Jenkins CLI, that would be deserialized using a new `ObjectInputStream`, bypassing the existing blacklist-based protection mechanism. We're fixing this issue by adding `SignedObject` to the blacklist. We're also backporting the new HTTP CLI protocol from Jenkins 2.54 to LTS 2.46.2, and deprecating the remoting-based (i.e. Java serialization) CLI protocol, disabling it by default.",9.8,CRITICAL,CVSS:3.1/AV:N/AC:L/PR:N/UI:N/S:U/C:H/I:H/A:H,3.9,5.9,7.5,HIGH,AV:N/AC:L/Au:N/C:P/I:P/A:P,10.0,6.4,CWE-502,3,cpe:2.3:a:jenkins:jenkins:*:*:*:*:-:*:*:* | cpe:2.3:a:jenkins:jenkins:*:*:*:*:lts:*:*:* | cpe:2.3:a:oracle:communications_cloud_native_core_automated_test_suite:1.9.0:*:*:*:*:*:*:*
CVE-2017-1000486,CISA + NUCLEI,True,True,Primetek Primefaces 5.x is vulnerable to a weak encryption flaw resulting in remote code execution,9.8,CRITICAL,CVSS:3.1/AV:N/AC:L/PR:N/UI:N/S:U/C:H/I:H/A:H,3.9,5.9,7.5,HIGH,AV:N/AC:L/Au:N/C:P/I:P/A:P,10.0,6.4,CWE-326,1,cpe:2.3:a:primetek:primefaces:*:*:*:*:*:*:*:*
CVE-2017-10075,NUCLEI,False,True,"Vulnerability in the Oracle WebCenter Content component of Oracle Fusion Middleware (subcomponent: Content Server). Supported versions that are affected are 11.1.1.9.0, 12.2.1.1.0 and 12.2.1.2.0. Easily exploitable vulnerability allows unauthenticated attacker with network access via HTTP to compromise Oracle WebCenter Content. Successful attacks require human interaction from a person other than the attacker and while the vulnerability is in Oracle WebCenter Content, attacks may significantly impact additional products. Successful attacks of this vulnerability can result in unauthorized access to critical data or complete access to all Oracle WebCenter Content accessible data as well as unauthorized update, insert or delete access to some of Oracle WebCenter Content accessible data. CVSS 3.0 Base Score 8.2 (Confidentiality and Integrity impacts). CVSS Vector: (CVSS:3.0/AV:N/AC:L/PR:N/UI:R/S:C/C:H/I:L/A:N).",,,,,,5.8,MEDIUM,AV:N/AC:M/Au:N/C:P/I:P/A:N,8.6,4.9,NVD-CWE-noinfo,3,cpe:2.3:a:oracle:webcenter_content:11.1.1.9.0:*:*:*:*:*:*:* | cpe:2.3:a:oracle:webcenter_content:12.2.1.1.0:*:*:*:*:*:*:* | cpe:2.3:a:oracle:webcenter_content:12.2.1.2.0:*:*:*:*:*:*:*
CVE-2017-10271,CISA + NUCLEI,True,True,"Vulnerability in the Oracle WebLogic Server component of Oracle Fusion Middleware (subcomponent: WLS Security). Supported versions that are affected are 10.3.6.0.0, 12.1.3.0.0, 12.2.1.1.0 and 12.2.1.2.0. Easily exploitable vulnerability allows unauthenticated attacker with network access via T3 to compromise Oracle WebLogic Server. Successful attacks of this vulnerability can result in takeover of Oracle WebLogic Server. CVSS 3.0 Base Score 7.5 (Availability impacts). CVSS Vector: (CVSS:3.0/AV:N/AC:L/PR:N/UI:N/S:U/C:N/I:N/A:H).",7.5,HIGH,CVSS:3.1/AV:N/AC:L/PR:N/UI:N/S:U/C:N/I:N/A:H,3.9,3.6,5.0,MEDIUM,AV:N/AC:L/Au:N/C:N/I:N/A:P,10.0,2.9,NVD-CWE-noinfo | CWE-306,4,cpe:2.3:a:oracle:weblogic_server:10.3.6.0.0:*:*:*:*:*:*:* | cpe:2.3:a:oracle:weblogic_server:12.1.3.0.0:*:*:*:*:*:*:* | cpe:2.3:a:oracle:weblogic_server:12.2.1.1.0:*:*:*:*:*:*:* | cpe:2.3:a:oracle:weblogic_server:12.2.1.2.0:*:*:*:*:*:*:*
CVE-2017-10974,NUCLEI,False,True,Yaws 1.91 allows Unauthenticated Remote File Disclosure via HTTP Directory Traversal with /%5C../ to port 8080. NOTE: this CVE is only about use of an initial /%5C sequence to defeat traversal protection mechanisms; the initial /%5C sequence was apparently not discussed in earlier research on this product.,,,,,,5.0,MEDIUM,AV:N/AC:L/Au:N/C:P/I:N/A:N,10.0,2.9,CWE-22,1,cpe:2.3:a:yaws:yaws:1.91:*:*:*:*:*:*:*
CVE-2017-11107,NUCLEI,False,True,"phpLDAPadmin through 1.2.3 has XSS in htdocs/entry_chooser.php via the form, element, rdn, or container parameter.",6.1,MEDIUM,CVSS:3.1/AV:N/AC:L/PR:N/UI:R/S:C/C:L/I:L/A:N,2.8,2.7,4.3,MEDIUM,AV:N/AC:M/Au:N/C:N/I:P/A:N,8.6,2.9,CWE-79,2,cpe:2.3:a:phpldapadmin_project:phpldapadmin:*:*:*:*:*:*:*:* | cpe:2.3:o:debian:debian_linux:8.0:*:*:*:*:*:*:*
CVE-2017-11165,NUCLEI,False,True,dataTaker DT80 dEX 1.50.012 allows remote attackers to obtain sensitive credential and configuration information via a direct request for the /services/getFile.cmd?userfile=config.xml URI.,9.8,CRITICAL,CVSS:3.1/AV:N/AC:L/PR:N/UI:N/S:U/C:H/I:H/A:H,3.9,5.9,5.0,MEDIUM,AV:N/AC:L/Au:N/C:P/I:N/A:N,10.0,2.9,CWE-200,2,cpe:2.3:o:thermofisher:dt80_dex_firmware:1.50.012:*:*:*:*:*:*:* | cpe:2.3:h:thermofisher:dt80_dex:-:*:*:*:*:*:*:*
CVE-2017-11292,CISA,True,False,"Adobe Flash Player version 27.0.0.159 and earlier has a flawed bytecode verification procedure, which allows for an untrusted value to be used in the calculation of an array index. This can lead to type confusion, and successful exploitation could lead to arbitrary code execution.",8.8,HIGH,CVSS:3.1/AV:N/AC:L/PR:N/UI:R/S:U/C:H/I:H/A:H,2.8,5.9,6.0,MEDIUM,AV:N/AC:M/Au:S/C:P/I:P/A:P,6.8,6.4,CWE-843,13,cpe:2.3:a:adobe:flash_player_desktop_runtime:*:*:*:*:*:*:*:* | cpe:2.3:o:apple:mac_os_x:-:*:*:*:*:*:*:* | cpe:2.3:o:linux:linux_kernel:-:*:*:*:*:*:*:* | cpe:2.3:o:microsoft:windows:-:*:*:*:*:*:*:* | cpe:2.3:a:adobe:flash_player:*:*:*:*:*:edge:*:* | cpe:2.3:a:adobe:flash_player:*:*:*:*:*:internet_explorer:*:* | cpe:2.3:o:microsoft:windows_10:-:*:*:*:*:*:*:* | cpe:2.3:o:microsoft:windows_8.1:-:*:*:*:*:*:*:* | cpe:2.3:a:adobe:flash_player:*:*:*:*:*:chrome:*:* | cpe:2.3:o:google:chrome_os:-:*:*:*:*:*:*:*
CVE-2017-11317,CISA,True,False,"Telerik.Web.UI in Progress Telerik UI for ASP.NET AJAX before R1 2017 and R2 before R2 2017 SP2 uses weak RadAsyncUpload encryption, which allows remote attackers to perform arbitrary file uploads or execute arbitrary code.",9.8,CRITICAL,CVSS:3.1/AV:N/AC:L/PR:N/UI:N/S:U/C:H/I:H/A:H,3.9,5.9,7.5,HIGH,AV:N/AC:L/Au:N/C:P/I:P/A:P,10.0,6.4,CWE-326,3,cpe:2.3:a:telerik:ui_for_asp.net_ajax:*:*:*:*:*:*:*:* | cpe:2.3:a:telerik:ui_for_asp.net_ajax:2017.2.503:*:*:*:*:*:*:* | cpe:2.3:a:telerik:ui_for_asp.net_ajax:2017.2.621:*:*:*:*:*:*:*
CVE-2017-11357,CISA,True,False,"Progress Telerik UI for ASP.NET AJAX before R2 2017 SP2 does not properly restrict user input to RadAsyncUpload, which allows remote attackers to perform arbitrary file uploads or execute arbitrary code.",9.8,CRITICAL,CVSS:3.1/AV:N/AC:L/PR:N/UI:N/S:U/C:H/I:H/A:H,3.9,5.9,7.5,HIGH,AV:N/AC:L/Au:N/C:P/I:P/A:P,10.0,6.4,CWE-434,1,cpe:2.3:a:progress:telerik_ui_for_asp.net_ajax:*:*:*:*:*:*:*:*
CVE-2017-11444,NUCLEI,False,True,Subrion CMS before 4.1.5.10 has a SQL injection vulnerability in /front/search.php via the $_GET array.,,,,,,7.5,HIGH,AV:N/AC:L/Au:N/C:P/I:P/A:P,10.0,6.4,CWE-89,1,cpe:2.3:a:intelliants:subrion_cms:*:*:*:*:*:*:*:*
CVE-2017-11512,NUCLEI,False,True,The ManageEngine ServiceDesk 9.3.9328 is vulnerable to arbitrary file downloads due to improper restrictions of the pathname used in the name parameter for the download-snapshot URL. An unauthenticated remote attacker can use this vulnerability to download arbitrary files.,,,,,,5.0,MEDIUM,AV:N/AC:L/Au:N/C:P/I:N/A:N,10.0,2.9,CWE-22,1,cpe:2.3:a:manageengine:servicedesk:9.3.9328:*:*:*:*:*:*:*
CVE-2017-11586,NUCLEI,False,True,"dayrui FineCms 5.0.9 has URL Redirector Abuse via the url parameter in a sync action, related to controllers/Weixin.php.",,,,,,5.8,MEDIUM,AV:N/AC:M/Au:N/C:P/I:P/A:N,8.6,4.9,CWE-601,1,cpe:2.3:a:finecms:finecms:*:*:*:*:*:*:*:*
CVE-2017-11610,NUCLEI,False,True,"The XML-RPC server in supervisor before 3.0.1, 3.1.x before 3.1.4, 3.2.x before 3.2.4, and 3.3.x before 3.3.3 allows remote authenticated users to execute arbitrary commands via a crafted XML-RPC request, related to nested supervisord namespace lookups.",,,,,,9.0,HIGH,AV:N/AC:L/Au:S/C:C/I:C/A:C,8.0,10.0,CWE-276,18,cpe:2.3:a:supervisord:supervisor:*:*:*:*:*:*:*:* | cpe:2.3:a:supervisord:supervisor:3.1.0:*:*:*:*:*:*:* | cpe:2.3:a:supervisord:supervisor:3.1.1:*:*:*:*:*:*:* | cpe:2.3:a:supervisord:supervisor:3.1.2:*:*:*:*:*:*:* | cpe:2.3:a:supervisord:supervisor:3.1.3:*:*:*:*:*:*:* | cpe:2.3:a:supervisord:supervisor:3.2.0:*:*:*:*:*:*:* | cpe:2.3:a:supervisord:supervisor:3.2.1:*:*:*:*:*:*:* | cpe:2.3:a:supervisord:supervisor:3.2.2:*:*:*:*:*:*:* | cpe:2.3:a:supervisord:supervisor:3.2.3:*:*:*:*:*:*:* | cpe:2.3:a:supervisord:supervisor:3.3.0:*:*:*:*:*:*:*
CVE-2017-11629,NUCLEI,False,True,dayrui FineCms through 5.0.10 has Cross Site Scripting (XSS) in controllers/api.php via the function parameter in a c=api&m=data2 request.,,,,,,4.3,MEDIUM,AV:N/AC:M/Au:N/C:N/I:P/A:N,8.6,2.9,CWE-79,1,cpe:2.3:a:finecms:finecms:*:*:*:*:*:*:*:*
CVE-2017-11774,CISA,True,False,"Microsoft Outlook 2010 SP2, Outlook 2013 SP1 and RT SP1, and Outlook 2016 allow an attacker to execute arbitrary commands, due to how Microsoft Office handles objects in memory, aka ""Microsoft Outlook Security Feature Bypass Vulnerability.""",7.8,HIGH,CVSS:3.1/AV:L/AC:L/PR:N/UI:R/S:U/C:H/I:H/A:H,1.8,5.9,6.8,MEDIUM,AV:N/AC:M/Au:N/C:P/I:P/A:P,8.6,6.4,CWE-119,4,cpe:2.3:a:microsoft:outlook:2010:sp2:*:*:*:*:*:* | cpe:2.3:a:microsoft:outlook:2013:sp1:*:*:-:*:*:* | cpe:2.3:a:microsoft:outlook:2013:sp1:*:*:rt:*:*:* | cpe:2.3:a:microsoft:outlook:2016:*:*:*:*:*:*:*
CVE-2017-11826,CISA,True,False,"Microsoft Office 2010, SharePoint Enterprise Server 2010, SharePoint Server 2010, Web Applications, Office Web Apps Server 2010 and 2013, Word Viewer, Word 2007, 2010, 2013 and 2016, Word Automation Services, and Office Online Server allow remote code execution when the software fails to properly handle objects in memory.",7.8,HIGH,CVSS:3.1/AV:L/AC:L/PR:N/UI:R/S:U/C:H/I:H/A:H,1.8,5.9,9.3,HIGH,AV:N/AC:M/Au:N/C:C/I:C/A:C,8.6,10.0,CWE-119,13,cpe:2.3:a:microsoft:office_compatibility_pack:-:sp3:*:*:*:*:*:* | cpe:2.3:a:microsoft:office_online_server:2016:*:*:*:*:*:*:* | cpe:2.3:a:microsoft:office_web_apps_server:2010:sp2:*:*:*:*:*:* | cpe:2.3:a:microsoft:office_web_apps_server:2013:sp1:*:*:*:*:*:* | cpe:2.3:a:microsoft:office_word_viewer:-:*:*:*:*:*:*:* | cpe:2.3:a:microsoft:sharepoint_enterprise_server:2016:*:*:*:*:*:*:* | cpe:2.3:a:microsoft:sharepoint_server:2010:sp2:*:*:*:*:*:* | cpe:2.3:a:microsoft:sharepoint_server:2013:sp1:*:*:*:*:*:* | cpe:2.3:a:microsoft:word:2007:sp3:*:*:*:*:*:* | cpe:2.3:a:microsoft:word:2010:sp2:*:*:*:*:*:*
CVE-2017-11882,CISA,True,False,"Microsoft Office 2007 Service Pack 3, Microsoft Office 2010 Service Pack 2, Microsoft Office 2013 Service Pack 1, and Microsoft Office 2016 allow an attacker to run arbitrary code in the context of the current user by failing to properly handle objects in memory, aka ""Microsoft Office Memory Corruption Vulnerability"". This CVE ID is unique from CVE-2017-11884.",7.8,HIGH,CVSS:3.1/AV:L/AC:L/PR:N/UI:R/S:U/C:H/I:H/A:H,1.8,5.9,9.3,HIGH,AV:N/AC:M/Au:N/C:C/I:C/A:C,8.6,10.0,CWE-119,4,cpe:2.3:a:microsoft:office:2007:sp3:*:*:*:*:*:* | cpe:2.3:a:microsoft:office:2010:sp2:*:*:*:*:*:* | cpe:2.3:a:microsoft:office:2013:sp1:*:*:*:*:*:* | cpe:2.3:a:microsoft:office:2016:*:*:*:*:*:*:*
CVE-2017-12138,NUCLEI,False,True,XOOPS Core 2.5.8 has a stored URL redirect bypass vulnerability in /modules/profile/index.php because of the URL filter.,,,,,,5.8,MEDIUM,AV:N/AC:M/Au:N/C:P/I:P/A:N,8.6,4.9,CWE-601,1,cpe:2.3:a:xoops:xoops:2.5.8:*:*:*:*:*:*:*
CVE-2017-12149,CISA + NUCLEI,True,True,"In Jboss Application Server as shipped with Red Hat Enterprise Application Platform 5.2, it was found that the doFilter method in the ReadOnlyAccessFilter of the HTTP Invoker does not restrict classes for which it performs deserialization and thus allowing an attacker to execute arbitrary code via crafted serialized data.",9.8,CRITICAL,CVSS:3.1/AV:N/AC:L/PR:N/UI:N/S:U/C:H/I:H/A:H,3.9,5.9,7.5,HIGH,AV:N/AC:L/Au:N/C:P/I:P/A:P,10.0,6.4,CWE-502,9,cpe:2.3:a:redhat:jboss_enterprise_application_platform:-:*:*:*:text-only:*:*:* | cpe:2.3:a:redhat:jboss_enterprise_application_platform:5.0.0:*:*:*:*:*:*:* | cpe:2.3:a:redhat:jboss_enterprise_application_platform:5.0.1:*:*:*:*:*:*:* | cpe:2.3:a:redhat:jboss_enterprise_application_platform:5.1.0:*:*:*:*:*:*:* | cpe:2.3:a:redhat:jboss_enterprise_application_platform:5.1.1:*:*:*:*:*:*:* | cpe:2.3:a:redhat:jboss_enterprise_application_platform:5.1.2:*:*:*:*:*:*:* | cpe:2.3:a:redhat:jboss_enterprise_application_platform:5.2.0:*:*:*:*:*:*:* | cpe:2.3:a:redhat:jboss_enterprise_application_platform:5.2.1:*:*:*:*:*:*:* | cpe:2.3:a:redhat:jboss_enterprise_application_platform:5.2.2:*:*:*:*:*:*:*
CVE-2017-12231,CISA,True,False,"A vulnerability in the implementation of Network Address Translation (NAT) functionality in Cisco IOS 12.4 through 15.6 could allow an unauthenticated, remote attacker to cause a denial of service (DoS) condition on an affected device. The vulnerability is due to the improper translation of H.323 messages that use the Registration, Admission, and Status (RAS) protocol and are sent to an affected device via IPv4 packets. An attacker could exploit this vulnerability by sending a crafted H.323 RAS packet through an affected device. A successful exploit could allow the attacker to cause the affected device to crash and reload, resulting in a DoS condition. This vulnerability affects Cisco devices that are configured to use an application layer gateway with NAT (NAT ALG) for H.323 RAS messages. By default, a NAT ALG is enabled for H.323 RAS messages. Cisco Bug IDs: CSCvc57217.",7.5,HIGH,CVSS:3.1/AV:N/AC:L/PR:N/UI:N/S:U/C:N/I:N/A:H,3.9,3.6,7.8,HIGH,AV:N/AC:L/Au:N/C:N/I:N/A:C,10.0,6.9,CWE-399 | NVD-CWE-noinfo,330,cpe:2.3:o:cisco:ios:*:*:*:*:*:*:*:* | cpe:2.3:h:cisco:1100-4g\/6g_integrated_services_router:-:*:*:*:*:*:*:* | cpe:2.3:h:cisco:1100-4g_integrated_services_router:-:*:*:*:*:*:*:* | cpe:2.3:h:cisco:1100-4gltegb_integrated_services_router:-:*:*:*:*:*:*:* | cpe:2.3:h:cisco:1100-4gltena_integrated_services_router:-:*:*:*:*:*:*:* | cpe:2.3:h:cisco:1100-4p_integrated_services_router:-:*:*:*:*:*:*:* | cpe:2.3:h:cisco:1100-6g_integrated_services_router:-:*:*:*:*:*:*:* | cpe:2.3:h:cisco:1100-8p_integrated_services_router:-:*:*:*:*:*:*:* | cpe:2.3:h:cisco:1100-lte_integrated_services_router:-:*:*:*:*:*:*:* | cpe:2.3:h:cisco:1100_integrated_services_router:-:*:*:*:*:*:*:*
CVE-2017-12232,CISA,True,False,"A vulnerability in the implementation of a protocol in Cisco Integrated Services Routers Generation 2 (ISR G2) Routers running Cisco IOS 15.0 through 15.6 could allow an unauthenticated, adjacent attacker to cause an affected device to reload, resulting in a denial of service (DoS) condition. The vulnerability is due to a misclassification of Ethernet frames. An attacker could exploit this vulnerability by sending a crafted Ethernet frame to an affected device. A successful exploit could allow the attacker to cause the affected device to reload, resulting in a DoS condition. Cisco Bug IDs: CSCvc03809.",6.5,MEDIUM,CVSS:3.1/AV:A/AC:L/PR:N/UI:N/S:U/C:N/I:N/A:H,2.8,3.6,6.1,MEDIUM,AV:A/AC:L/Au:N/C:N/I:N/A:C,6.5,6.9,CWE-399 | NVD-CWE-noinfo,130,cpe:2.3:o:cisco:ios:*:*:*:*:*:*:*:* | cpe:2.3:h:cisco:1000_integrated_services_router:-:*:*:*:*:*:*:* | cpe:2.3:h:cisco:1100-4g\/6g_integrated_services_router:-:*:*:*:*:*:*:* | cpe:2.3:h:cisco:1100-4g_integrated_services_router:-:*:*:*:*:*:*:* | cpe:2.3:h:cisco:1100-4gltegb_integrated_services_router:-:*:*:*:*:*:*:* | cpe:2.3:h:cisco:1100-4gltena_integrated_services_router:-:*:*:*:*:*:*:* | cpe:2.3:h:cisco:1100-8p_integrated_services_router:-:*:*:*:*:*:*:* | cpe:2.3:h:cisco:1100-lte_integrated_services_router:-:*:*:*:*:*:*:* | cpe:2.3:h:cisco:1100_integrated_services_router:-:*:*:*:*:*:*:* | cpe:2.3:h:cisco:1101-4p_integrated_services_router:-:*:*:*:*:*:*:*
CVE-2017-12233,CISA,True,False,"Multiple vulnerabilities in the implementation of the Common Industrial Protocol (CIP) feature in Cisco IOS 12.4 through 15.6 could allow an unauthenticated, remote attacker to cause an affected device to reload, resulting in a denial of service (DoS) condition. The vulnerabilities are due to the improper parsing of crafted CIP packets destined to an affected device. An attacker could exploit these vulnerabilities by sending crafted CIP packets to be processed by an affected device. A successful exploit could allow the attacker to cause the affected device to reload, resulting in a DoS condition. Cisco Bug IDs: CSCuz95334.",7.5,HIGH,CVSS:3.1/AV:N/AC:L/PR:N/UI:N/S:U/C:N/I:N/A:H,3.9,3.6,7.8,HIGH,AV:N/AC:L/Au:N/C:N/I:N/A:C,10.0,6.9,CWE-20 | NVD-CWE-noinfo,55,cpe:2.3:o:cisco:ios:*:*:*:*:*:*:*:* | cpe:2.3:h:cisco:1000_integrated_services_router:-:*:*:*:*:*:*:* | cpe:2.3:h:cisco:1100-4g\/6g_integrated_services_router:-:*:*:*:*:*:*:* | cpe:2.3:h:cisco:1100-4g_integrated_services_router:-:*:*:*:*:*:*:* | cpe:2.3:h:cisco:1100-4gltegb_integrated_services_router:-:*:*:*:*:*:*:* | cpe:2.3:h:cisco:1100-4gltena_integrated_services_router:-:*:*:*:*:*:*:* | cpe:2.3:h:cisco:1100-4p:-:*:*:*:*:*:*:* | cpe:2.3:h:cisco:1100-4p_integrated_services_router:-:*:*:*:*:*:*:* | cpe:2.3:h:cisco:1100-6g_integrated_services_router:-:*:*:*:*:*:*:* | cpe:2.3:h:cisco:1100-8p:-:*:*:*:*:*:*:*
CVE-2017-12234,CISA,True,False,"Multiple vulnerabilities in the implementation of the Common Industrial Protocol (CIP) feature in Cisco IOS 12.4 through 15.6 could allow an unauthenticated, remote attacker to cause an affected device to reload, resulting in a denial of service (DoS) condition. The vulnerabilities are due to the improper parsing of crafted CIP packets destined to an affected device. An attacker could exploit these vulnerabilities by sending crafted CIP packets to be processed by an affected device. A successful exploit could allow the attacker to cause the affected device to reload, resulting in a DoS condition. Cisco Bug IDs: CSCvc43709.",7.5,HIGH,CVSS:3.1/AV:N/AC:L/PR:N/UI:N/S:U/C:N/I:N/A:H,3.9,3.6,7.8,HIGH,AV:N/AC:L/Au:N/C:N/I:N/A:C,10.0,6.9,CWE-20 | NVD-CWE-noinfo,55,cpe:2.3:o:cisco:ios:*:*:*:*:*:*:*:* | cpe:2.3:h:cisco:1000_integrated_services_router:-:*:*:*:*:*:*:* | cpe:2.3:h:cisco:1100-4g\/6g_integrated_services_router:-:*:*:*:*:*:*:* | cpe:2.3:h:cisco:1100-4g_integrated_services_router:-:*:*:*:*:*:*:* | cpe:2.3:h:cisco:1100-4gltegb_integrated_services_router:-:*:*:*:*:*:*:* | cpe:2.3:h:cisco:1100-4gltena_integrated_services_router:-:*:*:*:*:*:*:* | cpe:2.3:h:cisco:1100-4p:-:*:*:*:*:*:*:* | cpe:2.3:h:cisco:1100-4p_integrated_services_router:-:*:*:*:*:*:*:* | cpe:2.3:h:cisco:1100-6g_integrated_services_router:-:*:*:*:*:*:*:* | cpe:2.3:h:cisco:1100-8p:-:*:*:*:*:*:*:*
CVE-2017-12235,CISA,True,False,"A vulnerability in the implementation of the PROFINET Discovery and Configuration Protocol (PN-DCP) for Cisco IOS 12.2 through 15.6 could allow an unauthenticated, remote attacker to cause an affected device to reload, resulting in a denial of service (DoS) condition. The vulnerability is due to the improper parsing of ingress PN-DCP Identify Request packets destined to an affected device. An attacker could exploit this vulnerability by sending a crafted PN-DCP Identify Request packet to an affected device and then continuing to send normal PN-DCP Identify Request packets to the device. A successful exploit could allow the attacker to cause the affected device to reload, resulting in a DoS condition. This vulnerability affects Cisco devices that are configured to process PROFINET messages. Beginning with Cisco IOS Software Release 12.2(52)SE, PROFINET is enabled by default on all the base switch module and expansion-unit Ethernet ports. Cisco Bug IDs: CSCuz47179.",7.5,HIGH,CVSS:3.1/AV:N/AC:L/PR:N/UI:N/S:U/C:N/I:N/A:H,3.9,3.6,7.8,HIGH,AV:N/AC:L/Au:N/C:N/I:N/A:C,10.0,6.9,CWE-20 | NVD-CWE-noinfo,31,cpe:2.3:o:cisco:ios:*:*:*:*:*:*:*:* | cpe:2.3:h:cisco:industrial_ethernet_2000_16ptc-g-e_switch:-:*:*:*:*:*:*:* | cpe:2.3:h:cisco:industrial_ethernet_2000_16ptc-g-l_switch:-:*:*:*:*:*:*:* | cpe:2.3:h:cisco:industrial_ethernet_2000_16ptc-g-nx_switch:-:*:*:*:*:*:*:* | cpe:2.3:h:cisco:industrial_ethernet_2000_16t67-b_switch:-:*:*:*:*:*:*:* | cpe:2.3:h:cisco:industrial_ethernet_2000_16t67p-g-e_switch:-:*:*:*:*:*:*:* | cpe:2.3:h:cisco:industrial_ethernet_2000_16tc-g-e_switch:-:*:*:*:*:*:*:* | cpe:2.3:h:cisco:industrial_ethernet_2000_16tc-g-l_switch:-:*:*:*:*:*:*:* | cpe:2.3:h:cisco:industrial_ethernet_2000_16tc-g-n_switch:-:*:*:*:*:*:*:* | cpe:2.3:h:cisco:industrial_ethernet_2000_16tc-g-x_switch:-:*:*:*:*:*:*:*
CVE-2017-12237,CISA,True,False,"A vulnerability in the Internet Key Exchange Version 2 (IKEv2) module of Cisco IOS 15.0 through 15.6 and Cisco IOS XE 3.5 through 16.5 could allow an unauthenticated, remote attacker to cause high CPU utilization, traceback messages, or a reload of an affected device that leads to a denial of service (DoS) condition. The vulnerability is due to how an affected device processes certain IKEv2 packets. An attacker could exploit this vulnerability by sending specific IKEv2 packets to an affected device to be processed. A successful exploit could allow the attacker to cause high CPU utilization, traceback messages, or a reload of the affected device that leads to a DoS condition. This vulnerability affects Cisco devices that have the Internet Security Association and Key Management Protocol (ISAKMP) enabled. Although only IKEv2 packets can be used to trigger this vulnerability, devices that are running Cisco IOS Software or Cisco IOS XE Software are vulnerable when ISAKMP is enabled. A device does not need to be configured with any IKEv2-specific features to be vulnerable. Many features use IKEv2, including different types of VPNs such as the following: LAN-to-LAN VPN; Remote-access VPN, excluding SSL VPN; Dynamic Multipoint VPN (DMVPN); and FlexVPN. Cisco Bug IDs: CSCvc41277.",7.5,HIGH,CVSS:3.1/AV:N/AC:L/PR:N/UI:N/S:U/C:N/I:N/A:H,3.9,3.6,7.8,HIGH,AV:N/AC:L/Au:N/C:N/I:N/A:C,10.0,6.9,CWE-399 | NVD-CWE-noinfo,301,cpe:2.3:o:cisco:ios:*:*:*:*:*:*:*:* | cpe:2.3:o:cisco:ios_xe:*:*:*:*:*:*:*:* | cpe:2.3:h:cisco:1000_integrated_services_router:-:*:*:*:*:*:*:* | cpe:2.3:h:cisco:1100-4g\/6g_integrated_services_router:-:*:*:*:*:*:*:* | cpe:2.3:h:cisco:1100-4g_integrated_services_router:-:*:*:*:*:*:*:* | cpe:2.3:h:cisco:1100-4gltegb_integrated_services_router:-:*:*:*:*:*:*:* | cpe:2.3:h:cisco:1100-4gltena_integrated_services_router:-:*:*:*:*:*:*:* | cpe:2.3:h:cisco:1100-4p_integrated_services_router:-:*:*:*:*:*:*:* | cpe:2.3:h:cisco:1100-6g_integrated_services_router:-:*:*:*:*:*:*:* | cpe:2.3:h:cisco:1100-8p_integrated_services_router:-:*:*:*:*:*:*:*
CVE-2017-12238,CISA,True,False,"A vulnerability in the Virtual Private LAN Service (VPLS) code of Cisco IOS 15.0 through 15.4 for Cisco Catalyst 6800 Series Switches could allow an unauthenticated, adjacent attacker to cause a C6800-16P10G or C6800-16P10G-XL type line card to crash, resulting in a denial of service (DoS) condition. The vulnerability is due to a memory management issue in the affected software. An attacker could exploit this vulnerability by creating a large number of VPLS-generated MAC entries in the MAC address table of an affected device. A successful exploit could allow the attacker to cause a C6800-16P10G or C6800-16P10G-XL type line card to crash, resulting in a DoS condition. This vulnerability affects Cisco Catalyst 6800 Series Switches that are running a vulnerable release of Cisco IOS Software and have a Cisco C6800-16P10G or C6800-16P10G-XL line card in use with Supervisor Engine 6T. To be vulnerable, the device must also be configured with VPLS and the C6800-16P10G or C6800-16P10G-XL line card needs to be the core-facing MPLS interfaces. Cisco Bug IDs: CSCva61927.",6.5,MEDIUM,CVSS:3.1/AV:A/AC:L/PR:N/UI:N/S:U/C:N/I:N/A:H,2.8,3.6,3.3,LOW,AV:A/AC:L/Au:N/C:N/I:N/A:P,6.5,2.9,CWE-399 | NVD-CWE-noinfo,26,cpe:2.3:o:cisco:ios:*:*:*:*:*:*:*:* | cpe:2.3:h:cisco:c6800-16p10g:-:*:*:*:*:*:*:* | cpe:2.3:h:cisco:c6800-16p10g-xl:-:*:*:*:*:*:*:* | cpe:2.3:h:cisco:catalyst_6000:-:*:*:*:*:*:*:* | cpe:2.3:h:cisco:catalyst_6000_ws-svc-nam-1:2.2\(1a\):*:*:*:*:*:*:* | cpe:2.3:h:cisco:catalyst_6000_ws-svc-nam-1:3.1\(1a\):*:*:*:*:*:*:* | cpe:2.3:h:cisco:catalyst_6000_ws-svc-nam-2:2.2\(1a\):*:*:*:*:*:*:* | cpe:2.3:h:cisco:catalyst_6000_ws-svc-nam-2:3.1\(1a\):*:*:*:*:*:*:* | cpe:2.3:h:cisco:catalyst_6000_ws-x6380-nam:2.1\(2\):*:*:*:*:*:*:* | cpe:2.3:h:cisco:catalyst_6000_ws-x6380-nam:3.1\(1a\):*:*:*:*:*:*:*
CVE-2017-12240,CISA,True,False,"The DHCP relay subsystem of Cisco IOS 12.2 through 15.6 and Cisco IOS XE Software contains a vulnerability that could allow an unauthenticated, remote attacker to execute arbitrary code and gain full control of an affected system. The attacker could also cause an affected system to reload, resulting in a denial of service (DoS) condition. The vulnerability is due to a buffer overflow condition in the DHCP relay subsystem of the affected software. An attacker could exploit this vulnerability by sending a crafted DHCP Version 4 (DHCPv4) packet to an affected system. A successful exploit could allow the attacker to execute arbitrary code and gain full control of the affected system or cause the affected system to reload, resulting in a DoS condition. Cisco Bug IDs: CSCsm45390, CSCuw77959.",9.8,CRITICAL,CVSS:3.1/AV:N/AC:L/PR:N/UI:N/S:U/C:H/I:H/A:H,3.9,5.9,10.0,HIGH,AV:N/AC:L/Au:N/C:C/I:C/A:C,10.0,10.0,CWE-20 | CWE-119,265,cpe:2.3:o:cisco:ios:*:*:*:*:*:*:*:* | cpe:2.3:h:cisco:1000_integrated_services_router:-:*:*:*:*:*:*:* | cpe:2.3:h:cisco:1100-4g_integrated_services_router:-:*:*:*:*:*:*:* | cpe:2.3:h:cisco:1100-4gltegb_integrated_services_router:-:*:*:*:*:*:*:* | cpe:2.3:h:cisco:1100-4gltena_integrated_services_router:-:*:*:*:*:*:*:* | cpe:2.3:h:cisco:1100-4p_integrated_services_router:-:*:*:*:*:*:*:* | cpe:2.3:h:cisco:1100-6g_integrated_services_router:-:*:*:*:*:*:*:* | cpe:2.3:h:cisco:1100-8p_integrated_services_router:-:*:*:*:*:*:*:* | cpe:2.3:h:cisco:1100-lte_integrated_services_router:-:*:*:*:*:*:*:* | cpe:2.3:h:cisco:1100_integrated_services_router:-:*:*:*:*:*:*:*
CVE-2017-12319,CISA,True,False,"A vulnerability in the Border Gateway Protocol (BGP) over an Ethernet Virtual Private Network (EVPN) for Cisco IOS XE Software could allow an unauthenticated, remote attacker to cause the device to reload, resulting in a denial of service (DoS) condition, or potentially corrupt the BGP routing table, which could result in network instability. The vulnerability exists due to changes in the implementation of the BGP MPLS-Based Ethernet VPN RFC (RFC 7432) draft between IOS XE software releases. When the BGP Inclusive Multicast Ethernet Tag Route or BGP EVPN MAC/IP Advertisement Route update packet is received, it could be possible that the IP address length field is miscalculated. An attacker could exploit this vulnerability by sending a crafted BGP packet to an affected device after the BGP session was established. An exploit could allow the attacker to cause the affected device to reload or corrupt the BGP routing table; either outcome would result in a DoS. The vulnerability may be triggered when the router receives a crafted BGP message from a peer on an existing BGP session. This vulnerability affects all releases of Cisco IOS XE Software prior to software release 16.3 that support BGP EVPN configurations. If the device is not configured for EVPN, it is not vulnerable. Cisco Bug IDs: CSCui67191, CSCvg52875.",5.9,MEDIUM,CVSS:3.1/AV:N/AC:H/PR:N/UI:N/S:U/C:N/I:N/A:H,2.2,3.6,7.1,HIGH,AV:N/AC:M/Au:N/C:N/I:N/A:C,8.6,6.9,CWE-20 | NVD-CWE-noinfo,198,cpe:2.3:o:cisco:ios:15.4\(1\)s:*:*:*:*:*:*:* | cpe:2.3:o:cisco:ios_xe:*:*:*:*:*:*:*:* | cpe:2.3:h:cisco:1000_integrated_services_router:-:*:*:*:*:*:*:* | cpe:2.3:h:cisco:1100-4g\/6g_integrated_services_router:-:*:*:*:*:*:*:* | cpe:2.3:h:cisco:1100-4g_integrated_services_router:-:*:*:*:*:*:*:* | cpe:2.3:h:cisco:1100-4gltegb_integrated_services_router:-:*:*:*:*:*:*:* | cpe:2.3:h:cisco:1100-4gltena_integrated_services_router:-:*:*:*:*:*:*:* | cpe:2.3:h:cisco:1100-4p_integrated_services_router:-:*:*:*:*:*:*:* | cpe:2.3:h:cisco:1100-6g_integrated_services_router:-:*:*:*:*:*:*:* | cpe:2.3:h:cisco:1100-8p_integrated_services_router:-:*:*:*:*:*:*:*
CVE-2017-12542,NUCLEI,False,True,A authentication bypass and execution of code vulnerability in HPE Integrated Lights-out 4 (iLO 4) version prior to 2.53 was found.,,,,,,10.0,HIGH,AV:N/AC:L/Au:N/C:C/I:C/A:C,10.0,10.0,NVD-CWE-noinfo,2,cpe:2.3:o:hp:integrated_lights-out_4_firmware:*:*:*:*:*:*:*:* | cpe:2.3:h:hp:integrated_lights-out_4:-:*:*:*:*:*:*:*
CVE-2017-12544,NUCLEI,False,True,A cross-site scripting vulnerability in HPE System Management Homepage for Windows and Linux version prior to v7.6.1 was found.,,,,,,3.5,LOW,AV:N/AC:M/Au:S/C:N/I:P/A:N,6.8,2.9,CWE-79,3,cpe:2.3:a:hp:system_management_homepage:*:*:*:*:*:*:*:* | cpe:2.3:o:linux:linux_kernel:-:*:*:*:*:*:*:* | cpe:2.3:o:microsoft:windows:-:*:*:*:*:*:*:*
CVE-2017-12583,NUCLEI,False,True,DokuWiki through 2017-02-19b has XSS in the at parameter (aka the DATE_AT variable) to doku.php.,,,,,,4.3,MEDIUM,AV:N/AC:M/Au:N/C:N/I:P/A:N,8.6,2.9,CWE-79,1,cpe:2.3:a:dokuwiki:dokuwiki:*:*:*:*:*:*:*:*
CVE-2017-12611,NUCLEI,False,True,"In Apache Struts 2.0.0 through 2.3.33 and 2.5 through 2.5.10.1, using an unintentional expression in a Freemarker tag instead of string literals can lead to a RCE attack.",,,,,,7.5,HIGH,AV:N/AC:L/Au:N/C:P/I:P/A:P,10.0,6.4,CWE-20,90,cpe:2.3:a:apache:struts:2.0.1:*:*:*:*:*:*:* | cpe:2.3:a:apache:struts:2.0.2:*:*:*:*:*:*:* | cpe:2.3:a:apache:struts:2.0.3:*:*:*:*:*:*:* | cpe:2.3:a:apache:struts:2.0.4:*:*:*:*:*:*:* | cpe:2.3:a:apache:struts:2.0.5:*:*:*:*:*:*:* | cpe:2.3:a:apache:struts:2.0.6:*:*:*:*:*:*:* | cpe:2.3:a:apache:struts:2.0.7:*:*:*:*:*:*:* | cpe:2.3:a:apache:struts:2.0.8:*:*:*:*:*:*:* | cpe:2.3:a:apache:struts:2.0.9:*:*:*:*:*:*:* | cpe:2.3:a:apache:struts:2.0.10:*:*:*:*:*:*:*
CVE-2017-12615,CISA + NUCLEI,True,True,When running Apache Tomcat 7.0.0 to 7.0.79 on Windows with HTTP PUTs enabled (e.g. via setting the readonly initialisation parameter of the Default to false) it was possible to upload a JSP file to the server via a specially crafted request. This JSP could then be requested and any code it contained would be executed by the server.,8.1,HIGH,CVSS:3.1/AV:N/AC:H/PR:N/UI:N/S:U/C:H/I:H/A:H,2.2,5.9,6.8,MEDIUM,AV:N/AC:M/Au:N/C:P/I:P/A:P,8.6,6.4,CWE-434,51,cpe:2.3:a:apache:tomcat:*:*:*:*:*:*:*:* | cpe:2.3:o:microsoft:windows:-:*:*:*:*:*:*:* | cpe:2.3:a:netapp:7-mode_transition_tool:-:*:*:*:*:*:*:* | cpe:2.3:a:netapp:oncommand_balance:-:*:*:*:*:*:*:* | cpe:2.3:a:netapp:oncommand_shift:-:*:*:*:*:*:*:* | cpe:2.3:a:redhat:enterprise_linux_server_update_services_for_sap_solutions:7.4:*:*:*:*:*:*:* | cpe:2.3:a:redhat:enterprise_linux_server_update_services_for_sap_solutions:7.6:*:*:*:*:*:*:* | cpe:2.3:a:redhat:enterprise_linux_server_update_services_for_sap_solutions:7.7:*:*:*:*:*:*:* | cpe:2.3:a:redhat:jboss_enterprise_web_server:2.0.0:*:*:*:*:*:*:* | cpe:2.3:a:redhat:jboss_enterprise_web_server:3.0.0:*:*:*:*:*:*:*
CVE-2017-12617,CISA + NUCLEI,True,True,"When running Apache Tomcat versions 9.0.0.M1 to 9.0.0, 8.5.0 to 8.5.22, 8.0.0.RC1 to 8.0.46 and 7.0.0 to 7.0.81 with HTTP PUTs enabled (e.g. via setting the readonly initialisation parameter of the Default servlet to false) it was possible to upload a JSP file to the server via a specially crafted request. This JSP could then be requested and any code it contained would be executed by the server.",8.1,HIGH,CVSS:3.1/AV:N/AC:H/PR:N/UI:N/S:U/C:H/I:H/A:H,2.2,5.9,6.8,MEDIUM,AV:N/AC:M/Au:N/C:P/I:P/A:P,8.6,6.4,CWE-434,151,cpe:2.3:a:apache:tomcat:*:*:*:*:*:*:*:* | cpe:2.3:o:canonical:ubuntu_linux:12.04:*:*:*:esm:*:*:* | cpe:2.3:o:canonical:ubuntu_linux:16.04:*:*:*:esm:*:*:* | cpe:2.3:o:canonical:ubuntu_linux:17.10:*:*:*:*:*:*:* | cpe:2.3:o:canonical:ubuntu_linux:18.04:*:*:*:esm:*:*:* | cpe:2.3:a:oracle:agile_plm:9.3.3:*:*:*:*:*:*:* | cpe:2.3:a:oracle:agile_plm:9.3.4:*:*:*:*:*:*:* | cpe:2.3:a:oracle:agile_plm:9.3.5:*:*:*:*:*:*:* | cpe:2.3:a:oracle:agile_plm:9.3.6:*:*:*:*:*:*:* | cpe:2.3:a:oracle:communications_instant_messaging_server:10.0.1:*:*:*:*:*:*:*
CVE-2017-12629,NUCLEI,False,True,"Remote code execution occurs in Apache Solr before 7.1 with Apache Lucene before 7.1 by exploiting XXE in conjunction with use of a Config API add-listener command to reach the RunExecutableListener class. Elasticsearch, although it uses Lucene, is NOT vulnerable to this. Note that the XML external entity expansion vulnerability occurs in the XML Query Parser which is available, by default, for any query request with parameters deftype=xmlparser and can be exploited to upload malicious data to the /upload request handler or as Blind XXE using ftp wrapper in order to read arbitrary local files from the Solr server. Note also that the second vulnerability relates to remote code execution using the RunExecutableListener available on all affected versions of Solr.",9.8,CRITICAL,CVSS:3.1/AV:N/AC:L/PR:N/UI:N/S:U/C:H/I:H/A:H,3.9,5.9,7.5,HIGH,AV:N/AC:L/Au:N/C:P/I:P/A:P,10.0,6.4,CWE-611,9,cpe:2.3:a:apache:solr:*:*:*:*:*:*:*:* | cpe:2.3:a:redhat:jboss_enterprise_application_platform:7.0.0:*:*:*:*:*:*:* | cpe:2.3:a:redhat:jboss_enterprise_application_platform:7.1.0:*:*:*:*:*:*:* | cpe:2.3:o:redhat:enterprise_linux_server:6.0:*:*:*:*:*:*:* | cpe:2.3:o:redhat:enterprise_linux_server:7.0:*:*:*:*:*:*:* | cpe:2.3:o:debian:debian_linux:7.0:*:*:*:*:*:*:* | cpe:2.3:o:debian:debian_linux:8.0:*:*:*:*:*:*:* | cpe:2.3:o:debian:debian_linux:9.0:*:*:*:*:*:*:* | cpe:2.3:o:canonical:ubuntu_linux:16.04:*:*:*:lts:*:*:*
CVE-2017-12635,NUCLEI,False,True,"Due to differences in the Erlang-based JSON parser and JavaScript-based JSON parser, it is possible in Apache CouchDB before 1.7.0 and 2.x before 2.1.1 to submit _users documents with duplicate keys for 'roles' used for access control within the database, including the special case '_admin' role, that denotes administrative users. In combination with CVE-2017-12636 (Remote Code Execution), this can be used to give non-admin users access to arbitrary shell commands on the server as the database system user. The JSON parser differences result in behaviour that if two 'roles' keys are available in the JSON, the second one will be used for authorising the document write, but the first 'roles' key is used for subsequent authorization for the newly created user. By design, users can not assign themselves roles. The vulnerability allows non-admin users to give themselves admin privileges.",,,,,,10.0,HIGH,AV:N/AC:L/Au:N/C:C/I:C/A:C,10.0,10.0,CWE-269,6,cpe:2.3:a:apache:couchdb:*:*:*:*:*:*:*:* | cpe:2.3:a:apache:couchdb:2.0.0:*:*:*:*:*:*:* | cpe:2.3:a:apache:couchdb:2.0.0:rc1:*:*:*:*:*:* | cpe:2.3:a:apache:couchdb:2.0.0:rc2:*:*:*:*:*:* | cpe:2.3:a:apache:couchdb:2.0.0:rc3:*:*:*:*:*:* | cpe:2.3:a:apache:couchdb:2.0.0:rc4:*:*:*:*:*:*
CVE-2017-12637,CISA + NUCLEI,True,True,"Directory traversal vulnerability in scheduler/ui/js/ffffffffbca41eb4/UIUtilJavaScriptJS in SAP NetWeaver Application Server Java 7.5 allows remote attackers to read arbitrary files via a .. (dot dot) in the query string, as exploited in the wild in August 2017, aka SAP Security Note 2486657.",7.5,HIGH,CVSS:3.1/AV:N/AC:L/PR:N/UI:N/S:U/C:H/I:N/A:N,3.9,3.6,5.0,MEDIUM,AV:N/AC:L/Au:N/C:P/I:N/A:N,10.0,2.9,CWE-22,1,cpe:2.3:a:sap:netweaver_application_server_java:7.50:*:*:*:*:*:*:*
CVE-2017-12794,NUCLEI,False,True,"In Django 1.10.x before 1.10.8 and 1.11.x before 1.11.5, HTML autoescaping was disabled in a portion of the template for the technical 500 debug page. Given the right circumstances, this allowed a cross-site scripting attack. This vulnerability shouldn't affect most production sites since you shouldn't run with ""DEBUG = True"" (which makes this page accessible) in your production settings.",,,,,,4.3,MEDIUM,AV:N/AC:M/Au:N/C:N/I:P/A:N,8.6,2.9,CWE-79,13,cpe:2.3:a:djangoproject:django:1.10.0:*:*:*:*:*:*:* | cpe:2.3:a:djangoproject:django:1.10.1:*:*:*:*:*:*:* | cpe:2.3:a:djangoproject:django:1.10.2:*:*:*:*:*:*:* | cpe:2.3:a:djangoproject:django:1.10.3:*:*:*:*:*:*:* | cpe:2.3:a:djangoproject:django:1.10.4:*:*:*:*:*:*:* | cpe:2.3:a:djangoproject:django:1.10.5:*:*:*:*:*:*:* | cpe:2.3:a:djangoproject:django:1.10.6:*:*:*:*:*:*:* | cpe:2.3:a:djangoproject:django:1.10.7:*:*:*:*:*:*:* | cpe:2.3:a:djangoproject:django:1.11.0:*:*:*:*:*:*:* | cpe:2.3:a:djangoproject:django:1.11.1:*:*:*:*:*:*:*
CVE-2017-14135,NUCLEI,False,True,enigma2-plugins/blob/master/webadmin/src/WebChilds/Script.py in the webadmin plugin for opendreambox 2.0.0 allows remote attackers to execute arbitrary OS commands via shell metacharacters in the command parameter to the /script URI.,,,,,,10.0,HIGH,AV:N/AC:L/Au:N/C:C/I:C/A:C,10.0,10.0,CWE-78,1,cpe:2.3:a:dreambox:opendreambox:2.0:*:*:*:*:*:*:*
CVE-2017-14186,NUCLEI,False,True,"A Cross-site Scripting (XSS) vulnerability in Fortinet FortiOS 6.0.0 to 6.0.4, 5.6.0 to 5.6.7, 5.4 and below versions under SSL VPN web portal allows a remote user to inject arbitrary web script or HTML in the context of the victim's browser via the login redir parameter. An URL Redirection attack may also be feasible by injecting an external URL via the affected parameter.",,,,,,3.5,LOW,AV:N/AC:M/Au:S/C:N/I:P/A:N,6.8,2.9,CWE-79,1,cpe:2.3:o:fortinet:fortios:*:*:*:*:*:*:*:*
CVE-2017-14524,NUCLEI,False,True,Multiple open redirect vulnerabilities in OpenText Documentum Administrator 7.2.0180.0055 allow remote attackers to redirect users to arbitrary web sites and conduct phishing attacks via a (1) URL in the startat parameter to xda/help/en/default.htm or (2) /%09/ (slash encoded horizontal tab slash) followed by a domain in the redirectUrl parameter to xda/component/virtuallinkconnect.,,,,,,5.8,MEDIUM,AV:N/AC:M/Au:N/C:P/I:P/A:N,8.6,4.9,CWE-601,2,cpe:2.3:a:opentext:documentum_administrator:7.2.0180.0055:*:*:*:*:*:*:* | cpe:2.3:a:opentext:documentum_webtop:6.8.0160.0073:*:*:*:*:*:*:*
CVE-2017-14535,NUCLEI,False,True,trixbox 2.8.0.4 has OS command injection via shell metacharacters in the lang parameter to /maint/modules/home/index.php.,8.8,HIGH,CVSS:3.1/AV:N/AC:L/PR:L/UI:N/S:U/C:H/I:H/A:H,2.8,5.9,9.0,HIGH,AV:N/AC:L/Au:S/C:C/I:C/A:C,8.0,10.0,CWE-78,1,cpe:2.3:a:netfortris:trixbox:2.8.0.4:*:*:*:*:*:*:*
CVE-2017-14537,NUCLEI,False,True,trixbox 2.8.0.4 has path traversal via the xajaxargs array parameter to /maint/index.php?packages or the lang parameter to /maint/modules/home/index.php.,6.5,MEDIUM,CVSS:3.1/AV:N/AC:L/PR:L/UI:N/S:U/C:H/I:N/A:N,2.8,3.6,4.0,MEDIUM,AV:N/AC:L/Au:S/C:P/I:N/A:N,8.0,2.9,CWE-22,1,cpe:2.3:a:netfortris:trixbox:2.8.0.4:*:*:*:*:*:*:*
CVE-2017-14622,NUCLEI,False,True,Multiple cross-site scripting (XSS) vulnerabilities in the 2kb Amazon Affiliates Store plugin before 2.1.1 for WordPress allow remote attackers to inject arbitrary web script or HTML via the (1) page parameter or (2) kbAction parameter in the kbAmz page to wp-admin/admin.php.,,,,,,4.3,MEDIUM,AV:N/AC:M/Au:N/C:N/I:P/A:N,8.6,2.9,CWE-79,1,cpe:2.3:a:2kblater:2kb_amazon_affiliates_store:*:*:*:*:*:wordpress:*:*
CVE-2017-14651,NUCLEI,False,True,WSO2 Data Analytics Server 3.1.0 has XSS in carbon/resources/add_collection_ajaxprocessor.jsp via the collectionName or parentPath parameter.,4.8,MEDIUM,CVSS:3.1/AV:N/AC:L/PR:H/UI:R/S:C/C:L/I:L/A:N,1.7,2.7,3.5,LOW,AV:N/AC:M/Au:S/C:N/I:P/A:N,6.8,2.9,CWE-79,17,cpe:2.3:a:wso2:api_manager:2.1.0:*:*:*:*:*:*:* | cpe:2.3:a:wso2:app_manager:1.2.0:*:*:*:*:*:*:* | cpe:2.3:a:wso2:application_server:5.3.0:*:*:*:*:*:*:* | cpe:2.3:a:wso2:business_process_server:3.6.0:*:*:*:*:*:*:* | cpe:2.3:a:wso2:business_rules_server:2.2.0:*:*:*:*:*:*:* | cpe:2.3:a:wso2:complex_event_processor:4.2.0:*:*:*:*:*:*:* | cpe:2.3:a:wso2:dashboard_server:2.0.0:*:*:*:*:*:*:* | cpe:2.3:a:wso2:data_analytics_server:3.1.0:*:*:*:*:*:*:* | cpe:2.3:a:wso2:data_services_server:3.5.1:*:*:*:*:*:*:* | cpe:2.3:a:wso2:enterprise_integrator:6.1.1:*:*:*:*:*:*:*
CVE-2017-14725,NUCLEI,False,True,"Before version 4.8.2, WordPress was susceptible to an open redirect attack in wp-admin/edit-tag-form.php and wp-admin/user-edit.php.",,,,,,4.9,MEDIUM,AV:N/AC:M/Au:S/C:P/I:P/A:N,6.8,4.9,CWE-601,1,cpe:2.3:a:wordpress:wordpress:*:*:*:*:*:*:*:*
CVE-2017-14849,NUCLEI,False,True,"Node.js 8.5.0 before 8.6.0 allows remote attackers to access unintended files, because a change to "".."" handling was incompatible with the pathname validation used by unspecified community modules.",,,,,,5.0,MEDIUM,AV:N/AC:L/Au:N/C:P/I:N/A:N,10.0,2.9,CWE-22,1,cpe:2.3:a:nodejs:node.js:8.5.0:*:*:*:*:*:*:*
CVE-2017-14942,NUCLEI,False,True,"Intelbras WRN 150 devices allow remote attackers to read the configuration file, and consequently bypass authentication, via a direct request for cgi-bin/DownloadCfg/RouterCfm.cfg containing an admin:language=pt cookie.",,,,,,7.5,HIGH,AV:N/AC:L/Au:N/C:P/I:P/A:P,10.0,6.4,CWE-552,2,cpe:2.3:o:intelbras:wrn_150_firmware:1.0.1:*:*:*:*:*:*:* | cpe:2.3:h:intelbras:wrn_150:-:*:*:*:*:*:*:*
CVE-2017-15287,NUCLEI,False,True,"There is XSS in the BouquetEditor WebPlugin for Dream Multimedia Dreambox devices, as demonstrated by the ""Name des Bouquets"" field, or the file parameter to the /file URI.",,,,,,4.3,MEDIUM,AV:N/AC:M/Au:N/C:N/I:P/A:N,8.6,2.9,CWE-79,1,cpe:2.3:a:bouqueteditor_project:bouqueteditor:2.0.0:*:*:*:*:dreambox:*:*
CVE-2017-15363,NUCLEI,False,True,"Directory traversal vulnerability in public/examples/resources/getsource.php in Luracast Restler through 3.0.0, as used in the restler extension before 1.7.1 for TYPO3, allows remote attackers to read arbitrary files via the file parameter.",7.5,HIGH,CVSS:3.1/AV:N/AC:L/PR:N/UI:N/S:U/C:H/I:N/A:N,3.9,3.6,5.0,MEDIUM,AV:N/AC:L/Au:N/C:P/I:N/A:N,10.0,2.9,CWE-22,2,cpe:2.3:a:luracast:restler:*:*:*:*:*:typo3:*:* | cpe:2.3:a:luracast:restler:*:*:*:*:*:-:*:*
CVE-2017-15647,NUCLEI,False,True,"On FiberHome routers, Directory Traversal exists in /cgi-bin/webproc via the getpage parameter in conjunction with a crafted var:page value.",,,,,,5.0,MEDIUM,AV:N/AC:L/Au:N/C:P/I:N/A:N,10.0,2.9,CWE-22,1,cpe:2.3:o:fiberhome:routerfiberhome_firmware:*:*:*:*:*:*:*:*
CVE-2017-15715,NUCLEI,False,True,"In Apache httpd 2.4.0 to 2.4.29, the expression specified in <FilesMatch> could match '$' to a newline character in a malicious filename, rather than matching only the end of the filename. This could be exploited in environments where uploads of some files are are externally blocked, but only by matching the trailing portion of the filename.",,,,,,6.8,MEDIUM,AV:N/AC:M/Au:N/C:P/I:P/A:P,8.6,6.4,CWE-20,16,cpe:2.3:a:apache:http_server:*:*:*:*:*:*:*:* | cpe:2.3:o:debian:debian_linux:8.0:*:*:*:*:*:*:* | cpe:2.3:o:debian:debian_linux:9.0:*:*:*:*:*:*:* | cpe:2.3:o:canonical:ubuntu_linux:14.04:*:*:*:lts:*:*:* | cpe:2.3:o:canonical:ubuntu_linux:16.04:*:*:*:lts:*:*:* | cpe:2.3:o:canonical:ubuntu_linux:17.10:*:*:*:*:*:*:* | cpe:2.3:o:canonical:ubuntu_linux:18.04:*:*:*:lts:*:*:* | cpe:2.3:a:netapp:santricity_cloud_connector:-:*:*:*:*:*:*:* | cpe:2.3:a:netapp:storage_automation_store:-:*:*:*:*:*:*:* | cpe:2.3:a:netapp:storagegrid:-:*:*:*:*:*:*:*
CVE-2017-15944,CISA + NUCLEI,True,True,"Palo Alto Networks PAN-OS before 6.1.19, 7.0.x before 7.0.19, 7.1.x before 7.1.14, and 8.0.x before 8.0.6 allows remote attackers to execute arbitrary code via vectors involving the management interface.",9.8,CRITICAL,CVSS:3.1/AV:N/AC:L/PR:N/UI:N/S:U/C:H/I:H/A:H,3.9,5.9,7.5,HIGH,AV:N/AC:L/Au:N/C:P/I:P/A:P,10.0,6.4,NVD-CWE-noinfo | CWE-20 | CWE-119,1,cpe:2.3:o:paloaltonetworks:pan-os:*:*:*:*:*:*:*:*
CVE-2017-16651,CISA,True,False,"Roundcube Webmail before 1.1.10, 1.2.x before 1.2.7, and 1.3.x before 1.3.3 allows unauthorized access to arbitrary files on the host's filesystem, including configuration files, as exploited in the wild in November 2017. The attacker must be able to authenticate at the target system with a valid username/password as the attack requires an active session. The issue is related to file-based attachment plugins and _task=settings&_action=upload-display&_from=timezone requests.",7.8,HIGH,CVSS:3.1/AV:L/AC:L/PR:L/UI:N/S:U/C:H/I:H/A:H,1.8,5.9,4.6,MEDIUM,AV:L/AC:L/Au:N/C:P/I:P/A:P,3.9,6.4,CWE-552,13,cpe:2.3:a:roundcube:webmail:*:*:*:*:*:*:*:* | cpe:2.3:a:roundcube:webmail:1.2.0:*:*:*:*:*:*:* | cpe:2.3:a:roundcube:webmail:1.2.1:*:*:*:*:*:*:* | cpe:2.3:a:roundcube:webmail:1.2.2:*:*:*:*:*:*:* | cpe:2.3:a:roundcube:webmail:1.2.3:*:*:*:*:*:*:* | cpe:2.3:a:roundcube:webmail:1.2.4:*:*:*:*:*:*:* | cpe:2.3:a:roundcube:webmail:1.2.5:*:*:*:*:*:*:* | cpe:2.3:a:roundcube:webmail:1.2.6:*:*:*:*:*:*:* | cpe:2.3:a:roundcube:webmail:1.3.0:*:*:*:*:*:*:* | cpe:2.3:a:roundcube:webmail:1.3.1:*:*:*:*:*:*:*
CVE-2017-16806,NUCLEI,False,True,The Process function in RemoteTaskServer/WebServer/HttpServer.cs in Ulterius before 1.9.5.0 allows HTTP server directory traversal.,,,,,,5.0,MEDIUM,AV:N/AC:L/Au:N/C:P/I:N/A:N,10.0,2.9,CWE-22,2,cpe:2.3:a:ulterius:ulterius_server:1.5.6.0:*:*:*:*:*:*:* | cpe:2.3:a:ulterius:ulterius_server:1.8.0.0:*:*:*:*:*:*:*
CVE-2017-16877,NUCLEI,False,True,"ZEIT Next.js before 2.4.1 has directory traversal under the /_next and /static request namespace, allowing attackers to obtain sensitive information.",,,,,,5.0,MEDIUM,AV:N/AC:L/Au:N/C:P/I:N/A:N,10.0,2.9,CWE-22,1,cpe:2.3:a:zeit:next.js:*:*:*:*:*:*:*:*
CVE-2017-16894,NUCLEI,False,True,"In Laravel framework through 5.5.21, remote attackers can obtain sensitive information (such as externally usable passwords) via a direct request for the /.env URI. NOTE: this CVE is only about Laravel framework's writeNewEnvironmentFileWith function in src/Illuminate/Foundation/Console/KeyGenerateCommand.php, which uses file_put_contents without restricting the .env permissions. The .env filename is not used exclusively by Laravel framework.",,,,,,5.0,MEDIUM,AV:N/AC:L/Au:N/C:P/I:N/A:N,10.0,2.9,CWE-200,1,cpe:2.3:a:laravel:laravel:*:*:*:*:*:*:*:*
CVE-2017-17043,NUCLEI,False,True,"The Emag Marketplace Connector plugin 1.0.0 for WordPress has reflected XSS because the parameter ""post"" to /wp-content/plugins/emag-marketplace-connector/templates/order/awb-meta-box.php is not filtered correctly.",,,,,,4.3,MEDIUM,AV:N/AC:M/Au:N/C:N/I:P/A:N,8.6,2.9,CWE-79,1,cpe:2.3:a:zitec:emag_marketplace_connector:1.0.0:*:*:*:*:wordpress:*:*
CVE-2017-17059,NUCLEI,False,True,XSS exists in the amtyThumb amty-thumb-recent-post (aka amtyThumb posts or wp-thumb-post) plugin 8.1.3 for WordPress via the query string to amtyThumbPostsAdminPg.php.,,,,,,4.3,MEDIUM,AV:N/AC:M/Au:N/C:N/I:P/A:N,8.6,2.9,CWE-79,1,cpe:2.3:a:amtythumb_project:amtythumb:*:*:*:*:*:wordpress:*:*
CVE-2017-17092,NUCLEI,False,True,"wp-includes/functions.php in WordPress before 4.9.1 does not require the unfiltered_html capability for upload of .js files, which might allow remote attackers to conduct XSS attacks via a crafted file.",,,,,,3.5,LOW,AV:N/AC:M/Au:S/C:N/I:P/A:N,6.8,2.9,CWE-79,4,cpe:2.3:a:wordpress:wordpress:*:*:*:*:*:*:*:* | cpe:2.3:o:debian:debian_linux:7.0:*:*:*:*:*:*:* | cpe:2.3:o:debian:debian_linux:8.0:*:*:*:*:*:*:* | cpe:2.3:o:debian:debian_linux:9.0:*:*:*:*:*:*:*
CVE-2017-17451,NUCLEI,False,True,The WP Mailster plugin before 1.5.5 for WordPress has XSS in the unsubscribe handler via the mes parameter to view/subscription/unsubscribe2.php.,,,,,,4.3,MEDIUM,AV:N/AC:M/Au:N/C:N/I:P/A:N,8.6,2.9,CWE-79,1,cpe:2.3:a:wpmailster:wp_mailster:*:*:*:*:*:wordpress:*:*
CVE-2017-17562,CISA + NUCLEI,True,True,"Embedthis GoAhead before 3.6.5 allows remote code execution if CGI is enabled and a CGI program is dynamically linked. This is a result of initializing the environment of forked CGI scripts using untrusted HTTP request parameters in the cgiHandler function in cgi.c. When combined with the glibc dynamic linker, this behaviour can be abused for remote code execution using special parameter names such as LD_PRELOAD. An attacker can POST their shared object payload in the body of the request, and reference it using /proc/self/fd/0.",8.1,HIGH,CVSS:3.1/AV:N/AC:H/PR:N/UI:N/S:U/C:H/I:H/A:H,2.2,5.9,6.8,MEDIUM,AV:N/AC:M/Au:N/C:P/I:P/A:P,8.6,6.4,NVD-CWE-noinfo,3,cpe:2.3:a:embedthis:goahead:*:*:*:*:*:*:*:* | cpe:2.3:a:oracle:integrated_lights_out_manager:3.0:*:*:*:*:*:*:* | cpe:2.3:a:oracle:integrated_lights_out_manager:4.0:*:*:*:*:*:*:*
CVE-2017-17731,NUCLEI,False,True,DedeCMS through 5.7 has SQL Injection via the $_FILES superglobal to plus/recommend.php.,,,,,,7.5,HIGH,AV:N/AC:L/Au:N/C:P/I:P/A:P,10.0,6.4,CWE-89,1,cpe:2.3:a:dedecms:dedecms:*:*:*:*:*:*:*:*
CVE-2017-17736,NUCLEI,False,True,Kentico 9.0 before 9.0.51 and 10.0 before 10.0.48 allows remote attackers to obtain Global Administrator access by visiting CMSInstall/install.aspx and then navigating to the CMS Administration Dashboard.,,,,,,7.5,HIGH,AV:N/AC:L/Au:N/C:P/I:P/A:P,10.0,6.4,CWE-425,1,cpe:2.3:a:kentico:xperience:*:*:*:*:*:*:*:*
CVE-2017-17762,NUCLEI,False,True,XML external entity (XXE) vulnerability in Episerver 7 patch 4 and earlier allows remote attackers to read arbitrary files via a crafted DTD in an XML request involving util/xmlrpc/Handler.ashx.,,,,,,5.0,MEDIUM,AV:N/AC:L/Au:N/C:P/I:N/A:N,10.0,2.9,CWE-611,6,cpe:2.3:a:episerver:episerver:*:*:*:*:*:*:*:* | cpe:2.3:a:episerver:episerver:7:*:*:*:*:*:*:* | cpe:2.3:a:episerver:episerver:7:patch_1:*:*:*:*:*:* | cpe:2.3:a:episerver:episerver:7:patch_2:*:*:*:*:*:* | cpe:2.3:a:episerver:episerver:7:patch_3:*:*:*:*:*:* | cpe:2.3:a:episerver:episerver:7:patch_4:*:*:*:*:*:*
CVE-2017-18024,NUCLEI,False,True,"AvantFAX 3.3.3 has XSS via an arbitrary parameter name to the default URI, as demonstrated by a parameter whose name contains a SCRIPT element and whose value is 1.",,,,,,4.3,MEDIUM,AV:N/AC:M/Au:N/C:N/I:P/A:N,8.6,2.9,CWE-79,1,cpe:2.3:a:avantfax:avantfax:3.3.3:*:*:*:*:*:*:*
CVE-2017-18349,NUCLEI,False,True,"parseObject in Fastjson before 1.2.25, as used in FastjsonEngine in Pippo 1.11.0 and other products, allows remote attackers to execute arbitrary code via a crafted JSON request, as demonstrated by a crafted rmi:// URI in the dataSourceName field of HTTP POST data to the Pippo /json URI, which is mishandled in AjaxApplication.java.",,,,,,10.0,HIGH,AV:N/AC:L/Au:N/C:C/I:C/A:C,10.0,10.0,CWE-20,2,cpe:2.3:a:alibaba:fastjson:*:*:*:*:*:*:*:* | cpe:2.3:a:pippo:pippo:1.11.0:*:*:*:*:*:*:*
CVE-2017-18362,CISA + NUCLEI,True,True,"ConnectWise ManagedITSync integration through 2017 for Kaseya VSA is vulnerable to unauthenticated remote commands that allow full direct access to the Kaseya VSA database. In February 2019, attackers have actively exploited this in the wild to download and execute ransomware payloads on all endpoints managed by the VSA server. If the ManagedIT.asmx page is available via the Kaseya VSA web interface, anyone with access to the page is able to run arbitrary SQL queries, both read and write, without authentication.",9.8,CRITICAL,CVSS:3.1/AV:N/AC:L/PR:N/UI:N/S:U/C:H/I:H/A:H,3.9,5.9,7.5,HIGH,AV:N/AC:L/Au:N/C:P/I:P/A:P,10.0,6.4,CWE-89,1,cpe:2.3:a:connectwise:manageditsync:*:*:*:*:*:kaseya_vsa:*:*
CVE-2017-18368,CISA,True,False,"The ZyXEL P660HN-T1A v1 TCLinux Fw $7.3.15.0 v001 / 3.40(ULM.0)b31 router distributed by TrueOnline has a command injection vulnerability in the Remote System Log forwarding function, which is accessible by an unauthenticated user. The vulnerability is in the ViewLog.asp page and can be exploited through the remote_host parameter.",9.8,CRITICAL,CVSS:3.1/AV:N/AC:L/PR:N/UI:N/S:U/C:H/I:H/A:H,3.9,5.9,10.0,HIGH,AV:N/AC:L/Au:N/C:C/I:C/A:C,10.0,10.0,CWE-78,6,cpe:2.3:o:billion:5200w-t_firmware:7.3.8.0:*:*:*:*:*:*:* | cpe:2.3:h:billion:5200w-t:-:*:*:*:*:*:*:* | cpe:2.3:o:zyxel:p660hn-t1a_v2_firmware:7.3.15.0:*:*:*:*:*:*:* | cpe:2.3:h:zyxel:p660hn-t1a_v2:-:*:*:*:*:*:*:* | cpe:2.3:o:zyxel:p660hn-t1a_v1_firmware:7.3.15.0:*:*:*:*:*:*:* | cpe:2.3:h:zyxel:p660hn-t1a_v1:-:*:*:*:*:*:*:*
CVE-2017-18487,NUCLEI,False,True,The adsense-plugin (aka Google AdSense) plugin before 1.44 for WordPress has multiple XSS issues.,,,,,,4.3,MEDIUM,AV:N/AC:M/Au:N/C:N/I:P/A:N,8.6,2.9,CWE-79,1,cpe:2.3:a:google_adsense_project:google_adsense:*:*:*:*:*:wordpress:*:*
CVE-2017-18490,NUCLEI,False,True,The contact-form-multi plugin before 1.2.1 for WordPress has multiple XSS issues.,,,,,,4.3,MEDIUM,AV:N/AC:M/Au:N/C:N/I:P/A:N,8.6,2.9,CWE-79,1,cpe:2.3:a:bestwebsoft:contact_form_multi:*:*:*:*:*:wordpress:*:*
CVE-2017-18491,NUCLEI,False,True,The contact-form-plugin plugin before 4.0.6 for WordPress has multiple XSS issues.,,,,,,4.3,MEDIUM,AV:N/AC:M/Au:N/C:N/I:P/A:N,8.6,2.9,CWE-79,1,cpe:2.3:a:bestwebsoft:contact_form:*:*:*:*:*:wordpress:*:*
CVE-2017-18492,NUCLEI,False,True,The contact-form-to-db plugin before 1.5.7 for WordPress has multiple XSS issues.,,,,,,4.3,MEDIUM,AV:N/AC:M/Au:N/C:N/I:P/A:N,8.6,2.9,CWE-79,1,cpe:2.3:a:bestwebsoft:contact_form_to_db:*:*:*:*:*:wordpress:*:*
CVE-2017-18493,NUCLEI,False,True,The custom-admin-page plugin before 0.1.2 for WordPress has multiple XSS issues.,,,,,,4.3,MEDIUM,AV:N/AC:M/Au:N/C:N/I:P/A:N,8.6,2.9,CWE-79,1,cpe:2.3:a:bestwebsoft:custom_admin_page:*:*:*:*:*:wordpress:*:*
CVE-2017-18494,NUCLEI,False,True,The custom-search-plugin plugin before 1.36 for WordPress has multiple XSS issues.,,,,,,4.3,MEDIUM,AV:N/AC:M/Au:N/C:N/I:P/A:N,8.6,2.9,CWE-79,1,cpe:2.3:a:bestwebsoft:custom_search:*:*:*:*:*:wordpress:*:*
CVE-2017-18496,NUCLEI,False,True,The htaccess plugin before 1.7.6 for WordPress has multiple XSS issues.,,,,,,4.3,MEDIUM,AV:N/AC:M/Au:N/C:N/I:P/A:N,8.6,2.9,CWE-79,1,cpe:2.3:a:bestwebsoft:htaccess:*:*:*:*:*:wordpress:*:*
CVE-2017-18500,NUCLEI,False,True,The social-buttons-pack plugin before 1.1.1 for WordPress has multiple XSS issues.,,,,,,4.3,MEDIUM,AV:N/AC:M/Au:N/C:N/I:P/A:N,8.6,2.9,CWE-79,1,cpe:2.3:a:bestwebsoft:social_buttons_pack:*:*:*:*:*:wordpress:*:*
CVE-2017-18501,NUCLEI,False,True,The social-login-bws plugin before 0.2 for WordPress has multiple XSS issues.,,,,,,4.3,MEDIUM,AV:N/AC:M/Au:N/C:N/I:P/A:N,8.6,2.9,CWE-79,1,cpe:2.3:a:bestwebsoft:social_login:*:*:*:*:*:wordpress:*:*
CVE-2017-18502,NUCLEI,False,True,The subscriber plugin before 1.3.5 for WordPress has multiple XSS issues.,,,,,,4.3,MEDIUM,AV:N/AC:M/Au:N/C:N/I:P/A:N,8.6,2.9,CWE-79,1,cpe:2.3:a:bestwebsoft:subscriber:*:*:*:*:*:wordpress:*:*
CVE-2017-18505,NUCLEI,False,True,The twitter-plugin plugin before 2.55 for WordPress has XSS.,,,,,,4.3,MEDIUM,AV:N/AC:M/Au:N/C:N/I:P/A:N,8.6,2.9,CWE-79,1,cpe:2.3:a:bestwebsoft:twitter_button:*:*:*:*:*:wordpress:*:*
CVE-2017-18516,NUCLEI,False,True,The bws-linkedin plugin before 1.0.5 for WordPress has multiple XSS issues.,,,,,,4.3,MEDIUM,AV:N/AC:M/Au:N/C:N/I:P/A:N,8.6,2.9,CWE-79,1,cpe:2.3:a:bestwebsoft:linkedin:*:*:*:*:*:wordpress:*:*
CVE-2017-18517,NUCLEI,False,True,The bws-pinterest plugin before 1.0.5 for WordPress has multiple XSS issues.,,,,,,4.3,MEDIUM,AV:N/AC:M/Au:N/C:N/I:P/A:N,8.6,2.9,CWE-79,1,cpe:2.3:a:bestwebsoft:pinterest:*:*:*:*:*:wordpress:*:*
CVE-2017-18518,NUCLEI,False,True,The bws-smtp plugin before 1.1.0 for WordPress has multiple XSS issues.,,,,,,4.3,MEDIUM,AV:N/AC:M/Au:N/C:N/I:P/A:N,8.6,2.9,CWE-79,1,cpe:2.3:a:bestwebsoft:smtp:*:*:*:*:*:wordpress:*:*
CVE-2017-18527,NUCLEI,False,True,The pagination plugin before 1.0.7 for WordPress has multiple XSS issues.,,,,,,4.3,MEDIUM,AV:N/AC:M/Au:N/C:N/I:P/A:N,8.6,2.9,CWE-79,1,cpe:2.3:a:bestwebsoft:pagination:*:*:*:*:*:wordpress:*:*
CVE-2017-18528,NUCLEI,False,True,The pdf-print plugin before 1.9.4 for WordPress has multiple XSS issues.,,,,,,4.3,MEDIUM,AV:N/AC:M/Au:N/C:N/I:P/A:N,8.6,2.9,CWE-79,1,cpe:2.3:a:bestwebsoft:pdf_\&_print:*:*:*:*:*:wordpress:*:*
CVE-2017-18529,NUCLEI,False,True,The promobar plugin before 1.1.1 for WordPress has multiple XSS issues.,,,,,,4.3,MEDIUM,AV:N/AC:M/Au:N/C:N/I:P/A:N,8.6,2.9,CWE-79,1,cpe:2.3:a:bestwebsoft:promobar:*:*:*:*:*:wordpress:*:*
CVE-2017-18530,NUCLEI,False,True,The rating-bws plugin before 0.2 for WordPress has multiple XSS issues.,,,,,,4.3,MEDIUM,AV:N/AC:M/Au:N/C:N/I:P/A:N,8.6,2.9,CWE-79,1,cpe:2.3:a:bestwebsoft:rating:*:*:*:*:*:wordpress:*:*
CVE-2017-18532,NUCLEI,False,True,The realty plugin before 1.1.0 for WordPress has multiple XSS issues.,,,,,,4.3,MEDIUM,AV:N/AC:M/Au:N/C:N/I:P/A:N,8.6,2.9,CWE-79,1,cpe:2.3:a:bestwebsoft:realty:*:*:*:*:*:wordpress:*:*
CVE-2017-18536,NUCLEI,False,True,The stop-user-enumeration plugin before 1.3.8 for WordPress has XSS.,,,,,,4.3,MEDIUM,AV:N/AC:M/Au:N/C:N/I:P/A:N,8.6,2.9,CWE-79,1,cpe:2.3:a:fullworksplugins:stop_user_enumeration:*:*:*:*:*:wordpress:*:*
CVE-2017-18537,NUCLEI,False,True,The visitors-online plugin before 1.0.0 for WordPress has multiple XSS issues.,,,,,,4.3,MEDIUM,AV:N/AC:M/Au:N/C:N/I:P/A:N,8.6,2.9,CWE-79,1,cpe:2.3:a:bestwebsoft:visitors_online:*:*:*:*:*:wordpress:*:*
CVE-2017-18542,NUCLEI,False,True,The zendesk-help-center plugin before 1.0.5 for WordPress has multiple XSS issues.,,,,,,4.3,MEDIUM,AV:N/AC:M/Au:N/C:N/I:P/A:N,8.6,2.9,CWE-79,1,cpe:2.3:a:bestwebsoft:zendesk_help_center:*:*:*:*:*:wordpress:*:*
CVE-2017-18556,NUCLEI,False,True,The bws-google-analytics plugin before 1.7.1 for WordPress has multiple XSS issues.,,,,,,4.3,MEDIUM,AV:N/AC:M/Au:N/C:N/I:P/A:N,8.6,2.9,CWE-79,1,cpe:2.3:a:bestwebsoft:google_analytics:*:*:*:*:*:wordpress:*:*
CVE-2017-18557,NUCLEI,False,True,The bws-google-maps plugin before 1.3.6 for WordPress has multiple XSS issues.,,,,,,4.3,MEDIUM,AV:N/AC:M/Au:N/C:N/I:P/A:N,8.6,2.9,CWE-79,1,cpe:2.3:a:bestwebsoft:google_maps:*:*:*:*:*:wordpress:*:*
CVE-2017-18558,NUCLEI,False,True,The bws-testimonials plugin before 0.1.9 for WordPress has multiple XSS issues.,,,,,,4.3,MEDIUM,AV:N/AC:M/Au:N/C:N/I:P/A:N,8.6,2.9,CWE-79,1,cpe:2.3:a:bestwebsoft:testimonials:*:*:*:*:*:wordpress:*:*
CVE-2017-18562,NUCLEI,False,True,The error-log-viewer plugin before 1.0.6 for WordPress has multiple XSS issues.,,,,,,4.3,MEDIUM,AV:N/AC:M/Au:N/C:N/I:P/A:N,8.6,2.9,CWE-79,1,cpe:2.3:a:bestwebsoft:error_log_viewer:*:*:*:*:*:wordpress:*:*
CVE-2017-18564,NUCLEI,False,True,The sender plugin before 1.2.1 for WordPress has multiple XSS issues.,,,,,,4.3,MEDIUM,AV:N/AC:M/Au:N/C:N/I:P/A:N,8.6,2.9,CWE-79,1,cpe:2.3:a:bestwebsoft:sender:*:*:*:*:*:wordpress:*:*
CVE-2017-18565,NUCLEI,False,True,The updater plugin before 1.35 for WordPress has multiple XSS issues.,,,,,,4.3,MEDIUM,AV:N/AC:M/Au:N/C:N/I:P/A:N,8.6,2.9,CWE-79,1,cpe:2.3:a:bestwebsoft:updater:*:*:*:*:*:wordpress:*:*
CVE-2017-18566,NUCLEI,False,True,The user-role plugin before 1.5.6 for WordPress has multiple XSS issues.,,,,,,4.3,MEDIUM,AV:N/AC:M/Au:N/C:N/I:P/A:N,8.6,2.9,CWE-79,1,cpe:2.3:a:bestwebsoft:user_role:*:*:*:*:*:wordpress:*:*
CVE-2017-18580,NUCLEI,False,True,"The shortcodes-ultimate plugin before 5.0.1 for WordPress has remote code execution via a filter in a meta, post, or user shortcode.",,,,,,7.5,HIGH,AV:N/AC:L/Au:N/C:P/I:P/A:P,10.0,6.4,CWE-20,1,cpe:2.3:a:getshortcodes:shortcodes_ultimate:*:*:*:*:*:wordpress:*:*
CVE-2017-18590,NUCLEI,False,True,The timesheet plugin before 0.1.5 for WordPress has multiple XSS issues.,,,,,,4.3,MEDIUM,AV:N/AC:M/Au:N/C:N/I:P/A:N,8.6,2.9,CWE-79,1,cpe:2.3:a:bestwebsoft:timesheet:*:*:*:*:*:wordpress:*:*
CVE-2017-18598,NUCLEI,False,True,The Qards plugin through 2017-10-11 for WordPress has XSS via a remote document specified in the url parameter to html2canvasproxy.php.,6.1,MEDIUM,CVSS:3.1/AV:N/AC:L/PR:N/UI:R/S:C/C:L/I:L/A:N,2.8,2.7,4.3,MEDIUM,AV:N/AC:M/Au:N/C:N/I:P/A:N,8.6,2.9,CWE-79,1,cpe:2.3:a:designmodo:qards:*:*:*:*:*:wordpress:*:*
CVE-2017-18638,NUCLEI,False,True,"send_email in graphite-web/webapp/graphite/composer/views.py in Graphite through 1.1.5 is vulnerable to SSRF. The vulnerable SSRF endpoint can be used by an attacker to have the Graphite web server request any resource. The response to this SSRF request is encoded into an image file and then sent to an e-mail address that can be supplied by the attacker. Thus, an attacker can exfiltrate any information.",7.5,HIGH,CVSS:3.1/AV:N/AC:L/PR:N/UI:N/S:U/C:H/I:N/A:N,3.9,3.6,5.0,MEDIUM,AV:N/AC:L/Au:N/C:P/I:N/A:N,10.0,2.9,CWE-918,1,cpe:2.3:a:graphite_project:graphite:*:*:*:*:*:*:*:*
CVE-2017-20192,NUCLEI,False,True,The Formidable Form Builder plugin for WordPress is vulnerable to Stored Cross-Site Scripting via multiple parameters submitted during form entries like 'after_html' in versions before 2.05.03 due to insufficient input sanitization and output escaping. This makes it possible for unauthenticated attackers to inject arbitrary web scripts that execute in a victim's browser.,8.3,HIGH,CVSS:3.1/AV:N/AC:L/PR:N/UI:N/S:C/C:L/I:L/A:L,3.9,3.7,,,,,,CWE-79,1,cpe:2.3:a:strategy11:formidable_form_builder:*:*:*:*:*:wordpress:*:*
CVE-2017-20194,NUCLEI,False,True,"The Formidable Form Builder plugin for WordPress is vulnerable to Sensitive Data Exposure in versions up to, and including, 2.05.03 via the frm_forms_preview AJAX action. This makes it possible for unauthenticated attackers to export all of the form entries for a given form.",5.3,MEDIUM,CVSS:3.1/AV:N/AC:L/PR:N/UI:N/S:U/C:L/I:N/A:N,3.9,1.4,,,,,,CWE-200 | NVD-CWE-noinfo,1,cpe:2.3:a:strategy11:formidable_form_builder:*:*:*:*:*:wordpress:*:*
CVE-2017-3066,CISA,True,False,"Adobe ColdFusion 2016 Update 3 and earlier, ColdFusion 11 update 11 and earlier, ColdFusion 10 Update 22 and earlier have a Java deserialization vulnerability in the Apache BlazeDS library. Successful exploitation could lead to arbitrary code execution.",9.8,CRITICAL,CVSS:3.1/AV:N/AC:L/PR:N/UI:N/S:U/C:H/I:H/A:H,3.9,5.9,10.0,HIGH,AV:N/AC:L/Au:N/C:C/I:C/A:C,10.0,10.0,CWE-502,39,cpe:2.3:a:adobe:coldfusion:10.0:-:*:*:*:*:*:* | cpe:2.3:a:adobe:coldfusion:10.0:update1:*:*:*:*:*:* | cpe:2.3:a:adobe:coldfusion:10.0:update10:*:*:*:*:*:* | cpe:2.3:a:adobe:coldfusion:10.0:update11:*:*:*:*:*:* | cpe:2.3:a:adobe:coldfusion:10.0:update12:*:*:*:*:*:* | cpe:2.3:a:adobe:coldfusion:10.0:update13:*:*:*:*:*:* | cpe:2.3:a:adobe:coldfusion:10.0:update14:*:*:*:*:*:* | cpe:2.3:a:adobe:coldfusion:10.0:update15:*:*:*:*:*:* | cpe:2.3:a:adobe:coldfusion:10.0:update16:*:*:*:*:*:* | cpe:2.3:a:adobe:coldfusion:10.0:update17:*:*:*:*:*:*
CVE-2017-3131,NUCLEI,False,True,"A Cross-Site Scripting vulnerability in Fortinet FortiOS versions 5.4.0 through 5.4.4 and 5.6.0 allows attackers to execute unauthorized code or commands via the filter input in ""Applications"" under FortiView.",,,,,,3.5,LOW,AV:N/AC:M/Au:S/C:N/I:P/A:N,6.8,2.9,CWE-79,6,cpe:2.3:o:fortinet:fortios:5.4.0:*:*:*:*:*:*:* | cpe:2.3:o:fortinet:fortios:5.4.1:*:*:*:*:*:*:* | cpe:2.3:o:fortinet:fortios:5.4.2:*:*:*:*:*:*:* | cpe:2.3:o:fortinet:fortios:5.4.3:*:*:*:*:*:*:* | cpe:2.3:o:fortinet:fortios:5.4.4:*:*:*:*:*:*:* | cpe:2.3:o:fortinet:fortios:5.6.0:*:*:*:*:*:*:*
CVE-2017-3132,NUCLEI,False,True,A Cross-Site Scripting vulnerability in Fortinet FortiOS versions 5.6.0 and earlier allows attackers to Execute unauthorized code or commands via the action input during the activation of a FortiToken.,,,,,,4.3,MEDIUM,AV:N/AC:M/Au:N/C:N/I:P/A:N,8.6,2.9,CWE-79,1,cpe:2.3:o:fortinet:fortios:*:*:*:*:*:*:*:*
CVE-2017-3133,NUCLEI,False,True,A Cross-Site Scripting vulnerability in Fortinet FortiOS versions 5.6.0 and earlier allows attackers to execute unauthorized code or commands via the Replacement Message HTML for SSL-VPN.,,,,,,4.3,MEDIUM,AV:N/AC:M/Au:N/C:N/I:P/A:N,8.6,2.9,CWE-79,1,cpe:2.3:o:fortinet:fortios:*:*:*:*:*:*:*:*
CVE-2017-3506,CISA + NUCLEI,True,True,"Vulnerability in the Oracle WebLogic Server component of Oracle Fusion Middleware (subcomponent: Web Services). Supported versions that are affected are 10.3.6.0, 12.1.3.0, 12.2.1.0, 12.2.1.1 and 12.2.1.2. Difficult to exploit vulnerability allows unauthenticated attacker with network access via HTTP to compromise Oracle WebLogic Server. Successful attacks of this vulnerability can result in unauthorized creation, deletion or modification access to critical data or all Oracle WebLogic Server accessible data as well as unauthorized access to critical data or complete access to all Oracle WebLogic Server accessible data. CVSS 3.0 Base Score 7.4 (Confidentiality and Integrity impacts). CVSS Vector: (CVSS:3.0/AV:N/AC:H/PR:N/UI:N/S:U/C:H/I:H/A:N).",7.4,HIGH,CVSS:3.1/AV:N/AC:H/PR:N/UI:N/S:U/C:H/I:H/A:N,2.2,5.2,5.8,MEDIUM,AV:N/AC:M/Au:N/C:P/I:P/A:N,8.6,4.9,NVD-CWE-noinfo | CWE-78,5,cpe:2.3:a:oracle:weblogic_server:10.3.6.0.0:*:*:*:*:*:*:* | cpe:2.3:a:oracle:weblogic_server:12.1.3.0.0:*:*:*:*:*:*:* | cpe:2.3:a:oracle:weblogic_server:12.2.1.0.0:*:*:*:*:*:*:* | cpe:2.3:a:oracle:weblogic_server:12.2.1.1.0:*:*:*:*:*:*:* | cpe:2.3:a:oracle:weblogic_server:12.2.1.2.0:*:*:*:*:*:*:*
CVE-2017-3528,NUCLEI,False,True,"Vulnerability in the Oracle Applications Framework component of Oracle E-Business Suite (subcomponent: Popup windows (lists of values, datepicker, etc.)). Supported versions that are affected are 12.1.3, 12.2.3, 12.2.4, 12.2.5 and 12.2.6. Easily ""exploitable"" vulnerability allows unauthenticated attacker with network access via HTTP to compromise Oracle Applications Framework. Successful attacks require human interaction from a person other than the attacker and while the vulnerability is in Oracle Applications Framework, attacks may significantly impact additional products. Successful attacks of this vulnerability can result in unauthorized update, insert or delete access to some of Oracle Applications Framework accessible data. CVSS 3.0 Base Score 4.7 (Integrity impacts). CVSS Vector: (CVSS:3.0/AV:N/AC:L/PR:N/UI:R/S:C/C:N/I:L/A:N).",,,,,,5.8,MEDIUM,AV:N/AC:M/Au:N/C:P/I:P/A:N,8.6,4.9,CWE-601,5,cpe:2.3:a:oracle:applications_framework:12.1.3:*:*:*:*:*:*:* | cpe:2.3:a:oracle:applications_framework:12.2.3:*:*:*:*:*:*:* | cpe:2.3:a:oracle:applications_framework:12.2.4:*:*:*:*:*:*:* | cpe:2.3:a:oracle:applications_framework:12.2.5:*:*:*:*:*:*:* | cpe:2.3:a:oracle:applications_framework:12.2.6:*:*:*:*:*:*:*
CVE-2017-3881,CISA + NUCLEI,True,True,"A vulnerability in the Cisco Cluster Management Protocol (CMP) processing code in Cisco IOS and Cisco IOS XE Software could allow an unauthenticated, remote attacker to cause a reload of an affected device or remotely execute code with elevated privileges. The Cluster Management Protocol utilizes Telnet internally as a signaling and command protocol between cluster members. The vulnerability is due to the combination of two factors: (1) the failure to restrict the use of CMP-specific Telnet options only to internal, local communications between cluster members and instead accept and process such options over any Telnet connection to an affected device; and (2) the incorrect processing of malformed CMP-specific Telnet options. An attacker could exploit this vulnerability by sending malformed CMP-specific Telnet options while establishing a Telnet session with an affected Cisco device configured to accept Telnet connections. An exploit could allow an attacker to execute arbitrary code and obtain full control of the device or cause a reload of the affected device. This affects Catalyst switches, Embedded Service 2020 switches, Enhanced Layer 2 EtherSwitch Service Module, Enhanced Layer 2/3 EtherSwitch Service Module, Gigabit Ethernet Switch Module (CGESM) for HP, IE Industrial Ethernet switches, ME 4924-10GE switch, RF Gateway 10, and SM-X Layer 2/3 EtherSwitch Service Module. Cisco Bug IDs: CSCvd48893.",9.8,CRITICAL,CVSS:3.1/AV:N/AC:L/PR:N/UI:N/S:U/C:H/I:H/A:H,3.9,5.9,10.0,HIGH,AV:N/AC:L/Au:N/C:C/I:C/A:C,10.0,10.0,CWE-20,323,cpe:2.3:o:cisco:ios:*:*:*:*:*:*:*:* | cpe:2.3:o:cisco:ios_xe:*:*:*:*:*:*:*:* | cpe:2.3:h:cisco:catalyst_2350-48td-s:-:*:*:*:*:*:*:* | cpe:2.3:h:cisco:catalyst_2350-48td-sd:-:*:*:*:*:*:*:* | cpe:2.3:h:cisco:catalyst_2360-48td-s:-:*:*:*:*:*:*:* | cpe:2.3:h:cisco:catalyst_2918-24tc-c:-:*:*:*:*:*:*:* | cpe:2.3:h:cisco:catalyst_2918-24tt-c:-:*:*:*:*:*:*:* | cpe:2.3:h:cisco:catalyst_2918-48tc-c:-:*:*:*:*:*:*:* | cpe:2.3:h:cisco:catalyst_2918-48tt-c:-:*:*:*:*:*:*:* | cpe:2.3:h:cisco:catalyst_2928-24tc-c:-:*:*:*:*:*:*:*
CVE-2017-4011,NUCLEI,False,True,Embedding Script (XSS) in HTTP Headers vulnerability in the server in McAfee Network Data Loss Prevention (NDLP) 9.3.x allows remote attackers to get session/cookie information via modification of the HTTP request.,,,,,,4.3,MEDIUM,AV:N/AC:M/Au:N/C:N/I:P/A:N,8.6,2.9,CWE-79,1,cpe:2.3:a:mcafee:network_data_loss_prevention:*:*:*:*:*:*:*:*
CVE-2017-5030,CISA,True,False,"Incorrect handling of complex species in V8 in Google Chrome prior to 57.0.2987.98 for Linux, Windows, and Mac and 57.0.2987.108 for Android allowed a remote attacker to execute arbitrary code via a crafted HTML page.",8.8,HIGH,CVSS:3.1/AV:N/AC:L/PR:N/UI:R/S:U/C:H/I:H/A:H,2.8,5.9,6.8,MEDIUM,AV:N/AC:M/Au:N/C:P/I:P/A:P,8.6,6.4,CWE-125,10,cpe:2.3:a:google:chrome:*:*:*:*:*:*:*:* | cpe:2.3:o:apple:macos:-:*:*:*:*:*:*:* | cpe:2.3:o:linux:linux_kernel:-:*:*:*:*:*:*:* | cpe:2.3:o:microsoft:windows:-:*:*:*:*:*:*:* | cpe:2.3:o:google:android:-:*:*:*:*:*:*:* | cpe:2.3:o:debian:debian_linux:8.0:*:*:*:*:*:*:* | cpe:2.3:o:debian:debian_linux:9.0:*:*:*:*:*:*:* | cpe:2.3:o:redhat:enterprise_linux_desktop:6.0:*:*:*:*:*:*:* | cpe:2.3:o:redhat:enterprise_linux_server:6.0:*:*:*:*:*:*:* | cpe:2.3:o:redhat:enterprise_linux_workstation:6.0:*:*:*:*:*:*:*
CVE-2017-5070,CISA,True,False,"Type confusion in V8 in Google Chrome prior to 59.0.3071.86 for Linux, Windows, and Mac, and 59.0.3071.92 for Android, allowed a remote attacker to execute arbitrary code inside a sandbox via a crafted HTML page.",8.8,HIGH,CVSS:3.1/AV:N/AC:L/PR:N/UI:R/S:U/C:H/I:H/A:H,2.8,5.9,6.8,MEDIUM,AV:N/AC:M/Au:N/C:P/I:P/A:P,8.6,6.4,CWE-843,8,cpe:2.3:a:google:chrome:*:*:*:*:*:*:*:* | cpe:2.3:o:apple:macos:-:*:*:*:*:*:*:* | cpe:2.3:o:linux:linux_kernel:-:*:*:*:*:*:*:* | cpe:2.3:o:microsoft:windows:-:*:*:*:*:*:*:* | cpe:2.3:o:google:android:-:*:*:*:*:*:*:* | cpe:2.3:o:redhat:enterprise_linux_desktop:6.0:*:*:*:*:*:*:* | cpe:2.3:o:redhat:enterprise_linux_server:6.0:*:*:*:*:*:*:* | cpe:2.3:o:redhat:enterprise_linux_workstation:6.0:*:*:*:*:*:*:*
CVE-2017-5521,CISA + NUCLEI,True,True,"An issue was discovered on NETGEAR R8500, R8300, R7000, R6400, R7300, R7100LG, R6300v2, WNDR3400v3, WNR3500Lv2, R6250, R6700, R6900, and R8000 devices. They are prone to password disclosure via simple crafted requests to the web management server. The bug is exploitable remotely if the remote management option is set, and can also be exploited given access to the router over LAN or WLAN. When trying to access the web panel, a user is asked to authenticate; if the authentication is canceled and password recovery is not enabled, the user is redirected to a page that exposes a password recovery token. If a user supplies the correct token to the page /passwordrecovered.cgi?id=TOKEN (and password recovery is not enabled), they will receive the admin password for the router. If password recovery is set the exploit will fail, as it will ask the user for the recovery questions that were previously set when enabling that feature. This is persistent (even after disabling the recovery option, the exploit will fail) because the router will ask for the security questions.",8.1,HIGH,CVSS:3.1/AV:N/AC:H/PR:N/UI:N/S:U/C:H/I:H/A:H,2.2,5.9,4.3,MEDIUM,AV:N/AC:M/Au:N/C:P/I:N/A:N,8.6,2.9,NVD-CWE-noinfo,26,cpe:2.3:o:netgear:r6200_firmware:1.0.1.56_1.0.43:*:*:*:*:*:*:* | cpe:2.3:h:netgear:r6200:-:*:*:*:*:*:*:* | cpe:2.3:o:netgear:r6300_firmware:1.0.2.78_1.0.58:*:*:*:*:*:*:* | cpe:2.3:h:netgear:r6300:-:*:*:*:*:*:*:* | cpe:2.3:o:netgear:vegn2610_firmware:1.0.0.36:*:*:*:*:*:*:* | cpe:2.3:h:netgear:vegn2610:-:*:*:*:*:*:*:* | cpe:2.3:o:netgear:ac1450_firmware:1.0.0.34_10.0.16:*:*:*:*:*:*:* | cpe:2.3:h:netgear:ac1450:-:*:*:*:*:*:*:* | cpe:2.3:o:netgear:wnr1000v3_firmware:1.0.2.68_60.0.93:*:*:*:*:*:*:* | cpe:2.3:h:netgear:wnr1000v3:-:*:*:*:*:*:*:*
CVE-2017-5631,NUCLEI,False,True,"An issue was discovered in KMCIS CaseAware. Reflected cross site scripting is present in the user parameter (i.e., ""usr"") that is transmitted in the login.php query string.",,,,,,4.3,MEDIUM,AV:N/AC:M/Au:N/C:N/I:P/A:N,8.6,2.9,CWE-79,1,cpe:2.3:a:kmc_information_systems:caseaware:-:*:*:*:*:*:*:*
CVE-2017-5638,CISA + NUCLEI,True,True,"The Jakarta Multipart parser in Apache Struts 2 2.3.x before 2.3.32 and 2.5.x before 2.5.10.1 has incorrect exception handling and error-message generation during file-upload attempts, which allows remote attackers to execute arbitrary commands via a crafted Content-Type, Content-Disposition, or Content-Length HTTP header, as exploited in the wild in March 2017 with a Content-Type header containing a #cmd= string.",9.8,CRITICAL,CVSS:3.1/AV:N/AC:L/PR:N/UI:N/S:U/C:H/I:H/A:H,3.9,5.9,10.0,HIGH,AV:N/AC:L/Au:N/C:C/I:C/A:C,10.0,10.0,CWE-755,24,cpe:2.3:a:apache:struts:*:*:*:*:*:*:*:* | cpe:2.3:o:ibm:storwize_v3500_firmware:7.7.1.6:*:*:*:*:*:*:* | cpe:2.3:o:ibm:storwize_v3500_firmware:7.8.1.0:*:*:*:*:*:*:* | cpe:2.3:h:ibm:storwize_v3500:-:*:*:*:*:*:*:* | cpe:2.3:o:ibm:storwize_v5000_firmware:7.7.1.6:*:*:*:*:*:*:* | cpe:2.3:o:ibm:storwize_v5000_firmware:7.8.1.0:*:*:*:*:*:*:* | cpe:2.3:h:ibm:storwize_v5000:-:*:*:*:*:*:*:* | cpe:2.3:o:ibm:storwize_v7000_firmware:7.7.1.6:*:*:*:*:*:*:* | cpe:2.3:o:ibm:storwize_v7000_firmware:7.8.1.0:*:*:*:*:*:*:* | cpe:2.3:h:ibm:storwize_v7000:-:*:*:*:*:*:*:*
CVE-2017-5645,NUCLEI,False,True,"In Apache Log4j 2.x before 2.8.2, when using the TCP socket server or UDP socket server to receive serialized log events from another application, a specially crafted binary payload can be sent that, when deserialized, can execute arbitrary code.",9.8,CRITICAL,CVSS:3.1/AV:N/AC:L/PR:N/UI:N/S:U/C:H/I:H/A:H,3.9,5.9,7.5,HIGH,AV:N/AC:L/Au:N/C:P/I:P/A:P,10.0,6.4,CWE-502,170,cpe:2.3:a:apache:log4j:*:*:*:*:*:*:*:* | cpe:2.3:a:netapp:oncommand_api_services:-:*:*:*:*:*:*:* | cpe:2.3:a:netapp:oncommand_insight:-:*:*:*:*:*:*:* | cpe:2.3:a:netapp:oncommand_workflow_automation:-:*:*:*:*:*:*:* | cpe:2.3:a:netapp:service_level_manager:-:*:*:*:*:*:*:* | cpe:2.3:a:netapp:snapcenter:-:*:*:*:*:*:*:* | cpe:2.3:a:netapp:storage_automation_store:-:*:*:*:*:*:*:* | cpe:2.3:a:redhat:fuse:1.0:*:*:*:*:*:*:* | cpe:2.3:o:redhat:enterprise_linux:6.0:*:*:*:*:*:*:* | cpe:2.3:o:redhat:enterprise_linux:6.7:*:*:*:*:*:*:*
CVE-2017-5689,CISA + NUCLEI,True,True,"An unprivileged network attacker could gain system privileges to provisioned Intel manageability SKUs: Intel Active Management Technology (AMT) and Intel Standard Manageability (ISM). An unprivileged local attacker could provision manageability features gaining unprivileged network or local system privileges on Intel manageability SKUs: Intel Active Management Technology (AMT), Intel Standard Manageability (ISM), and Intel Small Business Technology (SBT).",9.8,CRITICAL,CVSS:3.1/AV:N/AC:L/PR:N/UI:N/S:U/C:H/I:H/A:H,3.9,5.9,10.0,HIGH,AV:N/AC:L/Au:N/C:C/I:C/A:C,10.0,10.0,NVD-CWE-noinfo | CWE-269,86,cpe:2.3:o:hpe:proliant_ml10_gen9_server_firmware:5.0:*:*:*:*:*:*:* | cpe:2.3:h:hpe:proliant_ml10_gen9_server:-:*:*:*:*:*:*:* | cpe:2.3:o:siemens:simatic_itp1000_firmware:*:*:*:*:*:*:*:* | cpe:2.3:h:siemens:simatic_itp1000:-:*:*:*:*:*:*:* | cpe:2.3:o:siemens:simatic_ipc847d_firmware:*:*:*:*:*:*:*:* | cpe:2.3:h:siemens:simatic_ipc847d:-:*:*:*:*:*:*:* | cpe:2.3:o:siemens:simatic_ipc847c_firmware:*:*:*:*:*:*:*:* | cpe:2.3:h:siemens:simatic_ipc847c:-:*:*:*:*:*:*:* | cpe:2.3:o:siemens:simatic_ipc827d_firmware:*:*:*:*:*:*:*:* | cpe:2.3:h:siemens:simatic_ipc827d:-:*:*:*:*:*:*:*
CVE-2017-5868,NUCLEI,False,True,"CRLF injection vulnerability in the web interface in OpenVPN Access Server 2.1.4 allows remote attackers to inject arbitrary HTTP headers and consequently conduct session fixation attacks and possibly HTTP response splitting attacks via ""%0A"" characters in the PATH_INFO to __session_start__/.",,,,,,4.3,MEDIUM,AV:N/AC:M/Au:N/C:N/I:P/A:N,8.6,2.9,CWE-93,1,cpe:2.3:a:openvpn:openvpn_access_server:2.1.4:*:*:*:*:*:*:*
CVE-2017-5871,NUCLEI,False,True,Odoo Version <= 8.0-20160726 and Version 9 is affected by: CWE-601: Open redirection. The impact is: obtain sensitive information (remote).,,,,,,5.8,MEDIUM,AV:N/AC:M/Au:N/C:P/I:P/A:N,8.6,4.9,CWE-601,4,cpe:2.3:a:odoo:odoo:8.0:*:*:*:*:*:*:* | cpe:2.3:a:odoo:odoo:8.0:20160726:*:*:*:*:*:* | cpe:2.3:a:odoo:odoo:9.0:*:*:*:*:*:*:* | cpe:2.3:a:odoo:odoo:10.0:*:*:*:*:*:*:*
CVE-2017-5982,NUCLEI,False,True,"Directory traversal vulnerability in the Chorus2 2.4.2 add-on for Kodi allows remote attackers to read arbitrary files via a %2E%2E%252e (encoded dot dot slash) in the image path, as demonstrated by image/image%3A%2F%2F%2e%2e%252fetc%252fpasswd.",,,,,,5.0,MEDIUM,AV:N/AC:L/Au:N/C:P/I:N/A:N,10.0,2.9,CWE-22,1,cpe:2.3:a:kodi:kodi:17.1:*:*:*:*:*:*:*
CVE-2017-5983,NUCLEI,False,True,"The JIRA Workflow Designer Plugin in Atlassian JIRA Server before 6.3.0 improperly uses an XML parser and deserializer, which allows remote attackers to execute arbitrary code, read arbitrary files, or cause a denial of service via a crafted serialized Java object.",,,,,,7.5,HIGH,AV:N/AC:L/Au:N/C:P/I:P/A:P,10.0,6.4,CWE-502,66,cpe:2.3:a:atlassian:jira:4.2.4:*:*:*:*:*:*:* | cpe:2.3:a:atlassian:jira:4.3:*:*:*:*:*:*:* | cpe:2.3:a:atlassian:jira:4.3.1:*:*:*:*:*:*:* | cpe:2.3:a:atlassian:jira:4.3.2:*:*:*:*:*:*:* | cpe:2.3:a:atlassian:jira:4.3.3:*:*:*:*:*:*:* | cpe:2.3:a:atlassian:jira:4.3.4:*:*:*:*:*:*:* | cpe:2.3:a:atlassian:jira:4.4:*:*:*:*:*:*:* | cpe:2.3:a:atlassian:jira:4.4.1:*:*:*:*:*:*:* | cpe:2.3:a:atlassian:jira:4.4.2:*:*:*:*:*:*:* | cpe:2.3:a:atlassian:jira:4.4.3:*:*:*:*:*:*:*
CVE-2017-6077,CISA,True,False,ping.cgi on NETGEAR DGN2200 devices with firmware through 10.0.0.50 allows remote authenticated users to execute arbitrary OS commands via shell metacharacters in the ping_IPAddr field of an HTTP POST request.,9.8,CRITICAL,CVSS:3.1/AV:N/AC:L/PR:N/UI:N/S:U/C:H/I:H/A:H,3.9,5.9,10.0,HIGH,AV:N/AC:L/Au:N/C:C/I:C/A:C,10.0,10.0,CWE-78,2,cpe:2.3:o:netgear:dgn2200_firmware:*:*:*:*:*:*:*:* | cpe:2.3:h:netgear:dgn2200:-:*:*:*:*:*:*:*
CVE-2017-6090,NUCLEI,False,True,"Unrestricted file upload vulnerability in clients/editclient.php in PhpCollab 2.5.1 and earlier allows remote authenticated users to execute arbitrary code by uploading a file with an executable extension, then accessing it via a direct request to the file in logos_clients/.",,,,,,6.5,MEDIUM,AV:N/AC:L/Au:S/C:P/I:P/A:P,8.0,6.4,CWE-434,1,cpe:2.3:a:phpcollab:phpcollab:*:*:*:*:*:*:*:*
CVE-2017-6316,CISA,True,False,"Citrix NetScaler SD-WAN devices through v9.1.2.26.561201 allow remote attackers to execute arbitrary shell commands as root via a CGISESSID cookie. On CloudBridge (the former name of NetScaler SD-WAN) devices, the cookie name was CAKEPHP rather than CGISESSID.",9.8,CRITICAL,CVSS:3.1/AV:N/AC:L/PR:N/UI:N/S:U/C:H/I:H/A:H,3.9,5.9,10.0,HIGH,AV:N/AC:L/Au:N/C:C/I:C/A:C,10.0,10.0,NVD-CWE-noinfo,1,cpe:2.3:a:citrix:netscaler_sd-wan:*:*:*:*:*:*:*:*
CVE-2017-6327,CISA,True,False,"The Symantec Messaging Gateway before 10.6.3-267 can encounter an issue of remote code execution, which describes a situation whereby an individual may obtain the ability to execute commands remotely on a target machine or in a target process. In this type of occurrence, after gaining access to the system, the attacker may attempt to elevate their privileges.",8.8,HIGH,CVSS:3.1/AV:N/AC:L/PR:L/UI:N/S:U/C:H/I:H/A:H,2.8,5.9,6.5,MEDIUM,AV:N/AC:L/Au:S/C:P/I:P/A:P,8.0,6.4,NVD-CWE-noinfo | CWE-77,1,cpe:2.3:a:symantec:message_gateway:*:*:*:*:*:*:*:*
CVE-2017-6334,CISA,True,False,"dnslookup.cgi on NETGEAR DGN2200 devices with firmware through 10.0.0.50 allows remote authenticated users to execute arbitrary OS commands via shell metacharacters in the host_name field of an HTTP POST request, a different vulnerability than CVE-2017-6077.",8.8,HIGH,CVSS:3.1/AV:N/AC:L/PR:L/UI:N/S:U/C:H/I:H/A:H,2.8,5.9,9.0,HIGH,AV:N/AC:L/Au:S/C:C/I:C/A:C,8.0,10.0,CWE-78,5,cpe:2.3:o:netgear:dgn2200_series_firmware:*:*:*:*:*:*:*:* | cpe:2.3:h:netgear:dgn2200v1:-:*:*:*:*:*:*:* | cpe:2.3:h:netgear:dgn2200v2:-:*:*:*:*:*:*:* | cpe:2.3:h:netgear:dgn2200v3:-:*:*:*:*:*:*:* | cpe:2.3:h:netgear:dgn2200v4:-:*:*:*:*:*:*:*
CVE-2017-6478,NUCLEI,False,True,paintballrefjosh/MaNGOSWebV4 before 4.0.8 is vulnerable to a reflected XSS in install/index.php (step parameter).,6.1,MEDIUM,CVSS:3.1/AV:N/AC:L/PR:N/UI:R/S:C/C:L/I:L/A:N,2.8,2.7,4.3,MEDIUM,AV:N/AC:M/Au:N/C:N/I:P/A:N,8.6,2.9,CWE-79,1,cpe:2.3:a:mangoswebv4_project:mangoswebv4:*:*:*:*:*:*:*:*
CVE-2017-6627,CISA,True,False,"A vulnerability in the UDP processing code of Cisco IOS 15.1, 15.2, and 15.4 and IOS XE 3.14 through 3.18 could allow an unauthenticated, remote attacker to cause the input queue of an affected system to hold UDP packets, causing an interface queue wedge and a denial of service (DoS) condition. The vulnerability is due to Cisco IOS Software application changes that create UDP sockets and leave the sockets idle without closing them. An attacker could exploit this vulnerability by sending UDP packets with a destination port of 0 to an affected device. A successful exploit could allow the attacker to cause UDP packets to be held in the input interfaces queue, resulting in a DoS condition. The input interface queue will stop holding UDP packets when it receives 250 packets. Cisco Bug IDs: CSCup10024, CSCva55744, CSCva95506.",7.5,HIGH,CVSS:3.1/AV:N/AC:L/PR:N/UI:N/S:U/C:N/I:N/A:H,3.9,3.6,5.0,MEDIUM,AV:N/AC:L/Au:N/C:N/I:N/A:P,10.0,2.9,CWE-399 | CWE-404,71,cpe:2.3:o:cisco:ios:15.1\(2\)gc:*:*:*:*:*:*:* | cpe:2.3:o:cisco:ios:15.1\(2\)gc1:*:*:*:*:*:*:* | cpe:2.3:o:cisco:ios:15.1\(2\)gc2:*:*:*:*:*:*:* | cpe:2.3:o:cisco:ios:15.1\(4\)gc:*:*:*:*:*:*:* | cpe:2.3:o:cisco:ios:15.1\(4\)gc1:*:*:*:*:*:*:* | cpe:2.3:o:cisco:ios:15.1\(4\)gc2:*:*:*:*:*:*:* | cpe:2.3:o:cisco:ios:15.2\(1\)gc:*:*:*:*:*:*:* | cpe:2.3:o:cisco:ios:15.2\(1\)gc1:*:*:*:*:*:*:* | cpe:2.3:o:cisco:ios:15.2\(1\)gc2:*:*:*:*:*:*:* | cpe:2.3:o:cisco:ios:15.2\(2\)gc:*:*:*:*:*:*:*
CVE-2017-6663,CISA,True,False,"A vulnerability in the Autonomic Networking feature of Cisco IOS Software and Cisco IOS XE Software could allow an unauthenticated, adjacent attacker to cause autonomic nodes of an affected system to reload, resulting in a denial of service (DoS) condition. More Information: CSCvd88936. Known Affected Releases: Denali-16.2.1 Denali-16.3.1.",6.5,MEDIUM,CVSS:3.1/AV:A/AC:L/PR:N/UI:N/S:U/C:N/I:N/A:H,2.8,3.6,6.1,MEDIUM,AV:A/AC:L/Au:N/C:N/I:N/A:C,6.5,6.9,NVD-CWE-noinfo,186,cpe:2.3:o:cisco:ios:15.2\(3\)e:*:*:*:*:*:*:* | cpe:2.3:o:cisco:ios:15.2\(3\)e1:*:*:*:*:*:*:* | cpe:2.3:o:cisco:ios:15.2\(3\)e2:*:*:*:*:*:*:* | cpe:2.3:o:cisco:ios:15.2\(3\)e3:*:*:*:*:*:*:* | cpe:2.3:o:cisco:ios:15.2\(3\)e4:*:*:*:*:*:*:* | cpe:2.3:o:cisco:ios:15.2\(3\)e5:*:*:*:*:*:*:* | cpe:2.3:o:cisco:ios:15.2\(3a\)e:*:*:*:*:*:*:* | cpe:2.3:o:cisco:ios:15.2\(3a\)e1:*:*:*:*:*:*:* | cpe:2.3:o:cisco:ios:15.2\(3m\)e2:*:*:*:*:*:*:* | cpe:2.3:o:cisco:ios:15.2\(3m\)e3:*:*:*:*:*:*:*
CVE-2017-6736,CISA,True,False,"The Simple Network Management Protocol (SNMP) subsystem of Cisco IOS and IOS XE Software contains multiple vulnerabilities that could allow an authenticated, remote attacker to remotely execute code on an affected system or cause an affected system to reload. An attacker could exploit these vulnerabilities by sending a crafted SNMP packet to an affected system via IPv4 or IPv6. Only traffic directed to an affected system can be used to exploit these vulnerabilities.
 The vulnerabilities are due to a buffer overflow condition in the SNMP subsystem of the affected software. The vulnerabilities affect all versions of SNMP - Versions 1, 2c, and 3. To exploit these vulnerabilities via SNMP Version 2c or earlier, the attacker must know the SNMP read-only community string for the affected system. To exploit these vulnerabilities via SNMP Version 3, the attacker must have user credentials for the affected system. A successful exploit could allow the attacker to execute arbitrary code and obtain full control of the affected system or cause the affected system to reload.
 Customers are advised to apply the workaround as contained in the Workarounds section below. Fixed software information is available via the Cisco IOS Software Checker. All devices that have enabled SNMP and have not explicitly excluded the affected MIBs or OIDs should be considered vulnerable.
   There are workarounds that address these vulnerabilities.",8.8,HIGH,CVSS:3.1/AV:N/AC:L/PR:L/UI:N/S:U/C:H/I:H/A:H,2.8,5.9,9.0,HIGH,AV:N/AC:L/Au:S/C:C/I:C/A:C,8.0,10.0,CWE-119,2,cpe:2.3:o:cisco:ios:*:*:*:*:*:*:*:* | cpe:2.3:o:cisco:ios_xe:*:*:*:*:*:*:*:*
CVE-2017-6737,CISA,True,False,"A vulnerability in the SNMP implementation of could allow an authenticated, remote attacker to cause a reload of the affected system or to remotely execute code. An attacker could exploit this vulnerability by sending a crafted SNMP packet to the affected device.&nbsp;



The vulnerability is due to a buffer overflow in the affected code area. The vulnerability affects all versions of SNMP (versions 1, 2c, and 3). The attacker must know the SNMP read only community string (SNMP version 2c or earlier) or the user credentials (SNMPv3). An exploit could allow the attacker to execute arbitrary code and obtain full control of the system or to cause a reload of the affected system.



Only traffic directed to the affected system can be used to exploit this vulnerability.",8.8,HIGH,CVSS:3.1/AV:N/AC:L/PR:L/UI:N/S:U/C:H/I:H/A:H,2.8,5.9,9.0,HIGH,AV:N/AC:L/Au:S/C:C/I:C/A:C,8.0,10.0,CWE-119,2,cpe:2.3:o:cisco:ios:*:*:*:*:*:*:*:* | cpe:2.3:o:cisco:ios_xe:*:*:*:*:*:*:*:*
CVE-2017-6738,CISA,True,False,"The Simple Network Management Protocol (SNMP) subsystem of Cisco IOS and IOS XE Software contains multiple vulnerabilities that could allow an authenticated, remote attacker to remotely execute code on an affected system or cause an affected system to reload. An attacker could exploit these vulnerabilities by sending a crafted SNMP packet to an affected system via IPv4 or IPv6. Only traffic directed to an affected system can be used to exploit these vulnerabilities.
 The vulnerabilities are due to a buffer overflow condition in the SNMP subsystem of the affected software. The vulnerabilities affect all versions of SNMP - Versions 1, 2c, and 3. To exploit these vulnerabilities via SNMP Version 2c or earlier, the attacker must know the SNMP read-only community string for the affected system. To exploit these vulnerabilities via SNMP Version 3, the attacker must have user credentials for the affected system. A successful exploit could allow the attacker to execute arbitrary code and obtain full control of the affected system or cause the affected system to reload.
 Customers are advised to apply the workaround as contained in the Workarounds section below. Fixed software information is available via the Cisco IOS Software Checker. All devices that have enabled SNMP and have not explicitly excluded the affected MIBs or OIDs should be considered vulnerable.
   There are workarounds that address these vulnerabilities.",8.8,HIGH,CVSS:3.1/AV:N/AC:L/PR:L/UI:N/S:U/C:H/I:H/A:H,2.8,5.9,9.0,HIGH,AV:N/AC:L/Au:S/C:C/I:C/A:C,8.0,10.0,CWE-119,2,cpe:2.3:o:cisco:ios:*:*:*:*:*:*:*:* | cpe:2.3:o:cisco:ios_xe:*:*:*:*:*:*:*:*
CVE-2017-6739,CISA,True,False,"A vulnerability in the SNMP implementation of could allow an authenticated, remote attacker to cause a reload of the affected system or to remotely execute code. An attacker could exploit this vulnerability by sending a crafted SNMP packet to the affected device.&nbsp;



The vulnerability is due to a buffer overflow in the affected code area. The vulnerability affects all versions of SNMP (versions 1, 2c, and 3). The attacker must know the SNMP read only community string (SNMP version 2c or earlier) or the user credentials (SNMPv3). An exploit could allow the attacker to execute arbitrary code and obtain full control of the system or to cause a reload of the affected system.



Only traffic directed to the affected system can be used to exploit this vulnerability.",8.8,HIGH,CVSS:3.1/AV:N/AC:L/PR:L/UI:N/S:U/C:H/I:H/A:H,2.8,5.9,9.0,HIGH,AV:N/AC:L/Au:S/C:C/I:C/A:C,8.0,10.0,CWE-119,2,cpe:2.3:o:cisco:ios:*:*:*:*:*:*:*:* | cpe:2.3:o:cisco:ios_xe:*:*:*:*:*:*:*:*
CVE-2017-6740,CISA,True,False,"The Simple Network Management Protocol (SNMP) subsystem of Cisco IOS and IOS XE Software contains multiple vulnerabilities that could allow an authenticated, remote attacker to remotely execute code on an affected system or cause an affected system to reload. An attacker could exploit these vulnerabilities by sending a crafted SNMP packet to an affected system via IPv4 or IPv6. Only traffic directed to an affected system can be used to exploit these vulnerabilities.
 The vulnerabilities are due to a buffer overflow condition in the SNMP subsystem of the affected software. The vulnerabilities affect all versions of SNMP - Versions 1, 2c, and 3. To exploit these vulnerabilities via SNMP Version 2c or earlier, the attacker must know the SNMP read-only community string for the affected system. To exploit these vulnerabilities via SNMP Version 3, the attacker must have user credentials for the affected system. A successful exploit could allow the attacker to execute arbitrary code and obtain full control of the affected system or cause the affected system to reload.
 Customers are advised to apply the workaround as contained in the Workarounds section below. Fixed software information is available via the Cisco IOS Software Checker. All devices that have enabled SNMP and have not explicitly excluded the affected MIBs or OIDs should be considered vulnerable.
   There are workarounds that address these vulnerabilities.",8.8,HIGH,CVSS:3.1/AV:N/AC:L/PR:L/UI:N/S:U/C:H/I:H/A:H,2.8,5.9,9.0,HIGH,AV:N/AC:L/Au:S/C:C/I:C/A:C,8.0,10.0,CWE-119,2,cpe:2.3:o:cisco:ios:*:*:*:*:*:*:*:* | cpe:2.3:o:cisco:ios_xe:*:*:*:*:*:*:*:*
CVE-2017-6742,CISA,True,False,"A vulnerability in the SNMP implementation of could allow an authenticated, remote attacker to cause a reload of the affected system or to remotely execute code. An attacker could exploit this vulnerability by sending a crafted SNMP packet to the affected device.&nbsp;



The vulnerability is due to a buffer overflow in the affected code area. The vulnerability affects all versions of SNMP (versions 1, 2c, and 3). The attacker must know the SNMP read only community string (SNMP version 2c or earlier) or the user credentials (SNMPv3). An exploit could allow the attacker to execute arbitrary code and obtain full control of the system or to cause a reload of the affected system.



Only traffic directed to the affected system can be used to exploit this vulnerability.",8.8,HIGH,CVSS:3.1/AV:N/AC:L/PR:L/UI:N/S:U/C:H/I:H/A:H,2.8,5.9,9.0,HIGH,AV:N/AC:L/Au:S/C:C/I:C/A:C,8.0,10.0,CWE-119,2,cpe:2.3:o:cisco:ios:*:*:*:*:*:*:*:* | cpe:2.3:o:cisco:ios_xe:*:*:*:*:*:*:*:*
CVE-2017-6743,CISA,True,False,"The Simple Network Management Protocol (SNMP) subsystem of Cisco IOS and IOS XE Software contains multiple vulnerabilities that could allow an authenticated, remote attacker to remotely execute code on an affected system or cause an affected system to reload. An attacker could exploit these vulnerabilities by sending a crafted SNMP packet to an affected system via IPv4 or IPv6. Only traffic directed to an affected system can be used to exploit these vulnerabilities.

The vulnerabilities are due to a buffer overflow condition in the SNMP subsystem of the affected software. The vulnerabilities affect all versions of SNMP - Versions 1, 2c, and 3. To exploit these vulnerabilities via SNMP Version 2c or earlier, the attacker must know the SNMP read-only community string for the affected system. To exploit these vulnerabilities via SNMP Version 3, the attacker must have user credentials for the affected system. A successful exploit could allow the attacker to execute arbitrary code and obtain full control of the affected system or cause the affected system to reload.

Customers are advised to apply the workaround as contained in the Workarounds section below. Fixed software information is available via the Cisco IOS Software Checker. All devices that have enabled SNMP and have not explicitly excluded the affected MIBs or OIDs should be considered vulnerable.

  There are workarounds that address these vulnerabilities.",8.8,HIGH,CVSS:3.1/AV:N/AC:L/PR:L/UI:N/S:U/C:H/I:H/A:H,2.8,5.9,9.0,HIGH,AV:N/AC:L/Au:S/C:C/I:C/A:C,8.0,10.0,CWE-119,2,cpe:2.3:o:cisco:ios:*:*:*:*:*:*:*:* | cpe:2.3:o:cisco:ios_xe:*:*:*:*:*:*:*:*
CVE-2017-6744,CISA,True,False,"The Simple Network Management Protocol (SNMP) subsystem of Cisco IOS and IOS XE Software contains multiple vulnerabilities that could allow an authenticated, remote attacker to remotely execute code on an affected system or cause an affected system to reload. An attacker could exploit these vulnerabilities by sending a crafted SNMP packet to an affected system via IPv4 or IPv6. Only traffic directed to an affected system can be used to exploit these vulnerabilities.
 The vulnerabilities are due to a buffer overflow condition in the SNMP subsystem of the affected software. The vulnerabilities affect all versions of SNMP - Versions 1, 2c, and 3. To exploit these vulnerabilities via SNMP Version 2c or earlier, the attacker must know the SNMP read-only community string for the affected system. To exploit these vulnerabilities via SNMP Version 3, the attacker must have user credentials for the affected system. A successful exploit could allow the attacker to execute arbitrary code and obtain full control of the affected system or cause the affected system to reload.
 Customers are advised to apply the workaround as contained in the Workarounds section below. Fixed software information is available via the Cisco IOS Software Checker. All devices that have enabled SNMP and have not explicitly excluded the affected MIBs or OIDs should be considered vulnerable.
   There are workarounds that address these vulnerabilities.",8.8,HIGH,CVSS:3.1/AV:N/AC:L/PR:L/UI:N/S:U/C:H/I:H/A:H,2.8,5.9,9.0,HIGH,AV:N/AC:L/Au:S/C:C/I:C/A:C,8.0,10.0,CWE-119,347,cpe:2.3:o:cisco:ios:12.2\(33\)sxi:*:*:*:*:*:*:* | cpe:2.3:o:cisco:ios:12.2\(33\)sxi1:*:*:*:*:*:*:* | cpe:2.3:o:cisco:ios:12.2\(50\)se:*:*:*:*:*:*:* | cpe:2.3:o:cisco:ios:12.2\(50\)se1:*:*:*:*:*:*:* | cpe:2.3:o:cisco:ios:12.2\(50\)se2:*:*:*:*:*:*:* | cpe:2.3:o:cisco:ios:12.2\(50\)se3:*:*:*:*:*:*:* | cpe:2.3:o:cisco:ios:12.2\(50\)se4:*:*:*:*:*:*:* | cpe:2.3:o:cisco:ios:12.2\(50\)se5:*:*:*:*:*:*:* | cpe:2.3:o:cisco:ios:12.2\(50\)sg:*:*:*:*:*:*:* | cpe:2.3:o:cisco:ios:12.2\(50\)sg1:*:*:*:*:*:*:*
CVE-2017-6862,CISA,True,False,"NETGEAR WNR2000v3 devices before 1.1.2.14, WNR2000v4 devices before 1.0.0.66, and WNR2000v5 devices before 1.0.0.42 allow authentication bypass and remote code execution via a buffer overflow that uses a parameter in the administration webapp. The NETGEAR ID is PSV-2016-0261.",9.8,CRITICAL,CVSS:3.1/AV:N/AC:L/PR:N/UI:N/S:U/C:H/I:H/A:H,3.9,5.9,7.5,HIGH,AV:N/AC:L/Au:N/C:P/I:P/A:P,10.0,6.4,CWE-120,4,cpe:2.3:o:netgear:wnr2000_firmware:*:*:*:*:*:*:*:* | cpe:2.3:h:netgear:wnr2000:v5:*:*:*:*:*:*:* | cpe:2.3:h:netgear:wnr2000:v4:*:*:*:*:*:*:* | cpe:2.3:h:netgear:wnr2000:v3:*:*:*:*:*:*:*
CVE-2017-6884,CISA,True,False,"A command injection vulnerability was discovered on the Zyxel EMG2926 home router with firmware V1.00(AAQT.4)b8. The vulnerability is located in the diagnostic tools, specifically the nslookup function. A malicious user may exploit numerous vectors to execute arbitrary commands on the router, such as the ping_ip parameter to the expert/maintenance/diagnostic/nslookup URI.",8.8,HIGH,CVSS:3.1/AV:N/AC:L/PR:L/UI:N/S:U/C:H/I:H/A:H,2.8,5.9,9.0,HIGH,AV:N/AC:L/Au:S/C:C/I:C/A:C,8.0,10.0,CWE-78,2,cpe:2.3:o:zyxel:emg2926_firmware:v1.00\(aaqt.4\)b8:*:*:*:*:*:*:* | cpe:2.3:h:zyxel:emg2926:-:*:*:*:*:*:*:*
CVE-2017-7269,CISA + NUCLEI,True,True,"Buffer overflow in the ScStoragePathFromUrl function in the WebDAV service in Internet Information Services (IIS) 6.0 in Microsoft Windows Server 2003 R2 allows remote attackers to execute arbitrary code via a long header beginning with ""If: <http://"" in a PROPFIND request, as exploited in the wild in July or August 2016.",9.8,CRITICAL,CVSS:3.1/AV:N/AC:L/PR:N/UI:N/S:U/C:H/I:H/A:H,3.9,5.9,10.0,HIGH,AV:N/AC:L/Au:N/C:C/I:C/A:C,10.0,10.0,CWE-120,2,cpe:2.3:a:microsoft:internet_information_services:6.0:*:*:*:*:*:*:* | cpe:2.3:o:microsoft:windows_server_2003:r2:*:*:*:*:*:*:*
CVE-2017-7391,NUCLEI,False,True,A Cross-Site Scripting (XSS) was discovered in 'Magmi 0.7.22'. The vulnerability exists due to insufficient filtration of user-supplied data (prefix) passed to the 'magmi-git-master/magmi/web/ajax_gettime.php' URL. An attacker could execute arbitrary HTML and script code in a browser in the context of the vulnerable website.,,,,,,4.3,MEDIUM,AV:N/AC:M/Au:N/C:N/I:P/A:N,8.6,2.9,CWE-79,1,cpe:2.3:a:magmi_project:magmi:0.7.22:*:*:*:*:*:*:*
CVE-2017-7494,CISA,True,False,"Samba since version 3.5.0 and before 4.6.4, 4.5.10 and 4.4.14 is vulnerable to remote code execution vulnerability, allowing a malicious client to upload a shared library to a writable share, and then cause the server to load and execute it.",9.8,CRITICAL,CVSS:3.1/AV:N/AC:L/PR:N/UI:N/S:U/C:H/I:H/A:H,3.9,5.9,10.0,HIGH,AV:N/AC:L/Au:N/C:C/I:C/A:C,10.0,10.0,CWE-94,2,cpe:2.3:a:samba:samba:*:*:*:*:*:*:*:* | cpe:2.3:o:debian:debian_linux:8.0:*:*:*:*:*:*:*
CVE-2017-7615,NUCLEI,False,True,MantisBT through 2.3.0 allows arbitrary password reset and unauthenticated admin access via an empty confirm_hash value to verify.php.,8.8,HIGH,CVSS:3.1/AV:N/AC:L/PR:L/UI:N/S:U/C:H/I:H/A:H,2.8,5.9,6.5,MEDIUM,AV:N/AC:L/Au:S/C:P/I:P/A:P,8.0,6.4,CWE-640,1,cpe:2.3:a:mantisbt:mantisbt:*:*:*:*:*:*:*:*
CVE-2017-7855,NUCLEI,False,True,"In the webmail component in IceWarp Server 11.3.1.5, there was an XSS vulnerability discovered in the ""language"" parameter.",,,,,,4.3,MEDIUM,AV:N/AC:M/Au:N/C:N/I:P/A:N,8.6,2.9,CWE-79,1,cpe:2.3:a:icewarp:server:11.3.1.5:*:*:*:*:*:*:*
CVE-2017-7921,CISA + NUCLEI,True,True,"An Improper Authentication issue was discovered in Hikvision DS-2CD2xx2F-I Series V5.2.0 build 140721 to V5.4.0 build 160530, DS-2CD2xx0F-I Series V5.2.0 build 140721 to V5.4.0 Build 160401, DS-2CD2xx2FWD Series V5.3.1 build 150410 to V5.4.4 Build 161125, DS-2CD4x2xFWD Series V5.2.0 build 140721 to V5.4.0 Build 160414, DS-2CD4xx5 Series V5.2.0 build 140721 to V5.4.0 Build 160421, DS-2DFx Series V5.2.0 build 140805 to V5.4.5 Build 160928, and DS-2CD63xx Series V5.0.9 build 140305 to V5.3.5 Build 160106 devices. The improper authentication vulnerability occurs when an application does not adequately or correctly authenticate users. This may allow a malicious user to escalate his or her privileges on the system and gain access to sensitive information.",9.8,CRITICAL,CVSS:3.1/AV:N/AC:L/PR:N/UI:N/S:U/C:H/I:H/A:H,3.9,5.9,7.5,HIGH,AV:N/AC:L/Au:N/C:P/I:P/A:P,10.0,6.4,CWE-287,116,cpe:2.3:o:hikvision:ds-2cd2032-i_firmware:-:*:*:*:*:*:*:* | cpe:2.3:o:hikvision:ds-2cd2112-i_firmware:-:*:*:*:*:*:*:* | cpe:2.3:o:hikvision:ds-2cd2132-i_firmware:-:*:*:*:*:*:*:* | cpe:2.3:o:hikvision:ds-2cd2212-i5_firmware:-:*:*:*:*:*:*:* | cpe:2.3:o:hikvision:ds-2cd2232-i5_firmware:-:*:*:*:*:*:*:* | cpe:2.3:o:hikvision:ds-2cd2312-i_firmware:-:*:*:*:*:*:*:* | cpe:2.3:o:hikvision:ds-2cd2332-i_firmware:-:*:*:*:*:*:*:* | cpe:2.3:o:hikvision:ds-2cd2412f-i\(w\)_firmware:-:*:*:*:*:*:*:* | cpe:2.3:o:hikvision:ds-2cd2432f-i\(w\)_firmware:-:*:*:*:*:*:*:* | cpe:2.3:o:hikvision:ds-2cd2512f-i\(s\)_firmware:-:*:*:*:*:*:*:*
CVE-2017-7925,NUCLEI,False,True,"A Password in Configuration File issue was discovered in Dahua DH-IPC-HDBW23A0RN-ZS, DH-IPC-HDBW13A0SN, DH-IPC-HDW1XXX, DH-IPC-HDW2XXX, DH-IPC-HDW4XXX, DH-IPC-HFW1XXX, DH-IPC-HFW2XXX, DH-IPC-HFW4XXX, DH-SD6CXX, DH-NVR1XXX, DH-HCVR4XXX, DH-HCVR5XXX, DHI-HCVR51A04HE-S3, DHI-HCVR51A08HE-S3, and DHI-HCVR58A32S-S2 devices. The password in configuration file vulnerability was identified, which could lead to a malicious user assuming the identity of a privileged user and gaining access to sensitive information.",,,,,,5.0,MEDIUM,AV:N/AC:L/Au:N/C:P/I:N/A:N,10.0,2.9,CWE-260 | CWE-522,30,cpe:2.3:o:dahuasecurity:dh-ipc-hdbw23a0rn-zs_firmware:-:*:*:*:*:*:*:* | cpe:2.3:h:dahuasecurity:dh-ipc-hdbw23a0rn-zs:-:*:*:*:*:*:*:* | cpe:2.3:o:dahuasecurity:dh-ipc-hdbw13a0sn_firmware:-:*:*:*:*:*:*:* | cpe:2.3:h:dahuasecurity:dh-ipc-hdbw13a0sn:-:*:*:*:*:*:*:* | cpe:2.3:o:dahuasecurity:dh-ipc-hdw1xxx_firmware:-:*:*:*:*:*:*:* | cpe:2.3:h:dahuasecurity:dh-ipc-hdw1xxx:-:*:*:*:*:*:*:* | cpe:2.3:o:dahuasecurity:dh-ipc-hdw2xxx_firmware:-:*:*:*:*:*:*:* | cpe:2.3:h:dahuasecurity:dh-ipc-hdw2xxx:-:*:*:*:*:*:*:* | cpe:2.3:o:dahuasecurity:dh-ipc-hdw4xxx_firmware:-:*:*:*:*:*:*:* | cpe:2.3:h:dahuasecurity:dh-ipc-hdw4xxx:-:*:*:*:*:*:*:*
CVE-2017-8046,NUCLEI,False,True,"Malicious PATCH requests submitted to servers using Spring Data REST versions prior to 2.6.9 (Ingalls SR9), versions prior to 3.0.1 (Kay SR1) and Spring Boot versions prior to 1.5.9, 2.0 M6 can use specially crafted JSON data to run arbitrary Java code.",,,,,,7.5,HIGH,AV:N/AC:L/Au:N/C:P/I:P/A:P,10.0,6.4,CWE-20,15,cpe:2.3:a:vmware:spring_boot:*:*:*:*:*:*:*:* | cpe:2.3:a:vmware:spring_boot:2.0.0:milestone1:*:*:*:*:*:* | cpe:2.3:a:vmware:spring_boot:2.0.0:milestone2:*:*:*:*:*:* | cpe:2.3:a:vmware:spring_boot:2.0.0:milestone3:*:*:*:*:*:* | cpe:2.3:a:vmware:spring_boot:2.0.0:milestone4:*:*:*:*:*:* | cpe:2.3:a:vmware:spring_boot:2.0.0:milestone5:*:*:*:*:*:* | cpe:2.3:a:pivotal_software:spring_data_rest:*:*:*:*:*:*:*:* | cpe:2.3:a:pivotal_software:spring_data_rest:3.0.0:*:*:*:*:*:*:* | cpe:2.3:a:pivotal_software:spring_data_rest:3.0.0:m1:*:*:*:*:*:* | cpe:2.3:a:pivotal_software:spring_data_rest:3.0.0:m2:*:*:*:*:*:*
CVE-2017-8229,NUCLEI,False,True,"Amcrest IPM-721S V2.420.AC00.16.R.20160909 devices allow an unauthenticated attacker to download the administrative credentials. If the firmware version V2.420.AC00.16.R 9/9/2016 is dissected using binwalk tool, one obtains a _user-x.squashfs.img.extracted archive which contains the filesystem set up on the device that many of the binaries in the /usr folder. The binary ""sonia"" is the one that has the vulnerable function that sets up the default credentials on the device. If one opens this binary in IDA-pro one will notice that this follows a ARM little endian format. The function sub_436D6 in IDA pro is identified to be setting up the configuration for the device. If one scrolls to the address 0x000437C2 then one can see that /current_config is being set as an ALIAS for /mnt/mtd/Config folder on the device. If one TELNETs into the device and navigates to /mnt/mtd/Config folder, one can observe that it contains various files such as Account1, Account2, SHAACcount1, etc. This means that if one navigates to http://[IPofcamera]/current_config/Sha1Account1 then one should be able to view the content of the files. The security researchers assumed that this was only possible only after authentication to the device. However, when unauthenticated access tests were performed for the same URL as provided above, it was observed that the device file could be downloaded without any authentication.",,,,,,5.0,MEDIUM,AV:N/AC:L/Au:N/C:P/I:N/A:N,10.0,2.9,CWE-255,2,cpe:2.3:o:amcrest:ipm-721s_firmware:*:*:*:*:*:*:*:* | cpe:2.3:h:amcrest:ipm-721s:-:*:*:*:*:*:*:*
CVE-2017-8291,CISA,True,False,"Artifex Ghostscript through 2017-04-26 allows -dSAFER bypass and remote command execution via .rsdparams type confusion with a ""/OutputFile (%pipe%"" substring in a crafted .eps document that is an input to the gs program, as exploited in the wild in April 2017.",7.8,HIGH,CVSS:3.1/AV:L/AC:L/PR:N/UI:R/S:U/C:H/I:H/A:H,1.8,5.9,6.8,MEDIUM,AV:N/AC:M/Au:N/C:P/I:P/A:P,8.6,6.4,CWE-843,20,cpe:2.3:a:artifex:ghostscript:*:*:*:*:*:*:*:* | cpe:2.3:o:debian:debian_linux:8.0:*:*:*:*:*:*:* | cpe:2.3:o:redhat:enterprise_linux_desktop:6.0:*:*:*:*:*:*:* | cpe:2.3:o:redhat:enterprise_linux_desktop:7.0:*:*:*:*:*:*:* | cpe:2.3:o:redhat:enterprise_linux_eus:7.3:*:*:*:*:*:*:* | cpe:2.3:o:redhat:enterprise_linux_eus:7.4:*:*:*:*:*:*:* | cpe:2.3:o:redhat:enterprise_linux_eus:7.5:*:*:*:*:*:*:* | cpe:2.3:o:redhat:enterprise_linux_eus:7.6:*:*:*:*:*:*:* | cpe:2.3:o:redhat:enterprise_linux_eus:7.7:*:*:*:*:*:*:* | cpe:2.3:o:redhat:enterprise_linux_server:6.0:*:*:*:*:*:*:*
CVE-2017-8464,CISA,True,False,"Windows Shell in Microsoft Windows Server 2008 SP2 and R2 SP1, Windows 7 SP1, Windows 8, Windows 8.1, Windows Server 2012 Gold and R2, Windows RT 8.1, Windows 10 Gold, 1511, 1607, 1703, and Windows Server 2016 allows local users or remote attackers to execute arbitrary code via a crafted .LNK file, which is not properly handled during icon display in Windows Explorer or any other application that parses the icon of the shortcut. aka ""LNK Remote Code Execution Vulnerability.""",8.8,HIGH,CVSS:3.1/AV:N/AC:L/PR:N/UI:R/S:U/C:H/I:H/A:H,2.8,5.9,9.3,HIGH,AV:N/AC:M/Au:N/C:C/I:C/A:C,8.6,10.0,NVD-CWE-noinfo,12,cpe:2.3:o:microsoft:windows_10_1511:*:*:*:*:*:*:*:* | cpe:2.3:o:microsoft:windows_10_1607:*:*:*:*:*:*:*:* | cpe:2.3:o:microsoft:windows_10_1703:*:*:*:*:*:*:*:* | cpe:2.3:o:microsoft:windows_7:-:sp1:*:*:*:*:*:* | cpe:2.3:o:microsoft:windows_8.1:-:*:*:*:*:*:*:* | cpe:2.3:o:microsoft:windows_rt_8.1:-:*:*:*:*:*:*:* | cpe:2.3:o:microsoft:windows_server_2008:-:sp2:*:*:*:*:*:* | cpe:2.3:o:microsoft:windows_server_2008:r2:sp1:*:*:*:*:itanium:* | cpe:2.3:o:microsoft:windows_server_2008:r2:sp1:*:*:*:*:x64:* | cpe:2.3:o:microsoft:windows_server_2012:-:*:*:*:*:*:*:*
CVE-2017-8540,CISA,True,False,"The Microsoft Malware Protection Engine running on Microsoft Forefront and Microsoft Defender on Microsoft Windows Server 2008 SP2 and R2 SP1, Windows 7 SP1, Windows 8.1, Windows Server 2012 Gold and R2, Windows RT 8.1, Windows 10 Gold, 1511, 1607, and 1703, and Windows Server 2016, Microsoft Exchange Server 2013 and 2016, does not properly scan a specially crafted file leading to memory corruption. aka ""Microsoft Malware Protection Engine Remote Code Execution Vulnerability"", a different vulnerability than CVE-2017-8538 and CVE-2017-8541.",7.8,HIGH,CVSS:3.1/AV:L/AC:L/PR:N/UI:R/S:U/C:H/I:H/A:H,1.8,5.9,9.3,HIGH,AV:N/AC:M/Au:N/C:C/I:C/A:C,8.6,10.0,CWE-787,23,cpe:2.3:a:microsoft:malware_protection_engine:*:*:*:*:*:*:*:* | cpe:2.3:o:microsoft:windows_10_1507:-:*:*:*:*:*:*:* | cpe:2.3:o:microsoft:windows_10_1511:-:*:*:*:*:*:*:* | cpe:2.3:o:microsoft:windows_10_1607:-:*:*:*:*:*:*:* | cpe:2.3:o:microsoft:windows_10_1703:-:*:*:*:*:*:*:* | cpe:2.3:o:microsoft:windows_7:-:sp1:*:*:*:*:*:* | cpe:2.3:o:microsoft:windows_8.1:-:*:*:*:*:*:*:* | cpe:2.3:o:microsoft:windows_rt_8.1:-:*:*:*:*:*:*:* | cpe:2.3:o:microsoft:windows_server_2008:-:sp2:*:*:*:*:*:* | cpe:2.3:o:microsoft:windows_server_2008:r2:sp1:*:*:*:*:*:*
CVE-2017-8543,CISA,True,False,"Microsoft Windows XP SP3, Windows XP x64 XP2, Windows Server 2003 SP2, Windows Vista, Windows 7 SP1, Windows Server 2008 SP2 and R2 SP1, Windows 8, Windows 8.1 and Windows RT 8.1, Windows Server 2012 and R2, Windows 10 Gold, 1511, 1607, and 1703, and Windows Server 2016 allow an attacker to take control of the affected system when Windows Search fails to handle objects in memory, aka ""Windows Search Remote Code Execution Vulnerability"".",9.8,CRITICAL,CVSS:3.1/AV:N/AC:L/PR:N/UI:N/S:U/C:H/I:H/A:H,3.9,5.9,10.0,HIGH,AV:N/AC:L/Au:N/C:C/I:C/A:C,10.0,10.0,CWE-281,17,cpe:2.3:o:microsoft:windows_10_1507:-:*:*:*:*:*:x64:* | cpe:2.3:o:microsoft:windows_10_1507:-:*:*:*:*:*:x86:* | cpe:2.3:o:microsoft:windows_10_1511:-:*:*:*:*:*:x64:* | cpe:2.3:o:microsoft:windows_10_1511:-:*:*:*:*:*:x86:* | cpe:2.3:o:microsoft:windows_10_1607:-:*:*:*:*:*:x64:* | cpe:2.3:o:microsoft:windows_10_1607:-:*:*:*:*:*:x86:* | cpe:2.3:o:microsoft:windows_10_1703:-:*:*:*:*:*:x64:* | cpe:2.3:o:microsoft:windows_10_1703:-:*:*:*:*:*:x86:* | cpe:2.3:o:microsoft:windows_7:-:sp1:*:*:*:*:*:* | cpe:2.3:o:microsoft:windows_8.1:-:*:*:*:*:*:*:*
CVE-2017-8570,CISA,True,False,"Microsoft Office allows a remote code execution vulnerability due to the way that it handles objects in memory, aka ""Microsoft Office Remote Code Execution Vulnerability"". This CVE ID is unique from CVE-2017-0243.",7.8,HIGH,CVSS:3.1/AV:L/AC:L/PR:N/UI:R/S:U/C:H/I:H/A:H,1.8,5.9,9.3,HIGH,AV:N/AC:M/Au:N/C:C/I:C/A:C,8.6,10.0,NVD-CWE-noinfo,6,cpe:2.3:a:microsoft:office:2007:sp3:*:*:*:*:*:* | cpe:2.3:a:microsoft:office:2010:sp2:*:*:*:*:*:* | cpe:2.3:a:microsoft:office:2013:sp1:*:*:*:*:*:* | cpe:2.3:a:microsoft:office:2013:sp1:*:*:rt:*:*:* | cpe:2.3:a:microsoft:office:2016:*:*:*:*:*:x64:* | cpe:2.3:a:microsoft:office:2016:*:*:*:*:*:x86:*
CVE-2017-8759,CISA,True,False,"Microsoft .NET Framework 2.0, 3.5, 3.5.1, 4.5.2, 4.6, 4.6.1, 4.6.2 and 4.7 allow an attacker to execute code remotely via a malicious document or application, aka "".NET Framework Remote Code Execution Vulnerability.""",7.8,HIGH,CVSS:3.1/AV:L/AC:L/PR:N/UI:R/S:U/C:H/I:H/A:H,1.8,5.9,9.3,HIGH,AV:N/AC:M/Au:N/C:C/I:C/A:C,8.6,10.0,NVD-CWE-noinfo | CWE-94,22,cpe:2.3:a:microsoft:.net_framework:4.5.2:*:*:*:*:*:*:* | cpe:2.3:o:microsoft:windows_7:-:sp1:*:*:*:*:*:* | cpe:2.3:o:microsoft:windows_8.1:-:*:*:*:*:*:*:* | cpe:2.3:o:microsoft:windows_rt_8.1:-:*:*:*:*:*:*:* | cpe:2.3:o:microsoft:windows_server_2008:-:sp2:*:*:*:*:*:* | cpe:2.3:o:microsoft:windows_server_2008:r2:sp1:*:*:*:*:x64:* | cpe:2.3:o:microsoft:windows_server_2012:-:*:*:*:*:*:*:* | cpe:2.3:o:microsoft:windows_server_2012:r2:*:*:*:*:*:*:* | cpe:2.3:a:microsoft:.net_framework:3.5.1:*:*:*:*:*:*:* | cpe:2.3:o:microsoft:windows_server_2008:r2:sp1:*:*:*:*:*:*
CVE-2017-8917,NUCLEI,False,True,SQL injection vulnerability in Joomla! 3.7.x before 3.7.1 allows attackers to execute arbitrary SQL commands via unspecified vectors.,,,,,,7.5,HIGH,AV:N/AC:L/Au:N/C:P/I:P/A:P,10.0,6.4,CWE-89,1,cpe:2.3:a:joomla:joomla\!:3.7.0:*:*:*:*:*:*:*
CVE-2017-9140,NUCLEI,False,True,Cross-site scripting (XSS) vulnerability in Telerik.ReportViewer.WebForms.dll in Telerik Reporting for ASP.NET WebForms Report Viewer control before R1 2017 SP2 (11.0.17.406) allows remote attackers to inject arbitrary web script or HTML via the bgColor parameter to Telerik.ReportViewer.axd.,,,,,,4.3,MEDIUM,AV:N/AC:M/Au:N/C:N/I:P/A:N,8.6,2.9,CWE-79,2,cpe:2.3:a:progress:telerik_reporting:*:*:*:*:*:*:*:* | cpe:2.3:a:progress:sitefinity_cms:*:*:*:*:*:*:*:*
CVE-2017-9248,CISA,True,False,"Telerik.Web.UI.dll in Progress Telerik UI for ASP.NET AJAX before R2 2017 SP1 and Sitefinity before 10.0.6412.0 does not properly protect Telerik.Web.UI.DialogParametersEncryptionKey or the MachineKey, which makes it easier for remote attackers to defeat cryptographic protection mechanisms, leading to a MachineKey leak, arbitrary file uploads or downloads, XSS, or ASP.NET ViewState compromise.",9.8,CRITICAL,CVSS:3.1/AV:N/AC:L/PR:N/UI:N/S:U/C:H/I:H/A:H,3.9,5.9,7.5,HIGH,AV:N/AC:L/Au:N/C:P/I:P/A:P,10.0,6.4,CWE-522,2,cpe:2.3:a:progress:sitefinity:*:*:*:*:*:*:*:* | cpe:2.3:a:telerik:ui_for_asp.net_ajax:*:*:*:*:*:*:*:*
CVE-2017-9288,NUCLEI,False,True,The Raygun4WP plugin 1.8.0 for WordPress is vulnerable to a reflected XSS in sendtesterror.php (backurl parameter).,,,,,,4.3,MEDIUM,AV:N/AC:M/Au:N/C:N/I:P/A:N,8.6,2.9,CWE-79,1,cpe:2.3:a:raygun:raygun4wp:1.8.0:*:*:*:*:wordpress:*:*
CVE-2017-9416,NUCLEI,False,True,"Directory traversal vulnerability in tools.file_open in Odoo 8.0, 9.0, and 10.0 allows remote authenticated users to read arbitrary local files readable by the Odoo service.",,,,,,4.0,MEDIUM,AV:N/AC:L/Au:S/C:P/I:N/A:N,8.0,2.9,CWE-22,3,cpe:2.3:a:odoo:odoo:8.0:*:*:*:*:*:*:* | cpe:2.3:a:odoo:odoo:9.0:*:*:*:*:*:*:* | cpe:2.3:a:odoo:odoo:10.0:*:*:*:*:*:*:*
CVE-2017-9506,NUCLEI,False,True,The IconUriServlet of the Atlassian OAuth Plugin from version 1.3.0 before version 1.9.12 and from version 2.0.0 before version 2.0.4 allows remote attackers to access the content of internal network resources and/or perform an XSS attack via Server Side Request Forgery (SSRF).,,,,,,4.3,MEDIUM,AV:N/AC:M/Au:N/C:N/I:P/A:N,8.6,2.9,CWE-918,48,cpe:2.3:a:atlassian:oauth:1.3.0:*:*:*:*:*:*:* | cpe:2.3:a:atlassian:oauth:1.3.1:*:*:*:*:*:*:* | cpe:2.3:a:atlassian:oauth:1.3.2:*:*:*:*:*:*:* | cpe:2.3:a:atlassian:oauth:1.3.3:*:*:*:*:*:*:* | cpe:2.3:a:atlassian:oauth:1.3.4:*:*:*:*:*:*:* | cpe:2.3:a:atlassian:oauth:1.3.5:*:*:*:*:*:*:* | cpe:2.3:a:atlassian:oauth:1.3.6:*:*:*:*:*:*:* | cpe:2.3:a:atlassian:oauth:1.3.7:*:*:*:*:*:*:* | cpe:2.3:a:atlassian:oauth:1.3.8:*:*:*:*:*:*:* | cpe:2.3:a:atlassian:oauth:1.3.9:*:*:*:*:*:*:*
CVE-2017-9791,CISA + NUCLEI,True,True,The Struts 1 plugin in Apache Struts 2.1.x and 2.3.x might allow remote code execution via a malicious field value passed in a raw message to the ActionMessage.,9.8,CRITICAL,CVSS:3.1/AV:N/AC:L/PR:N/UI:N/S:U/C:H/I:H/A:H,3.9,5.9,7.5,HIGH,AV:N/AC:L/Au:N/C:P/I:P/A:P,10.0,6.4,CWE-20,33,cpe:2.3:a:apache:struts:2.3.1:*:*:*:*:*:*:* | cpe:2.3:a:apache:struts:2.3.1.1:*:*:*:*:*:*:* | cpe:2.3:a:apache:struts:2.3.1.2:*:*:*:*:*:*:* | cpe:2.3:a:apache:struts:2.3.3:*:*:*:*:*:*:* | cpe:2.3:a:apache:struts:2.3.4:*:*:*:*:*:*:* | cpe:2.3:a:apache:struts:2.3.4.1:*:*:*:*:*:*:* | cpe:2.3:a:apache:struts:2.3.7:*:*:*:*:*:*:* | cpe:2.3:a:apache:struts:2.3.8:*:*:*:*:*:*:* | cpe:2.3:a:apache:struts:2.3.12:*:*:*:*:*:*:* | cpe:2.3:a:apache:struts:2.3.14:*:*:*:*:*:*:*
CVE-2017-9805,CISA + NUCLEI,True,True,"The REST Plugin in Apache Struts 2.1.1 through 2.3.x before 2.3.34 and 2.5.x before 2.5.13 uses an XStreamHandler with an instance of XStream for deserialization without any type filtering, which can lead to Remote Code Execution when deserializing XML payloads.",8.1,HIGH,CVSS:3.1/AV:N/AC:H/PR:N/UI:N/S:U/C:H/I:H/A:H,2.2,5.9,6.8,MEDIUM,AV:N/AC:M/Au:N/C:P/I:P/A:P,8.6,6.4,CWE-502,11,cpe:2.3:a:apache:struts:*:*:*:*:*:*:*:* | cpe:2.3:a:cisco:digital_media_manager:-:*:*:*:*:*:*:* | cpe:2.3:a:cisco:hosted_collaboration_solution:10.5\(1\):*:*:*:*:*:*:* | cpe:2.3:a:cisco:hosted_collaboration_solution:11.0\(1\):*:*:*:*:*:*:* | cpe:2.3:a:cisco:hosted_collaboration_solution:11.5\(1\):*:*:*:*:*:*:* | cpe:2.3:a:cisco:hosted_collaboration_solution:11.6\(1\):*:*:*:*:*:*:* | cpe:2.3:a:cisco:media_experience_engine:3.5:*:*:*:*:*:*:* | cpe:2.3:a:cisco:media_experience_engine:3.5.2:*:*:*:*:*:*:* | cpe:2.3:a:cisco:network_performance_analysis:-:*:*:*:*:*:*:* | cpe:2.3:a:cisco:video_distribution_suite_for_internet_streaming:-:*:*:*:*:*:*:*
CVE-2017-9822,CISA + NUCLEI,True,True,"DNN (aka DotNetNuke) before 9.1.1 has Remote Code Execution via a cookie, aka ""2017-08 (Critical) Possible remote code execution on DNN sites.""",8.8,HIGH,CVSS:3.1/AV:N/AC:L/PR:L/UI:N/S:U/C:H/I:H/A:H,2.8,5.9,6.5,MEDIUM,AV:N/AC:L/Au:S/C:P/I:P/A:P,8.0,6.4,CWE-94,1,cpe:2.3:a:dnnsoftware:dotnetnuke:*:*:*:*:*:*:*:*
CVE-2017-9833,NUCLEI,False,True,"/cgi-bin/wapopen in Boa 0.94.14rc21 allows the injection of ""../.."" using the FILECAMERA variable (sent by GET) to read files with root privileges. NOTE: multiple third parties report that this is a system-integrator issue (e.g., a vulnerability on one type of camera) because Boa does not include any wapopen program or any code to read a FILECAMERA variable.",7.5,HIGH,CVSS:3.1/AV:N/AC:L/PR:N/UI:N/S:U/C:H/I:N/A:N,3.9,3.6,7.8,HIGH,AV:N/AC:L/Au:N/C:C/I:N/A:N,10.0,6.9,CWE-22,1,cpe:2.3:a:boa:boa:0.94.14.21:*:*:*:*:*:*:*
CVE-2017-9841,CISA + NUCLEI,True,True,"Util/PHP/eval-stdin.php in PHPUnit before 4.8.28 and 5.x before 5.6.3 allows remote attackers to execute arbitrary PHP code via HTTP POST data beginning with a ""<?php "" substring, as demonstrated by an attack on a site with an exposed /vendor folder, i.e., external access to the /vendor/phpunit/phpunit/src/Util/PHP/eval-stdin.php URI.",9.8,CRITICAL,CVSS:3.1/AV:N/AC:L/PR:N/UI:N/S:U/C:H/I:H/A:H,3.9,5.9,7.5,HIGH,AV:N/AC:L/Au:N/C:P/I:P/A:P,10.0,6.4,CWE-94,2,cpe:2.3:a:phpunit_project:phpunit:*:*:*:*:*:*:*:* | cpe:2.3:a:oracle:communications_diameter_signaling_router:*:*:*:*:*:*:*:*
CVE-2017-9965,NUCLEI,False,True,"An exposure of sensitive information vulnerability exists in Schneider Electric's Pelco VideoXpert Enterprise versions 2.0 and prior. Using a directory traversal attack, an unauthorized person can view web server files.",,,,,,5.0,MEDIUM,AV:N/AC:L/Au:N/C:P/I:N/A:N,10.0,2.9,CWE-22,1,cpe:2.3:a:schneider-electric:pelco_videoxpert:*:*:*:*:enterprise:*:*:*
CVE-2018-0125,CISA,True,False,"A vulnerability in the web interface of the Cisco RV132W ADSL2+ Wireless-N VPN and RV134W VDSL2 Wireless-AC VPN Routers could allow an unauthenticated, remote attacker to execute arbitrary code and gain full control of an affected system, including issuing commands with root privileges. The attacker could also cause an affected system to reload, resulting in a denial of service (DoS) condition. The vulnerability is due to an incomplete input validation on user-controlled input in an HTTP request to the targeted device. An attacker could exploit this vulnerability by sending a crafted HTTP request to an affected system. A successful exploit could allow the attacker to execute arbitrary code as the root user and gain full control of the affected system or cause it to reload, resulting in a DoS condition. This vulnerability is fixed in firmware version 1.0.1.11 for the following Cisco products: RV132W ADSL2+ Wireless-N VPN Router and RV134W VDSL2 Wireless-AC VPN Router. Cisco Bug IDs: CSCvg92737, CSCvh60170.",9.8,CRITICAL,CVSS:3.1/AV:N/AC:L/PR:N/UI:N/S:U/C:H/I:H/A:H,3.9,5.9,10.0,HIGH,AV:N/AC:L/Au:N/C:C/I:C/A:C,10.0,10.0,CWE-20,4,cpe:2.3:o:cisco:rv132w_firmware:1.0:*:*:*:*:*:*:* | cpe:2.3:h:cisco:rv132w:-:*:*:*:*:*:*:* | cpe:2.3:o:cisco:rv134w_firmware:1.0:*:*:*:*:*:*:* | cpe:2.3:h:cisco:rv134w:-:*:*:*:*:*:*:*
CVE-2018-0127,NUCLEI,False,True,"A vulnerability in the web interface of Cisco RV132W ADSL2+ Wireless-N VPN Routers and Cisco RV134W VDSL2 Wireless-AC VPN Routers could allow an unauthenticated, remote attacker to view configuration parameters for an affected device, which could lead to the disclosure of confidential information. The vulnerability is due to the absence of user authentication requirements for certain pages that are part of the web interface and contain confidential information for an affected device. An attacker could exploit this vulnerability by sending a crafted HTTP request to an affected device and examining the HTTP response to the request. A successful exploit could allow the attacker to view configuration parameters, including the administrator password, for the affected device. Cisco Bug IDs: CSCvg92739, CSCvh60172.",9.8,CRITICAL,CVSS:3.1/AV:N/AC:L/PR:N/UI:N/S:U/C:H/I:H/A:H,3.9,5.9,5.0,MEDIUM,AV:N/AC:L/Au:N/C:P/I:N/A:N,10.0,2.9,CWE-200 | CWE-306,6,cpe:2.3:o:cisco:rv132w_firmware:1.0.0.1:*:*:*:*:*:*:* | cpe:2.3:o:cisco:rv132w_firmware:1.0.1.8:*:*:*:*:*:*:* | cpe:2.3:h:cisco:rv132w:-:*:*:*:*:*:*:* | cpe:2.3:o:cisco:rv134w_firmware:1.0.0.1:*:*:*:*:*:*:* | cpe:2.3:o:cisco:rv134w_firmware:1.0.1.8:*:*:*:*:*:*:* | cpe:2.3:h:cisco:rv134w:-:*:*:*:*:*:*:*
CVE-2018-0147,CISA,True,False,"A vulnerability in Java deserialization used by Cisco Secure Access Control System (ACS) prior to release 5.8 patch 9 could allow an unauthenticated, remote attacker to execute arbitrary commands on an affected device. The vulnerability is due to insecure deserialization of user-supplied content by the affected software. An attacker could exploit this vulnerability by sending a crafted serialized Java object. An exploit could allow the attacker to execute arbitrary commands on the device with root privileges. Cisco Bug IDs: CSCvh25988.",9.8,CRITICAL,CVSS:3.1/AV:N/AC:L/PR:N/UI:N/S:U/C:H/I:H/A:H,3.9,5.9,10.0,HIGH,AV:N/AC:L/Au:N/C:C/I:C/A:C,10.0,10.0,CWE-20 | CWE-502,1,cpe:2.3:a:cisco:secure_access_control_system:5.2\(0.3\):*:*:*:*:*:*:*
CVE-2018-0151,CISA,True,False,"A vulnerability in the quality of service (QoS) subsystem of Cisco IOS Software and Cisco IOS XE Software could allow an unauthenticated, remote attacker to cause a denial of service (DoS) condition or execute arbitrary code with elevated privileges. The vulnerability is due to incorrect bounds checking of certain values in packets that are destined for UDP port 18999 of an affected device. An attacker could exploit this vulnerability by sending malicious packets to an affected device. When the packets are processed, an exploitable buffer overflow condition may occur. A successful exploit could allow the attacker to execute arbitrary code on the affected device with elevated privileges. The attacker could also leverage this vulnerability to cause the device to reload, causing a temporary DoS condition while the device is reloading. The malicious packets must be destined to and processed by an affected device. Traffic transiting a device will not trigger the vulnerability. Cisco Bug IDs: CSCvf73881.",9.8,CRITICAL,CVSS:3.1/AV:N/AC:L/PR:N/UI:N/S:U/C:H/I:H/A:H,3.9,5.9,10.0,HIGH,AV:N/AC:L/Au:N/C:C/I:C/A:C,10.0,10.0,CWE-119,2,cpe:2.3:o:cisco:ios_xe:16.5.1:*:*:*:*:*:*:* | cpe:2.3:o:cisco:ios_xe:-:*:*:*:*:*:*:*
CVE-2018-0154,CISA,True,False,"A vulnerability in the crypto engine of the Cisco Integrated Services Module for VPN (ISM-VPN) running Cisco IOS Software could allow an unauthenticated, remote attacker to cause a denial of service (DoS) condition on an affected device. The vulnerability is due to insufficient handling of VPN traffic by the affected device. An attacker could exploit this vulnerability by sending crafted VPN traffic to an affected device. A successful exploit could allow the attacker to cause the affected device to hang or crash, resulting in a DoS condition. Cisco Bug IDs: CSCvd39267.",7.5,HIGH,CVSS:3.1/AV:N/AC:L/PR:N/UI:N/S:U/C:N/I:N/A:H,3.9,3.6,7.8,HIGH,AV:N/AC:L/Au:N/C:N/I:N/A:C,10.0,6.9,CWE-399 | NVD-CWE-noinfo,236,cpe:2.3:o:cisco:ios:-:*:*:*:*:*:*:* | cpe:2.3:h:cisco:1000_integrated_services_router:-:*:*:*:*:*:*:* | cpe:2.3:h:cisco:1100-4g\/6g_integrated_services_router:-:*:*:*:*:*:*:* | cpe:2.3:h:cisco:1100-4g_integrated_services_router:-:*:*:*:*:*:*:* | cpe:2.3:h:cisco:1100-4gltegb_integrated_services_router:-:*:*:*:*:*:*:* | cpe:2.3:h:cisco:1100-4gltena_integrated_services_router:-:*:*:*:*:*:*:* | cpe:2.3:h:cisco:1100-4p_integrated_services_router:-:*:*:*:*:*:*:* | cpe:2.3:h:cisco:1100-6g_integrated_services_router:-:*:*:*:*:*:*:* | cpe:2.3:h:cisco:1100-8p_integrated_services_router:-:*:*:*:*:*:*:* | cpe:2.3:h:cisco:1100-lte_integrated_services_router:-:*:*:*:*:*:*:*
CVE-2018-0155,CISA,True,False,"A vulnerability in the Bidirectional Forwarding Detection (BFD) offload implementation of Cisco Catalyst 4500 Series Switches and Cisco Catalyst 4500-X Series Switches could allow an unauthenticated, remote attacker to cause a crash of the iosd process, causing a denial of service (DoS) condition. The vulnerability is due to insufficient error handling when the BFD header in a BFD packet is incomplete. An attacker could exploit this vulnerability by sending a crafted BFD message to or across an affected switch. A successful exploit could allow the attacker to trigger a reload of the system. This vulnerability affects Catalyst 4500 Supervisor Engine 6-E (K5), Catalyst 4500 Supervisor Engine 6L-E (K10), Catalyst 4500 Supervisor Engine 7-E (K10), Catalyst 4500 Supervisor Engine 7L-E (K10), Catalyst 4500E Supervisor Engine 8-E (K10), Catalyst 4500E Supervisor Engine 8L-E (K10), Catalyst 4500E Supervisor Engine 9-E (K10), Catalyst 4500-X Series Switches (K10), Catalyst 4900M Switch (K5), Catalyst 4948E Ethernet Switch (K5). Cisco Bug IDs: CSCvc40729.",8.6,HIGH,CVSS:3.1/AV:N/AC:L/PR:N/UI:N/S:C/C:N/I:N/A:H,3.9,4.0,7.8,HIGH,AV:N/AC:L/Au:N/C:N/I:N/A:C,10.0,6.9,CWE-388 | CWE-755,13,cpe:2.3:o:cisco:ios:3.6\(2\)e:*:*:*:*:*:*:* | cpe:2.3:o:cisco:ios_xe:3.6\(2\)e:*:*:*:*:*:*:* | cpe:2.3:h:cisco:catalyst_4500-x_series_switches_\(k10\):-:*:*:*:*:*:*:* | cpe:2.3:h:cisco:catalyst_4500_supervisor_engine_6-e_\(k5\):-:*:*:*:*:*:*:* | cpe:2.3:h:cisco:catalyst_4500_supervisor_engine_6l-e_\(k10\):-:*:*:*:*:*:*:* | cpe:2.3:h:cisco:catalyst_4500_supervisor_engine_7-e_\(k10\):-:*:*:*:*:*:*:* | cpe:2.3:h:cisco:catalyst_4500_supervisor_engine_7l-e_\(k10\):-:*:*:*:*:*:*:* | cpe:2.3:h:cisco:catalyst_4500e_supervisor_engine_8-e_\(k10\):-:*:*:*:*:*:*:* | cpe:2.3:h:cisco:catalyst_4500e_supervisor_engine_8l-e_\(k10\):-:*:*:*:*:*:*:* | cpe:2.3:h:cisco:catalyst_4500e_supervisor_engine_9-e_\(k10\):-:*:*:*:*:*:*:*
CVE-2018-0156,CISA,True,False,"A vulnerability in the Smart Install feature of Cisco IOS Software and Cisco IOS XE Software could allow an unauthenticated, remote attacker to trigger a reload of an affected device, resulting in a denial of service (DoS) condition. The vulnerability is due to improper validation of packet data. An attacker could exploit this vulnerability by sending a crafted packet to an affected device on TCP port 4786. Only Smart Install client switches are affected. Cisco devices that are configured as a Smart Install director are not affected by this vulnerability. Cisco Bug IDs: CSCvd40673.",7.5,HIGH,CVSS:3.1/AV:N/AC:L/PR:N/UI:N/S:U/C:N/I:N/A:H,3.9,3.6,7.8,HIGH,AV:N/AC:L/Au:N/C:N/I:N/A:C,10.0,6.9,CWE-399 | CWE-20,151,cpe:2.3:o:cisco:ios:15.2\(2\)e4:*:*:*:*:*:*:* | cpe:2.3:o:cisco:ios:15.2\(2a\)ja:*:*:*:*:*:*:* | cpe:2.3:h:cisco:catalyst_2960-plus_24lc-l:-:*:*:*:*:*:*:* | cpe:2.3:h:cisco:catalyst_2960-plus_24lc-s:-:*:*:*:*:*:*:* | cpe:2.3:h:cisco:catalyst_2960-plus_24pc-l:-:*:*:*:*:*:*:* | cpe:2.3:h:cisco:catalyst_2960-plus_24pc-s:-:*:*:*:*:*:*:* | cpe:2.3:h:cisco:catalyst_2960-plus_24tc-l:-:*:*:*:*:*:*:* | cpe:2.3:h:cisco:catalyst_2960-plus_24tc-s:-:*:*:*:*:*:*:* | cpe:2.3:h:cisco:catalyst_2960-plus_48pst-l:-:*:*:*:*:*:*:* | cpe:2.3:h:cisco:catalyst_2960-plus_48pst-s:-:*:*:*:*:*:*:*
CVE-2018-0158,CISA,True,False,"A vulnerability in the Internet Key Exchange Version 2 (IKEv2) module of Cisco IOS Software and Cisco IOS XE Software could allow an unauthenticated, remote attacker to cause a memory leak or a reload of an affected device that leads to a denial of service (DoS) condition. The vulnerability is due to incorrect processing of certain IKEv2 packets. An attacker could exploit this vulnerability by sending crafted IKEv2 packets to an affected device to be processed. A successful exploit could cause an affected device to continuously consume memory and eventually reload, resulting in a DoS condition. Cisco Bug IDs: CSCvf22394.",8.6,HIGH,CVSS:3.1/AV:N/AC:L/PR:N/UI:N/S:C/C:N/I:N/A:H,3.9,4.0,7.8,HIGH,AV:N/AC:L/Au:N/C:N/I:N/A:C,10.0,6.9,CWE-20 | CWE-401,30,cpe:2.3:o:cisco:ios:15.5\(3\)s1.1:*:*:*:*:*:*:* | cpe:2.3:o:cisco:ios:15.5\(3\)s1.2:*:*:*:*:*:*:* | cpe:2.3:o:cisco:ios:15.5\(3\)s1.4:*:*:*:*:*:*:* | cpe:2.3:o:cisco:ios:15.5\(3\)s1.5:*:*:*:*:*:*:* | cpe:2.3:o:cisco:ios:15.5\(3\)s1.7:*:*:*:*:*:*:* | cpe:2.3:o:cisco:ios:15.5\(3\)s1.8:*:*:*:*:*:*:* | cpe:2.3:o:cisco:ios:15.5\(3\)s1.9:*:*:*:*:*:*:* | cpe:2.3:o:cisco:ios:15.5\(3\)s1.10:*:*:*:*:*:*:* | cpe:2.3:o:cisco:ios:15.5\(3\)s1.11:*:*:*:*:*:*:* | cpe:2.3:o:cisco:ios:15.5\(3\)s1.12:*:*:*:*:*:*:*
CVE-2018-0159,CISA,True,False,"A vulnerability in the implementation of Internet Key Exchange Version 1 (IKEv1) functionality in Cisco IOS Software and Cisco IOS XE Software could allow an unauthenticated, remote attacker to cause an affected device to reload, resulting in a denial of service (DoS) condition. The vulnerability is due to improper validation of specific IKEv1 packets. An attacker could exploit this vulnerability by sending crafted IKEv1 packets to an affected device during an IKE negotiation. A successful exploit could allow the attacker to cause an affected device to reload, resulting in a DoS condition. Cisco Bug IDs: CSCuj73916.",7.5,HIGH,CVSS:3.1/AV:N/AC:L/PR:N/UI:N/S:U/C:N/I:N/A:H,3.9,3.6,7.8,HIGH,AV:N/AC:L/Au:N/C:N/I:N/A:C,10.0,6.9,CWE-20 | NVD-CWE-noinfo,14,cpe:2.3:o:cisco:ios:15.3\(3\)s:*:*:*:*:*:*:* | cpe:2.3:h:cisco:asr_901-12c-f-d:-:*:*:*:*:*:*:* | cpe:2.3:h:cisco:asr_901-12c-ft-d:-:*:*:*:*:*:*:* | cpe:2.3:h:cisco:asr_901-4c-f-d:-:*:*:*:*:*:*:* | cpe:2.3:h:cisco:asr_901-4c-ft-d:-:*:*:*:*:*:*:* | cpe:2.3:h:cisco:asr_901-6cz-f-a:-:*:*:*:*:*:*:* | cpe:2.3:h:cisco:asr_901-6cz-f-d:-:*:*:*:*:*:*:* | cpe:2.3:h:cisco:asr_901-6cz-ft-a:-:*:*:*:*:*:*:* | cpe:2.3:h:cisco:asr_901-6cz-ft-d:-:*:*:*:*:*:*:* | cpe:2.3:h:cisco:me_3600x-24cx-m:-:*:*:*:*:*:*:*
CVE-2018-0161,CISA,True,False,"A vulnerability in the Simple Network Management Protocol (SNMP) subsystem of Cisco IOS Software running on certain models of Cisco Catalyst Switches could allow an authenticated, remote attacker to cause a denial of service (DoS) condition, aka a GET MIB Object ID Denial of Service Vulnerability. The vulnerability is due to a condition that could occur when the affected software processes an SNMP read request that contains a request for the ciscoFlashMIB object ID (OID). An attacker could trigger this vulnerability by issuing an SNMP GET request for the ciscoFlashMIB OID on an affected device. A successful exploit could cause the affected device to restart due to a SYS-3-CPUHOG. This vulnerability affects the following Cisco devices if they are running a vulnerable release of Cisco IOS Software and are configured to use SNMP Version 2 (SNMPv2) or SNMP Version 3 (SNMPv3): Cisco Catalyst 2960-L Series Switches, Cisco Catalyst Digital Building Series Switches 8P, Cisco Catalyst Digital Building Series Switches 8U. Cisco Bug IDs: CSCvd89541.",6.3,MEDIUM,CVSS:3.1/AV:N/AC:H/PR:L/UI:N/S:C/C:N/I:N/A:H,1.8,4.0,6.3,MEDIUM,AV:N/AC:M/Au:S/C:N/I:N/A:C,6.8,6.9,CWE-399 | NVD-CWE-noinfo,15,cpe:2.3:o:cisco:ios:15.2\(5\)e:*:*:*:*:*:*:* | cpe:2.3:h:cisco:catalyst_2960l-16ps-ll:-:*:*:*:*:*:*:* | cpe:2.3:h:cisco:catalyst_2960l-16ts-ll:-:*:*:*:*:*:*:* | cpe:2.3:h:cisco:catalyst_2960l-24pq-ll:-:*:*:*:*:*:*:* | cpe:2.3:h:cisco:catalyst_2960l-24ps-ll:-:*:*:*:*:*:*:* | cpe:2.3:h:cisco:catalyst_2960l-24tq-ll:-:*:*:*:*:*:*:* | cpe:2.3:h:cisco:catalyst_2960l-24ts-ll:-:*:*:*:*:*:*:* | cpe:2.3:h:cisco:catalyst_2960l-48pq-ll:-:*:*:*:*:*:*:* | cpe:2.3:h:cisco:catalyst_2960l-48ps-ll:-:*:*:*:*:*:*:* | cpe:2.3:h:cisco:catalyst_2960l-48tq-ll:-:*:*:*:*:*:*:*
CVE-2018-0167,CISA,True,False,"Multiple Buffer Overflow vulnerabilities in the Link Layer Discovery Protocol (LLDP) subsystem of Cisco IOS Software, Cisco IOS XE Software, and Cisco IOS XR Software could allow an unauthenticated, adjacent attacker to cause a denial of service (DoS) condition or execute arbitrary code with elevated privileges on an affected device. Cisco Bug IDs: CSCuo17183, CSCvd73487.",8.8,HIGH,CVSS:3.1/AV:A/AC:L/PR:N/UI:N/S:U/C:H/I:H/A:H,2.8,5.9,8.3,HIGH,AV:A/AC:L/Au:N/C:C/I:C/A:C,6.5,10.0,CWE-119,20,cpe:2.3:o:cisco:ios:5.2.0.base:*:*:*:*:*:*:* | cpe:2.3:o:cisco:ios_xe:5.2.0.base:*:*:*:*:*:*:* | cpe:2.3:o:cisco:ios_xr:*:*:*:*:*:*:*:* | cpe:2.3:h:cisco:asr_9001:-:*:*:*:*:*:*:* | cpe:2.3:h:cisco:asr_9006:-:*:*:*:*:*:*:* | cpe:2.3:h:cisco:asr_9010:-:*:*:*:*:*:*:* | cpe:2.3:h:cisco:asr_9904:-:*:*:*:*:*:*:* | cpe:2.3:h:cisco:asr_9906:-:*:*:*:*:*:*:* | cpe:2.3:h:cisco:asr_9910:-:*:*:*:*:*:*:* | cpe:2.3:h:cisco:asr_9912:-:*:*:*:*:*:*:*
CVE-2018-0171,CISA + NUCLEI,True,True,"A vulnerability in the Smart Install feature of Cisco IOS Software and Cisco IOS XE Software could allow an unauthenticated, remote attacker to trigger a reload of an affected device, resulting in a denial of service (DoS) condition, or to execute arbitrary code on an affected device. The vulnerability is due to improper validation of packet data. An attacker could exploit this vulnerability by sending a crafted Smart Install message to an affected device on TCP port 4786. A successful exploit could allow the attacker to cause a buffer overflow on the affected device, which could have the following impacts: Triggering a reload of the device, Allowing the attacker to execute arbitrary code on the device, Causing an indefinite loop on the affected device that triggers a watchdog crash. Cisco Bug IDs: CSCvg76186.",9.8,CRITICAL,CVSS:3.1/AV:N/AC:L/PR:N/UI:N/S:U/C:H/I:H/A:H,3.9,5.9,10.0,HIGH,AV:N/AC:L/Au:N/C:C/I:C/A:C,10.0,10.0,CWE-20 | CWE-787,1,cpe:2.3:o:cisco:ios:15.2\(5\)e:*:*:*:*:*:*:*
CVE-2018-0172,CISA,True,False,"A vulnerability in the DHCP option 82 encapsulation functionality of Cisco IOS Software and Cisco IOS XE Software could allow an unauthenticated, remote attacker to cause an affected device to reload, resulting in a denial of service (DoS) condition. The vulnerability exists because the affected software performs incomplete input validation of option 82 information that it receives in DHCP Version 4 (DHCPv4) packets from DHCP relay agents. An attacker could exploit this vulnerability by sending a crafted DHCPv4 packet to an affected device. A successful exploit could allow the attacker to cause a heap overflow condition on the affected device, which will cause the device to reload and result in a DoS condition. Cisco Bug IDs: CSCvg62730.",8.6,HIGH,CVSS:3.1/AV:N/AC:L/PR:N/UI:N/S:C/C:N/I:N/A:H,3.9,4.0,7.8,HIGH,AV:N/AC:L/Au:N/C:N/I:N/A:C,10.0,6.9,CWE-20 | CWE-787,8,cpe:2.3:o:cisco:ios:-:*:*:*:*:*:*:* | cpe:2.3:o:cisco:ios_xe:-:*:*:*:*:*:*:* | cpe:2.3:h:rockwellautomation:allen-bradley_armorstratix_5700:-:*:*:*:*:*:*:* | cpe:2.3:h:rockwellautomation:allen-bradley_stratix_5400:-:*:*:*:*:*:*:* | cpe:2.3:h:rockwellautomation:allen-bradley_stratix_5410:-:*:*:*:*:*:*:* | cpe:2.3:h:rockwellautomation:allen-bradley_stratix_5700:-:*:*:*:*:*:*:* | cpe:2.3:h:rockwellautomation:allen-bradley_stratix_8000:-:*:*:*:*:*:*:* | cpe:2.3:h:rockwellautomation:allen-bradley_stratix_8300:-:*:*:*:*:*:*:*
CVE-2018-0173,CISA,True,False,"A vulnerability in the Cisco IOS Software and Cisco IOS XE Software function that restores encapsulated option 82 information in DHCP Version 4 (DHCPv4) packets could allow an unauthenticated, remote attacker to cause an affected device to reload, resulting in a Relay Reply denial of service (DoS) condition. The vulnerability exists because the affected software performs incomplete input validation of encapsulated option 82 information that it receives in DHCPOFFER messages from DHCPv4 servers. An attacker could exploit this vulnerability by sending a crafted DHCPv4 packet to an affected device, which the device would then forward to a DHCPv4 server. When the affected software processes the option 82 information that is encapsulated in the response from the server, an error could occur. A successful exploit could allow the attacker to cause the affected device to reload, resulting in a DoS condition. Cisco Bug IDs: CSCvg62754.",8.6,HIGH,CVSS:3.1/AV:N/AC:L/PR:N/UI:N/S:C/C:N/I:N/A:H,3.9,4.0,7.8,HIGH,AV:N/AC:L/Au:N/C:N/I:N/A:C,10.0,6.9,CWE-20,22,cpe:2.3:o:cisco:ios:denali-16.3.4:*:*:*:*:*:*:* | cpe:2.3:o:cisco:ios_xe:denali-16.3.4:*:*:*:*:*:*:* | cpe:2.3:h:cisco:4321_integrated_services_router:-:*:*:*:*:*:*:* | cpe:2.3:h:cisco:4331_integrated_services_router:-:*:*:*:*:*:*:* | cpe:2.3:h:cisco:4351_integrated_services_router:-:*:*:*:*:*:*:* | cpe:2.3:h:cisco:4431_integrated_services_router:-:*:*:*:*:*:*:* | cpe:2.3:h:cisco:4451-x_integrated_services_router:-:*:*:*:*:*:*:* | cpe:2.3:h:cisco:asr_1000_series_route_processor_\(rp2\):-:*:*:*:*:*:*:* | cpe:2.3:h:cisco:asr_1000_series_route_processor_\(rp3\):-:*:*:*:*:*:*:* | cpe:2.3:h:cisco:asr_1001-hx:-:*:*:*:*:*:*:*
CVE-2018-0174,CISA,True,False,"A vulnerability in the DHCP option 82 encapsulation functionality of Cisco IOS Software and Cisco IOS XE Software could allow an unauthenticated, remote attacker to cause an affected device to reload, resulting in a denial of service (DoS) condition. The vulnerability exists because the affected software performs incomplete input validation of option 82 information that it receives in DHCP Version 4 (DHCPv4) packets from DHCP relay agents. An attacker could exploit this vulnerability by sending a crafted DHCPv4 packet to an affected device. A successful exploit could allow the attacker to cause the affected device to reload, resulting in a DoS condition. Cisco Bug IDs: CSCuh91645.",8.6,HIGH,CVSS:3.1/AV:N/AC:L/PR:N/UI:N/S:C/C:N/I:N/A:H,3.9,4.0,7.8,HIGH,AV:N/AC:L/Au:N/C:N/I:N/A:C,10.0,6.9,CWE-20,13,cpe:2.3:o:cisco:ios:12.2\(33\)sre7a:*:*:*:*:*:*:* | cpe:2.3:o:cisco:ios_xe:12.2\(33\)sre7a:*:*:*:*:*:*:* | cpe:2.3:h:cisco:7600_series_route_switch_processor_720:-:*:*:*:*:*:*:* | cpe:2.3:h:cisco:7600_series_supervisor_engine_32:-:*:*:*:*:*:*:* | cpe:2.3:h:cisco:7600_series_supervisor_engine_720:-:*:*:*:*:*:*:* | cpe:2.3:o:cisco:ios:*:*:*:*:*:*:*:* | cpe:2.3:o:cisco:ios_xe:*:*:*:*:*:*:*:* | cpe:2.3:h:rockwellautomation:allen-bradley_stratix_8300:-:*:*:*:*:*:*:* | cpe:2.3:h:rockwellautomation:allen-bradley_armorstratix_5700:-:*:*:*:*:*:*:* | cpe:2.3:h:rockwellautomation:allen-bradley_stratix_5400:-:*:*:*:*:*:*:*
CVE-2018-0175,CISA,True,False,"Format String vulnerability in the Link Layer Discovery Protocol (LLDP) subsystem of Cisco IOS Software, Cisco IOS XE Software, and Cisco IOS XR Software could allow an unauthenticated, adjacent attacker to cause a denial of service (DoS) condition or execute arbitrary code with elevated privileges on an affected device. Cisco Bug IDs: CSCvd73664.",8.0,HIGH,CVSS:3.1/AV:A/AC:L/PR:N/UI:R/S:U/C:H/I:H/A:H,2.1,5.9,7.9,HIGH,AV:A/AC:M/Au:N/C:C/I:C/A:C,5.5,10.0,CWE-119 | CWE-134,12,cpe:2.3:o:cisco:ios:15.4\(3\)m4.1:*:*:*:*:*:*:* | cpe:2.3:o:cisco:ios_xe:15.4\(3\)m4.1:*:*:*:*:*:*:* | cpe:2.3:o:cisco:ios_xr:15.4\(3\)m4.1:*:*:*:*:*:*:* | cpe:2.3:o:cisco:ios:*:*:*:*:*:*:*:* | cpe:2.3:o:cisco:ios_xe:*:*:*:*:*:*:*:* | cpe:2.3:h:rockwellautomation:allen-bradley_stratix_8300_industrial_managed_ethernet_switch:-:*:*:*:*:*:*:* | cpe:2.3:h:rockwellautomation:allen-bradley_armorstratix_5700:-:*:*:*:*:*:*:* | cpe:2.3:h:rockwellautomation:allen-bradley_stratix_5400:-:*:*:*:*:*:*:* | cpe:2.3:h:rockwellautomation:allen-bradley_stratix_5410:-:*:*:*:*:*:*:* | cpe:2.3:h:rockwellautomation:allen-bradley_stratix_5700:-:*:*:*:*:*:*:*
CVE-2018-0179,CISA,True,False,"Multiple vulnerabilities in the Login Enhancements (Login Block) feature of Cisco IOS Software could allow an unauthenticated, remote attacker to trigger a reload of an affected system, resulting in a denial of service (DoS) condition. These vulnerabilities affect Cisco devices that are running Cisco IOS Software Release 15.4(2)T, 15.4(3)M, or 15.4(2)CG and later. Cisco Bug IDs: CSCuy32360, CSCuz60599.",5.9,MEDIUM,CVSS:3.1/AV:N/AC:H/PR:N/UI:N/S:U/C:N/I:N/A:H,2.2,3.6,7.1,HIGH,AV:N/AC:M/Au:N/C:N/I:N/A:C,8.6,6.9,CWE-399 | NVD-CWE-noinfo,305,cpe:2.3:o:cisco:ios:15.3\(00.00.19\)sy:*:*:*:*:*:*:* | cpe:2.3:o:cisco:ios:15.4\(01\)ia001.100:*:*:*:*:*:*:* | cpe:2.3:o:cisco:ios:15.6\(01.22\)t:*:*:*:*:*:*:* | cpe:2.3:h:cisco:3925_integrated_services_router:-:*:*:*:*:*:*:* | cpe:2.3:h:cisco:3925e_integrated_services_router:-:*:*:*:*:*:*:* | cpe:2.3:h:cisco:3945_integrated_services_router:-:*:*:*:*:*:*:* | cpe:2.3:h:cisco:3945e_integrated_services_router:-:*:*:*:*:*:*:* | cpe:2.3:o:cisco:ios:15.4\(03\)m4.1:*:*:*:*:*:*:* | cpe:2.3:h:cisco:1000_integrated_services_router:-:*:*:*:*:*:*:* | cpe:2.3:h:cisco:1100-4g\/6g_integrated_services_router:-:*:*:*:*:*:*:*
CVE-2018-0180,CISA,True,False,"Multiple vulnerabilities in the Login Enhancements (Login Block) feature of Cisco IOS Software could allow an unauthenticated, remote attacker to trigger a reload of an affected system, resulting in a denial of service (DoS) condition. These vulnerabilities affect Cisco devices that are running Cisco IOS Software Release 15.4(2)T, 15.4(3)M, or 15.4(2)CG and later. Cisco Bug IDs: CSCuy32360, CSCuz60599.",5.9,MEDIUM,CVSS:3.1/AV:N/AC:H/PR:N/UI:N/S:U/C:N/I:N/A:H,2.2,3.6,7.1,HIGH,AV:N/AC:M/Au:N/C:N/I:N/A:C,8.6,6.9,CWE-399 | NVD-CWE-noinfo,305,cpe:2.3:o:cisco:ios:15.3\(00.00.19\)sy:*:*:*:*:*:*:* | cpe:2.3:o:cisco:ios:15.4\(01\)ia001.100:*:*:*:*:*:*:* | cpe:2.3:o:cisco:ios:15.6\(01.22\)t:*:*:*:*:*:*:* | cpe:2.3:h:cisco:3925_integrated_services_router:-:*:*:*:*:*:*:* | cpe:2.3:h:cisco:3925e_integrated_services_router:-:*:*:*:*:*:*:* | cpe:2.3:h:cisco:3945_integrated_services_router:-:*:*:*:*:*:*:* | cpe:2.3:h:cisco:3945e_integrated_services_router:-:*:*:*:*:*:*:* | cpe:2.3:o:cisco:ios:15.4\(03\)m4.1:*:*:*:*:*:*:* | cpe:2.3:h:cisco:1000_integrated_services_router:-:*:*:*:*:*:*:* | cpe:2.3:h:cisco:1100-4g\/6g_integrated_services_router:-:*:*:*:*:*:*:*
CVE-2018-0296,CISA + NUCLEI,True,True,"A vulnerability in the web interface of the Cisco Adaptive Security Appliance (ASA) could allow an unauthenticated, remote attacker to cause an affected device to reload unexpectedly, resulting in a denial of service (DoS) condition. It is also possible on certain software releases that the ASA will not reload, but an attacker could view sensitive system information without authentication by using directory traversal techniques. The vulnerability is due to lack of proper input validation of the HTTP URL. An attacker could exploit this vulnerability by sending a crafted HTTP request to an affected device. An exploit could allow the attacker to cause a DoS condition or unauthenticated disclosure of information. This vulnerability applies to IPv4 and IPv6 HTTP traffic. This vulnerability affects Cisco ASA Software and Cisco Firepower Threat Defense (FTD) Software that is running on the following Cisco products: 3000 Series Industrial Security Appliance (ISA), ASA 1000V Cloud Firewall, ASA 5500 Series Adaptive Security Appliances, ASA 5500-X Series Next-Generation Firewalls, ASA Services Module for Cisco Catalyst 6500 Series Switches and Cisco 7600 Series Routers, Adaptive Security Virtual Appliance (ASAv), Firepower 2100 Series Security Appliance, Firepower 4100 Series Security Appliance, Firepower 9300 ASA Security Module, FTD Virtual (FTDv). Cisco Bug IDs: CSCvi16029.",7.5,HIGH,CVSS:3.1/AV:N/AC:L/PR:N/UI:N/S:U/C:N/I:N/A:H,3.9,3.6,5.0,MEDIUM,AV:N/AC:L/Au:N/C:N/I:N/A:P,10.0,2.9,CWE-20 | CWE-22,6,cpe:2.3:o:cisco:adaptive_security_appliance_software:*:*:*:*:*:*:*:* | cpe:2.3:a:cisco:firepower_threat_defense:*:*:*:*:*:*:*:* | cpe:2.3:a:cisco:firepower_threat_defense:6.2.3:*:*:*:*:*:*:* | cpe:2.3:a:cisco:firepower_threat_defense:6.2.3-85.02:*:*:*:*:*:*:* | cpe:2.3:a:cisco:firepower_threat_defense:6.2.3-851:*:*:*:*:*:*:* | cpe:2.3:a:cisco:firepower_threat_defense:6.2.3.1:*:*:*:*:*:*:*
CVE-2018-0798,CISA,True,False,"Equation Editor in Microsoft Office 2007, Microsoft Office 2010, Microsoft Office 2013, and Microsoft Office 2016 allows a remote code execution vulnerability due to the way objects are handled in memory, aka ""Microsoft Office Memory Corruption Vulnerability"".",8.8,HIGH,CVSS:3.1/AV:N/AC:L/PR:N/UI:R/S:U/C:H/I:H/A:H,2.8,5.9,9.3,HIGH,AV:N/AC:M/Au:N/C:C/I:C/A:C,8.6,10.0,CWE-787,11,cpe:2.3:a:microsoft:office:2007:sp3:*:*:*:*:*:* | cpe:2.3:a:microsoft:office:2010:sp2:*:*:*:*:*:* | cpe:2.3:a:microsoft:office:2013:sp1:*:*:*:*:*:* | cpe:2.3:a:microsoft:office:2016:*:*:*:*:*:*:* | cpe:2.3:a:microsoft:office:2016:*:*:*:click-to-run:*:*:* | cpe:2.3:a:microsoft:office_compatibility_pack:-:sp3:*:*:*:*:*:* | cpe:2.3:a:microsoft:word:2007:sp3:*:*:*:*:*:* | cpe:2.3:a:microsoft:word:2010:sp2:*:*:*:*:*:* | cpe:2.3:a:microsoft:word:2013:sp1:*:*:*:*:*:* | cpe:2.3:a:microsoft:word:2013:sp1:*:*:rt:*:*:*
CVE-2018-0802,CISA,True,False,"Equation Editor in Microsoft Office 2007, Microsoft Office 2010, Microsoft Office 2013, and Microsoft Office 2016 allow a remote code execution vulnerability due to the way objects are handled in memory, aka ""Microsoft Office Memory Corruption Vulnerability"". This CVE is unique from CVE-2018-0797 and CVE-2018-0812.",7.8,HIGH,CVSS:3.1/AV:L/AC:L/PR:N/UI:R/S:U/C:H/I:H/A:H,1.8,5.9,9.3,HIGH,AV:N/AC:M/Au:N/C:C/I:C/A:C,8.6,10.0,CWE-787,11,cpe:2.3:a:microsoft:office:2007:sp3:*:*:*:*:*:* | cpe:2.3:a:microsoft:office:2010:sp2:*:*:*:*:*:* | cpe:2.3:a:microsoft:office:2013:sp1:*:*:-:*:*:* | cpe:2.3:a:microsoft:office:2016:*:*:*:*:*:*:* | cpe:2.3:a:microsoft:office:2016:*:*:*:click-to-run:*:*:* | cpe:2.3:a:microsoft:office_compatibility_pack:-:sp3:*:*:*:*:*:* | cpe:2.3:a:microsoft:word:2007:sp3:*:*:*:*:*:* | cpe:2.3:a:microsoft:word:2010:sp2:*:*:*:*:*:* | cpe:2.3:a:microsoft:word:2013:sp1:*:*:-:*:*:* | cpe:2.3:a:microsoft:word:2013:sp1:*:*:rt:*:*:*
CVE-2018-0824,CISA,True,False,"A remote code execution vulnerability exists in ""Microsoft COM for Windows"" when it fails to properly handle serialized objects, aka ""Microsoft COM for Windows Remote Code Execution Vulnerability."" This affects Windows 7, Windows Server 2012 R2, Windows RT 8.1, Windows Server 2008, Windows Server 2012, Windows 8.1, Windows Server 2016, Windows Server 2008 R2, Windows 10, Windows 10 Servers.",8.8,HIGH,CVSS:3.1/AV:N/AC:L/PR:N/UI:R/S:U/C:H/I:H/A:H,2.8,5.9,5.1,MEDIUM,AV:N/AC:H/Au:N/C:P/I:P/A:P,4.9,6.4,CWE-502,16,cpe:2.3:o:microsoft:windows_10_1507:-:*:*:*:*:*:*:* | cpe:2.3:o:microsoft:windows_10_1607:-:*:*:*:*:*:*:* | cpe:2.3:o:microsoft:windows_10_1703:-:*:*:*:*:*:*:* | cpe:2.3:o:microsoft:windows_10_1709:-:*:*:*:*:*:*:* | cpe:2.3:o:microsoft:windows_10_1803:-:*:*:*:*:*:*:* | cpe:2.3:o:microsoft:windows_7:-:sp1:*:*:*:*:*:* | cpe:2.3:o:microsoft:windows_8.1:-:*:*:*:*:*:*:* | cpe:2.3:o:microsoft:windows_rt_8.1:-:*:*:*:*:*:*:* | cpe:2.3:o:microsoft:windows_server_1709:-:*:*:*:*:*:*:* | cpe:2.3:o:microsoft:windows_server_1803:-:*:*:*:*:*:*:*
CVE-2018-1000129,NUCLEI,False,True,An XSS vulnerability exists in the Jolokia agent version 1.3.7 in the HTTP servlet that allows an attacker to execute malicious javascript in the victim's browser.,,,,,,4.3,MEDIUM,AV:N/AC:M/Au:N/C:N/I:P/A:N,8.6,2.9,CWE-79,1,cpe:2.3:a:jolokia:jolokia:1.3.7:*:*:*:*:*:*:*
CVE-2018-1000130,NUCLEI,False,True,A JNDI Injection vulnerability exists in Jolokia agent version 1.3.7 in the proxy mode that allows a remote attacker to run arbitrary Java code on the server.,,,,,,6.8,MEDIUM,AV:N/AC:M/Au:N/C:P/I:P/A:P,8.6,6.4,CWE-74,1,cpe:2.3:a:jolokia:webarchive_agent:1.3.7:*:*:*:*:*:*:*
CVE-2018-1000226,NUCLEI,False,True,"Cobbler version Verified as present in Cobbler versions 2.6.11+, but code inspection suggests at least 2.0.0+ or possibly even older versions may be vulnerable contains a Incorrect Access Control vulnerability in XMLRPC API (/cobbler_api) that can result in Privilege escalation, data manipulation or exfiltration, LDAP credential harvesting. This attack appear to be exploitable via ""network connectivity"". Taking advantage of improper validation of security tokens in API endpoints. Please note this is a different issue than CVE-2018-10931.",,,,,,7.5,HIGH,AV:N/AC:L/Au:N/C:P/I:P/A:P,10.0,6.4,CWE-732,1,cpe:2.3:a:cobblerd:cobbler:*:*:*:*:*:*:*:*
CVE-2018-1000533,NUCLEI,False,True,klaussilveira GitList version <= 0.6 contains a Passing incorrectly sanitized input to system function vulnerability in `searchTree` function that can result in Execute any code as PHP user. This attack appear to be exploitable via Send POST request using search form. This vulnerability appears to have been fixed in 0.7 after commit 87b8c26b023c3fc37f0796b14bb13710f397b322.,9.8,CRITICAL,CVSS:3.1/AV:N/AC:L/PR:N/UI:N/S:U/C:H/I:H/A:H,3.9,5.9,7.5,HIGH,AV:N/AC:L/Au:N/C:P/I:P/A:P,10.0,6.4,CWE-20,1,cpe:2.3:a:gitlist:gitlist:*:*:*:*:*:*:*:*
CVE-2018-1000600,NUCLEI,False,True,"A exposure of sensitive information vulnerability exists in Jenkins GitHub Plugin 1.29.1 and earlier in GitHubTokenCredentialsCreator.java that allows attackers to an attacker-specified URL using attacker-specified credentials IDs obtained through another method, capturing credentials stored in Jenkins.",,,,,,4.3,MEDIUM,AV:N/AC:M/Au:N/C:P/I:N/A:N,8.6,2.9,CWE-200,1,cpe:2.3:a:jenkins:github:*:*:*:*:*:jenkins:*:*
CVE-2018-1000671,NUCLEI,False,True,"sympa version 6.2.16 and later contains a CWE-601: URL Redirection to Untrusted Site ('Open Redirect') vulnerability in The ""referer"" parameter of the wwsympa.fcgi login action. that can result in Open redirection and reflected XSS via data URIs. This attack appear to be exploitable via Victim's browser must follow a URL supplied by the attacker. This vulnerability appears to have been fixed in none available.",,,,,,5.8,MEDIUM,AV:N/AC:M/Au:N/C:P/I:P/A:N,8.6,4.9,CWE-601,2,cpe:2.3:a:sympa:sympa:*:*:*:*:*:*:*:* | cpe:2.3:o:debian:debian_linux:8.0:*:*:*:*:*:*:*
CVE-2018-1000856,NUCLEI,False,True,DomainMOD version 4.09.03 and above. Also verified in the latest version 4.11.01 contains a Cross Site Scripting (XSS) vulnerability in Segment Name field in the segments page that can result in Arbitrary script can be executed on all users browsers who visit the affected page. This attack appear to be exploitable via Victim must visit the vulnerable page. This vulnerability appears to have been fixed in No fix yet.,,,,,,3.5,LOW,AV:N/AC:M/Au:S/C:N/I:P/A:N,6.8,2.9,CWE-79,1,cpe:2.3:a:domainmod:domainmod:*:*:*:*:*:*:*:*
CVE-2018-1000861,CISA + NUCLEI,True,True,"A code execution vulnerability exists in the Stapler web framework used by Jenkins 2.153 and earlier, LTS 2.138.3 and earlier in stapler/core/src/main/java/org/kohsuke/stapler/MetaClass.java that allows attackers to invoke some methods on Java objects by accessing crafted URLs that were not intended to be invoked this way.",9.8,CRITICAL,CVSS:3.1/AV:N/AC:L/PR:N/UI:N/S:U/C:H/I:H/A:H,3.9,5.9,10.0,HIGH,AV:N/AC:L/Au:N/C:C/I:C/A:C,10.0,10.0,CWE-502,3,cpe:2.3:a:jenkins:jenkins:*:*:*:*:lts:*:*:* | cpe:2.3:a:jenkins:jenkins:*:*:*:*:-:*:*:* | cpe:2.3:a:redhat:openshift_container_platform:3.11:*:*:*:*:*:*:*
CVE-2018-10088,NUCLEI,False,True,"Buffer overflow in XiongMai uc-httpd 1.0.0 has unspecified impact and attack vectors, a different vulnerability than CVE-2017-16725.",,,,,,10.0,HIGH,AV:N/AC:L/Au:N/C:C/I:C/A:C,10.0,10.0,CWE-119,1,cpe:2.3:a:xiongmaitech:uc-httpd:1.0.0:*:*:*:*:*:*:*
CVE-2018-10093,NUCLEI,False,True,AudioCodes IP phone 420HD devices using firmware version 2.2.12.126 allow Remote Code Execution.,,,,,,9.0,HIGH,AV:N/AC:L/Au:S/C:C/I:C/A:C,8.0,10.0,CWE-862,2,cpe:2.3:o:audiocodes:420hd_ip_phone_firmware:2.2.12.126:*:*:*:*:*:*:* | cpe:2.3:h:audiocodes:420hd_ip_phone:-:*:*:*:*:*:*:*
CVE-2018-10095,NUCLEI,False,True,Cross-site scripting (XSS) vulnerability in Dolibarr before 7.0.2 allows remote attackers to inject arbitrary web script or HTML via the foruserlogin parameter to adherents/cartes/carte.php.,,,,,,4.3,MEDIUM,AV:N/AC:M/Au:N/C:N/I:P/A:N,8.6,2.9,CWE-79,1,cpe:2.3:a:dolibarr:dolibarr:*:*:*:*:*:*:*:*
CVE-2018-10141,NUCLEI,False,True,GlobalProtect Portal Login page in Palo Alto Networks PAN-OS before 8.1.4 allows an unauthenticated attacker to inject arbitrary JavaScript or HTML.,,,,,,4.3,MEDIUM,AV:N/AC:M/Au:N/C:N/I:P/A:N,8.6,2.9,CWE-79,1,cpe:2.3:o:paloaltonetworks:pan-os:*:*:*:*:*:*:*:*
CVE-2018-10201,NUCLEI,False,True,"An issue was discovered in NcMonitorServer.exe in NC Monitor Server in NComputing vSpace Pro 10 and 11. It is possible to read arbitrary files outside the root directory of the web server. This vulnerability could be exploited remotely by a crafted URL without credentials, with .../ or ...\ or ..../ or ....\ as a directory-traversal pattern to TCP port 8667.",,,,,,5.0,MEDIUM,AV:N/AC:L/Au:N/C:P/I:N/A:N,10.0,2.9,CWE-22,2,cpe:2.3:a:ncomputing:vspace_pro:10:*:*:*:*:*:*:* | cpe:2.3:a:ncomputing:vspace_pro:11:*:*:*:*:*:*:*
CVE-2018-10230,NUCLEI,False,True,"Zend Debugger in Zend Server before 9.1.3 has XSS, aka ZSR-2455.",,,,,,4.3,MEDIUM,AV:N/AC:M/Au:N/C:N/I:P/A:N,8.6,2.9,CWE-79,1,cpe:2.3:a:zend:zend_server:*:*:*:*:*:*:*:*
CVE-2018-10245,NUCLEI,False,True,"A Full Path Disclosure vulnerability in AWStats through 7.6 allows remote attackers to know where the config file is allocated, obtaining the full path of the server, a similar issue to CVE-2006-3682. The attack can, for example, use the awstats.pl framename and update parameters.",,,,,,5.0,MEDIUM,AV:N/AC:L/Au:N/C:P/I:N/A:N,10.0,2.9,CWE-200,1,cpe:2.3:a:awstats:awstats:*:*:*:*:*:*:*:*
CVE-2018-10383,NUCLEI,False,True,Lantronix SecureLinx Spider (SLS) 2.2+ devices have XSS in the auth.asp login page.,,,,,,4.3,MEDIUM,AV:N/AC:M/Au:N/C:N/I:P/A:N,8.6,2.9,CWE-79,2,cpe:2.3:o:lantronix:securelinx_spider_firmware:*:*:*:*:*:*:*:* | cpe:2.3:h:lantronix:securelinx_spider:-:*:*:*:*:*:*:*
CVE-2018-10561,CISA,True,False,"An issue was discovered on Dasan GPON home routers. It is possible to bypass authentication simply by appending ""?images"" to any URL of the device that requires authentication, as demonstrated by the /menu.html?images/ or /GponForm/diag_FORM?images/ URI. One can then manage the device.",9.8,CRITICAL,CVSS:3.1/AV:N/AC:L/PR:N/UI:N/S:U/C:H/I:H/A:H,3.9,5.9,7.5,HIGH,AV:N/AC:L/Au:N/C:P/I:P/A:P,10.0,6.4,CWE-287,2,cpe:2.3:o:dasannetworks:gpon_router_firmware:-:*:*:*:*:*:*:* | cpe:2.3:h:dasannetworks:gpon_router:-:*:*:*:*:*:*:*
CVE-2018-10562,CISA + NUCLEI,True,True,"An issue was discovered on Dasan GPON home routers. Command Injection can occur via the dest_host parameter in a diag_action=ping request to a GponForm/diag_Form URI. Because the router saves ping results in /tmp and transmits them to the user when the user revisits /diag.html, it's quite simple to execute commands and retrieve their output.",9.8,CRITICAL,CVSS:3.1/AV:N/AC:L/PR:N/UI:N/S:U/C:H/I:H/A:H,3.9,5.9,7.5,HIGH,AV:N/AC:L/Au:N/C:P/I:P/A:P,10.0,6.4,CWE-78,2,cpe:2.3:o:dasannetworks:gpon_router_firmware:-:*:*:*:*:*:*:* | cpe:2.3:h:dasannetworks:gpon_router:-:*:*:*:*:*:*:*
CVE-2018-10735,NUCLEI,False,True,A SQL injection issue was discovered in Nagios XI before 5.4.13 via the admin/commandline.php cname parameter.,,,,,,6.5,MEDIUM,AV:N/AC:L/Au:S/C:P/I:P/A:P,8.0,6.4,CWE-89,1,cpe:2.3:a:nagios:nagios_xi:*:*:*:*:*:*:*:*
CVE-2018-10736,NUCLEI,False,True,A SQL injection issue was discovered in Nagios XI before 5.4.13 via the admin/info.php key1 parameter.,,,,,,6.5,MEDIUM,AV:N/AC:L/Au:S/C:P/I:P/A:P,8.0,6.4,CWE-89,1,cpe:2.3:a:nagios:nagios_xi:*:*:*:*:*:*:*:*
CVE-2018-10737,NUCLEI,False,True,A SQL injection issue was discovered in Nagios XI before 5.4.13 via the admin/logbook.php txtSearch parameter.,,,,,,6.5,MEDIUM,AV:N/AC:L/Au:S/C:P/I:P/A:P,8.0,6.4,CWE-89,1,cpe:2.3:a:nagios:nagios_xi:*:*:*:*:*:*:*:*
CVE-2018-10738,NUCLEI,False,True,A SQL injection issue was discovered in Nagios XI before 5.4.13 via the admin/menuaccess.php chbKey1 parameter.,,,,,,6.5,MEDIUM,AV:N/AC:L/Au:S/C:P/I:P/A:P,8.0,6.4,CWE-89,1,cpe:2.3:a:nagios:nagios_xi:*:*:*:*:*:*:*:*
CVE-2018-10818,NUCLEI,False,True,No disponible en NVD,,,,,,,,,,,,0,
CVE-2018-10822,NUCLEI,False,True,"Directory traversal vulnerability in the web interface on D-Link DWR-116 through 1.06, DIR-140L through 1.02, DIR-640L through 1.02, DWR-512 through 2.02, DWR-712 through 2.02, DWR-912 through 2.02, DWR-921 through 2.02, and DWR-111 through 1.01 devices allows remote attackers to read arbitrary files via a /.. or // after ""GET /uir"" in an HTTP request.  NOTE: this vulnerability exists because of an incorrect fix for CVE-2017-6190.",7.5,HIGH,CVSS:3.1/AV:N/AC:L/PR:N/UI:N/S:U/C:H/I:N/A:N,3.9,3.6,5.0,MEDIUM,AV:N/AC:L/Au:N/C:P/I:N/A:N,10.0,2.9,CWE-22,15,cpe:2.3:o:dlink:dwr-116_firmware:*:*:*:*:*:*:*:* | cpe:2.3:h:dlink:dwr-116:-:*:*:*:*:*:*:* | cpe:2.3:o:dlink:dir-140l_firmware:*:*:*:*:*:*:*:* | cpe:2.3:h:dlink:dir-140l:-:*:*:*:*:*:*:* | cpe:2.3:o:dlink:dir-640l_firmware:*:*:*:*:*:*:*:* | cpe:2.3:h:dlink:dir-640l:-:*:*:*:*:*:*:* | cpe:2.3:o:dlink:dwr-512_firmware:*:*:*:*:*:*:*:* | cpe:2.3:h:dlink:dwr-512:-:*:*:*:*:*:*:* | cpe:2.3:o:dlink:dwr-712_firmware:*:*:*:*:*:*:*:* | cpe:2.3:h:dlink:dwr-712:-:*:*:*:*:*:*:*
CVE-2018-10823,NUCLEI,False,True,"An issue was discovered on D-Link DWR-116 through 1.06, DWR-512 through 2.02, DWR-712 through 2.02, DWR-912 through 2.02, DWR-921 through 2.02, and DWR-111 through 1.01 devices. An authenticated attacker may execute arbitrary code by injecting the shell command into the chkisg.htm page Sip parameter. This allows for full control over the device internals.",8.8,HIGH,CVSS:3.1/AV:N/AC:L/PR:L/UI:N/S:U/C:H/I:H/A:H,2.8,5.9,9.0,HIGH,AV:N/AC:L/Au:S/C:C/I:C/A:C,8.0,10.0,CWE-78,8,cpe:2.3:o:dlink:dwr-116_firmware:*:*:*:*:*:*:*:* | cpe:2.3:h:dlink:dwr-116:-:*:*:*:*:*:*:* | cpe:2.3:o:dlink:dwr-512_firmware:*:*:*:*:*:*:*:* | cpe:2.3:h:dlink:dwr-512:-:*:*:*:*:*:*:* | cpe:2.3:o:dlink:dwr-912_firmware:*:*:*:*:*:*:*:* | cpe:2.3:h:dlink:dwr-921:-:*:*:*:*:*:*:* | cpe:2.3:o:dlink:dwr-111_firmware:*:*:*:*:*:*:*:* | cpe:2.3:h:dlink:dwr-111:-:*:*:*:*:*:*:*
CVE-2018-10942,NUCLEI,False,True,modules/attributewizardpro/file_upload.php in the Attribute Wizard addon 1.6.9 for PrestaShop 1.4.0.1 through 1.6.1.18 allows remote attackers to execute arbitrary code by uploading a .phtml file.,,,,,,7.5,HIGH,AV:N/AC:L/Au:N/C:P/I:P/A:P,10.0,6.4,CWE-434,2,cpe:2.3:a:attribute_wizard_project:attribute_wizard:1.6.9:*:*:*:*:prestashop:*:* | cpe:2.3:a:prestashop:prestashop:*:*:*:*:*:*:*:*
CVE-2018-10956,NUCLEI,False,True,IPConfigure Orchid Core VMS 2.0.5 allows Directory Traversal.,,,,,,5.0,MEDIUM,AV:N/AC:L/Au:N/C:P/I:N/A:N,10.0,2.9,CWE-22,3,cpe:2.3:a:ipconfigure:orchid_core_vms:2.0.5:*:*:*:*:*:*:* | cpe:2.3:o:linux:linux_kernel:-:*:*:*:*:*:*:* | cpe:2.3:o:microsoft:windows:-:*:*:*:*:*:*:*
CVE-2018-11133,NUCLEI,False,True,No disponible en NVD,,,,,,,,,,,,0,
CVE-2018-11138,CISA + NUCLEI,True,True,No disponible en NVD,,,,,,,,,,,,0,
CVE-2018-11222,NUCLEI,False,True,No disponible en NVD,,,,,,,,,,,,0,
CVE-2018-11227,NUCLEI,False,True,No disponible en NVD,,,,,,,,,,,,0,
CVE-2018-11231,NUCLEI,False,True,No disponible en NVD,,,,,,,,,,,,0,
CVE-2018-11409,NUCLEI,False,True,No disponible en NVD,,,,,,,,,,,,0,
CVE-2018-11473,NUCLEI,False,True,No disponible en NVD,,,,,,,,,,,,0,
CVE-2018-11511,NUCLEI,False,True,No disponible en NVD,,,,,,,,,,,,0,
CVE-2018-11686,NUCLEI,False,True,No disponible en NVD,,,,,,,,,,,,0,
CVE-2018-11709,NUCLEI,False,True,No disponible en NVD,,,,,,,,,,,,0,
CVE-2018-11759,NUCLEI,False,True,No disponible en NVD,,,,,,,,,,,,0,
CVE-2018-11776,CISA + NUCLEI,True,True,No disponible en NVD,,,,,,,,,,,,0,
CVE-2018-11784,NUCLEI,False,True,No disponible en NVD,,,,,,,,,,,,0,
CVE-2018-12031,NUCLEI,False,True,No disponible en NVD,,,,,,,,,,,,0,
CVE-2018-12054,NUCLEI,False,True,No disponible en NVD,,,,,,,,,,,,0,
CVE-2018-1207,NUCLEI,False,True,No disponible en NVD,,,,,,,,,,,,0,
CVE-2018-12095,NUCLEI,False,True,No disponible en NVD,,,,,,,,,,,,0,
CVE-2018-1217,NUCLEI,False,True,No disponible en NVD,,,,,,,,,,,,0,
CVE-2018-12296,NUCLEI,False,True,No disponible en NVD,,,,,,,,,,,,0,
CVE-2018-12300,NUCLEI,False,True,No disponible en NVD,,,,,,,,,,,,0,
CVE-2018-12455,NUCLEI,False,True,No disponible en NVD,,,,,,,,,,,,0,
CVE-2018-12613,NUCLEI,False,True,No disponible en NVD,,,,,,,,,,,,0,
CVE-2018-12634,NUCLEI,False,True,No disponible en NVD,,,,,,,,,,,,0,
CVE-2018-12675,NUCLEI,False,True,No disponible en NVD,,,,,,,,,,,,0,
CVE-2018-1271,NUCLEI,False,True,No disponible en NVD,,,,,,,,,,,,0,
CVE-2018-1273,CISA + NUCLEI,True,True,No disponible en NVD,,,,,,,,,,,,0,
CVE-2018-12909,NUCLEI,False,True,No disponible en NVD,,,,,,,,,,,,0,
CVE-2018-12998,NUCLEI,False,True,No disponible en NVD,,,,,,,,,,,,0,
CVE-2018-13317,NUCLEI,False,True,No disponible en NVD,,,,,,,,,,,,0,
CVE-2018-1335,NUCLEI,False,True,No disponible en NVD,,,,,,,,,,,,0,
CVE-2018-13374,CISA,True,False,No disponible en NVD,,,,,,,,,,,,0,
CVE-2018-13379,CISA + NUCLEI,True,True,No disponible en NVD,,,,,,,,,,,,0,
CVE-2018-13380,NUCLEI,False,True,No disponible en NVD,,,,,,,,,,,,0,
CVE-2018-13382,CISA,True,False,No disponible en NVD,,,,,,,,,,,,0,
CVE-2018-13383,CISA,True,False,No disponible en NVD,,,,,,,,,,,,0,
CVE-2018-13980,NUCLEI,False,True,No disponible en NVD,,,,,,,,,,,,0,
CVE-2018-14013,NUCLEI,False,True,No disponible en NVD,,,,,,,,,,,,0,
CVE-2018-14064,NUCLEI,False,True,No disponible en NVD,,,,,,,,,,,,0,
CVE-2018-14474,NUCLEI,False,True,No disponible en NVD,,,,,,,,,,,,0,
CVE-2018-14558,CISA,True,False,No disponible en NVD,,,,,,,,,,,,0,
CVE-2018-14574,NUCLEI,False,True,No disponible en NVD,,,,,,,,,,,,0,
CVE-2018-14634,CISA,True,False,No disponible en NVD,,,,,,,,,,,,0,
CVE-2018-14667,CISA,True,False,No disponible en NVD,,,,,,,,,,,,0,
CVE-2018-14728,NUCLEI,False,True,No disponible en NVD,,,,,,,,,,,,0,
CVE-2018-14839,CISA,True,False,No disponible en NVD,,,,,,,,,,,,0,
CVE-2018-14847,CISA,True,False,No disponible en NVD,,,,,,,,,,,,0,
CVE-2018-14912,NUCLEI,False,True,No disponible en NVD,,,,,,,,,,,,0,
CVE-2018-14916,NUCLEI,False,True,No disponible en NVD,,,,,,,,,,,,0,
CVE-2018-14918,NUCLEI,False,True,No disponible en NVD,,,,,,,,,,,,0,
CVE-2018-14931,NUCLEI,False,True,No disponible en NVD,,,,,,,,,,,,0,
CVE-2018-14933,CISA + NUCLEI,True,True,No disponible en NVD,,,,,,,,,,,,0,
CVE-2018-15133,CISA,True,False,No disponible en NVD,,,,,,,,,,,,0,
CVE-2018-15138,NUCLEI,False,True,No disponible en NVD,,,,,,,,,,,,0,
CVE-2018-15517,NUCLEI,False,True,No disponible en NVD,,,,,,,,,,,,0,
CVE-2018-15535,NUCLEI,False,True,No disponible en NVD,,,,,,,,,,,,0,
CVE-2018-15745,NUCLEI,False,True,No disponible en NVD,,,,,,,,,,,,0,
CVE-2018-15811,CISA + NUCLEI,True,True,No disponible en NVD,,,,,,,,,,,,0,
CVE-2018-15917,NUCLEI,False,True,No disponible en NVD,,,,,,,,,,,,0,
CVE-2018-15961,CISA + NUCLEI,True,True,No disponible en NVD,,,,,,,,,,,,0,
CVE-2018-15982,CISA,True,False,No disponible en NVD,,,,,,,,,,,,0,
CVE-2018-16059,NUCLEI,False,True,No disponible en NVD,,,,,,,,,,,,0,
CVE-2018-16133,NUCLEI,False,True,No disponible en NVD,,,,,,,,,,,,0,
CVE-2018-16139,NUCLEI,False,True,No disponible en NVD,,,,,,,,,,,,0,
CVE-2018-16159,NUCLEI,False,True,No disponible en NVD,,,,,,,,,,,,0,
CVE-2018-16167,NUCLEI,False,True,No disponible en NVD,,,,,,,,,,,,0,
CVE-2018-16283,NUCLEI,False,True,No disponible en NVD,,,,,,,,,,,,0,
CVE-2018-16288,NUCLEI,False,True,No disponible en NVD,,,,,,,,,,,,0,
CVE-2018-16299,NUCLEI,False,True,No disponible en NVD,,,,,,,,,,,,0,
CVE-2018-16341,NUCLEI,False,True,No disponible en NVD,,,,,,,,,,,,0,
CVE-2018-16363,NUCLEI,False,True,No disponible en NVD,,,,,,,,,,,,0,
CVE-2018-16668,NUCLEI,False,True,No disponible en NVD,,,,,,,,,,,,0,
CVE-2018-16670,NUCLEI,False,True,No disponible en NVD,,,,,,,,,,,,0,
CVE-2018-16671,NUCLEI,False,True,No disponible en NVD,,,,,,,,,,,,0,
CVE-2018-16716,NUCLEI,False,True,No disponible en NVD,,,,,,,,,,,,0,
CVE-2018-16761,NUCLEI,False,True,No disponible en NVD,,,,,,,,,,,,0,
CVE-2018-16763,NUCLEI,False,True,No disponible en NVD,,,,,,,,,,,,0,
CVE-2018-16836,NUCLEI,False,True,No disponible en NVD,,,,,,,,,,,,0,
CVE-2018-16979,NUCLEI,False,True,No disponible en NVD,,,,,,,,,,,,0,
CVE-2018-17082,NUCLEI,False,True,No disponible en NVD,,,,,,,,,,,,0,
CVE-2018-17153,NUCLEI,False,True,No disponible en NVD,,,,,,,,,,,,0,
CVE-2018-17173,NUCLEI,False,True,No disponible en NVD,,,,,,,,,,,,0,
CVE-2018-17207,NUCLEI,False,True,No disponible en NVD,,,,,,,,,,,,0,
CVE-2018-17246,NUCLEI,False,True,No disponible en NVD,,,,,,,,,,,,0,
CVE-2018-17254,NUCLEI,False,True,No disponible en NVD,,,,,,,,,,,,0,
CVE-2018-17283,NUCLEI,False,True,No disponible en NVD,,,,,,,,,,,,0,
CVE-2018-17422,NUCLEI,False,True,No disponible en NVD,,,,,,,,,,,,0,
CVE-2018-17431,NUCLEI,False,True,No disponible en NVD,,,,,,,,,,,,0,
CVE-2018-17463,CISA,True,False,No disponible en NVD,,,,,,,,,,,,0,
CVE-2018-17480,CISA,True,False,No disponible en NVD,,,,,,,,,,,,0,
CVE-2018-18069,NUCLEI,False,True,No disponible en NVD,,,,,,,,,,,,0,
CVE-2018-18264,NUCLEI,False,True,No disponible en NVD,,,,,,,,,,,,0,
CVE-2018-18323,NUCLEI,False,True,No disponible en NVD,,,,,,,,,,,,0,
CVE-2018-18325,CISA + NUCLEI,True,True,No disponible en NVD,,,,,,,,,,,,0,
CVE-2018-18570,NUCLEI,False,True,No disponible en NVD,,,,,,,,,,,,0,
CVE-2018-18608,NUCLEI,False,True,No disponible en NVD,,,,,,,,,,,,0,
CVE-2018-18775,NUCLEI,False,True,No disponible en NVD,,,,,,,,,,,,0,
CVE-2018-18777,NUCLEI,False,True,No disponible en NVD,,,,,,,,,,,,0,
CVE-2018-18778,NUCLEI,False,True,No disponible en NVD,,,,,,,,,,,,0,
CVE-2018-18809,CISA + NUCLEI,True,True,No disponible en NVD,,,,,,,,,,,,0,
CVE-2018-18925,NUCLEI,False,True,No disponible en NVD,,,,,,,,,,,,0,
CVE-2018-19127,NUCLEI,False,True,No disponible en NVD,,,,,,,,,,,,0,
CVE-2018-19136,NUCLEI,False,True,No disponible en NVD,,,,,,,,,,,,0,
CVE-2018-19137,NUCLEI,False,True,No disponible en NVD,,,,,,,,,,,,0,
CVE-2018-19207,NUCLEI,False,True,No disponible en NVD,,,,,,,,,,,,0,
CVE-2018-19276,NUCLEI,False,True,No disponible en NVD,,,,,,,,,,,,0,
CVE-2018-19287,NUCLEI,False,True,No disponible en NVD,,,,,,,,,,,,0,
CVE-2018-19320,CISA,True,False,No disponible en NVD,,,,,,,,,,,,0,
CVE-2018-19321,CISA,True,False,No disponible en NVD,,,,,,,,,,,,0,
CVE-2018-19322,CISA,True,False,No disponible en NVD,,,,,,,,,,,,0,
CVE-2018-19323,CISA,True,False,No disponible en NVD,,,,,,,,,,,,0,
CVE-2018-19326,NUCLEI,False,True,No disponible en NVD,,,,,,,,,,,,0,
CVE-2018-19365,NUCLEI,False,True,No disponible en NVD,,,,,,,,,,,,0,
CVE-2018-19386,NUCLEI,False,True,No disponible en NVD,,,,,,,,,,,,0,
CVE-2018-19410,CISA + NUCLEI,True,True,No disponible en NVD,,,,,,,,,,,,0,
CVE-2018-19439,NUCLEI,False,True,No disponible en NVD,,,,,,,,,,,,0,
CVE-2018-19458,NUCLEI,False,True,No disponible en NVD,,,,,,,,,,,,0,
CVE-2018-19749,NUCLEI,False,True,No disponible en NVD,,,,,,,,,,,,0,
CVE-2018-19751,NUCLEI,False,True,No disponible en NVD,,,,,,,,,,,,0,
CVE-2018-19752,NUCLEI,False,True,No disponible en NVD,,,,,,,,,,,,0,
CVE-2018-19753,NUCLEI,False,True,No disponible en NVD,,,,,,,,,,,,0,
CVE-2018-19877,NUCLEI,False,True,No disponible en NVD,,,,,,,,,,,,0,
CVE-2018-19892,NUCLEI,False,True,No disponible en NVD,,,,,,,,,,,,0,
CVE-2018-19914,NUCLEI,False,True,No disponible en NVD,,,,,,,,,,,,0,
CVE-2018-19915,NUCLEI,False,True,No disponible en NVD,,,,,,,,,,,,0,
CVE-2018-19943,CISA,True,False,No disponible en NVD,,,,,,,,,,,,0,
CVE-2018-19949,CISA,True,False,No disponible en NVD,,,,,,,,,,,,0,
CVE-2018-19953,CISA,True,False,No disponible en NVD,,,,,,,,,,,,0,
CVE-2018-20009,NUCLEI,False,True,No disponible en NVD,,,,,,,,,,,,0,
CVE-2018-20010,NUCLEI,False,True,No disponible en NVD,,,,,,,,,,,,0,
CVE-2018-20011,NUCLEI,False,True,No disponible en NVD,,,,,,,,,,,,0,
CVE-2018-20062,CISA + NUCLEI,True,True,No disponible en NVD,,,,,,,,,,,,0,
CVE-2018-20250,CISA,True,False,No disponible en NVD,,,,,,,,,,,,0,
CVE-2018-20462,NUCLEI,False,True,No disponible en NVD,,,,,,,,,,,,0,
CVE-2018-20463,NUCLEI,False,True,No disponible en NVD,,,,,,,,,,,,0,
CVE-2018-20470,NUCLEI,False,True,No disponible en NVD,,,,,,,,,,,,0,
CVE-2018-20526,NUCLEI,False,True,No disponible en NVD,,,,,,,,,,,,0,
CVE-2018-20608,NUCLEI,False,True,No disponible en NVD,,,,,,,,,,,,0,
CVE-2018-20753,CISA,True,False,No disponible en NVD,,,,,,,,,,,,0,
CVE-2018-20824,NUCLEI,False,True,No disponible en NVD,,,,,,,,,,,,0,
CVE-2018-20985,NUCLEI,False,True,No disponible en NVD,,,,,,,,,,,,0,
CVE-2018-2380,CISA,True,False,No disponible en NVD,,,,,,,,,,,,0,
CVE-2018-2392,NUCLEI,False,True,No disponible en NVD,,,,,,,,,,,,0,
CVE-2018-25114,NUCLEI,False,True,No disponible en NVD,,,,,,,,,,,,0,
CVE-2018-2628,CISA + NUCLEI,True,True,No disponible en NVD,,,,,,,,,,,,0,
CVE-2018-2791,NUCLEI,False,True,No disponible en NVD,,,,,,,,,,,,0,
CVE-2018-2893,NUCLEI,False,True,No disponible en NVD,,,,,,,,,,,,0,
CVE-2018-2894,NUCLEI,False,True,No disponible en NVD,,,,,,,,,,,,0,
CVE-2018-3167,NUCLEI,False,True,No disponible en NVD,,,,,,,,,,,,0,
CVE-2018-3238,NUCLEI,False,True,No disponible en NVD,,,,,,,,,,,,0,
CVE-2018-3714,NUCLEI,False,True,No disponible en NVD,,,,,,,,,,,,0,
CVE-2018-3760,NUCLEI,False,True,No disponible en NVD,,,,,,,,,,,,0,
CVE-2018-3810,NUCLEI,False,True,No disponible en NVD,,,,,,,,,,,,0,
CVE-2018-4063,CISA,True,False,No disponible en NVD,,,,,,,,,,,,0,
CVE-2018-4344,CISA,True,False,No disponible en NVD,,,,,,,,,,,,0,
CVE-2018-4878,CISA,True,False,No disponible en NVD,,,,,,,,,,,,0,
CVE-2018-4939,CISA,True,False,No disponible en NVD,,,,,,,,,,,,0,
CVE-2018-4990,CISA,True,False,No disponible en NVD,,,,,,,,,,,,0,
CVE-2018-5002,CISA,True,False,No disponible en NVD,,,,,,,,,,,,0,
CVE-2018-5230,NUCLEI,False,True,No disponible en NVD,,,,,,,,,,,,0,
CVE-2018-5233,NUCLEI,False,True,No disponible en NVD,,,,,,,,,,,,0,
CVE-2018-5316,NUCLEI,False,True,No disponible en NVD,,,,,,,,,,,,0,
CVE-2018-5430,CISA,True,False,No disponible en NVD,,,,,,,,,,,,0,
CVE-2018-5715,NUCLEI,False,True,No disponible en NVD,,,,,,,,,,,,0,
CVE-2018-6008,NUCLEI,False,True,No disponible en NVD,,,,,,,,,,,,0,
CVE-2018-6065,CISA,True,False,No disponible en NVD,,,,,,,,,,,,0,
CVE-2018-6184,NUCLEI,False,True,No disponible en NVD,,,,,,,,,,,,0,
CVE-2018-6200,NUCLEI,False,True,No disponible en NVD,,,,,,,,,,,,0,
CVE-2018-6530,CISA + NUCLEI,True,True,No disponible en NVD,,,,,,,,,,,,0,
CVE-2018-6605,NUCLEI,False,True,No disponible en NVD,,,,,,,,,,,,0,
CVE-2018-6789,CISA,True,False,No disponible en NVD,,,,,,,,,,,,0,
CVE-2018-6882,CISA + NUCLEI,True,True,No disponible en NVD,,,,,,,,,,,,0,
CVE-2018-6910,NUCLEI,False,True,No disponible en NVD,,,,,,,,,,,,0,
CVE-2018-6961,CISA + NUCLEI,True,True,No disponible en NVD,,,,,,,,,,,,0,
CVE-2018-7192,NUCLEI,False,True,No disponible en NVD,,,,,,,,,,,,0,
CVE-2018-7193,NUCLEI,False,True,No disponible en NVD,,,,,,,,,,,,0,
CVE-2018-7196,NUCLEI,False,True,No disponible en NVD,,,,,,,,,,,,0,
CVE-2018-7251,NUCLEI,False,True,No disponible en NVD,,,,,,,,,,,,0,
CVE-2018-7282,NUCLEI,False,True,No disponible en NVD,,,,,,,,,,,,0,
CVE-2018-7314,NUCLEI,False,True,No disponible en NVD,,,,,,,,,,,,0,
CVE-2018-7422,NUCLEI,False,True,No disponible en NVD,,,,,,,,,,,,0,
CVE-2018-7445,CISA,True,False,No disponible en NVD,,,,,,,,,,,,0,
CVE-2018-7467,NUCLEI,False,True,No disponible en NVD,,,,,,,,,,,,0,
CVE-2018-7490,NUCLEI,False,True,No disponible en NVD,,,,,,,,,,,,0,
CVE-2018-7600,CISA + NUCLEI,True,True,No disponible en NVD,,,,,,,,,,,,0,
CVE-2018-7602,CISA + NUCLEI,True,True,No disponible en NVD,,,,,,,,,,,,0,
CVE-2018-7653,NUCLEI,False,True,No disponible en NVD,,,,,,,,,,,,0,
CVE-2018-7662,NUCLEI,False,True,No disponible en NVD,,,,,,,,,,,,0,
CVE-2018-7700,NUCLEI,False,True,No disponible en NVD,,,,,,,,,,,,0,
CVE-2018-7719,NUCLEI,False,True,No disponible en NVD,,,,,,,,,,,,0,
CVE-2018-7765,NUCLEI,False,True,No disponible en NVD,,,,,,,,,,,,0,
CVE-2018-7841,CISA + NUCLEI,True,True,No disponible en NVD,,,,,,,,,,,,0,
CVE-2018-8006,NUCLEI,False,True,No disponible en NVD,,,,,,,,,,,,0,
CVE-2018-8011,NUCLEI,False,True,No disponible en NVD,,,,,,,,,,,,0,
CVE-2018-8024,NUCLEI,False,True,No disponible en NVD,,,,,,,,,,,,0,
CVE-2018-8033,NUCLEI,False,True,No disponible en NVD,,,,,,,,,,,,0,
CVE-2018-8120,CISA,True,False,No disponible en NVD,,,,,,,,,,,,0,
CVE-2018-8174,CISA,True,False,No disponible en NVD,,,,,,,,,,,,0,
CVE-2018-8298,CISA,True,False,No disponible en NVD,,,,,,,,,,,,0,
CVE-2018-8373,CISA,True,False,No disponible en NVD,,,,,,,,,,,,0,
CVE-2018-8405,CISA,True,False,No disponible en NVD,,,,,,,,,,,,0,
CVE-2018-8406,CISA,True,False,No disponible en NVD,,,,,,,,,,,,0,
CVE-2018-8414,CISA,True,False,No disponible en NVD,,,,,,,,,,,,0,
CVE-2018-8440,CISA,True,False,No disponible en NVD,,,,,,,,,,,,0,
CVE-2018-8453,CISA,True,False,No disponible en NVD,,,,,,,,,,,,0,
CVE-2018-8581,CISA,True,False,No disponible en NVD,,,,,,,,,,,,0,
CVE-2018-8589,CISA,True,False,No disponible en NVD,,,,,,,,,,,,0,
CVE-2018-8611,CISA,True,False,No disponible en NVD,,,,,,,,,,,,0,
CVE-2018-8639,CISA,True,False,No disponible en NVD,,,,,,,,,,,,0,
CVE-2018-8653,CISA,True,False,No disponible en NVD,,,,,,,,,,,,0,
CVE-2018-8715,NUCLEI,False,True,No disponible en NVD,,,,,,,,,,,,0,
CVE-2018-8719,NUCLEI,False,True,No disponible en NVD,,,,,,,,,,,,0,
CVE-2018-8727,NUCLEI,False,True,No disponible en NVD,,,,,,,,,,,,0,
CVE-2018-8770,NUCLEI,False,True,No disponible en NVD,,,,,,,,,,,,0,
CVE-2018-8823,NUCLEI,False,True,No disponible en NVD,,,,,,,,,,,,0,
CVE-2018-9118,NUCLEI,False,True,No disponible en NVD,,,,,,,,,,,,0,
CVE-2018-9161,NUCLEI,False,True,No disponible en NVD,,,,,,,,,,,,0,
CVE-2018-9205,NUCLEI,False,True,No disponible en NVD,,,,,,,,,,,,0,
CVE-2018-9206,NUCLEI,False,True,No disponible en NVD,,,,,,,,,,,,0,
CVE-2018-9276,CISA,True,False,No disponible en NVD,,,,,,,,,,,,0,
CVE-2018-9845,NUCLEI,False,True,No disponible en NVD,,,,,,,,,,,,0,
CVE-2018-9995,NUCLEI,False,True,No disponible en NVD,,,,,,,,,,,,0,
CVE-2019-0192,NUCLEI,False,True,No disponible en NVD,,,,,,,,,,,,0,
CVE-2019-0193,CISA + NUCLEI,True,True,No disponible en NVD,,,,,,,,,,,,0,
CVE-2019-0211,CISA,True,False,No disponible en NVD,,,,,,,,,,,,0,
CVE-2019-0221,NUCLEI,False,True,No disponible en NVD,,,,,,,,,,,,0,
CVE-2019-0230,NUCLEI,False,True,No disponible en NVD,,,,,,,,,,,,0,
CVE-2019-0232,NUCLEI,False,True,No disponible en NVD,,,,,,,,,,,,0,
CVE-2019-0344,CISA,True,False,No disponible en NVD,,,,,,,,,,,,0,
CVE-2019-0541,CISA,True,False,No disponible en NVD,,,,,,,,,,,,0,
CVE-2019-0543,CISA,True,False,No disponible en NVD,,,,,,,,,,,,0,
CVE-2019-0604,CISA,True,False,No disponible en NVD,,,,,,,,,,,,0,
CVE-2019-0676,CISA,True,False,No disponible en NVD,,,,,,,,,,,,0,
CVE-2019-0703,CISA,True,False,No disponible en NVD,,,,,,,,,,,,0,
CVE-2019-0708,CISA,True,False,No disponible en NVD,,,,,,,,,,,,0,
CVE-2019-0752,CISA,True,False,No disponible en NVD,,,,,,,,,,,,0,
CVE-2019-0797,CISA,True,False,No disponible en NVD,,,,,,,,,,,,0,
CVE-2019-0803,CISA,True,False,No disponible en NVD,,,,,,,,,,,,0,
CVE-2019-0808,CISA,True,False,No disponible en NVD,,,,,,,,,,,,0,
CVE-2019-0841,CISA,True,False,No disponible en NVD,,,,,,,,,,,,0,
CVE-2019-0859,CISA,True,False,No disponible en NVD,,,,,,,,,,,,0,
CVE-2019-0863,CISA,True,False,No disponible en NVD,,,,,,,,,,,,0,
CVE-2019-0880,CISA,True,False,No disponible en NVD,,,,,,,,,,,,0,
CVE-2019-0903,CISA,True,False,No disponible en NVD,,,,,,,,,,,,0,
CVE-2019-1003000,NUCLEI,False,True,No disponible en NVD,,,,,,,,,,,,0,
CVE-2019-1003029,CISA,True,False,No disponible en NVD,,,,,,,,,,,,0,
CVE-2019-1003030,CISA,True,False,No disponible en NVD,,,,,,,,,,,,0,
CVE-2019-10068,CISA + NUCLEI,True,True,No disponible en NVD,,,,,,,,,,,,0,
CVE-2019-10092,NUCLEI,False,True,No disponible en NVD,,,,,,,,,,,,0,
CVE-2019-10098,NUCLEI,False,True,No disponible en NVD,,,,,,,,,,,,0,
CVE-2019-1010287,NUCLEI,False,True,No disponible en NVD,,,,,,,,,,,,0,
CVE-2019-1010290,NUCLEI,False,True,No disponible en NVD,,,,,,,,,,,,0,
CVE-2019-10149,CISA,True,False,No disponible en NVD,,,,,,,,,,,,0,
CVE-2019-10232,NUCLEI,False,True,No disponible en NVD,,,,,,,,,,,,0,
CVE-2019-10405,NUCLEI,False,True,No disponible en NVD,,,,,,,,,,,,0,
CVE-2019-10475,NUCLEI,False,True,No disponible en NVD,,,,,,,,,,,,0,
CVE-2019-1064,CISA,True,False,No disponible en NVD,,,,,,,,,,,,0,
CVE-2019-10647,NUCLEI,False,True,No disponible en NVD,,,,,,,,,,,,0,
CVE-2019-1069,CISA,True,False,No disponible en NVD,,,,,,,,,,,,0,
CVE-2019-10692,NUCLEI,False,True,No disponible en NVD,,,,,,,,,,,,0,
CVE-2019-10717,NUCLEI,False,True,No disponible en NVD,,,,,,,,,,,,0,
CVE-2019-10758,CISA + NUCLEI,True,True,No disponible en NVD,,,,,,,,,,,,0,
CVE-2019-11001,CISA,True,False,No disponible en NVD,,,,,,,,,,,,0,
CVE-2019-11013,NUCLEI,False,True,No disponible en NVD,,,,,,,,,,,,0,
CVE-2019-11043,CISA,True,False,No disponible en NVD,,,,,,,,,,,,0,
CVE-2019-11248,NUCLEI,False,True,No disponible en NVD,,,,,,,,,,,,0,
CVE-2019-11253,NUCLEI,False,True,No disponible en NVD,,,,,,,,,,,,0,
CVE-2019-1129,CISA,True,False,No disponible en NVD,,,,,,,,,,,,0,
CVE-2019-1130,CISA,True,False,No disponible en NVD,,,,,,,,,,,,0,
CVE-2019-1132,CISA,True,False,No disponible en NVD,,,,,,,,,,,,0,
CVE-2019-11370,NUCLEI,False,True,No disponible en NVD,,,,,,,,,,,,0,
CVE-2019-11507,NUCLEI,False,True,No disponible en NVD,,,,,,,,,,,,0,
CVE-2019-11510,CISA + NUCLEI,True,True,No disponible en NVD,,,,,,,,,,,,0,
CVE-2019-11539,CISA,True,False,No disponible en NVD,,,,,,,,,,,,0,
CVE-2019-11580,CISA + NUCLEI,True,True,No disponible en NVD,,,,,,,,,,,,0,
CVE-2019-11581,CISA + NUCLEI,True,True,No disponible en NVD,,,,,,,,,,,,0,
CVE-2019-11634,CISA,True,False,No disponible en NVD,,,,,,,,,,,,0,
CVE-2019-11707,CISA,True,False,No disponible en NVD,,,,,,,,,,,,0,
CVE-2019-11708,CISA,True,False,No disponible en NVD,,,,,,,,,,,,0,
CVE-2019-11869,NUCLEI,False,True,No disponible en NVD,,,,,,,,,,,,0,
CVE-2019-11886,NUCLEI,False,True,No disponible en NVD,,,,,,,,,,,,0,
CVE-2019-1214,CISA,True,False,No disponible en NVD,,,,,,,,,,,,0,
CVE-2019-1215,CISA,True,False,No disponible en NVD,,,,,,,,,,,,0,
CVE-2019-12276,NUCLEI,False,True,No disponible en NVD,,,,,,,,,,,,0,
CVE-2019-12314,NUCLEI,False,True,No disponible en NVD,,,,,,,,,,,,0,
CVE-2019-12461,NUCLEI,False,True,No disponible en NVD,,,,,,,,,,,,0,
CVE-2019-1253,CISA,True,False,No disponible en NVD,,,,,,,,,,,,0,
CVE-2019-12581,NUCLEI,False,True,No disponible en NVD,,,,,,,,,,,,0,
CVE-2019-12583,NUCLEI,False,True,No disponible en NVD,,,,,,,,,,,,0,
CVE-2019-12593,NUCLEI,False,True,No disponible en NVD,,,,,,,,,,,,0,
CVE-2019-12725,NUCLEI,False,True,No disponible en NVD,,,,,,,,,,,,0,
CVE-2019-12935,NUCLEI,False,True,No disponible en NVD,,,,,,,,,,,,0,
CVE-2019-12962,NUCLEI,False,True,No disponible en NVD,,,,,,,,,,,,0,
CVE-2019-1297,CISA,True,False,No disponible en NVD,,,,,,,,,,,,0,
CVE-2019-12985,NUCLEI,False,True,No disponible en NVD,,,,,,,,,,,,0,
CVE-2019-12986,NUCLEI,False,True,No disponible en NVD,,,,,,,,,,,,0,
CVE-2019-12987,NUCLEI,False,True,No disponible en NVD,,,,,,,,,,,,0,
CVE-2019-12988,NUCLEI,False,True,No disponible en NVD,,,,,,,,,,,,0,
CVE-2019-12989,CISA + NUCLEI,True,True,No disponible en NVD,,,,,,,,,,,,0,
CVE-2019-12990,NUCLEI,False,True,No disponible en NVD,,,,,,,,,,,,0,
CVE-2019-12991,CISA,True,False,No disponible en NVD,,,,,,,,,,,,0,
CVE-2019-13101,NUCLEI,False,True,No disponible en NVD,,,,,,,,,,,,0,
CVE-2019-1315,CISA,True,False,No disponible en NVD,,,,,,,,,,,,0,
CVE-2019-1322,CISA,True,False,No disponible en NVD,,,,,,,,,,,,0,
CVE-2019-13272,CISA,True,False,No disponible en NVD,,,,,,,,,,,,0,
CVE-2019-13372,NUCLEI,False,True,No disponible en NVD,,,,,,,,,,,,0,
CVE-2019-13392,NUCLEI,False,True,No disponible en NVD,,,,,,,,,,,,0,
CVE-2019-13396,NUCLEI,False,True,No disponible en NVD,,,,,,,,,,,,0,
CVE-2019-13462,NUCLEI,False,True,No disponible en NVD,,,,,,,,,,,,0,
CVE-2019-13608,CISA + NUCLEI,True,True,No disponible en NVD,,,,,,,,,,,,0,
CVE-2019-1367,CISA,True,False,No disponible en NVD,,,,,,,,,,,,0,
CVE-2019-13720,CISA,True,False,No disponible en NVD,,,,,,,,,,,,0,
CVE-2019-1385,CISA,True,False,No disponible en NVD,,,,,,,,,,,,0,
CVE-2019-1388,CISA,True,False,No disponible en NVD,,,,,,,,,,,,0,
CVE-2019-1405,CISA,True,False,No disponible en NVD,,,,,,,,,,,,0,
CVE-2019-14205,NUCLEI,False,True,No disponible en NVD,,,,,,,,,,,,0,
CVE-2019-14206,NUCLEI,False,True,No disponible en NVD,,,,,,,,,,,,0,
CVE-2019-14223,NUCLEI,False,True,No disponible en NVD,,,,,,,,,,,,0,
CVE-2019-14251,NUCLEI,False,True,No disponible en NVD,,,,,,,,,,,,0,
CVE-2019-1429,CISA,True,False,No disponible en NVD,,,,,,,,,,,,0,
CVE-2019-14312,NUCLEI,False,True,No disponible en NVD,,,,,,,,,,,,0,
CVE-2019-14322,NUCLEI,False,True,No disponible en NVD,,,,,,,,,,,,0,
CVE-2019-14470,NUCLEI,False,True,No disponible en NVD,,,,,,,,,,,,0,
CVE-2019-14530,NUCLEI,False,True,No disponible en NVD,,,,,,,,,,,,0,
CVE-2019-1458,CISA,True,False,No disponible en NVD,,,,,,,,,,,,0,
CVE-2019-14696,NUCLEI,False,True,No disponible en NVD,,,,,,,,,,,,0,
CVE-2019-14750,NUCLEI,False,True,No disponible en NVD,,,,,,,,,,,,0,
CVE-2019-14789,NUCLEI,False,True,No disponible en NVD,,,,,,,,,,,,0,
CVE-2019-14950,NUCLEI,False,True,No disponible en NVD,,,,,,,,,,,,0,
CVE-2019-14974,NUCLEI,False,True,No disponible en NVD,,,,,,,,,,,,0,
CVE-2019-15043,NUCLEI,False,True,No disponible en NVD,,,,,,,,,,,,0,
CVE-2019-15107,CISA + NUCLEI,True,True,No disponible en NVD,,,,,,,,,,,,0,
CVE-2019-15271,CISA,True,False,No disponible en NVD,,,,,,,,,,,,0,
CVE-2019-15501,NUCLEI,False,True,No disponible en NVD,,,,,,,,,,,,0,
CVE-2019-15642,NUCLEI,False,True,No disponible en NVD,,,,,,,,,,,,0,
CVE-2019-15713,NUCLEI,False,True,No disponible en NVD,,,,,,,,,,,,0,
CVE-2019-15752,CISA,True,False,No disponible en NVD,,,,,,,,,,,,0,
CVE-2019-15774,NUCLEI,False,True,No disponible en NVD,,,,,,,,,,,,0,
CVE-2019-1579,CISA,True,False,No disponible en NVD,,,,,,,,,,,,0,
CVE-2019-15811,NUCLEI,False,True,No disponible en NVD,,,,,,,,,,,,0,
CVE-2019-15823,NUCLEI,False,True,No disponible en NVD,,,,,,,,,,,,0,
CVE-2019-15829,NUCLEI,False,True,No disponible en NVD,,,,,,,,,,,,0,
CVE-2019-15858,NUCLEI,False,True,No disponible en NVD,,,,,,,,,,,,0,
CVE-2019-15859,NUCLEI,False,True,No disponible en NVD,,,,,,,,,,,,0,
CVE-2019-15889,NUCLEI,False,True,No disponible en NVD,,,,,,,,,,,,0,
CVE-2019-15949,CISA,True,False,No disponible en NVD,,,,,,,,,,,,0,
CVE-2019-16057,CISA + NUCLEI,True,True,No disponible en NVD,,,,,,,,,,,,0,
CVE-2019-16072,NUCLEI,False,True,No disponible en NVD,,,,,,,,,,,,0,
CVE-2019-16097,NUCLEI,False,True,No disponible en NVD,,,,,,,,,,,,0,
CVE-2019-16123,NUCLEI,False,True,No disponible en NVD,,,,,,,,,,,,0,
CVE-2019-16256,CISA,True,False,No disponible en NVD,,,,,,,,,,,,0,
CVE-2019-16278,CISA + NUCLEI,True,True,No disponible en NVD,,,,,,,,,,,,0,
CVE-2019-16313,NUCLEI,False,True,No disponible en NVD,,,,,,,,,,,,0,
CVE-2019-16332,NUCLEI,False,True,No disponible en NVD,,,,,,,,,,,,0,
CVE-2019-16469,NUCLEI,False,True,No disponible en NVD,,,,,,,,,,,,0,
CVE-2019-1652,CISA,True,False,No disponible en NVD,,,,,,,,,,,,0,
CVE-2019-16525,NUCLEI,False,True,No disponible en NVD,,,,,,,,,,,,0,
CVE-2019-1653,CISA + NUCLEI,True,True,No disponible en NVD,,,,,,,,,,,,0,
CVE-2019-16662,NUCLEI,False,True,No disponible en NVD,,,,,,,,,,,,0,
CVE-2019-16759,CISA + NUCLEI,True,True,No disponible en NVD,,,,,,,,,,,,0,
CVE-2019-16920,CISA + NUCLEI,True,True,No disponible en NVD,,,,,,,,,,,,0,
CVE-2019-16928,CISA,True,False,No disponible en NVD,,,,,,,,,,,,0,
CVE-2019-16931,NUCLEI,False,True,No disponible en NVD,,,,,,,,,,,,0,
CVE-2019-16932,NUCLEI,False,True,No disponible en NVD,,,,,,,,,,,,0,
CVE-2019-16996,NUCLEI,False,True,No disponible en NVD,,,,,,,,,,,,0,
CVE-2019-16997,NUCLEI,False,True,No disponible en NVD,,,,,,,,,,,,0,
CVE-2019-17026,CISA,True,False,No disponible en NVD,,,,,,,,,,,,0,
CVE-2019-17228,NUCLEI,False,True,No disponible en NVD,,,,,,,,,,,,0,
CVE-2019-17230,NUCLEI,False,True,No disponible en NVD,,,,,,,,,,,,0,
CVE-2019-17231,NUCLEI,False,True,No disponible en NVD,,,,,,,,,,,,0,
CVE-2019-17232,NUCLEI,False,True,No disponible en NVD,,,,,,,,,,,,0,
CVE-2019-17233,NUCLEI,False,True,No disponible en NVD,,,,,,,,,,,,0,
CVE-2019-17270,NUCLEI,False,True,No disponible en NVD,,,,,,,,,,,,0,
CVE-2019-17382,NUCLEI,False,True,No disponible en NVD,,,,,,,,,,,,0,
CVE-2019-17418,NUCLEI,False,True,No disponible en NVD,,,,,,,,,,,,0,
CVE-2019-17444,NUCLEI,False,True,No disponible en NVD,,,,,,,,,,,,0,
CVE-2019-17503,NUCLEI,False,True,No disponible en NVD,,,,,,,,,,,,0,
CVE-2019-17506,NUCLEI,False,True,No disponible en NVD,,,,,,,,,,,,0,
CVE-2019-17538,NUCLEI,False,True,No disponible en NVD,,,,,,,,,,,,0,
CVE-2019-17558,CISA + NUCLEI,True,True,No disponible en NVD,,,,,,,,,,,,0,
CVE-2019-17564,NUCLEI,False,True,No disponible en NVD,,,,,,,,,,,,0,
CVE-2019-17574,NUCLEI,False,True,No disponible en NVD,,,,,,,,,,,,0,
CVE-2019-17621,CISA,True,False,No disponible en NVD,,,,,,,,,,,,0,
CVE-2019-17662,NUCLEI,False,True,No disponible en NVD,,,,,,,,,,,,0,
CVE-2019-17671,NUCLEI,False,True,No disponible en NVD,,,,,,,,,,,,0,
CVE-2019-18187,CISA,True,False,No disponible en NVD,,,,,,,,,,,,0,
CVE-2019-1821,NUCLEI,False,True,No disponible en NVD,,,,,,,,,,,,0,
CVE-2019-18217,NUCLEI,False,True,No disponible en NVD,,,,,,,,,,,,0,
CVE-2019-18371,NUCLEI,False,True,No disponible en NVD,,,,,,,,,,,,0,
CVE-2019-18393,NUCLEI,False,True,No disponible en NVD,,,,,,,,,,,,0,
CVE-2019-18394,NUCLEI,False,True,No disponible en NVD,,,,,,,,,,,,0,
CVE-2019-18426,CISA,True,False,No disponible en NVD,,,,,,,,,,,,0,
CVE-2019-18665,NUCLEI,False,True,No disponible en NVD,,,,,,,,,,,,0,
CVE-2019-18818,NUCLEI,False,True,No disponible en NVD,,,,,,,,,,,,0,
CVE-2019-18922,NUCLEI,False,True,No disponible en NVD,,,,,,,,,,,,0,
CVE-2019-18935,CISA,True,False,No disponible en NVD,,,,,,,,,,,,0,
CVE-2019-18952,NUCLEI,False,True,No disponible en NVD,,,,,,,,,,,,0,
CVE-2019-18957,NUCLEI,False,True,No disponible en NVD,,,,,,,,,,,,0,
CVE-2019-1898,NUCLEI,False,True,No disponible en NVD,,,,,,,,,,,,0,
CVE-2019-18988,CISA,True,False,No disponible en NVD,,,,,,,,,,,,0,
CVE-2019-19006,CISA,True,False,No disponible en NVD,,,,,,,,,,,,0,
CVE-2019-19134,NUCLEI,False,True,No disponible en NVD,,,,,,,,,,,,0,
CVE-2019-19356,CISA,True,False,No disponible en NVD,,,,,,,,,,,,0,
CVE-2019-19368,NUCLEI,False,True,No disponible en NVD,,,,,,,,,,,,0,
CVE-2019-19411,NUCLEI,False,True,No disponible en NVD,,,,,,,,,,,,0,
CVE-2019-1943,NUCLEI,False,True,No disponible en NVD,,,,,,,,,,,,0,
CVE-2019-19781,CISA + NUCLEI,True,True,No disponible en NVD,,,,,,,,,,,,0,
CVE-2019-19822,NUCLEI,False,True,No disponible en NVD,,,,,,,,,,,,0,
CVE-2019-19823,NUCLEI,False,True,No disponible en NVD,,,,,,,,,,,,0,
CVE-2019-19824,NUCLEI,False,True,No disponible en NVD,,,,,,,,,,,,0,
CVE-2019-19825,NUCLEI,False,True,No disponible en NVD,,,,,,,,,,,,0,
CVE-2019-19908,NUCLEI,False,True,No disponible en NVD,,,,,,,,,,,,0,
CVE-2019-19985,NUCLEI,False,True,No disponible en NVD,,,,,,,,,,,,0,
CVE-2019-20085,CISA + NUCLEI,True,True,No disponible en NVD,,,,,,,,,,,,0,
CVE-2019-20141,NUCLEI,False,True,No disponible en NVD,,,,,,,,,,,,0,
CVE-2019-20176,NUCLEI,False,True,No disponible en NVD,,,,,,,,,,,,0,
CVE-2019-20183,NUCLEI,False,True,No disponible en NVD,,,,,,,,,,,,0,
CVE-2019-20210,NUCLEI,False,True,No disponible en NVD,,,,,,,,,,,,0,
CVE-2019-20224,NUCLEI,False,True,No disponible en NVD,,,,,,,,,,,,0,
CVE-2019-20500,CISA,True,False,No disponible en NVD,,,,,,,,,,,,0,
CVE-2019-20504,NUCLEI,False,True,No disponible en NVD,,,,,,,,,,,,0,
CVE-2019-20933,NUCLEI,False,True,No disponible en NVD,,,,,,,,,,,,0,
CVE-2019-2215,CISA,True,False,No disponible en NVD,,,,,,,,,,,,0,
CVE-2019-25141,NUCLEI,False,True,No disponible en NVD,,,,,,,,,,,,0,
CVE-2019-25152,NUCLEI,False,True,No disponible en NVD,,,,,,,,,,,,0,
CVE-2019-25213,NUCLEI,False,True,No disponible en NVD,,,,,,,,,,,,0,
CVE-2019-2578,NUCLEI,False,True,No disponible en NVD,,,,,,,,,,,,0,
CVE-2019-2579,NUCLEI,False,True,No disponible en NVD,,,,,,,,,,,,0,
CVE-2019-2588,NUCLEI,False,True,No disponible en NVD,,,,,,,,,,,,0,
CVE-2019-2616,CISA + NUCLEI,True,True,No disponible en NVD,,,,,,,,,,,,0,
CVE-2019-2725,CISA + NUCLEI,True,True,No disponible en NVD,,,,,,,,,,,,0,
CVE-2019-2729,NUCLEI,False,True,No disponible en NVD,,,,,,,,,,,,0,
CVE-2019-2767,NUCLEI,False,True,No disponible en NVD,,,,,,,,,,,,0,
CVE-2019-3010,CISA,True,False,No disponible en NVD,,,,,,,,,,,,0,
CVE-2019-3396,CISA + NUCLEI,True,True,No disponible en NVD,,,,,,,,,,,,0,
CVE-2019-3398,CISA + NUCLEI,True,True,No disponible en NVD,,,,,,,,,,,,0,
CVE-2019-3401,NUCLEI,False,True,No disponible en NVD,,,,,,,,,,,,0,
CVE-2019-3402,NUCLEI,False,True,No disponible en NVD,,,,,,,,,,,,0,
CVE-2019-3403,NUCLEI,False,True,No disponible en NVD,,,,,,,,,,,,0,
CVE-2019-3568,CISA,True,False,No disponible en NVD,,,,,,,,,,,,0,
CVE-2019-3799,NUCLEI,False,True,No disponible en NVD,,,,,,,,,,,,0,
CVE-2019-3911,NUCLEI,False,True,No disponible en NVD,,,,,,,,,,,,0,
CVE-2019-3912,NUCLEI,False,True,No disponible en NVD,,,,,,,,,,,,0,
CVE-2019-3929,CISA + NUCLEI,True,True,No disponible en NVD,,,,,,,,,,,,0,
CVE-2019-4061,NUCLEI,False,True,No disponible en NVD,,,,,,,,,,,,0,
CVE-2019-4716,CISA + NUCLEI,True,True,No disponible en NVD,,,,,,,,,,,,0,
CVE-2019-5127,NUCLEI,False,True,No disponible en NVD,,,,,,,,,,,,0,
CVE-2019-5128,NUCLEI,False,True,No disponible en NVD,,,,,,,,,,,,0,
CVE-2019-5129,NUCLEI,False,True,No disponible en NVD,,,,,,,,,,,,0,
CVE-2019-5418,CISA + NUCLEI,True,True,No disponible en NVD,,,,,,,,,,,,0,
CVE-2019-5434,NUCLEI,False,True,No disponible en NVD,,,,,,,,,,,,0,
CVE-2019-5544,CISA + NUCLEI,True,True,No disponible en NVD,,,,,,,,,,,,0,
CVE-2019-5591,CISA + NUCLEI,True,True,No disponible en NVD,,,,,,,,,,,,0,
CVE-2019-5786,CISA,True,False,No disponible en NVD,,,,,,,,,,,,0,
CVE-2019-5825,CISA,True,False,No disponible en NVD,,,,,,,,,,,,0,
CVE-2019-6112,NUCLEI,False,True,No disponible en NVD,,,,,,,,,,,,0,
CVE-2019-6223,CISA,True,False,No disponible en NVD,,,,,,,,,,,,0,
CVE-2019-6340,CISA + NUCLEI,True,True,No disponible en NVD,,,,,,,,,,,,0,
CVE-2019-6443,NUCLEI,False,True,No disponible en NVD,,,,,,,,,,,,0,
CVE-2019-6693,CISA,True,False,No disponible en NVD,,,,,,,,,,,,0,
CVE-2019-6703,NUCLEI,False,True,No disponible en NVD,,,,,,,,,,,,0,
CVE-2019-6715,NUCLEI,False,True,No disponible en NVD,,,,,,,,,,,,0,
CVE-2019-6793,NUCLEI,False,True,No disponible en NVD,,,,,,,,,,,,0,
CVE-2019-6799,NUCLEI,False,True,No disponible en NVD,,,,,,,,,,,,0,
CVE-2019-6802,NUCLEI,False,True,No disponible en NVD,,,,,,,,,,,,0,
CVE-2019-7139,NUCLEI,False,True,No disponible en NVD,,,,,,,,,,,,0,
CVE-2019-7192,CISA + NUCLEI,True,True,No disponible en NVD,,,,,,,,,,,,0,
CVE-2019-7193,CISA,True,False,No disponible en NVD,,,,,,,,,,,,0,
CVE-2019-7194,CISA + NUCLEI,True,True,No disponible en NVD,,,,,,,,,,,,0,
CVE-2019-7195,CISA + NUCLEI,True,True,No disponible en NVD,,,,,,,,,,,,0,
CVE-2019-7219,NUCLEI,False,True,No disponible en NVD,,,,,,,,,,,,0,
CVE-2019-7238,CISA + NUCLEI,True,True,No disponible en NVD,,,,,,,,,,,,0,
CVE-2019-7254,NUCLEI,False,True,No disponible en NVD,,,,,,,,,,,,0,
CVE-2019-7255,NUCLEI,False,True,No disponible en NVD,,,,,,,,,,,,0,
CVE-2019-7256,CISA + NUCLEI,True,True,No disponible en NVD,,,,,,,,,,,,0,
CVE-2019-7275,NUCLEI,False,True,No disponible en NVD,,,,,,,,,,,,0,
CVE-2019-7276,NUCLEI,False,True,No disponible en NVD,,,,,,,,,,,,0,
CVE-2019-7286,CISA,True,False,No disponible en NVD,,,,,,,,,,,,0,
CVE-2019-7287,CISA,True,False,No disponible en NVD,,,,,,,,,,,,0,
CVE-2019-7315,NUCLEI,False,True,No disponible en NVD,,,,,,,,,,,,0,
CVE-2019-7481,CISA + NUCLEI,True,True,No disponible en NVD,,,,,,,,,,,,0,
CVE-2019-7483,CISA,True,False,No disponible en NVD,,,,,,,,,,,,0,
CVE-2019-7543,NUCLEI,False,True,No disponible en NVD,,,,,,,,,,,,0,
CVE-2019-7609,CISA + NUCLEI,True,True,No disponible en NVD,,,,,,,,,,,,0,
CVE-2019-8086,NUCLEI,False,True,No disponible en NVD,,,,,,,,,,,,0,
CVE-2019-8390,NUCLEI,False,True,No disponible en NVD,,,,,,,,,,,,0,
CVE-2019-8394,CISA,True,False,No disponible en NVD,,,,,,,,,,,,0,
CVE-2019-8442,NUCLEI,False,True,No disponible en NVD,,,,,,,,,,,,0,
CVE-2019-8446,NUCLEI,False,True,No disponible en NVD,,,,,,,,,,,,0,
CVE-2019-8449,NUCLEI,False,True,No disponible en NVD,,,,,,,,,,,,0,
CVE-2019-8451,NUCLEI,False,True,No disponible en NVD,,,,,,,,,,,,0,
CVE-2019-8506,CISA,True,False,No disponible en NVD,,,,,,,,,,,,0,
CVE-2019-8526,CISA,True,False,No disponible en NVD,,,,,,,,,,,,0,
CVE-2019-8605,CISA,True,False,No disponible en NVD,,,,,,,,,,,,0,
CVE-2019-8720,CISA,True,False,No disponible en NVD,,,,,,,,,,,,0,
CVE-2019-8903,NUCLEI,False,True,No disponible en NVD,,,,,,,,,,,,0,
CVE-2019-8937,NUCLEI,False,True,No disponible en NVD,,,,,,,,,,,,0,
CVE-2019-8943,NUCLEI,False,True,No disponible en NVD,,,,,,,,,,,,0,
CVE-2019-8982,NUCLEI,False,True,No disponible en NVD,,,,,,,,,,,,0,
CVE-2019-9041,NUCLEI,False,True,No disponible en NVD,,,,,,,,,,,,0,
CVE-2019-9082,CISA + NUCLEI,True,True,No disponible en NVD,,,,,,,,,,,,0,
CVE-2019-9193,NUCLEI,False,True,No disponible en NVD,,,,,,,,,,,,0,
CVE-2019-9194,NUCLEI,False,True,No disponible en NVD,,,,,,,,,,,,0,
CVE-2019-9618,NUCLEI,False,True,No disponible en NVD,,,,,,,,,,,,0,
CVE-2019-9621,CISA + NUCLEI,True,True,No disponible en NVD,,,,,,,,,,,,0,
CVE-2019-9632,NUCLEI,False,True,No disponible en NVD,,,,,,,,,,,,0,
CVE-2019-9670,CISA + NUCLEI,True,True,No disponible en NVD,,,,,,,,,,,,0,
CVE-2019-9726,NUCLEI,False,True,No disponible en NVD,,,,,,,,,,,,0,
CVE-2019-9733,NUCLEI,False,True,No disponible en NVD,,,,,,,,,,,,0,
CVE-2019-9757,NUCLEI,False,True,No disponible en NVD,,,,,,,,,,,,0,
CVE-2019-9762,NUCLEI,False,True,No disponible en NVD,,,,,,,,,,,,0,
CVE-2019-9874,CISA + NUCLEI,True,True,No disponible en NVD,,,,,,,,,,,,0,
CVE-2019-9875,CISA,True,False,No disponible en NVD,,,,,,,,,,,,0,
CVE-2019-9879,NUCLEI,False,True,No disponible en NVD,,,,,,,,,,,,0,
CVE-2019-9880,NUCLEI,False,True,No disponible en NVD,,,,,,,,,,,,0,
CVE-2019-9881,NUCLEI,False,True,No disponible en NVD,,,,,,,,,,,,0,
CVE-2019-9912,NUCLEI,False,True,No disponible en NVD,,,,,,,,,,,,0,
CVE-2019-9915,NUCLEI,False,True,No disponible en NVD,,,,,,,,,,,,0,
CVE-2019-9922,NUCLEI,False,True,No disponible en NVD,,,,,,,,,,,,0,
CVE-2019-9955,NUCLEI,False,True,No disponible en NVD,,,,,,,,,,,,0,
CVE-2019-9978,CISA + NUCLEI,True,True,No disponible en NVD,,,,,,,,,,,,0,
CVE-2020-0041,CISA,True,False,No disponible en NVD,,,,,,,,,,,,0,
CVE-2020-0069,CISA,True,False,No disponible en NVD,,,,,,,,,,,,0,
CVE-2020-0601,CISA,True,False,No disponible en NVD,,,,,,,,,,,,0,
CVE-2020-0618,CISA + NUCLEI,True,True,No disponible en NVD,,,,,,,,,,,,0,
CVE-2020-0638,CISA,True,False,No disponible en NVD,,,,,,,,,,,,0,
CVE-2020-0646,CISA,True,False,No disponible en NVD,,,,,,,,,,,,0,
CVE-2020-0674,CISA,True,False,No disponible en NVD,,,,,,,,,,,,0,
CVE-2020-0683,CISA,True,False,No disponible en NVD,,,,,,,,,,,,0,
CVE-2020-0688,CISA,True,False,No disponible en NVD,,,,,,,,,,,,0,
CVE-2020-0787,CISA,True,False,No disponible en NVD,,,,,,,,,,,,0,
CVE-2020-0796,CISA + NUCLEI,True,True,No disponible en NVD,,,,,,,,,,,,0,
CVE-2020-0878,CISA,True,False,No disponible en NVD,,,,,,,,,,,,0,
CVE-2020-0938,CISA,True,False,No disponible en NVD,,,,,,,,,,,,0,
CVE-2020-0968,CISA,True,False,No disponible en NVD,,,,,,,,,,,,0,
CVE-2020-0986,CISA,True,False,No disponible en NVD,,,,,,,,,,,,0,
CVE-2020-10148,CISA + NUCLEI,True,True,No disponible en NVD,,,,,,,,,,,,0,
CVE-2020-10181,CISA,True,False,No disponible en NVD,,,,,,,,,,,,0,
CVE-2020-10189,CISA + NUCLEI,True,True,No disponible en NVD,,,,,,,,,,,,0,
CVE-2020-10199,CISA + NUCLEI,True,True,No disponible en NVD,,,,,,,,,,,,0,
CVE-2020-1020,CISA,True,False,No disponible en NVD,,,,,,,,,,,,0,
CVE-2020-10220,NUCLEI,False,True,No disponible en NVD,,,,,,,,,,,,0,
CVE-2020-10221,CISA,True,False,No disponible en NVD,,,,,,,,,,,,0,
CVE-2020-10257,NUCLEI,False,True,No disponible en NVD,,,,,,,,,,,,0,
CVE-2020-1027,CISA,True,False,No disponible en NVD,,,,,,,,,,,,0,
CVE-2020-1040,CISA,True,False,No disponible en NVD,,,,,,,,,,,,0,
CVE-2020-1054,CISA,True,False,No disponible en NVD,,,,,,,,,,,,0,
CVE-2020-10546,NUCLEI,False,True,No disponible en NVD,,,,,,,,,,,,0,
CVE-2020-10547,NUCLEI,False,True,No disponible en NVD,,,,,,,,,,,,0,
CVE-2020-10548,NUCLEI,False,True,No disponible en NVD,,,,,,,,,,,,0,
CVE-2020-10549,NUCLEI,False,True,No disponible en NVD,,,,,,,,,,,,0,
CVE-2020-10770,NUCLEI,False,True,No disponible en NVD,,,,,,,,,,,,0,
CVE-2020-10973,NUCLEI,False,True,No disponible en NVD,,,,,,,,,,,,0,
CVE-2020-10987,CISA + NUCLEI,True,True,No disponible en NVD,,,,,,,,,,,,0,
CVE-2020-11023,CISA,True,False,No disponible en NVD,,,,,,,,,,,,0,
CVE-2020-11034,NUCLEI,False,True,No disponible en NVD,,,,,,,,,,,,0,
CVE-2020-11110,NUCLEI,False,True,No disponible en NVD,,,,,,,,,,,,0,
CVE-2020-11261,CISA,True,False,No disponible en NVD,,,,,,,,,,,,0,
CVE-2020-11441,NUCLEI,False,True,No disponible en NVD,,,,,,,,,,,,0,
CVE-2020-11450,NUCLEI,False,True,No disponible en NVD,,,,,,,,,,,,0,
CVE-2020-11455,NUCLEI,False,True,No disponible en NVD,,,,,,,,,,,,0,
CVE-2020-1147,CISA,True,False,No disponible en NVD,,,,,,,,,,,,0,
CVE-2020-11514,NUCLEI,False,True,No disponible en NVD,,,,,,,,,,,,0,
CVE-2020-11515,NUCLEI,False,True,No disponible en NVD,,,,,,,,,,,,0,
CVE-2020-11529,NUCLEI,False,True,No disponible en NVD,,,,,,,,,,,,0,
CVE-2020-11530,NUCLEI,False,True,No disponible en NVD,,,,,,,,,,,,0,
CVE-2020-11546,NUCLEI,False,True,No disponible en NVD,,,,,,,,,,,,0,
CVE-2020-11547,NUCLEI,False,True,No disponible en NVD,,,,,,,,,,,,0,
CVE-2020-11651,CISA,True,False,No disponible en NVD,,,,,,,,,,,,0,
CVE-2020-11652,CISA,True,False,No disponible en NVD,,,,,,,,,,,,0,
CVE-2020-11710,NUCLEI,False,True,No disponible en NVD,,,,,,,,,,,,0,
CVE-2020-11732,NUCLEI,False,True,No disponible en NVD,,,,,,,,,,,,0,
CVE-2020-11738,CISA + NUCLEI,True,True,No disponible en NVD,,,,,,,,,,,,0,
CVE-2020-11798,NUCLEI,False,True,No disponible en NVD,,,,,,,,,,,,0,
CVE-2020-11853,NUCLEI,False,True,No disponible en NVD,,,,,,,,,,,,0,
CVE-2020-11854,NUCLEI,False,True,No disponible en NVD,,,,,,,,,,,,0,
CVE-2020-11899,CISA,True,False,No disponible en NVD,,,,,,,,,,,,0,
CVE-2020-11930,NUCLEI,False,True,No disponible en NVD,,,,,,,,,,,,0,
CVE-2020-11975,NUCLEI,False,True,No disponible en NVD,,,,,,,,,,,,0,
CVE-2020-11978,CISA + NUCLEI,True,True,No disponible en NVD,,,,,,,,,,,,0,
CVE-2020-11981,NUCLEI,False,True,No disponible en NVD,,,,,,,,,,,,0,
CVE-2020-11984,NUCLEI,False,True,No disponible en NVD,,,,,,,,,,,,0,
CVE-2020-11991,NUCLEI,False,True,No disponible en NVD,,,,,,,,,,,,0,
CVE-2020-12054,NUCLEI,False,True,No disponible en NVD,,,,,,,,,,,,0,
CVE-2020-12116,NUCLEI,False,True,No disponible en NVD,,,,,,,,,,,,0,
CVE-2020-12124,NUCLEI,False,True,No disponible en NVD,,,,,,,,,,,,0,
CVE-2020-12127,NUCLEI,False,True,No disponible en NVD,,,,,,,,,,,,0,
CVE-2020-12256,NUCLEI,False,True,No disponible en NVD,,,,,,,,,,,,0,
CVE-2020-12259,NUCLEI,False,True,No disponible en NVD,,,,,,,,,,,,0,
CVE-2020-12262,NUCLEI,False,True,No disponible en NVD,,,,,,,,,,,,0,
CVE-2020-12271,CISA,True,False,No disponible en NVD,,,,,,,,,,,,0,
CVE-2020-12447,NUCLEI,False,True,No disponible en NVD,,,,,,,,,,,,0,
CVE-2020-12478,NUCLEI,False,True,No disponible en NVD,,,,,,,,,,,,0,
CVE-2020-12641,CISA + NUCLEI,True,True,No disponible en NVD,,,,,,,,,,,,0,
CVE-2020-12720,NUCLEI,False,True,No disponible en NVD,,,,,,,,,,,,0,
CVE-2020-12800,NUCLEI,False,True,No disponible en NVD,,,,,,,,,,,,0,
CVE-2020-12812,CISA,True,False,No disponible en NVD,,,,,,,,,,,,0,
CVE-2020-12832,NUCLEI,False,True,No disponible en NVD,,,,,,,,,,,,0,
CVE-2020-13117,NUCLEI,False,True,No disponible en NVD,,,,,,,,,,,,0,
CVE-2020-13121,NUCLEI,False,True,No disponible en NVD,,,,,,,,,,,,0,
CVE-2020-13125,NUCLEI,False,True,No disponible en NVD,,,,,,,,,,,,0,
CVE-2020-13158,NUCLEI,False,True,No disponible en NVD,,,,,,,,,,,,0,
CVE-2020-13167,NUCLEI,False,True,No disponible en NVD,,,,,,,,,,,,0,
CVE-2020-13258,NUCLEI,False,True,No disponible en NVD,,,,,,,,,,,,0,
CVE-2020-13379,NUCLEI,False,True,No disponible en NVD,,,,,,,,,,,,0,
CVE-2020-13405,NUCLEI,False,True,No disponible en NVD,,,,,,,,,,,,0,
CVE-2020-13483,NUCLEI,False,True,No disponible en NVD,,,,,,,,,,,,0,
CVE-2020-1350,CISA,True,False,No disponible en NVD,,,,,,,,,,,,0,
CVE-2020-13638,NUCLEI,False,True,No disponible en NVD,,,,,,,,,,,,0,
CVE-2020-13640,NUCLEI,False,True,No disponible en NVD,,,,,,,,,,,,0,
CVE-2020-13671,CISA,True,False,No disponible en NVD,,,,,,,,,,,,0,
CVE-2020-13700,NUCLEI,False,True,No disponible en NVD,,,,,,,,,,,,0,
CVE-2020-1380,CISA,True,False,No disponible en NVD,,,,,,,,,,,,0,
CVE-2020-13820,NUCLEI,False,True,No disponible en NVD,,,,,,,,,,,,0,
CVE-2020-13851,NUCLEI,False,True,No disponible en NVD,,,,,,,,,,,,0,
CVE-2020-13886,NUCLEI,False,True,No disponible en NVD,,,,,,,,,,,,0,
CVE-2020-13927,CISA + NUCLEI,True,True,No disponible en NVD,,,,,,,,,,,,0,
CVE-2020-13937,NUCLEI,False,True,No disponible en NVD,,,,,,,,,,,,0,
CVE-2020-13942,NUCLEI,False,True,No disponible en NVD,,,,,,,,,,,,0,
CVE-2020-13945,NUCLEI,False,True,No disponible en NVD,,,,,,,,,,,,0,
CVE-2020-13965,CISA,True,False,No disponible en NVD,,,,,,,,,,,,0,
CVE-2020-14092,NUCLEI,False,True,No disponible en NVD,,,,,,,,,,,,0,
CVE-2020-14144,NUCLEI,False,True,No disponible en NVD,,,,,,,,,,,,0,
CVE-2020-14179,NUCLEI,False,True,No disponible en NVD,,,,,,,,,,,,0,
CVE-2020-14181,NUCLEI,False,True,No disponible en NVD,,,,,,,,,,,,0,
CVE-2020-14408,NUCLEI,False,True,No disponible en NVD,,,,,,,,,,,,0,
CVE-2020-14413,NUCLEI,False,True,No disponible en NVD,,,,,,,,,,,,0,
CVE-2020-1464,CISA,True,False,No disponible en NVD,,,,,,,,,,,,0,
CVE-2020-14644,CISA + NUCLEI,True,True,No disponible en NVD,,,,,,,,,,,,0,
CVE-2020-1472,CISA,True,False,No disponible en NVD,,,,,,,,,,,,0,
CVE-2020-14750,CISA + NUCLEI,True,True,No disponible en NVD,,,,,,,,,,,,0,
CVE-2020-14864,CISA + NUCLEI,True,True,No disponible en NVD,,,,,,,,,,,,0,
CVE-2020-14871,CISA,True,False,No disponible en NVD,,,,,,,,,,,,0,
CVE-2020-14882,CISA + NUCLEI,True,True,No disponible en NVD,,,,,,,,,,,,0,
CVE-2020-14883,CISA + NUCLEI,True,True,No disponible en NVD,,,,,,,,,,,,0,
CVE-2020-15050,NUCLEI,False,True,No disponible en NVD,,,,,,,,,,,,0,
CVE-2020-15069,CISA,True,False,No disponible en NVD,,,,,,,,,,,,0,
CVE-2020-15081,NUCLEI,False,True,No disponible en NVD,,,,,,,,,,,,0,
CVE-2020-15129,NUCLEI,False,True,No disponible en NVD,,,,,,,,,,,,0,
CVE-2020-15148,NUCLEI,False,True,No disponible en NVD,,,,,,,,,,,,0,
CVE-2020-15227,NUCLEI,False,True,No disponible en NVD,,,,,,,,,,,,0,
CVE-2020-15415,CISA + NUCLEI,True,True,No disponible en NVD,,,,,,,,,,,,0,
CVE-2020-15500,NUCLEI,False,True,No disponible en NVD,,,,,,,,,,,,0,
CVE-2020-15505,CISA + NUCLEI,True,True,No disponible en NVD,,,,,,,,,,,,0,
CVE-2020-15568,NUCLEI,False,True,No disponible en NVD,,,,,,,,,,,,0,
CVE-2020-15718,NUCLEI,False,True,No disponible en NVD,,,,,,,,,,,,0,
CVE-2020-15867,NUCLEI,False,True,No disponible en NVD,,,,,,,,,,,,0,
CVE-2020-15895,NUCLEI,False,True,No disponible en NVD,,,,,,,,,,,,0,
CVE-2020-15906,NUCLEI,False,True,No disponible en NVD,,,,,,,,,,,,0,
CVE-2020-15920,NUCLEI,False,True,No disponible en NVD,,,,,,,,,,,,0,
CVE-2020-15999,CISA,True,False,No disponible en NVD,,,,,,,,,,,,0,
CVE-2020-16009,CISA,True,False,No disponible en NVD,,,,,,,,,,,,0,
CVE-2020-16010,CISA,True,False,No disponible en NVD,,,,,,,,,,,,0,
CVE-2020-16013,CISA,True,False,No disponible en NVD,,,,,,,,,,,,0,
CVE-2020-16017,CISA,True,False,No disponible en NVD,,,,,,,,,,,,0,
CVE-2020-16139,NUCLEI,False,True,No disponible en NVD,,,,,,,,,,,,0,
CVE-2020-16248,NUCLEI,False,True,No disponible en NVD,,,,,,,,,,,,0,
CVE-2020-1631,CISA,True,False,No disponible en NVD,,,,,,,,,,,,0,
CVE-2020-16846,CISA + NUCLEI,True,True,No disponible en NVD,,,,,,,,,,,,0,
CVE-2020-16952,NUCLEI,False,True,No disponible en NVD,,,,,,,,,,,,0,
CVE-2020-17087,CISA,True,False,No disponible en NVD,,,,,,,,,,,,0,
CVE-2020-17144,CISA,True,False,No disponible en NVD,,,,,,,,,,,,0,
CVE-2020-17362,NUCLEI,False,True,No disponible en NVD,,,,,,,,,,,,0,
CVE-2020-17453,NUCLEI,False,True,No disponible en NVD,,,,,,,,,,,,0,
CVE-2020-17456,NUCLEI,False,True,No disponible en NVD,,,,,,,,,,,,0,
CVE-2020-17463,CISA + NUCLEI,True,True,No disponible en NVD,,,,,,,,,,,,0,
CVE-2020-17496,CISA + NUCLEI,True,True,No disponible en NVD,,,,,,,,,,,,0,
CVE-2020-17505,NUCLEI,False,True,No disponible en NVD,,,,,,,,,,,,0,
CVE-2020-17506,NUCLEI,False,True,No disponible en NVD,,,,,,,,,,,,0,
CVE-2020-17518,NUCLEI,False,True,No disponible en NVD,,,,,,,,,,,,0,
CVE-2020-17519,CISA + NUCLEI,True,True,No disponible en NVD,,,,,,,,,,,,0,
CVE-2020-17526,NUCLEI,False,True,No disponible en NVD,,,,,,,,,,,,0,
CVE-2020-17530,CISA + NUCLEI,True,True,No disponible en NVD,,,,,,,,,,,,0,
CVE-2020-18268,NUCLEI,False,True,No disponible en NVD,,,,,,,,,,,,0,
CVE-2020-19282,NUCLEI,False,True,No disponible en NVD,,,,,,,,,,,,0,
CVE-2020-19283,NUCLEI,False,True,No disponible en NVD,,,,,,,,,,,,0,
CVE-2020-19295,NUCLEI,False,True,No disponible en NVD,,,,,,,,,,,,0,
CVE-2020-19360,NUCLEI,False,True,No disponible en NVD,,,,,,,,,,,,0,
CVE-2020-19363,NUCLEI,False,True,No disponible en NVD,,,,,,,,,,,,0,
CVE-2020-1938,CISA + NUCLEI,True,True,No disponible en NVD,,,,,,,,,,,,0,
CVE-2020-1943,NUCLEI,False,True,No disponible en NVD,,,,,,,,,,,,0,
CVE-2020-19515,NUCLEI,False,True,No disponible en NVD,,,,,,,,,,,,0,
CVE-2020-1956,CISA + NUCLEI,True,True,No disponible en NVD,,,,,,,,,,,,0,
CVE-2020-19625,NUCLEI,False,True,No disponible en NVD,,,,,,,,,,,,0,
CVE-2020-2021,CISA,True,False,No disponible en NVD,,,,,,,,,,,,0,
CVE-2020-20285,NUCLEI,False,True,No disponible en NVD,,,,,,,,,,,,0,
CVE-2020-20300,NUCLEI,False,True,No disponible en NVD,,,,,,,,,,,,0,
CVE-2020-2036,NUCLEI,False,True,No disponible en NVD,,,,,,,,,,,,0,
CVE-2020-20601,NUCLEI,False,True,No disponible en NVD,,,,,,,,,,,,0,
CVE-2020-20627,NUCLEI,False,True,No disponible en NVD,,,,,,,,,,,,0,
CVE-2020-2096,NUCLEI,False,True,No disponible en NVD,,,,,,,,,,,,0,
CVE-2020-20982,NUCLEI,False,True,No disponible en NVD,,,,,,,,,,,,0,
CVE-2020-20988,NUCLEI,False,True,No disponible en NVD,,,,,,,,,,,,0,
CVE-2020-2103,NUCLEI,False,True,No disponible en NVD,,,,,,,,,,,,0,
CVE-2020-21224,NUCLEI,False,True,No disponible en NVD,,,,,,,,,,,,0,
CVE-2020-2140,NUCLEI,False,True,No disponible en NVD,,,,,,,,,,,,0,
CVE-2020-21998,NUCLEI,False,True,No disponible en NVD,,,,,,,,,,,,0,
CVE-2020-22165,NUCLEI,False,True,No disponible en NVD,,,,,,,,,,,,0,
CVE-2020-22208,NUCLEI,False,True,No disponible en NVD,,,,,,,,,,,,0,
CVE-2020-22209,NUCLEI,False,True,No disponible en NVD,,,,,,,,,,,,0,
CVE-2020-22210,NUCLEI,False,True,No disponible en NVD,,,,,,,,,,,,0,
CVE-2020-22211,NUCLEI,False,True,No disponible en NVD,,,,,,,,,,,,0,
CVE-2020-22840,NUCLEI,False,True,No disponible en NVD,,,,,,,,,,,,0,
CVE-2020-23015,NUCLEI,False,True,No disponible en NVD,,,,,,,,,,,,0,
CVE-2020-23517,NUCLEI,False,True,No disponible en NVD,,,,,,,,,,,,0,
CVE-2020-23575,NUCLEI,False,True,No disponible en NVD,,,,,,,,,,,,0,
CVE-2020-23697,NUCLEI,False,True,No disponible en NVD,,,,,,,,,,,,0,
CVE-2020-23814,NUCLEI,False,True,No disponible en NVD,,,,,,,,,,,,0,
CVE-2020-23972,NUCLEI,False,True,No disponible en NVD,,,,,,,,,,,,0,
CVE-2020-24148,NUCLEI,False,True,No disponible en NVD,,,,,,,,,,,,0,
CVE-2020-24186,NUCLEI,False,True,No disponible en NVD,,,,,,,,,,,,0,
CVE-2020-24223,NUCLEI,False,True,No disponible en NVD,,,,,,,,,,,,0,
CVE-2020-24285,NUCLEI,False,True,No disponible en NVD,,,,,,,,,,,,0,
CVE-2020-24312,NUCLEI,False,True,No disponible en NVD,,,,,,,,,,,,0,
CVE-2020-24363,CISA,True,False,No disponible en NVD,,,,,,,,,,,,0,
CVE-2020-24391,NUCLEI,False,True,No disponible en NVD,,,,,,,,,,,,0,
CVE-2020-24550,NUCLEI,False,True,No disponible en NVD,,,,,,,,,,,,0,
CVE-2020-24557,CISA,True,False,No disponible en NVD,,,,,,,,,,,,0,
CVE-2020-24571,NUCLEI,False,True,No disponible en NVD,,,,,,,,,,,,0,
CVE-2020-24579,NUCLEI,False,True,No disponible en NVD,,,,,,,,,,,,0,
CVE-2020-24589,NUCLEI,False,True,No disponible en NVD,,,,,,,,,,,,0,
CVE-2020-24701,NUCLEI,False,True,No disponible en NVD,,,,,,,,,,,,0,
CVE-2020-24881,NUCLEI,False,True,No disponible en NVD,,,,,,,,,,,,0,
CVE-2020-24902,NUCLEI,False,True,No disponible en NVD,,,,,,,,,,,,0,
CVE-2020-24903,NUCLEI,False,True,No disponible en NVD,,,,,,,,,,,,0,
CVE-2020-24912,NUCLEI,False,True,No disponible en NVD,,,,,,,,,,,,0,
CVE-2020-24949,NUCLEI,False,True,No disponible en NVD,,,,,,,,,,,,0,
CVE-2020-2506,CISA,True,False,No disponible en NVD,,,,,,,,,,,,0,
CVE-2020-25078,CISA + NUCLEI,True,True,No disponible en NVD,,,,,,,,,,,,0,
CVE-2020-25079,CISA,True,False,No disponible en NVD,,,,,,,,,,,,0,
CVE-2020-2509,CISA,True,False,No disponible en NVD,,,,,,,,,,,,0,
CVE-2020-25200,NUCLEI,False,True,No disponible en NVD,,,,,,,,,,,,0,
CVE-2020-25213,CISA + NUCLEI,True,True,No disponible en NVD,,,,,,,,,,,,0,
CVE-2020-25223,CISA + NUCLEI,True,True,No disponible en NVD,,,,,,,,,,,,0,
CVE-2020-25495,NUCLEI,False,True,No disponible en NVD,,,,,,,,,,,,0,
CVE-2020-25506,CISA + NUCLEI,True,True,No disponible en NVD,,,,,,,,,,,,0,
CVE-2020-2551,CISA + NUCLEI,True,True,No disponible en NVD,,,,,,,,,,,,0,
CVE-2020-25540,NUCLEI,False,True,No disponible en NVD,,,,,,,,,,,,0,
CVE-2020-2555,CISA,True,False,No disponible en NVD,,,,,,,,,,,,0,
CVE-2020-25780,NUCLEI,False,True,No disponible en NVD,,,,,,,,,,,,0,
CVE-2020-25864,NUCLEI,False,True,No disponible en NVD,,,,,,,,,,,,0,
CVE-2020-26073,NUCLEI,False,True,No disponible en NVD,,,,,,,,,,,,0,
CVE-2020-26153,NUCLEI,False,True,No disponible en NVD,,,,,,,,,,,,0,
CVE-2020-26214,NUCLEI,False,True,No disponible en NVD,,,,,,,,,,,,0,
CVE-2020-26217,NUCLEI,False,True,No disponible en NVD,,,,,,,,,,,,0,
CVE-2020-26248,NUCLEI,False,True,No disponible en NVD,,,,,,,,,,,,0,
CVE-2020-26258,NUCLEI,False,True,No disponible en NVD,,,,,,,,,,,,0,
CVE-2020-26413,NUCLEI,False,True,No disponible en NVD,,,,,,,,,,,,0,
CVE-2020-26836,NUCLEI,False,True,No disponible en NVD,,,,,,,,,,,,0,
CVE-2020-26876,NUCLEI,False,True,No disponible en NVD,,,,,,,,,,,,0,
CVE-2020-26879,NUCLEI,False,True,No disponible en NVD,,,,,,,,,,,,0,
CVE-2020-26919,CISA + NUCLEI,True,True,No disponible en NVD,,,,,,,,,,,,0,
CVE-2020-26935,NUCLEI,False,True,No disponible en NVD,,,,,,,,,,,,0,
CVE-2020-26948,NUCLEI,False,True,No disponible en NVD,,,,,,,,,,,,0,
CVE-2020-27191,NUCLEI,False,True,No disponible en NVD,,,,,,,,,,,,0,
CVE-2020-2733,NUCLEI,False,True,No disponible en NVD,,,,,,,,,,,,0,
CVE-2020-27361,NUCLEI,False,True,No disponible en NVD,,,,,,,,,,,,0,
CVE-2020-27467,NUCLEI,False,True,No disponible en NVD,,,,,,,,,,,,0,
CVE-2020-27481,NUCLEI,False,True,No disponible en NVD,,,,,,,,,,,,0,
CVE-2020-27615,NUCLEI,False,True,No disponible en NVD,,,,,,,,,,,,0,
CVE-2020-27735,NUCLEI,False,True,No disponible en NVD,,,,,,,,,,,,0,
CVE-2020-27838,NUCLEI,False,True,No disponible en NVD,,,,,,,,,,,,0,
CVE-2020-27866,NUCLEI,False,True,No disponible en NVD,,,,,,,,,,,,0,
CVE-2020-27930,CISA,True,False,No disponible en NVD,,,,,,,,,,,,0,
CVE-2020-27932,CISA,True,False,No disponible en NVD,,,,,,,,,,,,0,
CVE-2020-27950,CISA,True,False,No disponible en NVD,,,,,,,,,,,,0,
CVE-2020-27982,NUCLEI,False,True,No disponible en NVD,,,,,,,,,,,,0,
CVE-2020-27986,NUCLEI,False,True,No disponible en NVD,,,,,,,,,,,,0,
CVE-2020-28185,NUCLEI,False,True,No disponible en NVD,,,,,,,,,,,,0,
CVE-2020-28188,NUCLEI,False,True,No disponible en NVD,,,,,,,,,,,,0,
CVE-2020-28208,NUCLEI,False,True,No disponible en NVD,,,,,,,,,,,,0,
CVE-2020-28351,NUCLEI,False,True,No disponible en NVD,,,,,,,,,,,,0,
CVE-2020-28429,NUCLEI,False,True,No disponible en NVD,,,,,,,,,,,,0,
CVE-2020-28653,NUCLEI,False,True,No disponible en NVD,,,,,,,,,,,,0,
CVE-2020-2883,CISA + NUCLEI,True,True,No disponible en NVD,,,,,,,,,,,,0,
CVE-2020-28871,NUCLEI,False,True,No disponible en NVD,,,,,,,,,,,,0,
CVE-2020-28949,CISA,True,False,No disponible en NVD,,,,,,,,,,,,0,
CVE-2020-28976,NUCLEI,False,True,No disponible en NVD,,,,,,,,,,,,0,
CVE-2020-29047,NUCLEI,False,True,No disponible en NVD,,,,,,,,,,,,0,
CVE-2020-29164,NUCLEI,False,True,No disponible en NVD,,,,,,,,,,,,0,
CVE-2020-29214,NUCLEI,False,True,No disponible en NVD,,,,,,,,,,,,0,
CVE-2020-29227,NUCLEI,False,True,No disponible en NVD,,,,,,,,,,,,0,
CVE-2020-29279,NUCLEI,False,True,No disponible en NVD,,,,,,,,,,,,0,
CVE-2020-29390,NUCLEI,False,True,No disponible en NVD,,,,,,,,,,,,0,
CVE-2020-29395,NUCLEI,False,True,No disponible en NVD,,,,,,,,,,,,0,
CVE-2020-29453,NUCLEI,False,True,No disponible en NVD,,,,,,,,,,,,0,
CVE-2020-29557,CISA,True,False,No disponible en NVD,,,,,,,,,,,,0,
CVE-2020-29574,CISA,True,False,No disponible en NVD,,,,,,,,,,,,0,
CVE-2020-29583,CISA + NUCLEI,True,True,No disponible en NVD,,,,,,,,,,,,0,
CVE-2020-29597,NUCLEI,False,True,No disponible en NVD,,,,,,,,,,,,0,
CVE-2020-3118,CISA,True,False,No disponible en NVD,,,,,,,,,,,,0,
CVE-2020-3153,CISA,True,False,No disponible en NVD,,,,,,,,,,,,0,
CVE-2020-3161,CISA,True,False,No disponible en NVD,,,,,,,,,,,,0,
CVE-2020-3187,NUCLEI,False,True,No disponible en NVD,,,,,,,,,,,,0,
CVE-2020-3259,CISA,True,False,No disponible en NVD,,,,,,,,,,,,0,
CVE-2020-3433,CISA,True,False,No disponible en NVD,,,,,,,,,,,,0,
CVE-2020-3452,CISA + NUCLEI,True,True,No disponible en NVD,,,,,,,,,,,,0,
CVE-2020-35131,NUCLEI,False,True,No disponible en NVD,,,,,,,,,,,,0,
CVE-2020-35234,NUCLEI,False,True,No disponible en NVD,,,,,,,,,,,,0,
CVE-2020-35338,NUCLEI,False,True,No disponible en NVD,,,,,,,,,,,,0,
CVE-2020-35359,NUCLEI,False,True,No disponible en NVD,,,,,,,,,,,,0,
CVE-2020-35476,NUCLEI,False,True,No disponible en NVD,,,,,,,,,,,,0,
CVE-2020-35580,NUCLEI,False,True,No disponible en NVD,,,,,,,,,,,,0,
CVE-2020-35598,NUCLEI,False,True,No disponible en NVD,,,,,,,,,,,,0,
CVE-2020-3566,CISA,True,False,No disponible en NVD,,,,,,,,,,,,0,
CVE-2020-3569,CISA,True,False,No disponible en NVD,,,,,,,,,,,,0,
CVE-2020-35713,NUCLEI,False,True,No disponible en NVD,,,,,,,,,,,,0,
CVE-2020-35729,NUCLEI,False,True,No disponible en NVD,,,,,,,,,,,,0,
CVE-2020-35730,CISA,True,False,No disponible en NVD,,,,,,,,,,,,0,
CVE-2020-35736,NUCLEI,False,True,No disponible en NVD,,,,,,,,,,,,0,
CVE-2020-35749,NUCLEI,False,True,No disponible en NVD,,,,,,,,,,,,0,
CVE-2020-35774,NUCLEI,False,True,No disponible en NVD,,,,,,,,,,,,0,
CVE-2020-3580,CISA + NUCLEI,True,True,No disponible en NVD,,,,,,,,,,,,0,
CVE-2020-35846,NUCLEI,False,True,No disponible en NVD,,,,,,,,,,,,0,
CVE-2020-35847,NUCLEI,False,True,No disponible en NVD,,,,,,,,,,,,0,
CVE-2020-35848,NUCLEI,False,True,No disponible en NVD,,,,,,,,,,,,0,
CVE-2020-35951,NUCLEI,False,True,No disponible en NVD,,,,,,,,,,,,0,
CVE-2020-35984,NUCLEI,False,True,No disponible en NVD,,,,,,,,,,,,0,
CVE-2020-35985,NUCLEI,False,True,No disponible en NVD,,,,,,,,,,,,0,
CVE-2020-35986,NUCLEI,False,True,No disponible en NVD,,,,,,,,,,,,0,
CVE-2020-35987,NUCLEI,False,True,No disponible en NVD,,,,,,,,,,,,0,
CVE-2020-36112,NUCLEI,False,True,No disponible en NVD,,,,,,,,,,,,0,
CVE-2020-36155,NUCLEI,False,True,No disponible en NVD,,,,,,,,,,,,0,
CVE-2020-36193,CISA,True,False,No disponible en NVD,,,,,,,,,,,,0,
CVE-2020-36289,NUCLEI,False,True,No disponible en NVD,,,,,,,,,,,,0,
CVE-2020-36333,NUCLEI,False,True,No disponible en NVD,,,,,,,,,,,,0,
CVE-2020-36365,NUCLEI,False,True,No disponible en NVD,,,,,,,,,,,,0,
CVE-2020-36510,NUCLEI,False,True,No disponible en NVD,,,,,,,,,,,,0,
CVE-2020-36705,NUCLEI,False,True,No disponible en NVD,,,,,,,,,,,,0,
CVE-2020-36708,NUCLEI,False,True,No disponible en NVD,,,,,,,,,,,,0,
CVE-2020-36719,NUCLEI,False,True,No disponible en NVD,,,,,,,,,,,,0,
CVE-2020-36723,NUCLEI,False,True,No disponible en NVD,,,,,,,,,,,,0,
CVE-2020-36728,NUCLEI,False,True,No disponible en NVD,,,,,,,,,,,,0,
CVE-2020-36731,NUCLEI,False,True,No disponible en NVD,,,,,,,,,,,,0,
CVE-2020-36836,NUCLEI,False,True,No disponible en NVD,,,,,,,,,,,,0,
CVE-2020-37123,NUCLEI,False,True,No disponible en NVD,,,,,,,,,,,,0,
CVE-2020-3837,CISA,True,False,No disponible en NVD,,,,,,,,,,,,0,
CVE-2020-3950,CISA,True,False,No disponible en NVD,,,,,,,,,,,,0,
CVE-2020-3952,CISA + NUCLEI,True,True,No disponible en NVD,,,,,,,,,,,,0,
CVE-2020-3992,CISA,True,False,No disponible en NVD,,,,,,,,,,,,0,
CVE-2020-4006,CISA,True,False,No disponible en NVD,,,,,,,,,,,,0,
CVE-2020-4427,CISA + NUCLEI,True,True,No disponible en NVD,,,,,,,,,,,,0,
CVE-2020-4428,CISA,True,False,No disponible en NVD,,,,,,,,,,,,0,
CVE-2020-4429,NUCLEI,False,True,No disponible en NVD,,,,,,,,,,,,0,
CVE-2020-4430,CISA,True,False,No disponible en NVD,,,,,,,,,,,,0,
CVE-2020-4463,NUCLEI,False,True,No disponible en NVD,,,,,,,,,,,,0,
CVE-2020-5135,CISA,True,False,No disponible en NVD,,,,,,,,,,,,0,
CVE-2020-5191,NUCLEI,False,True,No disponible en NVD,,,,,,,,,,,,0,
CVE-2020-5192,NUCLEI,False,True,No disponible en NVD,,,,,,,,,,,,0,
CVE-2020-5284,NUCLEI,False,True,No disponible en NVD,,,,,,,,,,,,0,
CVE-2020-5307,NUCLEI,False,True,No disponible en NVD,,,,,,,,,,,,0,
CVE-2020-5405,NUCLEI,False,True,No disponible en NVD,,,,,,,,,,,,0,
CVE-2020-5410,CISA + NUCLEI,True,True,No disponible en NVD,,,,,,,,,,,,0,
CVE-2020-5412,NUCLEI,False,True,No disponible en NVD,,,,,,,,,,,,0,
CVE-2020-5722,CISA + NUCLEI,True,True,No disponible en NVD,,,,,,,,,,,,0,
CVE-2020-5735,CISA,True,False,No disponible en NVD,,,,,,,,,,,,0,
CVE-2020-5741,CISA,True,False,No disponible en NVD,,,,,,,,,,,,0,
CVE-2020-5766,NUCLEI,False,True,No disponible en NVD,,,,,,,,,,,,0,
CVE-2020-5775,NUCLEI,False,True,No disponible en NVD,,,,,,,,,,,,0,
CVE-2020-5776,NUCLEI,False,True,No disponible en NVD,,,,,,,,,,,,0,
CVE-2020-5777,NUCLEI,False,True,No disponible en NVD,,,,,,,,,,,,0,
CVE-2020-5847,CISA + NUCLEI,True,True,No disponible en NVD,,,,,,,,,,,,0,
CVE-2020-5849,CISA,True,False,No disponible en NVD,,,,,,,,,,,,0,
CVE-2020-5902,CISA + NUCLEI,True,True,No disponible en NVD,,,,,,,,,,,,0,
CVE-2020-6171,NUCLEI,False,True,No disponible en NVD,,,,,,,,,,,,0,
CVE-2020-6207,CISA + NUCLEI,True,True,No disponible en NVD,,,,,,,,,,,,0,
CVE-2020-6287,CISA + NUCLEI,True,True,No disponible en NVD,,,,,,,,,,,,0,
CVE-2020-6308,NUCLEI,False,True,No disponible en NVD,,,,,,,,,,,,0,
CVE-2020-6418,CISA,True,False,No disponible en NVD,,,,,,,,,,,,0,
CVE-2020-6572,CISA,True,False,No disponible en NVD,,,,,,,,,,,,0,
CVE-2020-6637,NUCLEI,False,True,No disponible en NVD,,,,,,,,,,,,0,
CVE-2020-6819,CISA,True,False,No disponible en NVD,,,,,,,,,,,,0,
CVE-2020-6820,CISA,True,False,No disponible en NVD,,,,,,,,,,,,0,
CVE-2020-6950,NUCLEI,False,True,No disponible en NVD,,,,,,,,,,,,0,
CVE-2020-7107,NUCLEI,False,True,No disponible en NVD,,,,,,,,,,,,0,
CVE-2020-7136,NUCLEI,False,True,No disponible en NVD,,,,,,,,,,,,0,
CVE-2020-7209,NUCLEI,False,True,No disponible en NVD,,,,,,,,,,,,0,
CVE-2020-7247,CISA + NUCLEI,True,True,No disponible en NVD,,,,,,,,,,,,0,
CVE-2020-7318,NUCLEI,False,True,No disponible en NVD,,,,,,,,,,,,0,
CVE-2020-7796,CISA + NUCLEI,True,True,No disponible en NVD,,,,,,,,,,,,0,
CVE-2020-7943,NUCLEI,False,True,No disponible en NVD,,,,,,,,,,,,0,
CVE-2020-7961,CISA + NUCLEI,True,True,No disponible en NVD,,,,,,,,,,,,0,
CVE-2020-7980,NUCLEI,False,True,No disponible en NVD,,,,,,,,,,,,0,
CVE-2020-8115,NUCLEI,False,True,No disponible en NVD,,,,,,,,,,,,0,
CVE-2020-8163,NUCLEI,False,True,No disponible en NVD,,,,,,,,,,,,0,
CVE-2020-8191,NUCLEI,False,True,No disponible en NVD,,,,,,,,,,,,0,
CVE-2020-8193,CISA + NUCLEI,True,True,No disponible en NVD,,,,,,,,,,,,0,
CVE-2020-8194,NUCLEI,False,True,No disponible en NVD,,,,,,,,,,,,0,
CVE-2020-8195,CISA,True,False,No disponible en NVD,,,,,,,,,,,,0,
CVE-2020-8196,CISA,True,False,No disponible en NVD,,,,,,,,,,,,0,
CVE-2020-8209,NUCLEI,False,True,No disponible en NVD,,,,,,,,,,,,0,
CVE-2020-8218,CISA,True,False,No disponible en NVD,,,,,,,,,,,,0,
CVE-2020-8243,CISA,True,False,No disponible en NVD,,,,,,,,,,,,0,
CVE-2020-8260,CISA,True,False,No disponible en NVD,,,,,,,,,,,,0,
CVE-2020-8467,CISA,True,False,No disponible en NVD,,,,,,,,,,,,0,
CVE-2020-8468,CISA,True,False,No disponible en NVD,,,,,,,,,,,,0,
CVE-2020-8497,NUCLEI,False,True,No disponible en NVD,,,,,,,,,,,,0,
CVE-2020-8512,NUCLEI,False,True,No disponible en NVD,,,,,,,,,,,,0,
CVE-2020-8515,CISA + NUCLEI,True,True,No disponible en NVD,,,,,,,,,,,,0,
CVE-2020-8599,CISA,True,False,No disponible en NVD,,,,,,,,,,,,0,
CVE-2020-8615,NUCLEI,False,True,No disponible en NVD,,,,,,,,,,,,0,
CVE-2020-8641,NUCLEI,False,True,No disponible en NVD,,,,,,,,,,,,0,
CVE-2020-8644,CISA + NUCLEI,True,True,No disponible en NVD,,,,,,,,,,,,0,
CVE-2020-8654,NUCLEI,False,True,No disponible en NVD,,,,,,,,,,,,0,
CVE-2020-8655,CISA,True,False,No disponible en NVD,,,,,,,,,,,,0,
CVE-2020-8656,NUCLEI,False,True,No disponible en NVD,,,,,,,,,,,,0,
CVE-2020-8657,CISA + NUCLEI,True,True,No disponible en NVD,,,,,,,,,,,,0,
CVE-2020-8771,NUCLEI,False,True,No disponible en NVD,,,,,,,,,,,,0,
CVE-2020-8772,NUCLEI,False,True,No disponible en NVD,,,,,,,,,,,,0,
CVE-2020-8813,NUCLEI,False,True,No disponible en NVD,,,,,,,,,,,,0,
CVE-2020-8816,CISA,True,False,No disponible en NVD,,,,,,,,,,,,0,
CVE-2020-8982,NUCLEI,False,True,No disponible en NVD,,,,,,,,,,,,0,
CVE-2020-9036,NUCLEI,False,True,No disponible en NVD,,,,,,,,,,,,0,
CVE-2020-9039,NUCLEI,False,True,No disponible en NVD,,,,,,,,,,,,0,
CVE-2020-9043,NUCLEI,False,True,No disponible en NVD,,,,,,,,,,,,0,
CVE-2020-9047,NUCLEI,False,True,No disponible en NVD,,,,,,,,,,,,0,
CVE-2020-9054,CISA + NUCLEI,True,True,No disponible en NVD,,,,,,,,,,,,0,
CVE-2020-9274,NUCLEI,False,True,No disponible en NVD,,,,,,,,,,,,0,
CVE-2020-9314,NUCLEI,False,True,No disponible en NVD,,,,,,,,,,,,0,
CVE-2020-9315,NUCLEI,False,True,No disponible en NVD,,,,,,,,,,,,0,
CVE-2020-9344,NUCLEI,False,True,No disponible en NVD,,,,,,,,,,,,0,
CVE-2020-9365,NUCLEI,False,True,No disponible en NVD,,,,,,,,,,,,0,
CVE-2020-9376,NUCLEI,False,True,No disponible en NVD,,,,,,,,,,,,0,
CVE-2020-9377,CISA,True,False,No disponible en NVD,,,,,,,,,,,,0,
CVE-2020-9425,NUCLEI,False,True,No disponible en NVD,,,,,,,,,,,,0,
CVE-2020-9480,NUCLEI,False,True,No disponible en NVD,,,,,,,,,,,,0,
CVE-2020-9483,NUCLEI,False,True,No disponible en NVD,,,,,,,,,,,,0,
CVE-2020-9484,NUCLEI,False,True,No disponible en NVD,,,,,,,,,,,,0,
CVE-2020-9496,NUCLEI,False,True,No disponible en NVD,,,,,,,,,,,,0,
CVE-2020-9547,NUCLEI,False,True,No disponible en NVD,,,,,,,,,,,,0,
CVE-2020-9548,NUCLEI,False,True,No disponible en NVD,,,,,,,,,,,,0,
CVE-2020-9715,CISA,True,False,No disponible en NVD,,,,,,,,,,,,0,
CVE-2020-9757,NUCLEI,False,True,No disponible en NVD,,,,,,,,,,,,0,
CVE-2020-9818,CISA,True,False,No disponible en NVD,,,,,,,,,,,,0,
CVE-2020-9819,CISA,True,False,No disponible en NVD,,,,,,,,,,,,0,
CVE-2020-9859,CISA,True,False,No disponible en NVD,,,,,,,,,,,,0,
CVE-2020-9907,CISA,True,False,No disponible en NVD,,,,,,,,,,,,0,
CVE-2020-9934,CISA,True,False,No disponible en NVD,,,,,,,,,,,,0,
CVE-2021-0920,CISA,True,False,No disponible en NVD,,,,,,,,,,,,0,
CVE-2021-1048,CISA,True,False,No disponible en NVD,,,,,,,,,,,,0,
CVE-2021-1472,NUCLEI,False,True,No disponible en NVD,,,,,,,,,,,,0,
CVE-2021-1497,CISA + NUCLEI,True,True,No disponible en NVD,,,,,,,,,,,,0,
CVE-2021-1498,CISA + NUCLEI,True,True,No disponible en NVD,,,,,,,,,,,,0,
CVE-2021-1499,NUCLEI,False,True,No disponible en NVD,,,,,,,,,,,,0,
CVE-2021-1647,CISA,True,False,No disponible en NVD,,,,,,,,,,,,0,
CVE-2021-1675,CISA,True,False,No disponible en NVD,,,,,,,,,,,,0,
CVE-2021-1732,CISA,True,False,No disponible en NVD,,,,,,,,,,,,0,
CVE-2021-1782,CISA,True,False,No disponible en NVD,,,,,,,,,,,,0,
CVE-2021-1789,CISA,True,False,No disponible en NVD,,,,,,,,,,,,0,
CVE-2021-1870,CISA,True,False,No disponible en NVD,,,,,,,,,,,,0,
CVE-2021-1871,CISA,True,False,No disponible en NVD,,,,,,,,,,,,0,
CVE-2021-1879,CISA,True,False,No disponible en NVD,,,,,,,,,,,,0,
CVE-2021-1905,CISA,True,False,No disponible en NVD,,,,,,,,,,,,0,
CVE-2021-1906,CISA,True,False,No disponible en NVD,,,,,,,,,,,,0,
CVE-2021-20016,CISA,True,False,No disponible en NVD,,,,,,,,,,,,0,
CVE-2021-20021,CISA + NUCLEI,True,True,No disponible en NVD,,,,,,,,,,,,0,
CVE-2021-20022,CISA,True,False,No disponible en NVD,,,,,,,,,,,,0,
CVE-2021-20023,CISA,True,False,No disponible en NVD,,,,,,,,,,,,0,
CVE-2021-20028,CISA,True,False,No disponible en NVD,,,,,,,,,,,,0,
CVE-2021-20031,NUCLEI,False,True,No disponible en NVD,,,,,,,,,,,,0,
CVE-2021-20035,CISA,True,False,No disponible en NVD,,,,,,,,,,,,0,
CVE-2021-20038,CISA + NUCLEI,True,True,No disponible en NVD,,,,,,,,,,,,0,
CVE-2021-20086,NUCLEI,False,True,No disponible en NVD,,,,,,,,,,,,0,
CVE-2021-20090,CISA + NUCLEI,True,True,No disponible en NVD,,,,,,,,,,,,0,
CVE-2021-20091,NUCLEI,False,True,No disponible en NVD,,,,,,,,,,,,0,
CVE-2021-20092,NUCLEI,False,True,No disponible en NVD,,,,,,,,,,,,0,
CVE-2021-20114,NUCLEI,False,True,No disponible en NVD,,,,,,,,,,,,0,
CVE-2021-20123,CISA + NUCLEI,True,True,No disponible en NVD,,,,,,,,,,,,0,
CVE-2021-20124,CISA + NUCLEI,True,True,No disponible en NVD,,,,,,,,,,,,0,
CVE-2021-20137,NUCLEI,False,True,No disponible en NVD,,,,,,,,,,,,0,
CVE-2021-20150,NUCLEI,False,True,No disponible en NVD,,,,,,,,,,,,0,
CVE-2021-20158,NUCLEI,False,True,No disponible en NVD,,,,,,,,,,,,0,
CVE-2021-20167,NUCLEI,False,True,No disponible en NVD,,,,,,,,,,,,0,
CVE-2021-20323,NUCLEI,False,True,No disponible en NVD,,,,,,,,,,,,0,
CVE-2021-20617,NUCLEI,False,True,No disponible en NVD,,,,,,,,,,,,0,
CVE-2021-20792,NUCLEI,False,True,No disponible en NVD,,,,,,,,,,,,0,
CVE-2021-20837,NUCLEI,False,True,No disponible en NVD,,,,,,,,,,,,0,
CVE-2021-21017,CISA,True,False,No disponible en NVD,,,,,,,,,,,,0,
CVE-2021-21087,NUCLEI,False,True,No disponible en NVD,,,,,,,,,,,,0,
CVE-2021-21148,CISA,True,False,No disponible en NVD,,,,,,,,,,,,0,
CVE-2021-21166,CISA,True,False,No disponible en NVD,,,,,,,,,,,,0,
CVE-2021-21193,CISA,True,False,No disponible en NVD,,,,,,,,,,,,0,
CVE-2021-21206,CISA,True,False,No disponible en NVD,,,,,,,,,,,,0,
CVE-2021-21220,CISA,True,False,No disponible en NVD,,,,,,,,,,,,0,
CVE-2021-21224,CISA,True,False,No disponible en NVD,,,,,,,,,,,,0,
CVE-2021-21234,NUCLEI,False,True,No disponible en NVD,,,,,,,,,,,,0,
CVE-2021-21246,NUCLEI,False,True,No disponible en NVD,,,,,,,,,,,,0,
CVE-2021-21287,NUCLEI,False,True,No disponible en NVD,,,,,,,,,,,,0,
CVE-2021-21307,NUCLEI,False,True,No disponible en NVD,,,,,,,,,,,,0,
CVE-2021-21311,CISA + NUCLEI,True,True,No disponible en NVD,,,,,,,,,,,,0,
CVE-2021-21315,CISA + NUCLEI,True,True,No disponible en NVD,,,,,,,,,,,,0,
CVE-2021-21345,NUCLEI,False,True,No disponible en NVD,,,,,,,,,,,,0,
CVE-2021-2135,NUCLEI,False,True,No disponible en NVD,,,,,,,,,,,,0,
CVE-2021-21351,NUCLEI,False,True,No disponible en NVD,,,,,,,,,,,,0,
CVE-2021-21389,NUCLEI,False,True,No disponible en NVD,,,,,,,,,,,,0,
CVE-2021-21402,NUCLEI,False,True,No disponible en NVD,,,,,,,,,,,,0,
CVE-2021-21479,NUCLEI,False,True,No disponible en NVD,,,,,,,,,,,,0,
CVE-2021-21551,CISA,True,False,No disponible en NVD,,,,,,,,,,,,0,
CVE-2021-21745,NUCLEI,False,True,No disponible en NVD,,,,,,,,,,,,0,
CVE-2021-21799,NUCLEI,False,True,No disponible en NVD,,,,,,,,,,,,0,
CVE-2021-21800,NUCLEI,False,True,No disponible en NVD,,,,,,,,,,,,0,
CVE-2021-21801,NUCLEI,False,True,No disponible en NVD,,,,,,,,,,,,0,
CVE-2021-21802,NUCLEI,False,True,No disponible en NVD,,,,,,,,,,,,0,
CVE-2021-21803,NUCLEI,False,True,No disponible en NVD,,,,,,,,,,,,0,
CVE-2021-21805,NUCLEI,False,True,No disponible en NVD,,,,,,,,,,,,0,
CVE-2021-21816,NUCLEI,False,True,No disponible en NVD,,,,,,,,,,,,0,
CVE-2021-21881,NUCLEI,False,True,No disponible en NVD,,,,,,,,,,,,0,
CVE-2021-21972,CISA + NUCLEI,True,True,No disponible en NVD,,,,,,,,,,,,0,
CVE-2021-21973,CISA + NUCLEI,True,True,No disponible en NVD,,,,,,,,,,,,0,
CVE-2021-21975,CISA + NUCLEI,True,True,No disponible en NVD,,,,,,,,,,,,0,
CVE-2021-21978,NUCLEI,False,True,No disponible en NVD,,,,,,,,,,,,0,
CVE-2021-21985,CISA + NUCLEI,True,True,No disponible en NVD,,,,,,,,,,,,0,
CVE-2021-22005,CISA + NUCLEI,True,True,No disponible en NVD,,,,,,,,,,,,0,
CVE-2021-22017,CISA + NUCLEI,True,True,No disponible en NVD,,,,,,,,,,,,0,
CVE-2021-22053,NUCLEI,False,True,No disponible en NVD,,,,,,,,,,,,0,
CVE-2021-22054,CISA + NUCLEI,True,True,No disponible en NVD,,,,,,,,,,,,0,
CVE-2021-22122,NUCLEI,False,True,No disponible en NVD,,,,,,,,,,,,0,
CVE-2021-22145,NUCLEI,False,True,No disponible en NVD,,,,,,,,,,,,0,
CVE-2021-22175,CISA + NUCLEI,True,True,No disponible en NVD,,,,,,,,,,,,0,
CVE-2021-22204,CISA,True,False,No disponible en NVD,,,,,,,,,,,,0,
CVE-2021-22205,CISA + NUCLEI,True,True,No disponible en NVD,,,,,,,,,,,,0,
CVE-2021-22214,NUCLEI,False,True,No disponible en NVD,,,,,,,,,,,,0,
CVE-2021-22502,CISA + NUCLEI,True,True,No disponible en NVD,,,,,,,,,,,,0,
CVE-2021-22506,CISA,True,False,No disponible en NVD,,,,,,,,,,,,0,
CVE-2021-22555,CISA,True,False,No disponible en NVD,,,,,,,,,,,,0,
CVE-2021-22600,CISA,True,False,No disponible en NVD,,,,,,,,,,,,0,
CVE-2021-22681,CISA,True,False,No disponible en NVD,,,,,,,,,,,,0,
CVE-2021-22707,NUCLEI,False,True,No disponible en NVD,,,,,,,,,,,,0,
CVE-2021-22873,NUCLEI,False,True,No disponible en NVD,,,,,,,,,,,,0,
CVE-2021-22881,NUCLEI,False,True,No disponible en NVD,,,,,,,,,,,,0,
CVE-2021-22893,CISA,True,False,No disponible en NVD,,,,,,,,,,,,0,
CVE-2021-22894,CISA,True,False,No disponible en NVD,,,,,,,,,,,,0,
CVE-2021-22899,CISA,True,False,No disponible en NVD,,,,,,,,,,,,0,
CVE-2021-22900,CISA,True,False,No disponible en NVD,,,,,,,,,,,,0,
CVE-2021-22911,NUCLEI,False,True,No disponible en NVD,,,,,,,,,,,,0,
CVE-2021-22941,CISA,True,False,No disponible en NVD,,,,,,,,,,,,0,
CVE-2021-22986,CISA + NUCLEI,True,True,No disponible en NVD,,,,,,,,,,,,0,
CVE-2021-22991,CISA,True,False,No disponible en NVD,,,,,,,,,,,,0,
CVE-2021-23241,NUCLEI,False,True,No disponible en NVD,,,,,,,,,,,,0,
CVE-2021-23337,NUCLEI,False,True,No disponible en NVD,,,,,,,,,,,,0,
CVE-2021-23394,NUCLEI,False,True,No disponible en NVD,,,,,,,,,,,,0,
CVE-2021-23874,CISA,True,False,No disponible en NVD,,,,,,,,,,,,0,
CVE-2021-24139,NUCLEI,False,True,No disponible en NVD,,,,,,,,,,,,0,
CVE-2021-24145,NUCLEI,False,True,No disponible en NVD,,,,,,,,,,,,0,
CVE-2021-24146,NUCLEI,False,True,No disponible en NVD,,,,,,,,,,,,0,
CVE-2021-24150,NUCLEI,False,True,No disponible en NVD,,,,,,,,,,,,0,
CVE-2021-24155,NUCLEI,False,True,No disponible en NVD,,,,,,,,,,,,0,
CVE-2021-24165,NUCLEI,False,True,No disponible en NVD,,,,,,,,,,,,0,
CVE-2021-24169,NUCLEI,False,True,No disponible en NVD,,,,,,,,,,,,0,
CVE-2021-24170,NUCLEI,False,True,No disponible en NVD,,,,,,,,,,,,0,
CVE-2021-24175,NUCLEI,False,True,No disponible en NVD,,,,,,,,,,,,0,
CVE-2021-24176,NUCLEI,False,True,No disponible en NVD,,,,,,,,,,,,0,
CVE-2021-24210,NUCLEI,False,True,No disponible en NVD,,,,,,,,,,,,0,
CVE-2021-24212,NUCLEI,False,True,No disponible en NVD,,,,,,,,,,,,0,
CVE-2021-24213,NUCLEI,False,True,No disponible en NVD,,,,,,,,,,,,0,
CVE-2021-24214,NUCLEI,False,True,No disponible en NVD,,,,,,,,,,,,0,
CVE-2021-24215,NUCLEI,False,True,No disponible en NVD,,,,,,,,,,,,0,
CVE-2021-24219,NUCLEI,False,True,No disponible en NVD,,,,,,,,,,,,0,
CVE-2021-24220,NUCLEI,False,True,No disponible en NVD,,,,,,,,,,,,0,
CVE-2021-24226,NUCLEI,False,True,No disponible en NVD,,,,,,,,,,,,0,
CVE-2021-24227,NUCLEI,False,True,No disponible en NVD,,,,,,,,,,,,0,
CVE-2021-24235,NUCLEI,False,True,No disponible en NVD,,,,,,,,,,,,0,
CVE-2021-24236,NUCLEI,False,True,No disponible en NVD,,,,,,,,,,,,0,
CVE-2021-24237,NUCLEI,False,True,No disponible en NVD,,,,,,,,,,,,0,
CVE-2021-24239,NUCLEI,False,True,No disponible en NVD,,,,,,,,,,,,0,
CVE-2021-24245,NUCLEI,False,True,No disponible en NVD,,,,,,,,,,,,0,
CVE-2021-24274,NUCLEI,False,True,No disponible en NVD,,,,,,,,,,,,0,
CVE-2021-24275,NUCLEI,False,True,No disponible en NVD,,,,,,,,,,,,0,
CVE-2021-24276,NUCLEI,False,True,No disponible en NVD,,,,,,,,,,,,0,
CVE-2021-24278,NUCLEI,False,True,No disponible en NVD,,,,,,,,,,,,0,
CVE-2021-24284,NUCLEI,False,True,No disponible en NVD,,,,,,,,,,,,0,
CVE-2021-24285,NUCLEI,False,True,No disponible en NVD,,,,,,,,,,,,0,
CVE-2021-24286,NUCLEI,False,True,No disponible en NVD,,,,,,,,,,,,0,
CVE-2021-24287,NUCLEI,False,True,No disponible en NVD,,,,,,,,,,,,0,
CVE-2021-24288,NUCLEI,False,True,No disponible en NVD,,,,,,,,,,,,0,
CVE-2021-24291,NUCLEI,False,True,No disponible en NVD,,,,,,,,,,,,0,
CVE-2021-24295,NUCLEI,False,True,No disponible en NVD,,,,,,,,,,,,0,
CVE-2021-24298,NUCLEI,False,True,No disponible en NVD,,,,,,,,,,,,0,
CVE-2021-24300,NUCLEI,False,True,No disponible en NVD,,,,,,,,,,,,0,
CVE-2021-24316,NUCLEI,False,True,No disponible en NVD,,,,,,,,,,,,0,
CVE-2021-24320,NUCLEI,False,True,No disponible en NVD,,,,,,,,,,,,0,
CVE-2021-24335,NUCLEI,False,True,No disponible en NVD,,,,,,,,,,,,0,
CVE-2021-24340,NUCLEI,False,True,No disponible en NVD,,,,,,,,,,,,0,
CVE-2021-24342,NUCLEI,False,True,No disponible en NVD,,,,,,,,,,,,0,
CVE-2021-24347,NUCLEI,False,True,No disponible en NVD,,,,,,,,,,,,0,
CVE-2021-24351,NUCLEI,False,True,No disponible en NVD,,,,,,,,,,,,0,
CVE-2021-24358,NUCLEI,False,True,No disponible en NVD,,,,,,,,,,,,0,
CVE-2021-24364,NUCLEI,False,True,No disponible en NVD,,,,,,,,,,,,0,
CVE-2021-24370,NUCLEI,False,True,No disponible en NVD,,,,,,,,,,,,0,
CVE-2021-24387,NUCLEI,False,True,No disponible en NVD,,,,,,,,,,,,0,
CVE-2021-24389,NUCLEI,False,True,No disponible en NVD,,,,,,,,,,,,0,
CVE-2021-24406,NUCLEI,False,True,No disponible en NVD,,,,,,,,,,,,0,
CVE-2021-24407,NUCLEI,False,True,No disponible en NVD,,,,,,,,,,,,0,
CVE-2021-24409,NUCLEI,False,True,No disponible en NVD,,,,,,,,,,,,0,
CVE-2021-24435,NUCLEI,False,True,No disponible en NVD,,,,,,,,,,,,0,
CVE-2021-24436,NUCLEI,False,True,No disponible en NVD,,,,,,,,,,,,0,
CVE-2021-24442,NUCLEI,False,True,No disponible en NVD,,,,,,,,,,,,0,
CVE-2021-24452,NUCLEI,False,True,No disponible en NVD,,,,,,,,,,,,0,
CVE-2021-24472,NUCLEI,False,True,No disponible en NVD,,,,,,,,,,,,0,
CVE-2021-24488,NUCLEI,False,True,No disponible en NVD,,,,,,,,,,,,0,
CVE-2021-24495,NUCLEI,False,True,No disponible en NVD,,,,,,,,,,,,0,
CVE-2021-24498,NUCLEI,False,True,No disponible en NVD,,,,,,,,,,,,0,
CVE-2021-24499,NUCLEI,False,True,No disponible en NVD,,,,,,,,,,,,0,
CVE-2021-24510,NUCLEI,False,True,No disponible en NVD,,,,,,,,,,,,0,
CVE-2021-24522,NUCLEI,False,True,No disponible en NVD,,,,,,,,,,,,0,
CVE-2021-24527,NUCLEI,False,True,No disponible en NVD,,,,,,,,,,,,0,
CVE-2021-24554,NUCLEI,False,True,No disponible en NVD,,,,,,,,,,,,0,
CVE-2021-24627,NUCLEI,False,True,No disponible en NVD,,,,,,,,,,,,0,
CVE-2021-24644,NUCLEI,False,True,No disponible en NVD,,,,,,,,,,,,0,
CVE-2021-24647,NUCLEI,False,True,No disponible en NVD,,,,,,,,,,,,0,
CVE-2021-24657,NUCLEI,False,True,No disponible en NVD,,,,,,,,,,,,0,
CVE-2021-24666,NUCLEI,False,True,No disponible en NVD,,,,,,,,,,,,0,
CVE-2021-24681,NUCLEI,False,True,No disponible en NVD,,,,,,,,,,,,0,
CVE-2021-24731,NUCLEI,False,True,No disponible en NVD,,,,,,,,,,,,0,
CVE-2021-24746,NUCLEI,False,True,No disponible en NVD,,,,,,,,,,,,0,
CVE-2021-24750,NUCLEI,False,True,No disponible en NVD,,,,,,,,,,,,0,
CVE-2021-24762,NUCLEI,False,True,No disponible en NVD,,,,,,,,,,,,0,
CVE-2021-24786,NUCLEI,False,True,No disponible en NVD,,,,,,,,,,,,0,
CVE-2021-24791,NUCLEI,False,True,No disponible en NVD,,,,,,,,,,,,0,
CVE-2021-24827,NUCLEI,False,True,No disponible en NVD,,,,,,,,,,,,0,
CVE-2021-24838,NUCLEI,False,True,No disponible en NVD,,,,,,,,,,,,0,
CVE-2021-24849,NUCLEI,False,True,No disponible en NVD,,,,,,,,,,,,0,
CVE-2021-24862,NUCLEI,False,True,No disponible en NVD,,,,,,,,,,,,0,
CVE-2021-24875,NUCLEI,False,True,No disponible en NVD,,,,,,,,,,,,0,
CVE-2021-24876,NUCLEI,False,True,No disponible en NVD,,,,,,,,,,,,0,
CVE-2021-24878,NUCLEI,False,True,No disponible en NVD,,,,,,,,,,,,0,
CVE-2021-24891,NUCLEI,False,True,No disponible en NVD,,,,,,,,,,,,0,
CVE-2021-24910,NUCLEI,False,True,No disponible en NVD,,,,,,,,,,,,0,
CVE-2021-24915,NUCLEI,False,True,No disponible en NVD,,,,,,,,,,,,0,
CVE-2021-24917,NUCLEI,False,True,No disponible en NVD,,,,,,,,,,,,0,
CVE-2021-24926,NUCLEI,False,True,No disponible en NVD,,,,,,,,,,,,0,
CVE-2021-24931,NUCLEI,False,True,No disponible en NVD,,,,,,,,,,,,0,
CVE-2021-24934,NUCLEI,False,True,No disponible en NVD,,,,,,,,,,,,0,
CVE-2021-24940,NUCLEI,False,True,No disponible en NVD,,,,,,,,,,,,0,
CVE-2021-24943,NUCLEI,False,True,No disponible en NVD,,,,,,,,,,,,0,
CVE-2021-24946,NUCLEI,False,True,No disponible en NVD,,,,,,,,,,,,0,
CVE-2021-24947,NUCLEI,False,True,No disponible en NVD,,,,,,,,,,,,0,
CVE-2021-24956,NUCLEI,False,True,No disponible en NVD,,,,,,,,,,,,0,
CVE-2021-24970,NUCLEI,False,True,No disponible en NVD,,,,,,,,,,,,0,
CVE-2021-24979,NUCLEI,False,True,No disponible en NVD,,,,,,,,,,,,0,
CVE-2021-24987,NUCLEI,False,True,No disponible en NVD,,,,,,,,,,,,0,
CVE-2021-24991,NUCLEI,False,True,No disponible en NVD,,,,,,,,,,,,0,
CVE-2021-24997,NUCLEI,False,True,No disponible en NVD,,,,,,,,,,,,0,
CVE-2021-25003,NUCLEI,False,True,No disponible en NVD,,,,,,,,,,,,0,
CVE-2021-25008,NUCLEI,False,True,No disponible en NVD,,,,,,,,,,,,0,
CVE-2021-25016,NUCLEI,False,True,No disponible en NVD,,,,,,,,,,,,0,
CVE-2021-25028,NUCLEI,False,True,No disponible en NVD,,,,,,,,,,,,0,
CVE-2021-25032,NUCLEI,False,True,No disponible en NVD,,,,,,,,,,,,0,
CVE-2021-25033,NUCLEI,False,True,No disponible en NVD,,,,,,,,,,,,0,
CVE-2021-25052,NUCLEI,False,True,No disponible en NVD,,,,,,,,,,,,0,
CVE-2021-25055,NUCLEI,False,True,No disponible en NVD,,,,,,,,,,,,0,
CVE-2021-25063,NUCLEI,False,True,No disponible en NVD,,,,,,,,,,,,0,
CVE-2021-25065,NUCLEI,False,True,No disponible en NVD,,,,,,,,,,,,0,
CVE-2021-25067,NUCLEI,False,True,No disponible en NVD,,,,,,,,,,,,0,
CVE-2021-25074,NUCLEI,False,True,No disponible en NVD,,,,,,,,,,,,0,
CVE-2021-25075,NUCLEI,False,True,No disponible en NVD,,,,,,,,,,,,0,
CVE-2021-25078,NUCLEI,False,True,No disponible en NVD,,,,,,,,,,,,0,
CVE-2021-25079,NUCLEI,False,True,No disponible en NVD,,,,,,,,,,,,0,
CVE-2021-25082,NUCLEI,False,True,No disponible en NVD,,,,,,,,,,,,0,
CVE-2021-25085,NUCLEI,False,True,No disponible en NVD,,,,,,,,,,,,0,
CVE-2021-25094,NUCLEI,False,True,No disponible en NVD,,,,,,,,,,,,0,
CVE-2021-25099,NUCLEI,False,True,No disponible en NVD,,,,,,,,,,,,0,
CVE-2021-25104,NUCLEI,False,True,No disponible en NVD,,,,,,,,,,,,0,
CVE-2021-25111,NUCLEI,False,True,No disponible en NVD,,,,,,,,,,,,0,
CVE-2021-25112,NUCLEI,False,True,No disponible en NVD,,,,,,,,,,,,0,
CVE-2021-25114,NUCLEI,False,True,No disponible en NVD,,,,,,,,,,,,0,
CVE-2021-25118,NUCLEI,False,True,No disponible en NVD,,,,,,,,,,,,0,
CVE-2021-25120,NUCLEI,False,True,No disponible en NVD,,,,,,,,,,,,0,
CVE-2021-25161,NUCLEI,False,True,No disponible en NVD,,,,,,,,,,,,0,
CVE-2021-25281,NUCLEI,False,True,No disponible en NVD,,,,,,,,,,,,0,
CVE-2021-25296,CISA + NUCLEI,True,True,No disponible en NVD,,,,,,,,,,,,0,
CVE-2021-25297,CISA + NUCLEI,True,True,No disponible en NVD,,,,,,,,,,,,0,
CVE-2021-25298,CISA + NUCLEI,True,True,No disponible en NVD,,,,,,,,,,,,0,
CVE-2021-25299,NUCLEI,False,True,No disponible en NVD,,,,,,,,,,,,0,
CVE-2021-25337,CISA,True,False,No disponible en NVD,,,,,,,,,,,,0,
CVE-2021-25369,CISA,True,False,No disponible en NVD,,,,,,,,,,,,0,
CVE-2021-25370,CISA,True,False,No disponible en NVD,,,,,,,,,,,,0,
CVE-2021-25371,CISA,True,False,No disponible en NVD,,,,,,,,,,,,0,
CVE-2021-25372,CISA,True,False,No disponible en NVD,,,,,,,,,,,,0,
CVE-2021-25394,CISA,True,False,No disponible en NVD,,,,,,,,,,,,0,
CVE-2021-25395,CISA,True,False,No disponible en NVD,,,,,,,,,,,,0,
CVE-2021-25487,CISA,True,False,No disponible en NVD,,,,,,,,,,,,0,
CVE-2021-25489,CISA,True,False,No disponible en NVD,,,,,,,,,,,,0,
CVE-2021-25646,NUCLEI,False,True,No disponible en NVD,,,,,,,,,,,,0,
CVE-2021-25864,NUCLEI,False,True,No disponible en NVD,,,,,,,,,,,,0,
CVE-2021-25899,NUCLEI,False,True,No disponible en NVD,,,,,,,,,,,,0,
CVE-2021-26072,NUCLEI,False,True,No disponible en NVD,,,,,,,,,,,,0,
CVE-2021-26084,CISA + NUCLEI,True,True,No disponible en NVD,,,,,,,,,,,,0,
CVE-2021-26085,CISA + NUCLEI,True,True,No disponible en NVD,,,,,,,,,,,,0,
CVE-2021-26086,CISA + NUCLEI,True,True,No disponible en NVD,,,,,,,,,,,,0,
CVE-2021-26247,NUCLEI,False,True,No disponible en NVD,,,,,,,,,,,,0,
CVE-2021-26292,NUCLEI,False,True,No disponible en NVD,,,,,,,,,,,,0,
CVE-2021-26294,NUCLEI,False,True,No disponible en NVD,,,,,,,,,,,,0,
CVE-2021-26295,NUCLEI,False,True,No disponible en NVD,,,,,,,,,,,,0,
CVE-2021-26411,CISA,True,False,No disponible en NVD,,,,,,,,,,,,0,
CVE-2021-26475,NUCLEI,False,True,No disponible en NVD,,,,,,,,,,,,0,
CVE-2021-26598,NUCLEI,False,True,No disponible en NVD,,,,,,,,,,,,0,
CVE-2021-26599,NUCLEI,False,True,No disponible en NVD,,,,,,,,,,,,0,
CVE-2021-26702,NUCLEI,False,True,No disponible en NVD,,,,,,,,,,,,0,
CVE-2021-26710,NUCLEI,False,True,No disponible en NVD,,,,,,,,,,,,0,
CVE-2021-26723,NUCLEI,False,True,No disponible en NVD,,,,,,,,,,,,0,
CVE-2021-26812,NUCLEI,False,True,No disponible en NVD,,,,,,,,,,,,0,
CVE-2021-26828,CISA,True,False,No disponible en NVD,,,,,,,,,,,,0,
CVE-2021-26829,CISA,True,False,No disponible en NVD,,,,,,,,,,,,0,
CVE-2021-26855,CISA + NUCLEI,True,True,No disponible en NVD,,,,,,,,,,,,0,
CVE-2021-26857,CISA,True,False,No disponible en NVD,,,,,,,,,,,,0,
CVE-2021-26858,CISA,True,False,No disponible en NVD,,,,,,,,,,,,0,
CVE-2021-26947,NUCLEI,False,True,No disponible en NVD,,,,,,,,,,,,0,
CVE-2021-27059,CISA,True,False,No disponible en NVD,,,,,,,,,,,,0,
CVE-2021-27065,CISA,True,False,No disponible en NVD,,,,,,,,,,,,0,
CVE-2021-27085,CISA,True,False,No disponible en NVD,,,,,,,,,,,,0,
CVE-2021-27101,CISA,True,False,No disponible en NVD,,,,,,,,,,,,0,
CVE-2021-27102,CISA,True,False,No disponible en NVD,,,,,,,,,,,,0,
CVE-2021-27103,CISA,True,False,No disponible en NVD,,,,,,,,,,,,0,
CVE-2021-27104,CISA,True,False,No disponible en NVD,,,,,,,,,,,,0,
CVE-2021-27124,NUCLEI,False,True,No disponible en NVD,,,,,,,,,,,,0,
CVE-2021-27132,NUCLEI,False,True,No disponible en NVD,,,,,,,,,,,,0,
CVE-2021-27309,NUCLEI,False,True,No disponible en NVD,,,,,,,,,,,,0,
CVE-2021-27310,NUCLEI,False,True,No disponible en NVD,,,,,,,,,,,,0,
CVE-2021-27314,NUCLEI,False,True,No disponible en NVD,,,,,,,,,,,,0,
CVE-2021-27315,NUCLEI,False,True,No disponible en NVD,,,,,,,,,,,,0,
CVE-2021-27316,NUCLEI,False,True,No disponible en NVD,,,,,,,,,,,,0,
CVE-2021-27319,NUCLEI,False,True,No disponible en NVD,,,,,,,,,,,,0,
CVE-2021-27320,NUCLEI,False,True,No disponible en NVD,,,,,,,,,,,,0,
CVE-2021-27330,NUCLEI,False,True,No disponible en NVD,,,,,,,,,,,,0,
CVE-2021-27358,NUCLEI,False,True,No disponible en NVD,,,,,,,,,,,,0,
CVE-2021-27519,NUCLEI,False,True,No disponible en NVD,,,,,,,,,,,,0,
CVE-2021-27520,NUCLEI,False,True,No disponible en NVD,,,,,,,,,,,,0,
CVE-2021-27561,CISA + NUCLEI,True,True,No disponible en NVD,,,,,,,,,,,,0,
CVE-2021-27562,CISA,True,False,No disponible en NVD,,,,,,,,,,,,0,
CVE-2021-27651,NUCLEI,False,True,No disponible en NVD,,,,,,,,,,,,0,
CVE-2021-27670,NUCLEI,False,True,No disponible en NVD,,,,,,,,,,,,0,
CVE-2021-27748,NUCLEI,False,True,No disponible en NVD,,,,,,,,,,,,0,
CVE-2021-27850,NUCLEI,False,True,No disponible en NVD,,,,,,,,,,,,0,
CVE-2021-27852,CISA,True,False,No disponible en NVD,,,,,,,,,,,,0,
CVE-2021-27856,NUCLEI,False,True,No disponible en NVD,,,,,,,,,,,,0,
CVE-2021-27858,NUCLEI,False,True,No disponible en NVD,,,,,,,,,,,,0,
CVE-2021-27860,CISA,True,False,No disponible en NVD,,,,,,,,,,,,0,
CVE-2021-27876,CISA,True,False,No disponible en NVD,,,,,,,,,,,,0,
CVE-2021-27877,CISA + NUCLEI,True,True,No disponible en NVD,,,,,,,,,,,,0,
CVE-2021-27878,CISA,True,False,No disponible en NVD,,,,,,,,,,,,0,
CVE-2021-27905,NUCLEI,False,True,No disponible en NVD,,,,,,,,,,,,0,
CVE-2021-27909,NUCLEI,False,True,No disponible en NVD,,,,,,,,,,,,0,
CVE-2021-27931,NUCLEI,False,True,No disponible en NVD,,,,,,,,,,,,0,
CVE-2021-27964,NUCLEI,False,True,No disponible en NVD,,,,,,,,,,,,0,
CVE-2021-28073,NUCLEI,False,True,No disponible en NVD,,,,,,,,,,,,0,
CVE-2021-28149,NUCLEI,False,True,No disponible en NVD,,,,,,,,,,,,0,
CVE-2021-28150,NUCLEI,False,True,No disponible en NVD,,,,,,,,,,,,0,
CVE-2021-28151,NUCLEI,False,True,No disponible en NVD,,,,,,,,,,,,0,
CVE-2021-28164,NUCLEI,False,True,No disponible en NVD,,,,,,,,,,,,0,
CVE-2021-28169,NUCLEI,False,True,No disponible en NVD,,,,,,,,,,,,0,
CVE-2021-28310,CISA,True,False,No disponible en NVD,,,,,,,,,,,,0,
CVE-2021-28377,NUCLEI,False,True,No disponible en NVD,,,,,,,,,,,,0,
CVE-2021-28480,NUCLEI,False,True,No disponible en NVD,,,,,,,,,,,,0,
CVE-2021-28481,NUCLEI,False,True,No disponible en NVD,,,,,,,,,,,,0,
CVE-2021-28550,CISA,True,False,No disponible en NVD,,,,,,,,,,,,0,
CVE-2021-28663,CISA,True,False,No disponible en NVD,,,,,,,,,,,,0,
CVE-2021-28664,CISA,True,False,No disponible en NVD,,,,,,,,,,,,0,
CVE-2021-28799,CISA + NUCLEI,True,True,No disponible en NVD,,,,,,,,,,,,0,
CVE-2021-28854,NUCLEI,False,True,No disponible en NVD,,,,,,,,,,,,0,
CVE-2021-28918,NUCLEI,False,True,No disponible en NVD,,,,,,,,,,,,0,
CVE-2021-28937,NUCLEI,False,True,No disponible en NVD,,,,,,,,,,,,0,
CVE-2021-29006,NUCLEI,False,True,No disponible en NVD,,,,,,,,,,,,0,
CVE-2021-29156,NUCLEI,False,True,No disponible en NVD,,,,,,,,,,,,0,
CVE-2021-29200,NUCLEI,False,True,No disponible en NVD,,,,,,,,,,,,0,
CVE-2021-29203,NUCLEI,False,True,No disponible en NVD,,,,,,,,,,,,0,
CVE-2021-29256,CISA,True,False,No disponible en NVD,,,,,,,,,,,,0,
CVE-2021-29441,NUCLEI,False,True,No disponible en NVD,,,,,,,,,,,,0,
CVE-2021-29442,NUCLEI,False,True,No disponible en NVD,,,,,,,,,,,,0,
CVE-2021-29484,NUCLEI,False,True,No disponible en NVD,,,,,,,,,,,,0,
CVE-2021-29490,NUCLEI,False,True,No disponible en NVD,,,,,,,,,,,,0,
CVE-2021-29505,NUCLEI,False,True,No disponible en NVD,,,,,,,,,,,,0,
CVE-2021-29622,NUCLEI,False,True,No disponible en NVD,,,,,,,,,,,,0,
CVE-2021-29625,NUCLEI,False,True,No disponible en NVD,,,,,,,,,,,,0,
CVE-2021-3002,NUCLEI,False,True,No disponible en NVD,,,,,,,,,,,,0,
CVE-2021-30047,NUCLEI,False,True,No disponible en NVD,,,,,,,,,,,,0,
CVE-2021-30049,NUCLEI,False,True,No disponible en NVD,,,,,,,,,,,,0,
CVE-2021-3007,NUCLEI,False,True,No disponible en NVD,,,,,,,,,,,,0,
CVE-2021-30116,CISA + NUCLEI,True,True,No disponible en NVD,,,,,,,,,,,,0,
CVE-2021-30118,NUCLEI,False,True,No disponible en NVD,,,,,,,,,,,,0,
CVE-2021-30128,NUCLEI,False,True,No disponible en NVD,,,,,,,,,,,,0,
CVE-2021-30134,NUCLEI,False,True,No disponible en NVD,,,,,,,,,,,,0,
CVE-2021-30151,NUCLEI,False,True,No disponible en NVD,,,,,,,,,,,,0,
CVE-2021-3017,NUCLEI,False,True,No disponible en NVD,,,,,,,,,,,,0,
CVE-2021-30175,NUCLEI,False,True,No disponible en NVD,,,,,,,,,,,,0,
CVE-2021-3018,NUCLEI,False,True,No disponible en NVD,,,,,,,,,,,,0,
CVE-2021-3019,NUCLEI,False,True,No disponible en NVD,,,,,,,,,,,,0,
CVE-2021-30203,NUCLEI,False,True,No disponible en NVD,,,,,,,,,,,,0,
CVE-2021-30213,NUCLEI,False,True,No disponible en NVD,,,,,,,,,,,,0,
CVE-2021-30461,NUCLEI,False,True,No disponible en NVD,,,,,,,,,,,,0,
CVE-2021-30497,NUCLEI,False,True,No disponible en NVD,,,,,,,,,,,,0,
CVE-2021-30533,CISA,True,False,No disponible en NVD,,,,,,,,,,,,0,
CVE-2021-30551,CISA,True,False,No disponible en NVD,,,,,,,,,,,,0,
CVE-2021-30554,CISA,True,False,No disponible en NVD,,,,,,,,,,,,0,
CVE-2021-30563,CISA,True,False,No disponible en NVD,,,,,,,,,,,,0,
CVE-2021-30632,CISA,True,False,No disponible en NVD,,,,,,,,,,,,0,
CVE-2021-30633,CISA,True,False,No disponible en NVD,,,,,,,,,,,,0,
CVE-2021-30657,CISA,True,False,No disponible en NVD,,,,,,,,,,,,0,
CVE-2021-30661,CISA,True,False,No disponible en NVD,,,,,,,,,,,,0,
CVE-2021-30663,CISA,True,False,No disponible en NVD,,,,,,,,,,,,0,
CVE-2021-30665,CISA,True,False,No disponible en NVD,,,,,,,,,,,,0,
CVE-2021-30666,CISA,True,False,No disponible en NVD,,,,,,,,,,,,0,
CVE-2021-30713,CISA,True,False,No disponible en NVD,,,,,,,,,,,,0,
CVE-2021-30761,CISA,True,False,No disponible en NVD,,,,,,,,,,,,0,
CVE-2021-30762,CISA,True,False,No disponible en NVD,,,,,,,,,,,,0,
CVE-2021-30807,CISA,True,False,No disponible en NVD,,,,,,,,,,,,0,
CVE-2021-30858,CISA,True,False,No disponible en NVD,,,,,,,,,,,,0,
CVE-2021-30860,CISA,True,False,No disponible en NVD,,,,,,,,,,,,0,
CVE-2021-30869,CISA,True,False,No disponible en NVD,,,,,,,,,,,,0,
CVE-2021-30883,CISA,True,False,No disponible en NVD,,,,,,,,,,,,0,
CVE-2021-30900,CISA,True,False,No disponible en NVD,,,,,,,,,,,,0,
CVE-2021-30952,CISA,True,False,No disponible en NVD,,,,,,,,,,,,0,
CVE-2021-30983,CISA,True,False,No disponible en NVD,,,,,,,,,,,,0,
CVE-2021-31010,CISA,True,False,No disponible en NVD,,,,,,,,,,,,0,
CVE-2021-3110,NUCLEI,False,True,No disponible en NVD,,,,,,,,,,,,0,
CVE-2021-31166,CISA,True,False,No disponible en NVD,,,,,,,,,,,,0,
CVE-2021-31195,NUCLEI,False,True,No disponible en NVD,,,,,,,,,,,,0,
CVE-2021-31196,CISA,True,False,No disponible en NVD,,,,,,,,,,,,0,
CVE-2021-31199,CISA,True,False,No disponible en NVD,,,,,,,,,,,,0,
CVE-2021-31201,CISA,True,False,No disponible en NVD,,,,,,,,,,,,0,
CVE-2021-31207,CISA,True,False,No disponible en NVD,,,,,,,,,,,,0,
CVE-2021-3122,NUCLEI,False,True,No disponible en NVD,,,,,,,,,,,,0,
CVE-2021-31249,NUCLEI,False,True,No disponible en NVD,,,,,,,,,,,,0,
CVE-2021-31250,NUCLEI,False,True,No disponible en NVD,,,,,,,,,,,,0,
CVE-2021-3129,CISA + NUCLEI,True,True,No disponible en NVD,,,,,,,,,,,,0,
CVE-2021-31316,NUCLEI,False,True,No disponible en NVD,,,,,,,,,,,,0,
CVE-2021-31324,NUCLEI,False,True,No disponible en NVD,,,,,,,,,,,,0,
CVE-2021-3152,NUCLEI,False,True,No disponible en NVD,,,,,,,,,,,,0,
CVE-2021-31537,NUCLEI,False,True,No disponible en NVD,,,,,,,,,,,,0,
CVE-2021-3156,CISA,True,False,No disponible en NVD,,,,,,,,,,,,0,
CVE-2021-31581,NUCLEI,False,True,No disponible en NVD,,,,,,,,,,,,0,
CVE-2021-31589,NUCLEI,False,True,No disponible en NVD,,,,,,,,,,,,0,
CVE-2021-31602,NUCLEI,False,True,No disponible en NVD,,,,,,,,,,,,0,
CVE-2021-31682,NUCLEI,False,True,No disponible en NVD,,,,,,,,,,,,0,
CVE-2021-31755,CISA + NUCLEI,True,True,No disponible en NVD,,,,,,,,,,,,0,
CVE-2021-31805,NUCLEI,False,True,No disponible en NVD,,,,,,,,,,,,0,
CVE-2021-31856,NUCLEI,False,True,No disponible en NVD,,,,,,,,,,,,0,
CVE-2021-31862,NUCLEI,False,True,No disponible en NVD,,,,,,,,,,,,0,
CVE-2021-31955,CISA,True,False,No disponible en NVD,,,,,,,,,,,,0,
CVE-2021-31956,CISA,True,False,No disponible en NVD,,,,,,,,,,,,0,
CVE-2021-31979,CISA,True,False,No disponible en NVD,,,,,,,,,,,,0,
CVE-2021-32030,CISA + NUCLEI,True,True,No disponible en NVD,,,,,,,,,,,,0,
CVE-2021-32172,NUCLEI,False,True,No disponible en NVD,,,,,,,,,,,,0,
CVE-2021-3223,NUCLEI,False,True,No disponible en NVD,,,,,,,,,,,,0,
CVE-2021-32305,NUCLEI,False,True,No disponible en NVD,,,,,,,,,,,,0,
CVE-2021-32478,NUCLEI,False,True,No disponible en NVD,,,,,,,,,,,,0,
CVE-2021-32618,NUCLEI,False,True,No disponible en NVD,,,,,,,,,,,,0,
CVE-2021-32648,CISA + NUCLEI,True,True,No disponible en NVD,,,,,,,,,,,,0,
CVE-2021-32682,NUCLEI,False,True,No disponible en NVD,,,,,,,,,,,,0,
CVE-2021-32789,NUCLEI,False,True,No disponible en NVD,,,,,,,,,,,,0,
CVE-2021-32819,NUCLEI,False,True,No disponible en NVD,,,,,,,,,,,,0,
CVE-2021-32820,NUCLEI,False,True,No disponible en NVD,,,,,,,,,,,,0,
CVE-2021-32853,NUCLEI,False,True,No disponible en NVD,,,,,,,,,,,,0,
CVE-2021-3287,NUCLEI,False,True,No disponible en NVD,,,,,,,,,,,,0,
CVE-2021-3293,NUCLEI,False,True,No disponible en NVD,,,,,,,,,,,,0,
CVE-2021-3297,NUCLEI,False,True,No disponible en NVD,,,,,,,,,,,,0,
CVE-2021-33044,CISA + NUCLEI,True,True,No disponible en NVD,,,,,,,,,,,,0,
CVE-2021-33045,CISA + NUCLEI,True,True,No disponible en NVD,,,,,,,,,,,,0,
CVE-2021-33221,NUCLEI,False,True,No disponible en NVD,,,,,,,,,,,,0,
CVE-2021-33357,NUCLEI,False,True,No disponible en NVD,,,,,,,,,,,,0,
CVE-2021-33544,NUCLEI,False,True,No disponible en NVD,,,,,,,,,,,,0,
CVE-2021-33558,NUCLEI,False,True,No disponible en NVD,,,,,,,,,,,,0,
CVE-2021-33564,NUCLEI,False,True,No disponible en NVD,,,,,,,,,,,,0,
CVE-2021-33690,NUCLEI,False,True,No disponible en NVD,,,,,,,,,,,,0,
CVE-2021-33739,CISA,True,False,No disponible en NVD,,,,,,,,,,,,0,
CVE-2021-3374,NUCLEI,False,True,No disponible en NVD,,,,,,,,,,,,0,
CVE-2021-33742,CISA,True,False,No disponible en NVD,,,,,,,,,,,,0,
CVE-2021-33766,CISA + NUCLEI,True,True,No disponible en NVD,,,,,,,,,,,,0,
CVE-2021-3377,NUCLEI,False,True,No disponible en NVD,,,,,,,,,,,,0,
CVE-2021-33771,CISA,True,False,No disponible en NVD,,,,,,,,,,,,0,
CVE-2021-3378,NUCLEI,False,True,No disponible en NVD,,,,,,,,,,,,0,
CVE-2021-33807,NUCLEI,False,True,No disponible en NVD,,,,,,,,,,,,0,
CVE-2021-33829,NUCLEI,False,True,No disponible en NVD,,,,,,,,,,,,0,
CVE-2021-33851,NUCLEI,False,True,No disponible en NVD,,,,,,,,,,,,0,
CVE-2021-33904,NUCLEI,False,True,No disponible en NVD,,,,,,,,,,,,0,
CVE-2021-34187,NUCLEI,False,True,No disponible en NVD,,,,,,,,,,,,0,
CVE-2021-34370,NUCLEI,False,True,No disponible en NVD,,,,,,,,,,,,0,
CVE-2021-34427,NUCLEI,False,True,No disponible en NVD,,,,,,,,,,,,0,
CVE-2021-34429,NUCLEI,False,True,No disponible en NVD,,,,,,,,,,,,0,
CVE-2021-34448,CISA,True,False,No disponible en NVD,,,,,,,,,,,,0,
CVE-2021-34473,CISA + NUCLEI,True,True,No disponible en NVD,,,,,,,,,,,,0,
CVE-2021-34484,CISA,True,False,No disponible en NVD,,,,,,,,,,,,0,
CVE-2021-34486,CISA,True,False,No disponible en NVD,,,,,,,,,,,,0,
CVE-2021-34523,CISA,True,False,No disponible en NVD,,,,,,,,,,,,0,
CVE-2021-34527,CISA,True,False,No disponible en NVD,,,,,,,,,,,,0,
CVE-2021-34621,NUCLEI,False,True,No disponible en NVD,,,,,,,,,,,,0,
CVE-2021-34622,NUCLEI,False,True,No disponible en NVD,,,,,,,,,,,,0,
CVE-2021-34624,NUCLEI,False,True,No disponible en NVD,,,,,,,,,,,,0,
CVE-2021-34630,NUCLEI,False,True,No disponible en NVD,,,,,,,,,,,,0,
CVE-2021-34640,NUCLEI,False,True,No disponible en NVD,,,,,,,,,,,,0,
CVE-2021-34643,NUCLEI,False,True,No disponible en NVD,,,,,,,,,,,,0,
CVE-2021-34805,NUCLEI,False,True,No disponible en NVD,,,,,,,,,,,,0,
CVE-2021-3493,CISA,True,False,No disponible en NVD,,,,,,,,,,,,0,
CVE-2021-35064,NUCLEI,False,True,No disponible en NVD,,,,,,,,,,,,0,
CVE-2021-35211,CISA + NUCLEI,True,True,No disponible en NVD,,,,,,,,,,,,0,
CVE-2021-35247,CISA,True,False,No disponible en NVD,,,,,,,,,,,,0,
CVE-2021-35250,NUCLEI,False,True,No disponible en NVD,,,,,,,,,,,,0,
CVE-2021-35265,NUCLEI,False,True,No disponible en NVD,,,,,,,,,,,,0,
CVE-2021-35323,NUCLEI,False,True,No disponible en NVD,,,,,,,,,,,,0,
CVE-2021-35336,NUCLEI,False,True,No disponible en NVD,,,,,,,,,,,,0,
CVE-2021-35380,NUCLEI,False,True,No disponible en NVD,,,,,,,,,,,,0,
CVE-2021-35394,CISA + NUCLEI,True,True,No disponible en NVD,,,,,,,,,,,,0,
CVE-2021-35395,CISA + NUCLEI,True,True,No disponible en NVD,,,,,,,,,,,,0,
CVE-2021-35464,CISA + NUCLEI,True,True,No disponible en NVD,,,,,,,,,,,,0,
CVE-2021-35488,NUCLEI,False,True,No disponible en NVD,,,,,,,,,,,,0,
CVE-2021-35587,CISA + NUCLEI,True,True,No disponible en NVD,,,,,,,,,,,,0,
CVE-2021-3560,CISA,True,False,No disponible en NVD,,,,,,,,,,,,0,
CVE-2021-3577,NUCLEI,False,True,No disponible en NVD,,,,,,,,,,,,0,
CVE-2021-36260,CISA + NUCLEI,True,True,No disponible en NVD,,,,,,,,,,,,0,
CVE-2021-36356,NUCLEI,False,True,No disponible en NVD,,,,,,,,,,,,0,
CVE-2021-36380,CISA + NUCLEI,True,True,No disponible en NVD,,,,,,,,,,,,0,
CVE-2021-36450,NUCLEI,False,True,No disponible en NVD,,,,,,,,,,,,0,
CVE-2021-3654,NUCLEI,False,True,No disponible en NVD,,,,,,,,,,,,0,
CVE-2021-36580,NUCLEI,False,True,No disponible en NVD,,,,,,,,,,,,0,
CVE-2021-36646,NUCLEI,False,True,No disponible en NVD,,,,,,,,,,,,0,
CVE-2021-36741,CISA,True,False,No disponible en NVD,,,,,,,,,,,,0,
CVE-2021-36742,CISA,True,False,No disponible en NVD,,,,,,,,,,,,0,
CVE-2021-36748,NUCLEI,False,True,No disponible en NVD,,,,,,,,,,,,0,
CVE-2021-36749,NUCLEI,False,True,No disponible en NVD,,,,,,,,,,,,0,
CVE-2021-36754,NUCLEI,False,True,No disponible en NVD,,,,,,,,,,,,0,
CVE-2021-36873,NUCLEI,False,True,No disponible en NVD,,,,,,,,,,,,0,
CVE-2021-36888,NUCLEI,False,True,No disponible en NVD,,,,,,,,,,,,0,
CVE-2021-36934,CISA,True,False,No disponible en NVD,,,,,,,,,,,,0,
CVE-2021-36942,CISA,True,False,No disponible en NVD,,,,,,,,,,,,0,
CVE-2021-36948,CISA,True,False,No disponible en NVD,,,,,,,,,,,,0,
CVE-2021-36955,CISA,True,False,No disponible en NVD,,,,,,,,,,,,0,
CVE-2021-37216,NUCLEI,False,True,No disponible en NVD,,,,,,,,,,,,0,
CVE-2021-37291,NUCLEI,False,True,No disponible en NVD,,,,,,,,,,,,0,
CVE-2021-37292,NUCLEI,False,True,No disponible en NVD,,,,,,,,,,,,0,
CVE-2021-37304,NUCLEI,False,True,No disponible en NVD,,,,,,,,,,,,0,
CVE-2021-37305,NUCLEI,False,True,No disponible en NVD,,,,,,,,,,,,0,
CVE-2021-37415,CISA + NUCLEI,True,True,No disponible en NVD,,,,,,,,,,,,0,
CVE-2021-37416,NUCLEI,False,True,No disponible en NVD,,,,,,,,,,,,0,
CVE-2021-37538,NUCLEI,False,True,No disponible en NVD,,,,,,,,,,,,0,
CVE-2021-37573,NUCLEI,False,True,No disponible en NVD,,,,,,,,,,,,0,
CVE-2021-37580,NUCLEI,False,True,No disponible en NVD,,,,,,,,,,,,0,
CVE-2021-37589,NUCLEI,False,True,No disponible en NVD,,,,,,,,,,,,0,
CVE-2021-37598,NUCLEI,False,True,No disponible en NVD,,,,,,,,,,,,0,
CVE-2021-37704,NUCLEI,False,True,No disponible en NVD,,,,,,,,,,,,0,
CVE-2021-37833,NUCLEI,False,True,No disponible en NVD,,,,,,,,,,,,0,
CVE-2021-37973,CISA,True,False,No disponible en NVD,,,,,,,,,,,,0,
CVE-2021-37975,CISA,True,False,No disponible en NVD,,,,,,,,,,,,0,
CVE-2021-37976,CISA,True,False,No disponible en NVD,,,,,,,,,,,,0,
CVE-2021-38000,CISA,True,False,No disponible en NVD,,,,,,,,,,,,0,
CVE-2021-38003,CISA,True,False,No disponible en NVD,,,,,,,,,,,,0,
CVE-2021-38146,NUCLEI,False,True,No disponible en NVD,,,,,,,,,,,,0,
CVE-2021-38147,NUCLEI,False,True,No disponible en NVD,,,,,,,,,,,,0,
CVE-2021-38154,NUCLEI,False,True,No disponible en NVD,,,,,,,,,,,,0,
CVE-2021-38156,NUCLEI,False,True,No disponible en NVD,,,,,,,,,,,,0,
CVE-2021-38163,CISA,True,False,No disponible en NVD,,,,,,,,,,,,0,
CVE-2021-3831,NUCLEI,False,True,No disponible en NVD,,,,,,,,,,,,0,
CVE-2021-38314,NUCLEI,False,True,No disponible en NVD,,,,,,,,,,,,0,
CVE-2021-38406,CISA,True,False,No disponible en NVD,,,,,,,,,,,,0,
CVE-2021-38540,NUCLEI,False,True,No disponible en NVD,,,,,,,,,,,,0,
CVE-2021-38645,CISA,True,False,No disponible en NVD,,,,,,,,,,,,0,
CVE-2021-38646,CISA,True,False,No disponible en NVD,,,,,,,,,,,,0,
CVE-2021-38647,CISA + NUCLEI,True,True,No disponible en NVD,,,,,,,,,,,,0,
CVE-2021-38648,CISA,True,False,No disponible en NVD,,,,,,,,,,,,0,
CVE-2021-38649,CISA,True,False,No disponible en NVD,,,,,,,,,,,,0,
CVE-2021-38702,NUCLEI,False,True,No disponible en NVD,,,,,,,,,,,,0,
CVE-2021-38704,NUCLEI,False,True,No disponible en NVD,,,,,,,,,,,,0,
CVE-2021-38751,NUCLEI,False,True,No disponible en NVD,,,,,,,,,,,,0,
CVE-2021-39141,NUCLEI,False,True,No disponible en NVD,,,,,,,,,,,,0,
CVE-2021-39144,CISA + NUCLEI,True,True,No disponible en NVD,,,,,,,,,,,,0,
CVE-2021-39146,NUCLEI,False,True,No disponible en NVD,,,,,,,,,,,,0,
CVE-2021-39152,NUCLEI,False,True,No disponible en NVD,,,,,,,,,,,,0,
CVE-2021-39165,NUCLEI,False,True,No disponible en NVD,,,,,,,,,,,,0,
CVE-2021-39211,NUCLEI,False,True,No disponible en NVD,,,,,,,,,,,,0,
CVE-2021-39226,CISA + NUCLEI,True,True,No disponible en NVD,,,,,,,,,,,,0,
CVE-2021-39312,NUCLEI,False,True,No disponible en NVD,,,,,,,,,,,,0,
CVE-2021-39316,NUCLEI,False,True,No disponible en NVD,,,,,,,,,,,,0,
CVE-2021-39320,NUCLEI,False,True,No disponible en NVD,,,,,,,,,,,,0,
CVE-2021-39322,NUCLEI,False,True,No disponible en NVD,,,,,,,,,,,,0,
CVE-2021-39327,NUCLEI,False,True,No disponible en NVD,,,,,,,,,,,,0,
CVE-2021-39341,NUCLEI,False,True,No disponible en NVD,,,,,,,,,,,,0,
CVE-2021-39350,NUCLEI,False,True,No disponible en NVD,,,,,,,,,,,,0,
CVE-2021-39411,NUCLEI,False,True,No disponible en NVD,,,,,,,,,,,,0,
CVE-2021-39433,NUCLEI,False,True,No disponible en NVD,,,,,,,,,,,,0,
CVE-2021-39501,NUCLEI,False,True,No disponible en NVD,,,,,,,,,,,,0,
CVE-2021-39793,CISA,True,False,No disponible en NVD,,,,,,,,,,,,0,
CVE-2021-39935,CISA,True,False,No disponible en NVD,,,,,,,,,,,,0,
CVE-2021-40149,NUCLEI,False,True,No disponible en NVD,,,,,,,,,,,,0,
CVE-2021-40150,NUCLEI,False,True,No disponible en NVD,,,,,,,,,,,,0,
CVE-2021-40272,NUCLEI,False,True,No disponible en NVD,,,,,,,,,,,,0,
CVE-2021-40323,NUCLEI,False,True,No disponible en NVD,,,,,,,,,,,,0,
CVE-2021-4034,CISA,True,False,No disponible en NVD,,,,,,,,,,,,0,
CVE-2021-40407,CISA,True,False,No disponible en NVD,,,,,,,,,,,,0,
CVE-2021-40438,CISA + NUCLEI,True,True,No disponible en NVD,,,,,,,,,,,,0,
CVE-2021-40444,CISA,True,False,No disponible en NVD,,,,,,,,,,,,0,
CVE-2021-40449,CISA,True,False,No disponible en NVD,,,,,,,,,,,,0,
CVE-2021-40450,CISA,True,False,No disponible en NVD,,,,,,,,,,,,0,
CVE-2021-40524,NUCLEI,False,True,No disponible en NVD,,,,,,,,,,,,0,
CVE-2021-40539,CISA + NUCLEI,True,True,No disponible en NVD,,,,,,,,,,,,0,
CVE-2021-40542,NUCLEI,False,True,No disponible en NVD,,,,,,,,,,,,0,
CVE-2021-40651,NUCLEI,False,True,No disponible en NVD,,,,,,,,,,,,0,
CVE-2021-40655,CISA + NUCLEI,True,True,No disponible en NVD,,,,,,,,,,,,0,
CVE-2021-40661,NUCLEI,False,True,No disponible en NVD,,,,,,,,,,,,0,
CVE-2021-4073,NUCLEI,False,True,No disponible en NVD,,,,,,,,,,,,0,
CVE-2021-40822,NUCLEI,False,True,No disponible en NVD,,,,,,,,,,,,0,
CVE-2021-40856,NUCLEI,False,True,No disponible en NVD,,,,,,,,,,,,0,
CVE-2021-40859,NUCLEI,False,True,No disponible en NVD,,,,,,,,,,,,0,
CVE-2021-40868,NUCLEI,False,True,No disponible en NVD,,,,,,,,,,,,0,
CVE-2021-40870,CISA + NUCLEI,True,True,No disponible en NVD,,,,,,,,,,,,0,
CVE-2021-40875,NUCLEI,False,True,No disponible en NVD,,,,,,,,,,,,0,
CVE-2021-40960,NUCLEI,False,True,No disponible en NVD,,,,,,,,,,,,0,
CVE-2021-40968,NUCLEI,False,True,No disponible en NVD,,,,,,,,,,,,0,
CVE-2021-40969,NUCLEI,False,True,No disponible en NVD,,,,,,,,,,,,0,
CVE-2021-40970,NUCLEI,False,True,No disponible en NVD,,,,,,,,,,,,0,
CVE-2021-40971,NUCLEI,False,True,No disponible en NVD,,,,,,,,,,,,0,
CVE-2021-40972,NUCLEI,False,True,No disponible en NVD,,,,,,,,,,,,0,
CVE-2021-40973,NUCLEI,False,True,No disponible en NVD,,,,,,,,,,,,0,
CVE-2021-40978,NUCLEI,False,True,No disponible en NVD,,,,,,,,,,,,0,
CVE-2021-4102,CISA,True,False,No disponible en NVD,,,,,,,,,,,,0,
CVE-2021-41097,NUCLEI,False,True,No disponible en NVD,,,,,,,,,,,,0,
CVE-2021-41174,NUCLEI,False,True,No disponible en NVD,,,,,,,,,,,,0,
CVE-2021-41192,NUCLEI,False,True,No disponible en NVD,,,,,,,,,,,,0,
CVE-2021-41266,NUCLEI,False,True,No disponible en NVD,,,,,,,,,,,,0,
CVE-2021-41277,CISA + NUCLEI,True,True,No disponible en NVD,,,,,,,,,,,,0,
CVE-2021-41282,NUCLEI,False,True,No disponible en NVD,,,,,,,,,,,,0,
CVE-2021-41291,NUCLEI,False,True,No disponible en NVD,,,,,,,,,,,,0,
CVE-2021-41293,NUCLEI,False,True,No disponible en NVD,,,,,,,,,,,,0,
CVE-2021-41349,NUCLEI,False,True,No disponible en NVD,,,,,,,,,,,,0,
CVE-2021-41357,CISA,True,False,No disponible en NVD,,,,,,,,,,,,0,
CVE-2021-41379,CISA,True,False,No disponible en NVD,,,,,,,,,,,,0,
CVE-2021-41381,NUCLEI,False,True,No disponible en NVD,,,,,,,,,,,,0,
CVE-2021-41419,NUCLEI,False,True,No disponible en NVD,,,,,,,,,,,,0,
CVE-2021-41432,NUCLEI,False,True,No disponible en NVD,,,,,,,,,,,,0,
CVE-2021-41460,NUCLEI,False,True,No disponible en NVD,,,,,,,,,,,,0,
CVE-2021-41467,NUCLEI,False,True,No disponible en NVD,,,,,,,,,,,,0,
CVE-2021-41569,NUCLEI,False,True,No disponible en NVD,,,,,,,,,,,,0,
CVE-2021-41648,NUCLEI,False,True,No disponible en NVD,,,,,,,,,,,,0,
CVE-2021-41649,NUCLEI,False,True,No disponible en NVD,,,,,,,,,,,,0,
CVE-2021-41653,NUCLEI,False,True,No disponible en NVD,,,,,,,,,,,,0,
CVE-2021-41691,NUCLEI,False,True,No disponible en NVD,,,,,,,,,,,,0,
CVE-2021-41749,NUCLEI,False,True,No disponible en NVD,,,,,,,,,,,,0,
CVE-2021-41773,CISA + NUCLEI,True,True,No disponible en NVD,,,,,,,,,,,,0,
CVE-2021-41826,NUCLEI,False,True,No disponible en NVD,,,,,,,,,,,,0,
CVE-2021-41878,NUCLEI,False,True,No disponible en NVD,,,,,,,,,,,,0,
CVE-2021-4191,NUCLEI,False,True,No disponible en NVD,,,,,,,,,,,,0,
CVE-2021-41951,NUCLEI,False,True,No disponible en NVD,,,,,,,,,,,,0,
CVE-2021-42013,CISA + NUCLEI,True,True,No disponible en NVD,,,,,,,,,,,,0,
CVE-2021-42063,NUCLEI,False,True,No disponible en NVD,,,,,,,,,,,,0,
CVE-2021-42071,NUCLEI,False,True,No disponible en NVD,,,,,,,,,,,,0,
CVE-2021-42192,NUCLEI,False,True,No disponible en NVD,,,,,,,,,,,,0,
CVE-2021-42237,CISA + NUCLEI,True,True,No disponible en NVD,,,,,,,,,,,,0,
CVE-2021-42258,CISA + NUCLEI,True,True,No disponible en NVD,,,,,,,,,,,,0,
CVE-2021-42278,CISA,True,False,No disponible en NVD,,,,,,,,,,,,0,
CVE-2021-42287,CISA,True,False,No disponible en NVD,,,,,,,,,,,,0,
CVE-2021-42292,CISA,True,False,No disponible en NVD,,,,,,,,,,,,0,
CVE-2021-42321,CISA,True,False,No disponible en NVD,,,,,,,,,,,,0,
CVE-2021-42359,NUCLEI,False,True,No disponible en NVD,,,,,,,,,,,,0,
CVE-2021-42551,NUCLEI,False,True,No disponible en NVD,,,,,,,,,,,,0,
CVE-2021-42565,NUCLEI,False,True,No disponible en NVD,,,,,,,,,,,,0,
CVE-2021-42566,NUCLEI,False,True,No disponible en NVD,,,,,,,,,,,,0,
CVE-2021-42567,NUCLEI,False,True,No disponible en NVD,,,,,,,,,,,,0,
CVE-2021-42627,NUCLEI,False,True,No disponible en NVD,,,,,,,,,,,,0,
CVE-2021-42663,NUCLEI,False,True,No disponible en NVD,,,,,,,,,,,,0,
CVE-2021-42667,NUCLEI,False,True,No disponible en NVD,,,,,,,,,,,,0,
CVE-2021-42887,NUCLEI,False,True,No disponible en NVD,,,,,,,,,,,,0,
CVE-2021-43062,NUCLEI,False,True,No disponible en NVD,,,,,,,,,,,,0,
CVE-2021-43226,CISA,True,False,No disponible en NVD,,,,,,,,,,,,0,
CVE-2021-43287,NUCLEI,False,True,No disponible en NVD,,,,,,,,,,,,0,
CVE-2021-43421,NUCLEI,False,True,No disponible en NVD,,,,,,,,,,,,0,
CVE-2021-43495,NUCLEI,False,True,No disponible en NVD,,,,,,,,,,,,0,
CVE-2021-43496,NUCLEI,False,True,No disponible en NVD,,,,,,,,,,,,0,
CVE-2021-43510,NUCLEI,False,True,No disponible en NVD,,,,,,,,,,,,0,
CVE-2021-43574,NUCLEI,False,True,No disponible en NVD,,,,,,,,,,,,0,
CVE-2021-43725,NUCLEI,False,True,No disponible en NVD,,,,,,,,,,,,0,
CVE-2021-43734,NUCLEI,False,True,No disponible en NVD,,,,,,,,,,,,0,
CVE-2021-4374,NUCLEI,False,True,No disponible en NVD,,,,,,,,,,,,0,
CVE-2021-43778,NUCLEI,False,True,No disponible en NVD,,,,,,,,,,,,0,
CVE-2021-43798,CISA + NUCLEI,True,True,No disponible en NVD,,,,,,,,,,,,0,
CVE-2021-4380,NUCLEI,False,True,No disponible en NVD,,,,,,,,,,,,0,
CVE-2021-43810,NUCLEI,False,True,No disponible en NVD,,,,,,,,,,,,0,
CVE-2021-43831,NUCLEI,False,True,No disponible en NVD,,,,,,,,,,,,0,
CVE-2021-43890,CISA,True,False,No disponible en NVD,,,,,,,,,,,,0,
CVE-2021-44026,CISA,True,False,No disponible en NVD,,,,,,,,,,,,0,
CVE-2021-44077,CISA + NUCLEI,True,True,No disponible en NVD,,,,,,,,,,,,0,
CVE-2021-44138,NUCLEI,False,True,No disponible en NVD,,,,,,,,,,,,0,
CVE-2021-44139,NUCLEI,False,True,No disponible en NVD,,,,,,,,,,,,0,
CVE-2021-44152,NUCLEI,False,True,No disponible en NVD,,,,,,,,,,,,0,
CVE-2021-44168,CISA,True,False,No disponible en NVD,,,,,,,,,,,,0,
CVE-2021-44207,CISA,True,False,No disponible en NVD,,,,,,,,,,,,0,
CVE-2021-44228,CISA + NUCLEI,True,True,"Apache Log4j2 2.0-beta9 through 2.15.0 (excluding security releases 2.12.2, 2.12.3, and 2.3.1) JNDI features used in configuration, log messages, and parameters do not protect against attacker controlled LDAP and other JNDI related endpoints. An attacker who can control log messages or log message parameters can execute arbitrary code loaded from LDAP servers when message lookup substitution is enabled. From log4j 2.15.0, this behavior has been disabled by default. From version 2.16.0 (along with 2.12.2, 2.12.3, and 2.3.1), this functionality has been completely removed. Note that this vulnerability is specific to log4j-core and does not affect log4net, log4cxx, or other Apache Logging Services projects.",10.0,CRITICAL,CVSS:3.1/AV:N/AC:L/PR:N/UI:N/S:C/C:H/I:H/A:H,3.9,6.0,9.3,HIGH,AV:N/AC:M/Au:N/C:C/I:C/A:C,8.6,10.0,CWE-20 | CWE-400 | CWE-502 | CWE-917,381,cpe:2.3:o:siemens:6bk1602-0aa12-0tp0_firmware:*:*:*:*:*:*:*:* | cpe:2.3:h:siemens:6bk1602-0aa12-0tp0:-:*:*:*:*:*:*:* | cpe:2.3:o:siemens:6bk1602-0aa22-0tp0_firmware:*:*:*:*:*:*:*:* | cpe:2.3:h:siemens:6bk1602-0aa22-0tp0:-:*:*:*:*:*:*:* | cpe:2.3:o:siemens:6bk1602-0aa32-0tp0_firmware:*:*:*:*:*:*:*:* | cpe:2.3:h:siemens:6bk1602-0aa32-0tp0:-:*:*:*:*:*:*:* | cpe:2.3:o:siemens:6bk1602-0aa42-0tp0_firmware:*:*:*:*:*:*:*:* | cpe:2.3:h:siemens:6bk1602-0aa42-0tp0:-:*:*:*:*:*:*:* | cpe:2.3:o:siemens:6bk1602-0aa52-0tp0_firmware:*:*:*:*:*:*:*:* | cpe:2.3:h:siemens:6bk1602-0aa52-0tp0:-:*:*:*:*:*:*:*
CVE-2021-44260,NUCLEI,False,True,No disponible en NVD,,,,,,,,,,,,0,
CVE-2021-4436,NUCLEI,False,True,No disponible en NVD,,,,,,,,,,,,0,
CVE-2021-44427,NUCLEI,False,True,No disponible en NVD,,,,,,,,,,,,0,
CVE-2021-44451,NUCLEI,False,True,No disponible en NVD,,,,,,,,,,,,0,
CVE-2021-4448,NUCLEI,False,True,No disponible en NVD,,,,,,,,,,,,0,
CVE-2021-4449,NUCLEI,False,True,No disponible en NVD,,,,,,,,,,,,0,
CVE-2021-44515,CISA + NUCLEI,True,True,No disponible en NVD,,,,,,,,,,,,0,
CVE-2021-44521,NUCLEI,False,True,No disponible en NVD,,,,,,,,,,,,0,
CVE-2021-44528,NUCLEI,False,True,No disponible en NVD,,,,,,,,,,,,0,
CVE-2021-44529,CISA + NUCLEI,True,True,No disponible en NVD,,,,,,,,,,,,0,
CVE-2021-4462,NUCLEI,False,True,No disponible en NVD,,,,,,,,,,,,0,
CVE-2021-44848,NUCLEI,False,True,No disponible en NVD,,,,,,,,,,,,0,
CVE-2021-44910,NUCLEI,False,True,No disponible en NVD,,,,,,,,,,,,0,
CVE-2021-45027,NUCLEI,False,True,No disponible en NVD,,,,,,,,,,,,0,
CVE-2021-45043,NUCLEI,False,True,No disponible en NVD,,,,,,,,,,,,0,
CVE-2021-45046,CISA + NUCLEI,True,True,No disponible en NVD,,,,,,,,,,,,0,
CVE-2021-45092,NUCLEI,False,True,No disponible en NVD,,,,,,,,,,,,0,
CVE-2021-45232,NUCLEI,False,True,No disponible en NVD,,,,,,,,,,,,0,
CVE-2021-45328,NUCLEI,False,True,No disponible en NVD,,,,,,,,,,,,0,
CVE-2021-45380,NUCLEI,False,True,No disponible en NVD,,,,,,,,,,,,0,
CVE-2021-45382,CISA + NUCLEI,True,True,No disponible en NVD,,,,,,,,,,,,0,
CVE-2021-45420,NUCLEI,False,True,No disponible en NVD,,,,,,,,,,,,0,
CVE-2021-45422,NUCLEI,False,True,No disponible en NVD,,,,,,,,,,,,0,
CVE-2021-45428,NUCLEI,False,True,No disponible en NVD,,,,,,,,,,,,0,
CVE-2021-45467,NUCLEI,False,True,No disponible en NVD,,,,,,,,,,,,0,
CVE-2021-45793,NUCLEI,False,True,No disponible en NVD,,,,,,,,,,,,0,
CVE-2021-45811,NUCLEI,False,True,No disponible en NVD,,,,,,,,,,,,0,
CVE-2021-45967,NUCLEI,False,True,No disponible en NVD,,,,,,,,,,,,0,
CVE-2021-45968,NUCLEI,False,True,No disponible en NVD,,,,,,,,,,,,0,
CVE-2021-46005,NUCLEI,False,True,No disponible en NVD,,,,,,,,,,,,0,
CVE-2021-46068,NUCLEI,False,True,No disponible en NVD,,,,,,,,,,,,0,
CVE-2021-46069,NUCLEI,False,True,No disponible en NVD,,,,,,,,,,,,0,
CVE-2021-46071,NUCLEI,False,True,No disponible en NVD,,,,,,,,,,,,0,
CVE-2021-46072,NUCLEI,False,True,No disponible en NVD,,,,,,,,,,,,0,
CVE-2021-46073,NUCLEI,False,True,No disponible en NVD,,,,,,,,,,,,0,
CVE-2021-46104,NUCLEI,False,True,No disponible en NVD,,,,,,,,,,,,0,
CVE-2021-46107,NUCLEI,False,True,No disponible en NVD,,,,,,,,,,,,0,
CVE-2021-46371,NUCLEI,False,True,No disponible en NVD,,,,,,,,,,,,0,
CVE-2021-46379,NUCLEI,False,True,No disponible en NVD,,,,,,,,,,,,0,
CVE-2021-46381,NUCLEI,False,True,No disponible en NVD,,,,,,,,,,,,0,
CVE-2021-46387,NUCLEI,False,True,No disponible en NVD,,,,,,,,,,,,0,
CVE-2021-46417,NUCLEI,False,True,No disponible en NVD,,,,,,,,,,,,0,
CVE-2021-46418,NUCLEI,False,True,No disponible en NVD,,,,,,,,,,,,0,
CVE-2021-46419,NUCLEI,False,True,No disponible en NVD,,,,,,,,,,,,0,
CVE-2021-46422,NUCLEI,False,True,No disponible en NVD,,,,,,,,,,,,0,
CVE-2021-46424,NUCLEI,False,True,No disponible en NVD,,,,,,,,,,,,0,
CVE-2021-46704,NUCLEI,False,True,No disponible en NVD,,,,,,,,,,,,0,
CVE-2022-0028,CISA,True,False,No disponible en NVD,,,,,,,,,,,,0,
CVE-2022-0087,NUCLEI,False,True,No disponible en NVD,,,,,,,,,,,,0,
CVE-2022-0140,NUCLEI,False,True,No disponible en NVD,,,,,,,,,,,,0,
CVE-2022-0147,NUCLEI,False,True,No disponible en NVD,,,,,,,,,,,,0,
CVE-2022-0148,NUCLEI,False,True,No disponible en NVD,,,,,,,,,,,,0,
CVE-2022-0149,NUCLEI,False,True,No disponible en NVD,,,,,,,,,,,,0,
CVE-2022-0150,NUCLEI,False,True,No disponible en NVD,,,,,,,,,,,,0,
CVE-2022-0165,NUCLEI,False,True,No disponible en NVD,,,,,,,,,,,,0,
CVE-2022-0169,NUCLEI,False,True,No disponible en NVD,,,,,,,,,,,,0,
CVE-2022-0185,CISA,True,False,No disponible en NVD,,,,,,,,,,,,0,
CVE-2022-0188,NUCLEI,False,True,No disponible en NVD,,,,,,,,,,,,0,
CVE-2022-0189,NUCLEI,False,True,No disponible en NVD,,,,,,,,,,,,0,
CVE-2022-0201,NUCLEI,False,True,No disponible en NVD,,,,,,,,,,,,0,
CVE-2022-0206,NUCLEI,False,True,No disponible en NVD,,,,,,,,,,,,0,
CVE-2022-0208,NUCLEI,False,True,No disponible en NVD,,,,,,,,,,,,0,
CVE-2022-0212,NUCLEI,False,True,No disponible en NVD,,,,,,,,,,,,0,
CVE-2022-0218,NUCLEI,False,True,No disponible en NVD,,,,,,,,,,,,0,
CVE-2022-0220,NUCLEI,False,True,No disponible en NVD,,,,,,,,,,,,0,
CVE-2022-0228,NUCLEI,False,True,No disponible en NVD,,,,,,,,,,,,0,
CVE-2022-0234,NUCLEI,False,True,No disponible en NVD,,,,,,,,,,,,0,
CVE-2022-0250,NUCLEI,False,True,No disponible en NVD,,,,,,,,,,,,0,
CVE-2022-0271,NUCLEI,False,True,No disponible en NVD,,,,,,,,,,,,0,
CVE-2022-0281,NUCLEI,False,True,No disponible en NVD,,,,,,,,,,,,0,
CVE-2022-0288,NUCLEI,False,True,No disponible en NVD,,,,,,,,,,,,0,
CVE-2022-0342,NUCLEI,False,True,No disponible en NVD,,,,,,,,,,,,0,
CVE-2022-0346,NUCLEI,False,True,No disponible en NVD,,,,,,,,,,,,0,
CVE-2022-0349,NUCLEI,False,True,No disponible en NVD,,,,,,,,,,,,0,
CVE-2022-0378,NUCLEI,False,True,No disponible en NVD,,,,,,,,,,,,0,
CVE-2022-0381,NUCLEI,False,True,No disponible en NVD,,,,,,,,,,,,0,
CVE-2022-0412,NUCLEI,False,True,No disponible en NVD,,,,,,,,,,,,0,
CVE-2022-0415,NUCLEI,False,True,No disponible en NVD,,,,,,,,,,,,0,
CVE-2022-0422,NUCLEI,False,True,No disponible en NVD,,,,,,,,,,,,0,
CVE-2022-0424,NUCLEI,False,True,No disponible en NVD,,,,,,,,,,,,0,
CVE-2022-0429,NUCLEI,False,True,No disponible en NVD,,,,,,,,,,,,0,
CVE-2022-0432,NUCLEI,False,True,No disponible en NVD,,,,,,,,,,,,0,
CVE-2022-0434,NUCLEI,False,True,No disponible en NVD,,,,,,,,,,,,0,
CVE-2022-0437,NUCLEI,False,True,No disponible en NVD,,,,,,,,,,,,0,
CVE-2022-0439,NUCLEI,False,True,No disponible en NVD,,,,,,,,,,,,0,
CVE-2022-0441,NUCLEI,False,True,No disponible en NVD,,,,,,,,,,,,0,
CVE-2022-0479,NUCLEI,False,True,No disponible en NVD,,,,,,,,,,,,0,
CVE-2022-0482,NUCLEI,False,True,No disponible en NVD,,,,,,,,,,,,0,
CVE-2022-0533,NUCLEI,False,True,No disponible en NVD,,,,,,,,,,,,0,
CVE-2022-0535,NUCLEI,False,True,No disponible en NVD,,,,,,,,,,,,0,
CVE-2022-0540,NUCLEI,False,True,No disponible en NVD,,,,,,,,,,,,0,
CVE-2022-0543,CISA + NUCLEI,True,True,No disponible en NVD,,,,,,,,,,,,0,
CVE-2022-0591,NUCLEI,False,True,No disponible en NVD,,,,,,,,,,,,0,
CVE-2022-0592,NUCLEI,False,True,No disponible en NVD,,,,,,,,,,,,0,
CVE-2022-0594,NUCLEI,False,True,No disponible en NVD,,,,,,,,,,,,0,
CVE-2022-0595,NUCLEI,False,True,No disponible en NVD,,,,,,,,,,,,0,
CVE-2022-0597,NUCLEI,False,True,No disponible en NVD,,,,,,,,,,,,0,
CVE-2022-0599,NUCLEI,False,True,No disponible en NVD,,,,,,,,,,,,0,
CVE-2022-0609,CISA,True,False,No disponible en NVD,,,,,,,,,,,,0,
CVE-2022-0651,NUCLEI,False,True,No disponible en NVD,,,,,,,,,,,,0,
CVE-2022-0653,NUCLEI,False,True,No disponible en NVD,,,,,,,,,,,,0,
CVE-2022-0656,NUCLEI,False,True,No disponible en NVD,,,,,,,,,,,,0,
CVE-2022-0658,NUCLEI,False,True,No disponible en NVD,,,,,,,,,,,,0,
CVE-2022-0660,NUCLEI,False,True,No disponible en NVD,,,,,,,,,,,,0,
CVE-2022-0666,NUCLEI,False,True,No disponible en NVD,,,,,,,,,,,,0,
CVE-2022-0678,NUCLEI,False,True,No disponible en NVD,,,,,,,,,,,,0,
CVE-2022-0679,NUCLEI,False,True,No disponible en NVD,,,,,,,,,,,,0,
CVE-2022-0692,NUCLEI,False,True,No disponible en NVD,,,,,,,,,,,,0,
CVE-2022-0693,NUCLEI,False,True,No disponible en NVD,,,,,,,,,,,,0,
CVE-2022-0735,NUCLEI,False,True,No disponible en NVD,,,,,,,,,,,,0,
CVE-2022-0747,NUCLEI,False,True,No disponible en NVD,,,,,,,,,,,,0,
CVE-2022-0760,NUCLEI,False,True,No disponible en NVD,,,,,,,,,,,,0,
CVE-2022-0765,NUCLEI,False,True,No disponible en NVD,,,,,,,,,,,,0,
CVE-2022-0769,NUCLEI,False,True,No disponible en NVD,,,,,,,,,,,,0,
CVE-2022-0773,NUCLEI,False,True,No disponible en NVD,,,,,,,,,,,,0,
CVE-2022-0776,NUCLEI,False,True,No disponible en NVD,,,,,,,,,,,,0,
CVE-2022-0781,NUCLEI,False,True,No disponible en NVD,,,,,,,,,,,,0,
CVE-2022-0783,NUCLEI,False,True,No disponible en NVD,,,,,,,,,,,,0,
CVE-2022-0784,NUCLEI,False,True,No disponible en NVD,,,,,,,,,,,,0,
CVE-2022-0785,NUCLEI,False,True,No disponible en NVD,,,,,,,,,,,,0,
CVE-2022-0786,NUCLEI,False,True,No disponible en NVD,,,,,,,,,,,,0,
CVE-2022-0787,NUCLEI,False,True,No disponible en NVD,,,,,,,,,,,,0,
CVE-2022-0788,NUCLEI,False,True,No disponible en NVD,,,,,,,,,,,,0,
CVE-2022-0814,NUCLEI,False,True,No disponible en NVD,,,,,,,,,,,,0,
CVE-2022-0817,NUCLEI,False,True,No disponible en NVD,,,,,,,,,,,,0,
CVE-2022-0824,NUCLEI,False,True,No disponible en NVD,,,,,,,,,,,,0,
CVE-2022-0826,NUCLEI,False,True,No disponible en NVD,,,,,,,,,,,,0,
CVE-2022-0827,NUCLEI,False,True,No disponible en NVD,,,,,,,,,,,,0,
CVE-2022-0846,NUCLEI,False,True,No disponible en NVD,,,,,,,,,,,,0,
CVE-2022-0847,CISA,True,False,No disponible en NVD,,,,,,,,,,,,0,
CVE-2022-0864,NUCLEI,False,True,No disponible en NVD,,,,,,,,,,,,0,
CVE-2022-0867,NUCLEI,False,True,No disponible en NVD,,,,,,,,,,,,0,
CVE-2022-0869,NUCLEI,False,True,No disponible en NVD,,,,,,,,,,,,0,
CVE-2022-0870,NUCLEI,False,True,No disponible en NVD,,,,,,,,,,,,0,
CVE-2022-0873,NUCLEI,False,True,No disponible en NVD,,,,,,,,,,,,0,
CVE-2022-0879,NUCLEI,False,True,No disponible en NVD,,,,,,,,,,,,0,
CVE-2022-0885,NUCLEI,False,True,No disponible en NVD,,,,,,,,,,,,0,
CVE-2022-0899,NUCLEI,False,True,No disponible en NVD,,,,,,,,,,,,0,
CVE-2022-0928,NUCLEI,False,True,No disponible en NVD,,,,,,,,,,,,0,
CVE-2022-0948,NUCLEI,False,True,No disponible en NVD,,,,,,,,,,,,0,
CVE-2022-0949,NUCLEI,False,True,No disponible en NVD,,,,,,,,,,,,0,
CVE-2022-0952,NUCLEI,False,True,No disponible en NVD,,,,,,,,,,,,0,
CVE-2022-0954,NUCLEI,False,True,No disponible en NVD,,,,,,,,,,,,0,
CVE-2022-0963,NUCLEI,False,True,No disponible en NVD,,,,,,,,,,,,0,
CVE-2022-0968,NUCLEI,False,True,No disponible en NVD,,,,,,,,,,,,0,
CVE-2022-1007,NUCLEI,False,True,No disponible en NVD,,,,,,,,,,,,0,
CVE-2022-1013,NUCLEI,False,True,No disponible en NVD,,,,,,,,,,,,0,
CVE-2022-1020,NUCLEI,False,True,No disponible en NVD,,,,,,,,,,,,0,
CVE-2022-1026,NUCLEI,False,True,No disponible en NVD,,,,,,,,,,,,0,
CVE-2022-1029,NUCLEI,False,True,No disponible en NVD,,,,,,,,,,,,0,
CVE-2022-1040,CISA + NUCLEI,True,True,No disponible en NVD,,,,,,,,,,,,0,
CVE-2022-1054,NUCLEI,False,True,No disponible en NVD,,,,,,,,,,,,0,
CVE-2022-1057,NUCLEI,False,True,No disponible en NVD,,,,,,,,,,,,0,
CVE-2022-1058,NUCLEI,False,True,No disponible en NVD,,,,,,,,,,,,0,
CVE-2022-1096,CISA,True,False,No disponible en NVD,,,,,,,,,,,,0,
CVE-2022-1119,NUCLEI,False,True,No disponible en NVD,,,,,,,,,,,,0,
CVE-2022-1162,NUCLEI,False,True,No disponible en NVD,,,,,,,,,,,,0,
CVE-2022-1168,NUCLEI,False,True,No disponible en NVD,,,,,,,,,,,,0,
CVE-2022-1170,NUCLEI,False,True,No disponible en NVD,,,,,,,,,,,,0,
CVE-2022-1221,NUCLEI,False,True,No disponible en NVD,,,,,,,,,,,,0,
CVE-2022-1329,NUCLEI,False,True,No disponible en NVD,,,,,,,,,,,,0,
CVE-2022-1364,CISA,True,False,No disponible en NVD,,,,,,,,,,,,0,
CVE-2022-1386,NUCLEI,False,True,No disponible en NVD,,,,,,,,,,,,0,
CVE-2022-1388,CISA + NUCLEI,True,True,No disponible en NVD,,,,,,,,,,,,0,
CVE-2022-1390,NUCLEI,False,True,No disponible en NVD,,,,,,,,,,,,0,
CVE-2022-1391,NUCLEI,False,True,No disponible en NVD,,,,,,,,,,,,0,
CVE-2022-1392,NUCLEI,False,True,No disponible en NVD,,,,,,,,,,,,0,
CVE-2022-1398,NUCLEI,False,True,No disponible en NVD,,,,,,,,,,,,0,
CVE-2022-1439,NUCLEI,False,True,No disponible en NVD,,,,,,,,,,,,0,
CVE-2022-1442,NUCLEI,False,True,No disponible en NVD,,,,,,,,,,,,0,
CVE-2022-1453,NUCLEI,False,True,No disponible en NVD,,,,,,,,,,,,0,
CVE-2022-1574,NUCLEI,False,True,No disponible en NVD,,,,,,,,,,,,0,
CVE-2022-1580,NUCLEI,False,True,No disponible en NVD,,,,,,,,,,,,0,
CVE-2022-1595,NUCLEI,False,True,No disponible en NVD,,,,,,,,,,,,0,
CVE-2022-1597,NUCLEI,False,True,No disponible en NVD,,,,,,,,,,,,0,
CVE-2022-1598,NUCLEI,False,True,No disponible en NVD,,,,,,,,,,,,0,
CVE-2022-1609,NUCLEI,False,True,No disponible en NVD,,,,,,,,,,,,0,
CVE-2022-1692,NUCLEI,False,True,No disponible en NVD,,,,,,,,,,,,0,
CVE-2022-1711,NUCLEI,False,True,No disponible en NVD,,,,,,,,,,,,0,
CVE-2022-1713,NUCLEI,False,True,No disponible en NVD,,,,,,,,,,,,0,
CVE-2022-1724,NUCLEI,False,True,No disponible en NVD,,,,,,,,,,,,0,
CVE-2022-1756,NUCLEI,False,True,No disponible en NVD,,,,,,,,,,,,0,
CVE-2022-1768,NUCLEI,False,True,No disponible en NVD,,,,,,,,,,,,0,
CVE-2022-1815,NUCLEI,False,True,No disponible en NVD,,,,,,,,,,,,0,
CVE-2022-1883,NUCLEI,False,True,No disponible en NVD,,,,,,,,,,,,0,
CVE-2022-1903,NUCLEI,False,True,No disponible en NVD,,,,,,,,,,,,0,
CVE-2022-1904,NUCLEI,False,True,No disponible en NVD,,,,,,,,,,,,0,
CVE-2022-1906,NUCLEI,False,True,No disponible en NVD,,,,,,,,,,,,0,
CVE-2022-1910,NUCLEI,False,True,No disponible en NVD,,,,,,,,,,,,0,
CVE-2022-1916,NUCLEI,False,True,No disponible en NVD,,,,,,,,,,,,0,
CVE-2022-1933,NUCLEI,False,True,No disponible en NVD,,,,,,,,,,,,0,
CVE-2022-1937,NUCLEI,False,True,No disponible en NVD,,,,,,,,,,,,0,
CVE-2022-1946,NUCLEI,False,True,No disponible en NVD,,,,,,,,,,,,0,
CVE-2022-1950,NUCLEI,False,True,No disponible en NVD,,,,,,,,,,,,0,
CVE-2022-1952,NUCLEI,False,True,No disponible en NVD,,,,,,,,,,,,0,
CVE-2022-2034,NUCLEI,False,True,No disponible en NVD,,,,,,,,,,,,0,
CVE-2022-20699,CISA,True,False,No disponible en NVD,,,,,,,,,,,,0,
CVE-2022-20700,CISA,True,False,No disponible en NVD,,,,,,,,,,,,0,
CVE-2022-20701,CISA,True,False,No disponible en NVD,,,,,,,,,,,,0,
CVE-2022-20703,CISA,True,False,No disponible en NVD,,,,,,,,,,,,0,
CVE-2022-20708,CISA,True,False,No disponible en NVD,,,,,,,,,,,,0,
CVE-2022-20775,CISA,True,False,No disponible en NVD,,,,,,,,,,,,0,
CVE-2022-20821,CISA,True,False,No disponible en NVD,,,,,,,,,,,,0,
CVE-2022-2130,NUCLEI,False,True,No disponible en NVD,,,,,,,,,,,,0,
CVE-2022-21371,NUCLEI,False,True,No disponible en NVD,,,,,,,,,,,,0,
CVE-2022-21445,CISA,True,False,No disponible en NVD,,,,,,,,,,,,0,
CVE-2022-21500,NUCLEI,False,True,No disponible en NVD,,,,,,,,,,,,0,
CVE-2022-21587,CISA + NUCLEI,True,True,No disponible en NVD,,,,,,,,,,,,0,
CVE-2022-21661,NUCLEI,False,True,No disponible en NVD,,,,,,,,,,,,0,
CVE-2022-2168,NUCLEI,False,True,No disponible en NVD,,,,,,,,,,,,0,
CVE-2022-21705,NUCLEI,False,True,No disponible en NVD,,,,,,,,,,,,0,
CVE-2022-2174,NUCLEI,False,True,No disponible en NVD,,,,,,,,,,,,0,
CVE-2022-2185,NUCLEI,False,True,No disponible en NVD,,,,,,,,,,,,0,
CVE-2022-2187,NUCLEI,False,True,No disponible en NVD,,,,,,,,,,,,0,
CVE-2022-21882,CISA,True,False,No disponible en NVD,,,,,,,,,,,,0,
CVE-2022-21919,CISA,True,False,No disponible en NVD,,,,,,,,,,,,0,
CVE-2022-21971,CISA,True,False,No disponible en NVD,,,,,,,,,,,,0,
CVE-2022-21999,CISA,True,False,No disponible en NVD,,,,,,,,,,,,0,
CVE-2022-22047,CISA,True,False,No disponible en NVD,,,,,,,,,,,,0,
CVE-2022-22071,CISA,True,False,No disponible en NVD,,,,,,,,,,,,0,
CVE-2022-2219,NUCLEI,False,True,No disponible en NVD,,,,,,,,,,,,0,
CVE-2022-22242,NUCLEI,False,True,No disponible en NVD,,,,,,,,,,,,0,
CVE-2022-22265,CISA,True,False,No disponible en NVD,,,,,,,,,,,,0,
CVE-2022-22536,CISA + NUCLEI,True,True,No disponible en NVD,,,,,,,,,,,,0,
CVE-2022-22587,CISA,True,False,No disponible en NVD,,,,,,,,,,,,0,
CVE-2022-22620,CISA,True,False,No disponible en NVD,,,,,,,,,,,,0,
CVE-2022-22674,CISA,True,False,No disponible en NVD,,,,,,,,,,,,0,
CVE-2022-22675,CISA,True,False,No disponible en NVD,,,,,,,,,,,,0,
CVE-2022-22706,CISA,True,False,No disponible en NVD,,,,,,,,,,,,0,
CVE-2022-22718,CISA,True,False,No disponible en NVD,,,,,,,,,,,,0,
CVE-2022-22733,NUCLEI,False,True,No disponible en NVD,,,,,,,,,,,,0,
CVE-2022-22897,NUCLEI,False,True,No disponible en NVD,,,,,,,,,,,,0,
CVE-2022-2290,NUCLEI,False,True,No disponible en NVD,,,,,,,,,,,,0,
CVE-2022-2294,CISA,True,False,No disponible en NVD,,,,,,,,,,,,0,
CVE-2022-22947,CISA + NUCLEI,True,True,No disponible en NVD,,,,,,,,,,,,0,
CVE-2022-22948,CISA,True,False,No disponible en NVD,,,,,,,,,,,,0,
CVE-2022-22954,CISA + NUCLEI,True,True,No disponible en NVD,,,,,,,,,,,,0,
CVE-2022-22956,NUCLEI,False,True,No disponible en NVD,,,,,,,,,,,,0,
CVE-2022-22960,CISA,True,False,No disponible en NVD,,,,,,,,,,,,0,
CVE-2022-22963,CISA + NUCLEI,True,True,No disponible en NVD,,,,,,,,,,,,0,
CVE-2022-22965,CISA + NUCLEI,True,True,No disponible en NVD,,,,,,,,,,,,0,
CVE-2022-22972,NUCLEI,False,True,No disponible en NVD,,,,,,,,,,,,0,
CVE-2022-23102,NUCLEI,False,True,No disponible en NVD,,,,,,,,,,,,0,
CVE-2022-23131,CISA + NUCLEI,True,True,No disponible en NVD,,,,,,,,,,,,0,
CVE-2022-23134,CISA + NUCLEI,True,True,No disponible en NVD,,,,,,,,,,,,0,
CVE-2022-2314,NUCLEI,False,True,No disponible en NVD,,,,,,,,,,,,0,
CVE-2022-23176,CISA,True,False,No disponible en NVD,,,,,,,,,,,,0,
CVE-2022-23178,NUCLEI,False,True,No disponible en NVD,,,,,,,,,,,,0,
CVE-2022-23227,CISA,True,False,No disponible en NVD,,,,,,,,,,,,0,
CVE-2022-23347,NUCLEI,False,True,No disponible en NVD,,,,,,,,,,,,0,
CVE-2022-23348,NUCLEI,False,True,No disponible en NVD,,,,,,,,,,,,0,
CVE-2022-23397,NUCLEI,False,True,No disponible en NVD,,,,,,,,,,,,0,
CVE-2022-23544,NUCLEI,False,True,No disponible en NVD,,,,,,,,,,,,0,
CVE-2022-2373,NUCLEI,False,True,No disponible en NVD,,,,,,,,,,,,0,
CVE-2022-23748,CISA,True,False,No disponible en NVD,,,,,,,,,,,,0,
CVE-2022-2376,NUCLEI,False,True,No disponible en NVD,,,,,,,,,,,,0,
CVE-2022-23779,NUCLEI,False,True,No disponible en NVD,,,,,,,,,,,,0,
CVE-2022-2379,NUCLEI,False,True,No disponible en NVD,,,,,,,,,,,,0,
CVE-2022-23808,NUCLEI,False,True,No disponible en NVD,,,,,,,,,,,,0,
CVE-2022-2383,NUCLEI,False,True,No disponible en NVD,,,,,,,,,,,,0,
CVE-2022-23854,NUCLEI,False,True,No disponible en NVD,,,,,,,,,,,,0,
CVE-2022-23881,NUCLEI,False,True,No disponible en NVD,,,,,,,,,,,,0,
CVE-2022-23898,NUCLEI,False,True,No disponible en NVD,,,,,,,,,,,,0,
CVE-2022-23944,NUCLEI,False,True,No disponible en NVD,,,,,,,,,,,,0,
CVE-2022-24086,CISA + NUCLEI,True,True,No disponible en NVD,,,,,,,,,,,,0,
CVE-2022-24112,CISA + NUCLEI,True,True,No disponible en NVD,,,,,,,,,,,,0,
CVE-2022-24124,NUCLEI,False,True,No disponible en NVD,,,,,,,,,,,,0,
CVE-2022-24129,NUCLEI,False,True,No disponible en NVD,,,,,,,,,,,,0,
CVE-2022-2414,NUCLEI,False,True,No disponible en NVD,,,,,,,,,,,,0,
CVE-2022-24181,NUCLEI,False,True,No disponible en NVD,,,,,,,,,,,,0,
CVE-2022-24223,NUCLEI,False,True,No disponible en NVD,,,,,,,,,,,,0,
CVE-2022-24260,NUCLEI,False,True,No disponible en NVD,,,,,,,,,,,,0,
CVE-2022-24264,NUCLEI,False,True,No disponible en NVD,,,,,,,,,,,,0,
CVE-2022-24265,NUCLEI,False,True,No disponible en NVD,,,,,,,,,,,,0,
CVE-2022-24266,NUCLEI,False,True,No disponible en NVD,,,,,,,,,,,,0,
CVE-2022-24288,NUCLEI,False,True,No disponible en NVD,,,,,,,,,,,,0,
CVE-2022-24384,NUCLEI,False,True,No disponible en NVD,,,,,,,,,,,,0,
CVE-2022-24521,CISA,True,False,No disponible en NVD,,,,,,,,,,,,0,
CVE-2022-2461,NUCLEI,False,True,No disponible en NVD,,,,,,,,,,,,0,
CVE-2022-2462,NUCLEI,False,True,No disponible en NVD,,,,,,,,,,,,0,
CVE-2022-24627,NUCLEI,False,True,No disponible en NVD,,,,,,,,,,,,0,
CVE-2022-24637,NUCLEI,False,True,No disponible en NVD,,,,,,,,,,,,0,
CVE-2022-2467,NUCLEI,False,True,No disponible en NVD,,,,,,,,,,,,0,
CVE-2022-24681,NUCLEI,False,True,No disponible en NVD,,,,,,,,,,,,0,
CVE-2022-24682,CISA + NUCLEI,True,True,No disponible en NVD,,,,,,,,,,,,0,
CVE-2022-24706,CISA + NUCLEI,True,True,No disponible en NVD,,,,,,,,,,,,0,
CVE-2022-24716,NUCLEI,False,True,No disponible en NVD,,,,,,,,,,,,0,
CVE-2022-24816,CISA + NUCLEI,True,True,No disponible en NVD,,,,,,,,,,,,0,
CVE-2022-24819,NUCLEI,False,True,No disponible en NVD,,,,,,,,,,,,0,
CVE-2022-24856,NUCLEI,False,True,No disponible en NVD,,,,,,,,,,,,0,
CVE-2022-2486,NUCLEI,False,True,No disponible en NVD,,,,,,,,,,,,0,
CVE-2022-2487,NUCLEI,False,True,No disponible en NVD,,,,,,,,,,,,0,
CVE-2022-2488,NUCLEI,False,True,No disponible en NVD,,,,,,,,,,,,0,
CVE-2022-24899,NUCLEI,False,True,No disponible en NVD,,,,,,,,,,,,0,
CVE-2022-24900,NUCLEI,False,True,No disponible en NVD,,,,,,,,,,,,0,
CVE-2022-24990,CISA + NUCLEI,True,True,No disponible en NVD,,,,,,,,,,,,0,
CVE-2022-25061,NUCLEI,False,True,No disponible en NVD,,,,,,,,,,,,0,
CVE-2022-25082,NUCLEI,False,True,No disponible en NVD,,,,,,,,,,,,0,
CVE-2022-25125,NUCLEI,False,True,No disponible en NVD,,,,,,,,,,,,0,
CVE-2022-25148,NUCLEI,False,True,No disponible en NVD,,,,,,,,,,,,0,
CVE-2022-25149,NUCLEI,False,True,No disponible en NVD,,,,,,,,,,,,0,
CVE-2022-25216,NUCLEI,False,True,No disponible en NVD,,,,,,,,,,,,0,
CVE-2022-25226,NUCLEI,False,True,No disponible en NVD,,,,,,,,,,,,0,
CVE-2022-25237,NUCLEI,False,True,No disponible en NVD,,,,,,,,,,,,0,
CVE-2022-25322,NUCLEI,False,True,No disponible en NVD,,,,,,,,,,,,0,
CVE-2022-25323,NUCLEI,False,True,No disponible en NVD,,,,,,,,,,,,0,
CVE-2022-2535,NUCLEI,False,True,No disponible en NVD,,,,,,,,,,,,0,
CVE-2022-25356,NUCLEI,False,True,No disponible en NVD,,,,,,,,,,,,0,
CVE-2022-25369,NUCLEI,False,True,No disponible en NVD,,,,,,,,,,,,0,
CVE-2022-2544,NUCLEI,False,True,No disponible en NVD,,,,,,,,,,,,0,
CVE-2022-2546,NUCLEI,False,True,No disponible en NVD,,,,,,,,,,,,0,
CVE-2022-25481,NUCLEI,False,True,No disponible en NVD,,,,,,,,,,,,0,
CVE-2022-25485,NUCLEI,False,True,No disponible en NVD,,,,,,,,,,,,0,
CVE-2022-25486,NUCLEI,False,True,No disponible en NVD,,,,,,,,,,,,0,
CVE-2022-25487,NUCLEI,False,True,No disponible en NVD,,,,,,,,,,,,0,
CVE-2022-25488,NUCLEI,False,True,No disponible en NVD,,,,,,,,,,,,0,
CVE-2022-25489,NUCLEI,False,True,No disponible en NVD,,,,,,,,,,,,0,
CVE-2022-25497,NUCLEI,False,True,No disponible en NVD,,,,,,,,,,,,0,
CVE-2022-2551,NUCLEI,False,True,No disponible en NVD,,,,,,,,,,,,0,
CVE-2022-2552,NUCLEI,False,True,No disponible en NVD,,,,,,,,,,,,0,
CVE-2022-25568,NUCLEI,False,True,No disponible en NVD,,,,,,,,,,,,0,
CVE-2022-2586,CISA,True,False,No disponible en NVD,,,,,,,,,,,,0,
CVE-2022-2599,NUCLEI,False,True,No disponible en NVD,,,,,,,,,,,,0,
CVE-2022-26134,CISA + NUCLEI,True,True,No disponible en NVD,,,,,,,,,,,,0,
CVE-2022-26138,CISA + NUCLEI,True,True,No disponible en NVD,,,,,,,,,,,,0,
CVE-2022-26143,CISA + NUCLEI,True,True,No disponible en NVD,,,,,,,,,,,,0,
CVE-2022-26148,NUCLEI,False,True,No disponible en NVD,,,,,,,,,,,,0,
CVE-2022-26159,NUCLEI,False,True,No disponible en NVD,,,,,,,,,,,,0,
CVE-2022-26233,NUCLEI,False,True,No disponible en NVD,,,,,,,,,,,,0,
CVE-2022-26258,CISA,True,False,No disponible en NVD,,,,,,,,,,,,0,
CVE-2022-26263,NUCLEI,False,True,No disponible en NVD,,,,,,,,,,,,0,
CVE-2022-2627,NUCLEI,False,True,No disponible en NVD,,,,,,,,,,,,0,
CVE-2022-26271,NUCLEI,False,True,No disponible en NVD,,,,,,,,,,,,0,
CVE-2022-26318,CISA,True,False,No disponible en NVD,,,,,,,,,,,,0,
CVE-2022-2633,NUCLEI,False,True,No disponible en NVD,,,,,,,,,,,,0,
CVE-2022-26352,CISA + NUCLEI,True,True,No disponible en NVD,,,,,,,,,,,,0,
CVE-2022-26485,CISA,True,False,No disponible en NVD,,,,,,,,,,,,0,
CVE-2022-26486,CISA,True,False,No disponible en NVD,,,,,,,,,,,,0,
CVE-2022-26500,CISA,True,False,No disponible en NVD,,,,,,,,,,,,0,
CVE-2022-26501,CISA,True,False,No disponible en NVD,,,,,,,,,,,,0,
CVE-2022-26564,NUCLEI,False,True,No disponible en NVD,,,,,,,,,,,,0,
CVE-2022-26585,NUCLEI,False,True,No disponible en NVD,,,,,,,,,,,,0,
CVE-2022-26833,NUCLEI,False,True,No disponible en NVD,,,,,,,,,,,,0,
CVE-2022-26871,CISA,True,False,No disponible en NVD,,,,,,,,,,,,0,
CVE-2022-26904,CISA,True,False,No disponible en NVD,,,,,,,,,,,,0,
CVE-2022-26923,CISA,True,False,No disponible en NVD,,,,,,,,,,,,0,
CVE-2022-26925,CISA,True,False,No disponible en NVD,,,,,,,,,,,,0,
CVE-2022-26960,NUCLEI,False,True,No disponible en NVD,,,,,,,,,,,,0,
CVE-2022-27043,NUCLEI,False,True,No disponible en NVD,,,,,,,,,,,,0,
CVE-2022-27228,NUCLEI,False,True,No disponible en NVD,,,,,,,,,,,,0,
CVE-2022-2733,NUCLEI,False,True,No disponible en NVD,,,,,,,,,,,,0,
CVE-2022-27518,CISA,True,False,No disponible en NVD,,,,,,,,,,,,0,
CVE-2022-2756,NUCLEI,False,True,No disponible en NVD,,,,,,,,,,,,0,
CVE-2022-27593,CISA + NUCLEI,True,True,No disponible en NVD,,,,,,,,,,,,0,
CVE-2022-27849,NUCLEI,False,True,No disponible en NVD,,,,,,,,,,,,0,
CVE-2022-27924,CISA + NUCLEI,True,True,No disponible en NVD,,,,,,,,,,,,0,
CVE-2022-27925,CISA,True,False,No disponible en NVD,,,,,,,,,,,,0,
CVE-2022-27926,CISA + NUCLEI,True,True,No disponible en NVD,,,,,,,,,,,,0,
CVE-2022-27927,NUCLEI,False,True,No disponible en NVD,,,,,,,,,,,,0,
CVE-2022-27984,NUCLEI,False,True,No disponible en NVD,,,,,,,,,,,,0,
CVE-2022-27985,NUCLEI,False,True,No disponible en NVD,,,,,,,,,,,,0,
CVE-2022-28032,NUCLEI,False,True,No disponible en NVD,,,,,,,,,,,,0,
CVE-2022-28033,NUCLEI,False,True,No disponible en NVD,,,,,,,,,,,,0,
CVE-2022-28079,NUCLEI,False,True,No disponible en NVD,,,,,,,,,,,,0,
CVE-2022-28080,NUCLEI,False,True,No disponible en NVD,,,,,,,,,,,,0,
CVE-2022-28117,NUCLEI,False,True,No disponible en NVD,,,,,,,,,,,,0,
CVE-2022-28219,NUCLEI,False,True,No disponible en NVD,,,,,,,,,,,,0,
CVE-2022-28290,NUCLEI,False,True,No disponible en NVD,,,,,,,,,,,,0,
CVE-2022-28363,NUCLEI,False,True,No disponible en NVD,,,,,,,,,,,,0,
CVE-2022-28365,NUCLEI,False,True,No disponible en NVD,,,,,,,,,,,,0,
CVE-2022-28508,NUCLEI,False,True,No disponible en NVD,,,,,,,,,,,,0,
CVE-2022-2856,CISA,True,False,No disponible en NVD,,,,,,,,,,,,0,
CVE-2022-2863,NUCLEI,False,True,No disponible en NVD,,,,,,,,,,,,0,
CVE-2022-28666,NUCLEI,False,True,No disponible en NVD,,,,,,,,,,,,0,
CVE-2022-28810,CISA,True,False,No disponible en NVD,,,,,,,,,,,,0,
CVE-2022-28923,NUCLEI,False,True,No disponible en NVD,,,,,,,,,,,,0,
CVE-2022-28955,NUCLEI,False,True,No disponible en NVD,,,,,,,,,,,,0,
CVE-2022-28987,NUCLEI,False,True,No disponible en NVD,,,,,,,,,,,,0,
CVE-2022-29004,NUCLEI,False,True,No disponible en NVD,,,,,,,,,,,,0,
CVE-2022-29005,NUCLEI,False,True,No disponible en NVD,,,,,,,,,,,,0,
CVE-2022-29006,NUCLEI,False,True,No disponible en NVD,,,,,,,,,,,,0,
CVE-2022-29007,NUCLEI,False,True,No disponible en NVD,,,,,,,,,,,,0,
CVE-2022-29009,NUCLEI,False,True,No disponible en NVD,,,,,,,,,,,,0,
CVE-2022-29013,NUCLEI,False,True,No disponible en NVD,,,,,,,,,,,,0,
CVE-2022-29014,NUCLEI,False,True,No disponible en NVD,,,,,,,,,,,,0,
CVE-2022-29078,NUCLEI,False,True,No disponible en NVD,,,,,,,,,,,,0,
CVE-2022-29081,NUCLEI,False,True,No disponible en NVD,,,,,,,,,,,,0,
CVE-2022-29153,NUCLEI,False,True,No disponible en NVD,,,,,,,,,,,,0,
CVE-2022-29272,NUCLEI,False,True,No disponible en NVD,,,,,,,,,,,,0,
CVE-2022-29298,NUCLEI,False,True,No disponible en NVD,,,,,,,,,,,,0,
CVE-2022-29299,NUCLEI,False,True,No disponible en NVD,,,,,,,,,,,,0,
CVE-2022-29301,NUCLEI,False,True,No disponible en NVD,,,,,,,,,,,,0,
CVE-2022-29303,CISA + NUCLEI,True,True,No disponible en NVD,,,,,,,,,,,,0,
CVE-2022-29316,NUCLEI,False,True,No disponible en NVD,,,,,,,,,,,,0,
CVE-2022-29349,NUCLEI,False,True,No disponible en NVD,,,,,,,,,,,,0,
CVE-2022-29383,NUCLEI,False,True,No disponible en NVD,,,,,,,,,,,,0,
CVE-2022-29455,NUCLEI,False,True,No disponible en NVD,,,,,,,,,,,,0,
CVE-2022-29464,CISA + NUCLEI,True,True,No disponible en NVD,,,,,,,,,,,,0,
CVE-2022-29495,NUCLEI,False,True,No disponible en NVD,,,,,,,,,,,,0,
CVE-2022-29499,CISA,True,False,No disponible en NVD,,,,,,,,,,,,0,
CVE-2022-29548,NUCLEI,False,True,No disponible en NVD,,,,,,,,,,,,0,
CVE-2022-29775,NUCLEI,False,True,No disponible en NVD,,,,,,,,,,,,0,
CVE-2022-30073,NUCLEI,False,True,No disponible en NVD,,,,,,,,,,,,0,
CVE-2022-30190,CISA,True,False,No disponible en NVD,,,,,,,,,,,,0,
CVE-2022-30333,CISA,True,False,No disponible en NVD,,,,,,,,,,,,0,
CVE-2022-3038,CISA,True,False,No disponible en NVD,,,,,,,,,,,,0,
CVE-2022-30489,NUCLEI,False,True,No disponible en NVD,,,,,,,,,,,,0,
CVE-2022-30512,NUCLEI,False,True,No disponible en NVD,,,,,,,,,,,,0,
CVE-2022-30513,NUCLEI,False,True,No disponible en NVD,,,,,,,,,,,,0,
CVE-2022-30514,NUCLEI,False,True,No disponible en NVD,,,,,,,,,,,,0,
CVE-2022-30525,CISA + NUCLEI,True,True,No disponible en NVD,,,,,,,,,,,,0,
CVE-2022-3062,NUCLEI,False,True,No disponible en NVD,,,,,,,,,,,,0,
CVE-2022-3075,CISA,True,False,No disponible en NVD,,,,,,,,,,,,0,
CVE-2022-30776,NUCLEI,False,True,No disponible en NVD,,,,,,,,,,,,0,
CVE-2022-30777,NUCLEI,False,True,No disponible en NVD,,,,,,,,,,,,0,
CVE-2022-31101,NUCLEI,False,True,No disponible en NVD,,,,,,,,,,,,0,
CVE-2022-31126,NUCLEI,False,True,No disponible en NVD,,,,,,,,,,,,0,
CVE-2022-31137,NUCLEI,False,True,No disponible en NVD,,,,,,,,,,,,0,
CVE-2022-31161,NUCLEI,False,True,No disponible en NVD,,,,,,,,,,,,0,
CVE-2022-31181,NUCLEI,False,True,No disponible en NVD,,,,,,,,,,,,0,
CVE-2022-31199,CISA,True,False,No disponible en NVD,,,,,,,,,,,,0,
CVE-2022-3124,NUCLEI,False,True,No disponible en NVD,,,,,,,,,,,,0,
CVE-2022-31260,NUCLEI,False,True,No disponible en NVD,,,,,,,,,,,,0,
CVE-2022-31268,NUCLEI,False,True,No disponible en NVD,,,,,,,,,,,,0,
CVE-2022-31269,NUCLEI,False,True,No disponible en NVD,,,,,,,,,,,,0,
CVE-2022-31299,NUCLEI,False,True,No disponible en NVD,,,,,,,,,,,,0,
CVE-2022-31373,NUCLEI,False,True,No disponible en NVD,,,,,,,,,,,,0,
CVE-2022-3142,NUCLEI,False,True,No disponible en NVD,,,,,,,,,,,,0,
CVE-2022-31470,NUCLEI,False,True,No disponible en NVD,,,,,,,,,,,,0,
CVE-2022-31474,NUCLEI,False,True,No disponible en NVD,,,,,,,,,,,,0,
CVE-2022-31499,NUCLEI,False,True,No disponible en NVD,,,,,,,,,,,,0,
CVE-2022-31656,NUCLEI,False,True,No disponible en NVD,,,,,,,,,,,,0,
CVE-2022-31678,NUCLEI,False,True,No disponible en NVD,,,,,,,,,,,,0,
CVE-2022-31704,NUCLEI,False,True,No disponible en NVD,,,,,,,,,,,,0,
CVE-2022-31706,NUCLEI,False,True,No disponible en NVD,,,,,,,,,,,,0,
CVE-2022-31711,NUCLEI,False,True,No disponible en NVD,,,,,,,,,,,,0,
CVE-2022-31793,NUCLEI,False,True,No disponible en NVD,,,,,,,,,,,,0,
CVE-2022-31798,NUCLEI,False,True,No disponible en NVD,,,,,,,,,,,,0,
CVE-2022-31814,NUCLEI,False,True,No disponible en NVD,,,,,,,,,,,,0,
CVE-2022-31845,NUCLEI,False,True,No disponible en NVD,,,,,,,,,,,,0,
CVE-2022-31846,NUCLEI,False,True,No disponible en NVD,,,,,,,,,,,,0,
CVE-2022-31847,NUCLEI,False,True,No disponible en NVD,,,,,,,,,,,,0,
CVE-2022-31854,NUCLEI,False,True,No disponible en NVD,,,,,,,,,,,,0,
CVE-2022-31974,NUCLEI,False,True,No disponible en NVD,,,,,,,,,,,,0,
CVE-2022-31975,NUCLEI,False,True,No disponible en NVD,,,,,,,,,,,,0,
CVE-2022-31976,NUCLEI,False,True,No disponible en NVD,,,,,,,,,,,,0,
CVE-2022-31977,NUCLEI,False,True,No disponible en NVD,,,,,,,,,,,,0,
CVE-2022-31978,NUCLEI,False,True,No disponible en NVD,,,,,,,,,,,,0,
CVE-2022-31984,NUCLEI,False,True,No disponible en NVD,,,,,,,,,,,,0,
CVE-2022-32007,NUCLEI,False,True,No disponible en NVD,,,,,,,,,,,,0,
CVE-2022-32015,NUCLEI,False,True,No disponible en NVD,,,,,,,,,,,,0,
CVE-2022-32018,NUCLEI,False,True,No disponible en NVD,,,,,,,,,,,,0,
CVE-2022-32022,NUCLEI,False,True,No disponible en NVD,,,,,,,,,,,,0,
CVE-2022-32024,NUCLEI,False,True,No disponible en NVD,,,,,,,,,,,,0,
CVE-2022-32025,NUCLEI,False,True,No disponible en NVD,,,,,,,,,,,,0,
CVE-2022-32026,NUCLEI,False,True,No disponible en NVD,,,,,,,,,,,,0,
CVE-2022-32028,NUCLEI,False,True,No disponible en NVD,,,,,,,,,,,,0,
CVE-2022-32094,NUCLEI,False,True,No disponible en NVD,,,,,,,,,,,,0,
CVE-2022-32195,NUCLEI,False,True,No disponible en NVD,,,,,,,,,,,,0,
CVE-2022-3236,CISA + NUCLEI,True,True,No disponible en NVD,,,,,,,,,,,,0,
CVE-2022-32409,NUCLEI,False,True,No disponible en NVD,,,,,,,,,,,,0,
CVE-2022-3242,NUCLEI,False,True,No disponible en NVD,,,,,,,,,,,,0,
CVE-2022-32429,NUCLEI,False,True,No disponible en NVD,,,,,,,,,,,,0,
CVE-2022-32430,NUCLEI,False,True,No disponible en NVD,,,,,,,,,,,,0,
CVE-2022-32444,NUCLEI,False,True,No disponible en NVD,,,,,,,,,,,,0,
CVE-2022-3254,NUCLEI,False,True,No disponible en NVD,,,,,,,,,,,,0,
CVE-2022-32770,NUCLEI,False,True,No disponible en NVD,,,,,,,,,,,,0,
CVE-2022-32771,NUCLEI,False,True,No disponible en NVD,,,,,,,,,,,,0,
CVE-2022-32772,NUCLEI,False,True,No disponible en NVD,,,,,,,,,,,,0,
CVE-2022-32893,CISA,True,False,No disponible en NVD,,,,,,,,,,,,0,
CVE-2022-32894,CISA,True,False,No disponible en NVD,,,,,,,,,,,,0,
CVE-2022-32917,CISA,True,False,No disponible en NVD,,,,,,,,,,,,0,
CVE-2022-33119,NUCLEI,False,True,No disponible en NVD,,,,,,,,,,,,0,
CVE-2022-33174,NUCLEI,False,True,No disponible en NVD,,,,,,,,,,,,0,
CVE-2022-33198,NUCLEI,False,True,No disponible en NVD,,,,,,,,,,,,0,
CVE-2022-33891,CISA + NUCLEI,True,True,No disponible en NVD,,,,,,,,,,,,0,
CVE-2022-33901,NUCLEI,False,True,No disponible en NVD,,,,,,,,,,,,0,
CVE-2022-33965,NUCLEI,False,True,No disponible en NVD,,,,,,,,,,,,0,
CVE-2022-34045,NUCLEI,False,True,No disponible en NVD,,,,,,,,,,,,0,
CVE-2022-34046,NUCLEI,False,True,No disponible en NVD,,,,,,,,,,,,0,
CVE-2022-34047,NUCLEI,False,True,No disponible en NVD,,,,,,,,,,,,0,
CVE-2022-34048,NUCLEI,False,True,No disponible en NVD,,,,,,,,,,,,0,
CVE-2022-34049,NUCLEI,False,True,No disponible en NVD,,,,,,,,,,,,0,
CVE-2022-34093,NUCLEI,False,True,No disponible en NVD,,,,,,,,,,,,0,
CVE-2022-34094,NUCLEI,False,True,No disponible en NVD,,,,,,,,,,,,0,
CVE-2022-34121,NUCLEI,False,True,No disponible en NVD,,,,,,,,,,,,0,
CVE-2022-34267,NUCLEI,False,True,No disponible en NVD,,,,,,,,,,,,0,
CVE-2022-34305,NUCLEI,False,True,No disponible en NVD,,,,,,,,,,,,0,
CVE-2022-34328,NUCLEI,False,True,No disponible en NVD,,,,,,,,,,,,0,
CVE-2022-34487,NUCLEI,False,True,No disponible en NVD,,,,,,,,,,,,0,
CVE-2022-34534,NUCLEI,False,True,No disponible en NVD,,,,,,,,,,,,0,
CVE-2022-34576,NUCLEI,False,True,No disponible en NVD,,,,,,,,,,,,0,
CVE-2022-34590,NUCLEI,False,True,No disponible en NVD,,,,,,,,,,,,0,
CVE-2022-34713,CISA,True,False,No disponible en NVD,,,,,,,,,,,,0,
CVE-2022-34753,NUCLEI,False,True,No disponible en NVD,,,,,,,,,,,,0,
CVE-2022-3477,NUCLEI,False,True,No disponible en NVD,,,,,,,,,,,,0,
CVE-2022-3481,NUCLEI,False,True,No disponible en NVD,,,,,,,,,,,,0,
CVE-2022-3484,NUCLEI,False,True,No disponible en NVD,,,,,,,,,,,,0,
CVE-2022-3506,NUCLEI,False,True,No disponible en NVD,,,,,,,,,,,,0,
CVE-2022-35151,NUCLEI,False,True,No disponible en NVD,,,,,,,,,,,,0,
CVE-2022-35405,CISA + NUCLEI,True,True,No disponible en NVD,,,,,,,,,,,,0,
CVE-2022-35413,NUCLEI,False,True,No disponible en NVD,,,,,,,,,,,,0,
CVE-2022-35416,NUCLEI,False,True,No disponible en NVD,,,,,,,,,,,,0,
CVE-2022-35493,NUCLEI,False,True,No disponible en NVD,,,,,,,,,,,,0,
CVE-2022-35507,NUCLEI,False,True,No disponible en NVD,,,,,,,,,,,,0,
CVE-2022-35653,NUCLEI,False,True,No disponible en NVD,,,,,,,,,,,,0,
CVE-2022-3578,NUCLEI,False,True,No disponible en NVD,,,,,,,,,,,,0,
CVE-2022-3590,NUCLEI,False,True,No disponible en NVD,,,,,,,,,,,,0,
CVE-2022-35914,CISA + NUCLEI,True,True,No disponible en NVD,,,,,,,,,,,,0,
CVE-2022-36446,NUCLEI,False,True,No disponible en NVD,,,,,,,,,,,,0,
CVE-2022-36537,CISA + NUCLEI,True,True,No disponible en NVD,,,,,,,,,,,,0,
CVE-2022-36553,NUCLEI,False,True,No disponible en NVD,,,,,,,,,,,,0,
CVE-2022-36642,NUCLEI,False,True,No disponible en NVD,,,,,,,,,,,,0,
CVE-2022-36804,CISA + NUCLEI,True,True,No disponible en NVD,,,,,,,,,,,,0,
CVE-2022-36883,NUCLEI,False,True,No disponible en NVD,,,,,,,,,,,,0,
CVE-2022-36923,NUCLEI,False,True,No disponible en NVD,,,,,,,,,,,,0,
CVE-2022-37042,CISA + NUCLEI,True,True,No disponible en NVD,,,,,,,,,,,,0,
CVE-2022-37055,CISA,True,False,No disponible en NVD,,,,,,,,,,,,0,
CVE-2022-37061,NUCLEI,False,True,No disponible en NVD,,,,,,,,,,,,0,
CVE-2022-37122,NUCLEI,False,True,No disponible en NVD,,,,,,,,,,,,0,
CVE-2022-37153,NUCLEI,False,True,No disponible en NVD,,,,,,,,,,,,0,
CVE-2022-37190,NUCLEI,False,True,No disponible en NVD,,,,,,,,,,,,0,
CVE-2022-37191,NUCLEI,False,True,No disponible en NVD,,,,,,,,,,,,0,
CVE-2022-3723,CISA,True,False,No disponible en NVD,,,,,,,,,,,,0,
CVE-2022-37299,NUCLEI,False,True,No disponible en NVD,,,,,,,,,,,,0,
CVE-2022-3766,NUCLEI,False,True,No disponible en NVD,,,,,,,,,,,,0,
CVE-2022-3768,NUCLEI,False,True,No disponible en NVD,,,,,,,,,,,,0,
CVE-2022-37932,NUCLEI,False,True,No disponible en NVD,,,,,,,,,,,,0,
CVE-2022-37969,CISA,True,False,No disponible en NVD,,,,,,,,,,,,0,
CVE-2022-3800,NUCLEI,False,True,No disponible en NVD,,,,,,,,,,,,0,
CVE-2022-38028,CISA,True,False,No disponible en NVD,,,,,,,,,,,,0,
CVE-2022-3805,NUCLEI,False,True,No disponible en NVD,,,,,,,,,,,,0,
CVE-2022-38130,NUCLEI,False,True,No disponible en NVD,,,,,,,,,,,,0,
CVE-2022-38131,NUCLEI,False,True,No disponible en NVD,,,,,,,,,,,,0,
CVE-2022-38181,CISA,True,False,No disponible en NVD,,,,,,,,,,,,0,
CVE-2022-38295,NUCLEI,False,True,No disponible en NVD,,,,,,,,,,,,0,
CVE-2022-38296,NUCLEI,False,True,No disponible en NVD,,,,,,,,,,,,0,
CVE-2022-38322,NUCLEI,False,True,No disponible en NVD,,,,,,,,,,,,0,
CVE-2022-38463,NUCLEI,False,True,No disponible en NVD,,,,,,,,,,,,0,
CVE-2022-38467,NUCLEI,False,True,No disponible en NVD,,,,,,,,,,,,0,
CVE-2022-38553,NUCLEI,False,True,No disponible en NVD,,,,,,,,,,,,0,
CVE-2022-38627,NUCLEI,False,True,No disponible en NVD,,,,,,,,,,,,0,
CVE-2022-38637,NUCLEI,False,True,No disponible en NVD,,,,,,,,,,,,0,
CVE-2022-3869,NUCLEI,False,True,No disponible en NVD,,,,,,,,,,,,0,
CVE-2022-38794,NUCLEI,False,True,No disponible en NVD,,,,,,,,,,,,0,
CVE-2022-38812,NUCLEI,False,True,No disponible en NVD,,,,,,,,,,,,0,
CVE-2022-38817,NUCLEI,False,True,No disponible en NVD,,,,,,,,,,,,0,
CVE-2022-38840,NUCLEI,False,True,No disponible en NVD,,,,,,,,,,,,0,
CVE-2022-38870,NUCLEI,False,True,No disponible en NVD,,,,,,,,,,,,0,
CVE-2022-39048,NUCLEI,False,True,No disponible en NVD,,,,,,,,,,,,0,
CVE-2022-3908,NUCLEI,False,True,No disponible en NVD,,,,,,,,,,,,0,
CVE-2022-39195,NUCLEI,False,True,No disponible en NVD,,,,,,,,,,,,0,
CVE-2022-39197,CISA,True,False,No disponible en NVD,,,,,,,,,,,,0,
CVE-2022-3933,NUCLEI,False,True,No disponible en NVD,,,,,,,,,,,,0,
CVE-2022-3934,NUCLEI,False,True,No disponible en NVD,,,,,,,,,,,,0,
CVE-2022-3980,NUCLEI,False,True,No disponible en NVD,,,,,,,,,,,,0,
CVE-2022-3982,NUCLEI,False,True,No disponible en NVD,,,,,,,,,,,,0,
CVE-2022-39952,NUCLEI,False,True,No disponible en NVD,,,,,,,,,,,,0,
CVE-2022-39960,NUCLEI,False,True,No disponible en NVD,,,,,,,,,,,,0,
CVE-2022-39986,NUCLEI,False,True,No disponible en NVD,,,,,,,,,,,,0,
CVE-2022-40022,NUCLEI,False,True,No disponible en NVD,,,,,,,,,,,,0,
CVE-2022-40032,NUCLEI,False,True,No disponible en NVD,,,,,,,,,,,,0,
CVE-2022-40047,NUCLEI,False,True,No disponible en NVD,,,,,,,,,,,,0,
CVE-2022-40083,NUCLEI,False,True,No disponible en NVD,,,,,,,,,,,,0,
CVE-2022-40127,NUCLEI,False,True,No disponible en NVD,,,,,,,,,,,,0,
CVE-2022-40139,CISA,True,False,No disponible en NVD,,,,,,,,,,,,0,
CVE-2022-40359,NUCLEI,False,True,No disponible en NVD,,,,,,,,,,,,0,
CVE-2022-40443,NUCLEI,False,True,No disponible en NVD,,,,,,,,,,,,0,
CVE-2022-4049,NUCLEI,False,True,No disponible en NVD,,,,,,,,,,,,0,
CVE-2022-4050,NUCLEI,False,True,No disponible en NVD,,,,,,,,,,,,0,
CVE-2022-4057,NUCLEI,False,True,No disponible en NVD,,,,,,,,,,,,0,
CVE-2022-4059,NUCLEI,False,True,No disponible en NVD,,,,,,,,,,,,0,
CVE-2022-4060,NUCLEI,False,True,No disponible en NVD,,,,,,,,,,,,0,
CVE-2022-40624,NUCLEI,False,True,No disponible en NVD,,,,,,,,,,,,0,
CVE-2022-4063,NUCLEI,False,True,No disponible en NVD,,,,,,,,,,,,0,
CVE-2022-40684,CISA + NUCLEI,True,True,No disponible en NVD,,,,,,,,,,,,0,
CVE-2022-40734,NUCLEI,False,True,No disponible en NVD,,,,,,,,,,,,0,
CVE-2022-40765,CISA,True,False,No disponible en NVD,,,,,,,,,,,,0,
CVE-2022-40799,CISA,True,False,No disponible en NVD,,,,,,,,,,,,0,
CVE-2022-40843,NUCLEI,False,True,No disponible en NVD,,,,,,,,,,,,0,
CVE-2022-40879,NUCLEI,False,True,No disponible en NVD,,,,,,,,,,,,0,
CVE-2022-40881,NUCLEI,False,True,No disponible en NVD,,,,,,,,,,,,0,
CVE-2022-41033,CISA,True,False,No disponible en NVD,,,,,,,,,,,,0,
CVE-2022-41040,CISA,True,False,No disponible en NVD,,,,,,,,,,,,0,
CVE-2022-41049,CISA,True,False,No disponible en NVD,,,,,,,,,,,,0,
CVE-2022-41073,CISA,True,False,No disponible en NVD,,,,,,,,,,,,0,
CVE-2022-41080,CISA,True,False,No disponible en NVD,,,,,,,,,,,,0,
CVE-2022-41082,CISA,True,False,No disponible en NVD,,,,,,,,,,,,0,
CVE-2022-41091,CISA,True,False,No disponible en NVD,,,,,,,,,,,,0,
CVE-2022-41125,CISA,True,False,No disponible en NVD,,,,,,,,,,,,0,
CVE-2022-41128,CISA,True,False,No disponible en NVD,,,,,,,,,,,,0,
CVE-2022-4117,NUCLEI,False,True,No disponible en NVD,,,,,,,,,,,,0,
CVE-2022-41223,CISA,True,False,No disponible en NVD,,,,,,,,,,,,0,
CVE-2022-41328,CISA,True,False,No disponible en NVD,,,,,,,,,,,,0,
CVE-2022-4135,CISA,True,False,No disponible en NVD,,,,,,,,,,,,0,
CVE-2022-41352,CISA + NUCLEI,True,True,No disponible en NVD,,,,,,,,,,,,0,
CVE-2022-4140,NUCLEI,False,True,No disponible en NVD,,,,,,,,,,,,0,
CVE-2022-41412,NUCLEI,False,True,No disponible en NVD,,,,,,,,,,,,0,
CVE-2022-41441,NUCLEI,False,True,No disponible en NVD,,,,,,,,,,,,0,
CVE-2022-41473,NUCLEI,False,True,No disponible en NVD,,,,,,,,,,,,0,
CVE-2022-41678,NUCLEI,False,True,No disponible en NVD,,,,,,,,,,,,0,
CVE-2022-41697,NUCLEI,False,True,No disponible en NVD,,,,,,,,,,,,0,
CVE-2022-41800,NUCLEI,False,True,No disponible en NVD,,,,,,,,,,,,0,
CVE-2022-41840,NUCLEI,False,True,No disponible en NVD,,,,,,,,,,,,0,
CVE-2022-42094,NUCLEI,False,True,No disponible en NVD,,,,,,,,,,,,0,
CVE-2022-42095,NUCLEI,False,True,No disponible en NVD,,,,,,,,,,,,0,
CVE-2022-42096,NUCLEI,False,True,No disponible en NVD,,,,,,,,,,,,0,
CVE-2022-42118,NUCLEI,False,True,No disponible en NVD,,,,,,,,,,,,0,
CVE-2022-42149,NUCLEI,False,True,No disponible en NVD,,,,,,,,,,,,0,
CVE-2022-4223,NUCLEI,False,True,No disponible en NVD,,,,,,,,,,,,0,
CVE-2022-42233,NUCLEI,False,True,No disponible en NVD,,,,,,,,,,,,0,
CVE-2022-42475,CISA,True,False,No disponible en NVD,,,,,,,,,,,,0,
CVE-2022-4260,NUCLEI,False,True,No disponible en NVD,,,,,,,,,,,,0,
CVE-2022-4262,CISA,True,False,No disponible en NVD,,,,,,,,,,,,0,
CVE-2022-42746,NUCLEI,False,True,No disponible en NVD,,,,,,,,,,,,0,
CVE-2022-42747,NUCLEI,False,True,No disponible en NVD,,,,,,,,,,,,0,
CVE-2022-42748,NUCLEI,False,True,No disponible en NVD,,,,,,,,,,,,0,
CVE-2022-42749,NUCLEI,False,True,No disponible en NVD,,,,,,,,,,,,0,
CVE-2022-42827,CISA,True,False,No disponible en NVD,,,,,,,,,,,,0,
CVE-2022-42856,CISA,True,False,No disponible en NVD,,,,,,,,,,,,0,
CVE-2022-42948,CISA,True,False,No disponible en NVD,,,,,,,,,,,,0,
CVE-2022-4295,NUCLEI,False,True,No disponible en NVD,,,,,,,,,,,,0,
CVE-2022-4301,NUCLEI,False,True,No disponible en NVD,,,,,,,,,,,,0,
CVE-2022-43014,NUCLEI,False,True,No disponible en NVD,,,,,,,,,,,,0,
CVE-2022-43015,NUCLEI,False,True,No disponible en NVD,,,,,,,,,,,,0,
CVE-2022-43016,NUCLEI,False,True,No disponible en NVD,,,,,,,,,,,,0,
CVE-2022-43017,NUCLEI,False,True,No disponible en NVD,,,,,,,,,,,,0,
CVE-2022-43018,NUCLEI,False,True,No disponible en NVD,,,,,,,,,,,,0,
CVE-2022-4305,NUCLEI,False,True,No disponible en NVD,,,,,,,,,,,,0,
CVE-2022-4306,NUCLEI,False,True,No disponible en NVD,,,,,,,,,,,,0,
CVE-2022-43140,NUCLEI,False,True,No disponible en NVD,,,,,,,,,,,,0,
CVE-2022-43164,NUCLEI,False,True,No disponible en NVD,,,,,,,,,,,,0,
CVE-2022-43165,NUCLEI,False,True,No disponible en NVD,,,,,,,,,,,,0,
CVE-2022-43166,NUCLEI,False,True,No disponible en NVD,,,,,,,,,,,,0,
CVE-2022-43167,NUCLEI,False,True,No disponible en NVD,,,,,,,,,,,,0,
CVE-2022-43169,NUCLEI,False,True,No disponible en NVD,,,,,,,,,,,,0,
CVE-2022-43170,NUCLEI,False,True,No disponible en NVD,,,,,,,,,,,,0,
CVE-2022-43185,NUCLEI,False,True,No disponible en NVD,,,,,,,,,,,,0,
CVE-2022-4320,NUCLEI,False,True,No disponible en NVD,,,,,,,,,,,,0,
CVE-2022-4321,NUCLEI,False,True,No disponible en NVD,,,,,,,,,,,,0,
CVE-2022-4325,NUCLEI,False,True,No disponible en NVD,,,,,,,,,,,,0,
CVE-2022-4328,NUCLEI,False,True,No disponible en NVD,,,,,,,,,,,,0,
CVE-2022-4375,NUCLEI,False,True,No disponible en NVD,,,,,,,,,,,,0,
CVE-2022-43769,CISA + NUCLEI,True,True,No disponible en NVD,,,,,,,,,,,,0,
CVE-2022-43939,CISA + NUCLEI,True,True,No disponible en NVD,,,,,,,,,,,,0,
CVE-2022-44290,NUCLEI,False,True,No disponible en NVD,,,,,,,,,,,,0,
CVE-2022-44291,NUCLEI,False,True,No disponible en NVD,,,,,,,,,,,,0,
CVE-2022-44356,NUCLEI,False,True,No disponible en NVD,,,,,,,,,,,,0,
CVE-2022-4447,NUCLEI,False,True,No disponible en NVD,,,,,,,,,,,,0,
CVE-2022-44588,NUCLEI,False,True,No disponible en NVD,,,,,,,,,,,,0,
CVE-2022-44698,CISA,True,False,No disponible en NVD,,,,,,,,,,,,0,
CVE-2022-44877,CISA + NUCLEI,True,True,No disponible en NVD,,,,,,,,,,,,0,
CVE-2022-44944,NUCLEI,False,True,No disponible en NVD,,,,,,,,,,,,0,
CVE-2022-44946,NUCLEI,False,True,No disponible en NVD,,,,,,,,,,,,0,
CVE-2022-44947,NUCLEI,False,True,No disponible en NVD,,,,,,,,,,,,0,
CVE-2022-44948,NUCLEI,False,True,No disponible en NVD,,,,,,,,,,,,0,
CVE-2022-44949,NUCLEI,False,True,No disponible en NVD,,,,,,,,,,,,0,
CVE-2022-44950,NUCLEI,False,True,No disponible en NVD,,,,,,,,,,,,0,
CVE-2022-44951,NUCLEI,False,True,No disponible en NVD,,,,,,,,,,,,0,
CVE-2022-44952,NUCLEI,False,True,No disponible en NVD,,,,,,,,,,,,0,
CVE-2022-44957,NUCLEI,False,True,No disponible en NVD,,,,,,,,,,,,0,
CVE-2022-45037,NUCLEI,False,True,No disponible en NVD,,,,,,,,,,,,0,
CVE-2022-45038,NUCLEI,False,True,No disponible en NVD,,,,,,,,,,,,0,
CVE-2022-45269,NUCLEI,False,True,No disponible en NVD,,,,,,,,,,,,0,
CVE-2022-45354,NUCLEI,False,True,No disponible en NVD,,,,,,,,,,,,0,
CVE-2022-45362,NUCLEI,False,True,No disponible en NVD,,,,,,,,,,,,0,
CVE-2022-45365,NUCLEI,False,True,No disponible en NVD,,,,,,,,,,,,0,
CVE-2022-45699,NUCLEI,False,True,No disponible en NVD,,,,,,,,,,,,0,
CVE-2022-45805,NUCLEI,False,True,No disponible en NVD,,,,,,,,,,,,0,
CVE-2022-45808,NUCLEI,False,True,No disponible en NVD,,,,,,,,,,,,0,
CVE-2022-45835,NUCLEI,False,True,No disponible en NVD,,,,,,,,,,,,0,
CVE-2022-45836,NUCLEI,False,True,No disponible en NVD,,,,,,,,,,,,0,
CVE-2022-45917,NUCLEI,False,True,No disponible en NVD,,,,,,,,,,,,0,
CVE-2022-45933,NUCLEI,False,True,No disponible en NVD,,,,,,,,,,,,0,
CVE-2022-46020,NUCLEI,False,True,No disponible en NVD,,,,,,,,,,,,0,
CVE-2022-46071,NUCLEI,False,True,No disponible en NVD,,,,,,,,,,,,0,
CVE-2022-46073,NUCLEI,False,True,No disponible en NVD,,,,,,,,,,,,0,
CVE-2022-46169,CISA + NUCLEI,True,True,No disponible en NVD,,,,,,,,,,,,0,
CVE-2022-46381,NUCLEI,False,True,No disponible en NVD,,,,,,,,,,,,0,
CVE-2022-46443,NUCLEI,False,True,No disponible en NVD,,,,,,,,,,,,0,
CVE-2022-46888,NUCLEI,False,True,No disponible en NVD,,,,,,,,,,,,0,
CVE-2022-46934,NUCLEI,False,True,No disponible en NVD,,,,,,,,,,,,0,
CVE-2022-47002,NUCLEI,False,True,No disponible en NVD,,,,,,,,,,,,0,
CVE-2022-47003,NUCLEI,False,True,No disponible en NVD,,,,,,,,,,,,0,
CVE-2022-47075,NUCLEI,False,True,No disponible en NVD,,,,,,,,,,,,0,
CVE-2022-47501,NUCLEI,False,True,No disponible en NVD,,,,,,,,,,,,0,
CVE-2022-47615,NUCLEI,False,True,No disponible en NVD,,,,,,,,,,,,0,
CVE-2022-47945,NUCLEI,False,True,No disponible en NVD,,,,,,,,,,,,0,
CVE-2022-47966,CISA + NUCLEI,True,True,No disponible en NVD,,,,,,,,,,,,0,
CVE-2022-47986,CISA + NUCLEI,True,True,No disponible en NVD,,,,,,,,,,,,0,
CVE-2022-48012,NUCLEI,False,True,No disponible en NVD,,,,,,,,,,,,0,
CVE-2022-48164,NUCLEI,False,True,No disponible en NVD,,,,,,,,,,,,0,
CVE-2022-48165,NUCLEI,False,True,No disponible en NVD,,,,,,,,,,,,0,
CVE-2022-48166,NUCLEI,False,True,No disponible en NVD,,,,,,,,,,,,0,
CVE-2022-48197,NUCLEI,False,True,No disponible en NVD,,,,,,,,,,,,0,
CVE-2022-48323,NUCLEI,False,True,No disponible en NVD,,,,,,,,,,,,0,
CVE-2022-48503,CISA,True,False,No disponible en NVD,,,,,,,,,,,,0,
CVE-2022-48618,CISA,True,False,No disponible en NVD,,,,,,,,,,,,0,
CVE-2022-4897,NUCLEI,False,True,No disponible en NVD,,,,,,,,,,,,0,
CVE-2022-4940,NUCLEI,False,True,No disponible en NVD,,,,,,,,,,,,0,
CVE-2022-4971,NUCLEI,False,True,No disponible en NVD,,,,,,,,,,,,0,
CVE-2023-0037,NUCLEI,False,True,No disponible en NVD,,,,,,,,,,,,0,
CVE-2023-0099,NUCLEI,False,True,No disponible en NVD,,,,,,,,,,,,0,
CVE-2023-0126,NUCLEI,False,True,No disponible en NVD,,,,,,,,,,,,0,
CVE-2023-0159,NUCLEI,False,True,No disponible en NVD,,,,,,,,,,,,0,
CVE-2023-0236,NUCLEI,False,True,No disponible en NVD,,,,,,,,,,,,0,
CVE-2023-0261,NUCLEI,False,True,No disponible en NVD,,,,,,,,,,,,0,
CVE-2023-0266,CISA,True,False,No disponible en NVD,,,,,,,,,,,,0,
CVE-2023-0297,NUCLEI,False,True,No disponible en NVD,,,,,,,,,,,,0,
CVE-2023-0334,NUCLEI,False,True,No disponible en NVD,,,,,,,,,,,,0,
CVE-2023-0386,CISA,True,False,No disponible en NVD,,,,,,,,,,,,0,
CVE-2023-0448,NUCLEI,False,True,No disponible en NVD,,,,,,,,,,,,0,
CVE-2023-0514,NUCLEI,False,True,No disponible en NVD,,,,,,,,,,,,0,
CVE-2023-0527,NUCLEI,False,True,No disponible en NVD,,,,,,,,,,,,0,
CVE-2023-0552,NUCLEI,False,True,No disponible en NVD,,,,,,,,,,,,0,
CVE-2023-0562,NUCLEI,False,True,No disponible en NVD,,,,,,,,,,,,0,
CVE-2023-0563,NUCLEI,False,True,No disponible en NVD,,,,,,,,,,,,0,
CVE-2023-0600,NUCLEI,False,True,No disponible en NVD,,,,,,,,,,,,0,
CVE-2023-0602,NUCLEI,False,True,No disponible en NVD,,,,,,,,,,,,0,
CVE-2023-0630,NUCLEI,False,True,No disponible en NVD,,,,,,,,,,,,0,
CVE-2023-0669,CISA + NUCLEI,True,True,No disponible en NVD,,,,,,,,,,,,0,
CVE-2023-0676,NUCLEI,False,True,No disponible en NVD,,,,,,,,,,,,0,
CVE-2023-0678,NUCLEI,False,True,No disponible en NVD,,,,,,,,,,,,0,
CVE-2023-0777,NUCLEI,False,True,No disponible en NVD,,,,,,,,,,,,0,
CVE-2023-0876,NUCLEI,False,True,No disponible en NVD,,,,,,,,,,,,0,
CVE-2023-0900,NUCLEI,False,True,No disponible en NVD,,,,,,,,,,,,0,
CVE-2023-0942,NUCLEI,False,True,No disponible en NVD,,,,,,,,,,,,0,
CVE-2023-0947,NUCLEI,False,True,No disponible en NVD,,,,,,,,,,,,0,
CVE-2023-0948,NUCLEI,False,True,No disponible en NVD,,,,,,,,,,,,0,
CVE-2023-0968,NUCLEI,False,True,No disponible en NVD,,,,,,,,,,,,0,
CVE-2023-1020,NUCLEI,False,True,No disponible en NVD,,,,,,,,,,,,0,
CVE-2023-1080,NUCLEI,False,True,No disponible en NVD,,,,,,,,,,,,0,
CVE-2023-1119,NUCLEI,False,True,No disponible en NVD,,,,,,,,,,,,0,
CVE-2023-1177,NUCLEI,False,True,No disponible en NVD,,,,,,,,,,,,0,
CVE-2023-1263,NUCLEI,False,True,No disponible en NVD,,,,,,,,,,,,0,
CVE-2023-1315,NUCLEI,False,True,No disponible en NVD,,,,,,,,,,,,0,
CVE-2023-1317,NUCLEI,False,True,No disponible en NVD,,,,,,,,,,,,0,
CVE-2023-1318,NUCLEI,False,True,No disponible en NVD,,,,,,,,,,,,0,
CVE-2023-1362,NUCLEI,False,True,No disponible en NVD,,,,,,,,,,,,0,
CVE-2023-1389,CISA + NUCLEI,True,True,No disponible en NVD,,,,,,,,,,,,0,
CVE-2023-1408,NUCLEI,False,True,No disponible en NVD,,,,,,,,,,,,0,
CVE-2023-1434,NUCLEI,False,True,No disponible en NVD,,,,,,,,,,,,0,
CVE-2023-1454,NUCLEI,False,True,No disponible en NVD,,,,,,,,,,,,0,
CVE-2023-1496,NUCLEI,False,True,No disponible en NVD,,,,,,,,,,,,0,
CVE-2023-1546,NUCLEI,False,True,No disponible en NVD,,,,,,,,,,,,0,
CVE-2023-1671,CISA + NUCLEI,True,True,No disponible en NVD,,,,,,,,,,,,0,
CVE-2023-1698,NUCLEI,False,True,No disponible en NVD,,,,,,,,,,,,0,
CVE-2023-1719,NUCLEI,False,True,No disponible en NVD,,,,,,,,,,,,0,
CVE-2023-1730,NUCLEI,False,True,No disponible en NVD,,,,,,,,,,,,0,
CVE-2023-1780,NUCLEI,False,True,No disponible en NVD,,,,,,,,,,,,0,
CVE-2023-1835,NUCLEI,False,True,No disponible en NVD,,,,,,,,,,,,0,
CVE-2023-1880,NUCLEI,False,True,No disponible en NVD,,,,,,,,,,,,0,
CVE-2023-1890,NUCLEI,False,True,No disponible en NVD,,,,,,,,,,,,0,
CVE-2023-1892,NUCLEI,False,True,No disponible en NVD,,,,,,,,,,,,0,
CVE-2023-1893,NUCLEI,False,True,No disponible en NVD,,,,,,,,,,,,0,
CVE-2023-20073,NUCLEI,False,True,No disponible en NVD,,,,,,,,,,,,0,
CVE-2023-2009,NUCLEI,False,True,No disponible en NVD,,,,,,,,,,,,0,
CVE-2023-20109,CISA,True,False,No disponible en NVD,,,,,,,,,,,,0,
CVE-2023-20118,CISA,True,False,No disponible en NVD,,,,,,,,,,,,0,
CVE-2023-20198,CISA + NUCLEI,True,True,No disponible en NVD,,,,,,,,,,,,0,
CVE-2023-2023,NUCLEI,False,True,No disponible en NVD,,,,,,,,,,,,0,
CVE-2023-20269,CISA,True,False,No disponible en NVD,,,,,,,,,,,,0,
CVE-2023-20273,CISA,True,False,No disponible en NVD,,,,,,,,,,,,0,
CVE-2023-2033,CISA,True,False,No disponible en NVD,,,,,,,,,,,,0,
CVE-2023-2059,NUCLEI,False,True,No disponible en NVD,,,,,,,,,,,,0,
CVE-2023-20864,NUCLEI,False,True,No disponible en NVD,,,,,,,,,,,,0,
CVE-2023-20867,CISA,True,False,No disponible en NVD,,,,,,,,,,,,0,
CVE-2023-20887,CISA + NUCLEI,True,True,No disponible en NVD,,,,,,,,,,,,0,
CVE-2023-20888,NUCLEI,False,True,No disponible en NVD,,,,,,,,,,,,0,
CVE-2023-20889,NUCLEI,False,True,No disponible en NVD,,,,,,,,,,,,0,
CVE-2023-20963,CISA,True,False,No disponible en NVD,,,,,,,,,,,,0,
CVE-2023-2122,NUCLEI,False,True,No disponible en NVD,,,,,,,,,,,,0,
CVE-2023-21237,CISA,True,False,No disponible en NVD,,,,,,,,,,,,0,
CVE-2023-2130,NUCLEI,False,True,No disponible en NVD,,,,,,,,,,,,0,
CVE-2023-2136,CISA,True,False,No disponible en NVD,,,,,,,,,,,,0,
CVE-2023-21492,CISA,True,False,No disponible en NVD,,,,,,,,,,,,0,
CVE-2023-21529,CISA,True,False,No disponible en NVD,,,,,,,,,,,,0,
CVE-2023-21608,CISA,True,False,No disponible en NVD,,,,,,,,,,,,0,
CVE-2023-21674,CISA,True,False,No disponible en NVD,,,,,,,,,,,,0,
CVE-2023-21715,CISA,True,False,No disponible en NVD,,,,,,,,,,,,0,
CVE-2023-2178,NUCLEI,False,True,No disponible en NVD,,,,,,,,,,,,0,
CVE-2023-21823,CISA,True,False,No disponible en NVD,,,,,,,,,,,,0,
CVE-2023-21839,CISA + NUCLEI,True,True,No disponible en NVD,,,,,,,,,,,,0,
CVE-2023-22047,NUCLEI,False,True,No disponible en NVD,,,,,,,,,,,,0,
CVE-2023-22232,NUCLEI,False,True,No disponible en NVD,,,,,,,,,,,,0,
CVE-2023-2224,NUCLEI,False,True,No disponible en NVD,,,,,,,,,,,,0,
CVE-2023-2227,NUCLEI,False,True,No disponible en NVD,,,,,,,,,,,,0,
CVE-2023-22432,NUCLEI,False,True,No disponible en NVD,,,,,,,,,,,,0,
CVE-2023-22463,NUCLEI,False,True,No disponible en NVD,,,,,,,,,,,,0,
CVE-2023-22478,NUCLEI,False,True,No disponible en NVD,,,,,,,,,,,,0,
CVE-2023-22480,NUCLEI,False,True,No disponible en NVD,,,,,,,,,,,,0,
CVE-2023-22515,CISA + NUCLEI,True,True,No disponible en NVD,,,,,,,,,,,,0,
CVE-2023-22518,CISA + NUCLEI,True,True,No disponible en NVD,,,,,,,,,,,,0,
CVE-2023-2252,NUCLEI,False,True,No disponible en NVD,,,,,,,,,,,,0,
CVE-2023-22527,CISA + NUCLEI,True,True,No disponible en NVD,,,,,,,,,,,,0,
CVE-2023-2256,NUCLEI,False,True,No disponible en NVD,,,,,,,,,,,,0,
CVE-2023-22620,NUCLEI,False,True,No disponible en NVD,,,,,,,,,,,,0,
CVE-2023-22621,NUCLEI,False,True,No disponible en NVD,,,,,,,,,,,,0,
CVE-2023-22629,NUCLEI,False,True,No disponible en NVD,,,,,,,,,,,,0,
CVE-2023-2272,NUCLEI,False,True,No disponible en NVD,,,,,,,,,,,,0,
CVE-2023-22893,NUCLEI,False,True,No disponible en NVD,,,,,,,,,,,,0,
CVE-2023-22897,NUCLEI,False,True,No disponible en NVD,,,,,,,,,,,,0,
CVE-2023-22952,CISA + NUCLEI,True,True,No disponible en NVD,,,,,,,,,,,,0,
CVE-2023-23063,NUCLEI,False,True,No disponible en NVD,,,,,,,,,,,,0,
CVE-2023-2309,NUCLEI,False,True,No disponible en NVD,,,,,,,,,,,,0,
CVE-2023-23161,NUCLEI,False,True,No disponible en NVD,,,,,,,,,,,,0,
CVE-2023-23333,NUCLEI,False,True,No disponible en NVD,,,,,,,,,,,,0,
CVE-2023-23376,CISA,True,False,No disponible en NVD,,,,,,,,,,,,0,
CVE-2023-23397,CISA,True,False,No disponible en NVD,,,,,,,,,,,,0,
CVE-2023-23488,NUCLEI,False,True,No disponible en NVD,,,,,,,,,,,,0,
CVE-2023-23489,NUCLEI,False,True,No disponible en NVD,,,,,,,,,,,,0,
CVE-2023-23491,NUCLEI,False,True,No disponible en NVD,,,,,,,,,,,,0,
CVE-2023-23492,NUCLEI,False,True,No disponible en NVD,,,,,,,,,,,,0,
CVE-2023-23529,CISA,True,False,No disponible en NVD,,,,,,,,,,,,0,
CVE-2023-2356,NUCLEI,False,True,No disponible en NVD,,,,,,,,,,,,0,
CVE-2023-23752,CISA + NUCLEI,True,True,No disponible en NVD,,,,,,,,,,,,0,
CVE-2023-23897,NUCLEI,False,True,No disponible en NVD,,,,,,,,,,,,0,
CVE-2023-24000,NUCLEI,False,True,No disponible en NVD,,,,,,,,,,,,0,
CVE-2023-24243,NUCLEI,False,True,No disponible en NVD,,,,,,,,,,,,0,
CVE-2023-24278,NUCLEI,False,True,No disponible en NVD,,,,,,,,,,,,0,
CVE-2023-24322,NUCLEI,False,True,No disponible en NVD,,,,,,,,,,,,0,
CVE-2023-24367,NUCLEI,False,True,No disponible en NVD,,,,,,,,,,,,0,
CVE-2023-2437,NUCLEI,False,True,No disponible en NVD,,,,,,,,,,,,0,
CVE-2023-24488,NUCLEI,False,True,No disponible en NVD,,,,,,,,,,,,0,
CVE-2023-24489,CISA + NUCLEI,True,True,No disponible en NVD,,,,,,,,,,,,0,
CVE-2023-24657,NUCLEI,False,True,No disponible en NVD,,,,,,,,,,,,0,
CVE-2023-24733,NUCLEI,False,True,No disponible en NVD,,,,,,,,,,,,0,
CVE-2023-24735,NUCLEI,False,True,No disponible en NVD,,,,,,,,,,,,0,
CVE-2023-24737,NUCLEI,False,True,No disponible en NVD,,,,,,,,,,,,0,
CVE-2023-2479,NUCLEI,False,True,No disponible en NVD,,,,,,,,,,,,0,
CVE-2023-24880,CISA,True,False,No disponible en NVD,,,,,,,,,,,,0,
CVE-2023-24955,CISA,True,False,No disponible en NVD,,,,,,,,,,,,0,
CVE-2023-25135,NUCLEI,False,True,No disponible en NVD,,,,,,,,,,,,0,
CVE-2023-25157,NUCLEI,False,True,No disponible en NVD,,,,,,,,,,,,0,
CVE-2023-2518,NUCLEI,False,True,No disponible en NVD,,,,,,,,,,,,0,
CVE-2023-25194,NUCLEI,False,True,No disponible en NVD,,,,,,,,,,,,0,
CVE-2023-25280,CISA + NUCLEI,True,True,No disponible en NVD,,,,,,,,,,,,0,
CVE-2023-2533,CISA,True,False,No disponible en NVD,,,,,,,,,,,,0,
CVE-2023-25346,NUCLEI,False,True,No disponible en NVD,,,,,,,,,,,,0,
CVE-2023-25573,NUCLEI,False,True,No disponible en NVD,,,,,,,,,,,,0,
CVE-2023-25717,CISA + NUCLEI,True,True,No disponible en NVD,,,,,,,,,,,,0,
CVE-2023-26035,NUCLEI,False,True,No disponible en NVD,,,,,,,,,,,,0,
CVE-2023-26067,NUCLEI,False,True,No disponible en NVD,,,,,,,,,,,,0,
CVE-2023-26083,CISA,True,False,No disponible en NVD,,,,,,,,,,,,0,
CVE-2023-2624,NUCLEI,False,True,No disponible en NVD,,,,,,,,,,,,0,
CVE-2023-26255,NUCLEI,False,True,No disponible en NVD,,,,,,,,,,,,0,
CVE-2023-26256,NUCLEI,False,True,No disponible en NVD,,,,,,,,,,,,0,
CVE-2023-26258,NUCLEI,False,True,No disponible en NVD,,,,,,,,,,,,0,
CVE-2023-26347,NUCLEI,False,True,No disponible en NVD,,,,,,,,,,,,0,
CVE-2023-26359,CISA,True,False,No disponible en NVD,,,,,,,,,,,,0,
CVE-2023-26360,CISA + NUCLEI,True,True,No disponible en NVD,,,,,,,,,,,,0,
CVE-2023-26369,CISA,True,False,No disponible en NVD,,,,,,,,,,,,0,
CVE-2023-26469,NUCLEI,False,True,No disponible en NVD,,,,,,,,,,,,0,
CVE-2023-2648,NUCLEI,False,True,No disponible en NVD,,,,,,,,,,,,0,
CVE-2023-26802,NUCLEI,False,True,No disponible en NVD,,,,,,,,,,,,0,
CVE-2023-26842,NUCLEI,False,True,No disponible en NVD,,,,,,,,,,,,0,
CVE-2023-26843,NUCLEI,False,True,No disponible en NVD,,,,,,,,,,,,0,
CVE-2023-27008,NUCLEI,False,True,No disponible en NVD,,,,,,,,,,,,0,
CVE-2023-27032,NUCLEI,False,True,No disponible en NVD,,,,,,,,,,,,0,
CVE-2023-27034,NUCLEI,False,True,No disponible en NVD,,,,,,,,,,,,0,
CVE-2023-27159,NUCLEI,False,True,No disponible en NVD,,,,,,,,,,,,0,
CVE-2023-27163,NUCLEI,False,True,No disponible en NVD,,,,,,,,,,,,0,
CVE-2023-27179,NUCLEI,False,True,No disponible en NVD,,,,,,,,,,,,0,
CVE-2023-27292,NUCLEI,False,True,No disponible en NVD,,,,,,,,,,,,0,
CVE-2023-2732,NUCLEI,False,True,No disponible en NVD,,,,,,,,,,,,0,
CVE-2023-2734,NUCLEI,False,True,No disponible en NVD,,,,,,,,,,,,0,
CVE-2023-27350,CISA + NUCLEI,True,True,No disponible en NVD,,,,,,,,,,,,0,
CVE-2023-27351,CISA + NUCLEI,True,True,No disponible en NVD,,,,,,,,,,,,0,
CVE-2023-27372,NUCLEI,False,True,No disponible en NVD,,,,,,,,,,,,0,
CVE-2023-2745,NUCLEI,False,True,No disponible en NVD,,,,,,,,,,,,0,
CVE-2023-27482,NUCLEI,False,True,No disponible en NVD,,,,,,,,,,,,0,
CVE-2023-27524,CISA + NUCLEI,True,True,No disponible en NVD,,,,,,,,,,,,0,
CVE-2023-27532,CISA,True,False,No disponible en NVD,,,,,,,,,,,,0,
CVE-2023-27584,NUCLEI,False,True,No disponible en NVD,,,,,,,,,,,,0,
CVE-2023-27587,NUCLEI,False,True,No disponible en NVD,,,,,,,,,,,,0,
CVE-2023-27624,NUCLEI,False,True,No disponible en NVD,,,,,,,,,,,,0,
CVE-2023-27637,NUCLEI,False,True,No disponible en NVD,,,,,,,,,,,,0,
CVE-2023-27638,NUCLEI,False,True,No disponible en NVD,,,,,,,,,,,,0,
CVE-2023-27639,NUCLEI,False,True,No disponible en NVD,,,,,,,,,,,,0,
CVE-2023-27640,NUCLEI,False,True,No disponible en NVD,,,,,,,,,,,,0,
CVE-2023-27641,NUCLEI,False,True,No disponible en NVD,,,,,,,,,,,,0,
CVE-2023-2766,NUCLEI,False,True,No disponible en NVD,,,,,,,,,,,,0,
CVE-2023-2779,NUCLEI,False,True,No disponible en NVD,,,,,,,,,,,,0,
CVE-2023-2780,NUCLEI,False,True,No disponible en NVD,,,,,,,,,,,,0,
CVE-2023-27847,NUCLEI,False,True,No disponible en NVD,,,,,,,,,,,,0,
CVE-2023-27922,NUCLEI,False,True,No disponible en NVD,,,,,,,,,,,,0,
CVE-2023-2796,NUCLEI,False,True,No disponible en NVD,,,,,,,,,,,,0,
CVE-2023-27992,CISA,True,False,No disponible en NVD,,,,,,,,,,,,0,
CVE-2023-27997,CISA,True,False,No disponible en NVD,,,,,,,,,,,,0,
CVE-2023-28121,NUCLEI,False,True,No disponible en NVD,,,,,,,,,,,,0,
CVE-2023-2813,NUCLEI,False,True,No disponible en NVD,,,,,,,,,,,,0,
CVE-2023-28204,CISA,True,False,No disponible en NVD,,,,,,,,,,,,0,
CVE-2023-28205,CISA,True,False,No disponible en NVD,,,,,,,,,,,,0,
CVE-2023-28206,CISA,True,False,No disponible en NVD,,,,,,,,,,,,0,
CVE-2023-2822,NUCLEI,False,True,No disponible en NVD,,,,,,,,,,,,0,
CVE-2023-28229,CISA,True,False,No disponible en NVD,,,,,,,,,,,,0,
CVE-2023-2825,NUCLEI,False,True,No disponible en NVD,,,,,,,,,,,,0,
CVE-2023-28252,CISA,True,False,No disponible en NVD,,,,,,,,,,,,0,
CVE-2023-28343,NUCLEI,False,True,No disponible en NVD,,,,,,,,,,,,0,
CVE-2023-28432,CISA + NUCLEI,True,True,No disponible en NVD,,,,,,,,,,,,0,
CVE-2023-28434,CISA,True,False,No disponible en NVD,,,,,,,,,,,,0,
CVE-2023-28461,CISA,True,False,No disponible en NVD,,,,,,,,,,,,0,
CVE-2023-28662,NUCLEI,False,True,No disponible en NVD,,,,,,,,,,,,0,
CVE-2023-28665,NUCLEI,False,True,No disponible en NVD,,,,,,,,,,,,0,
CVE-2023-2868,CISA,True,False,No disponible en NVD,,,,,,,,,,,,0,
CVE-2023-28771,CISA,True,False,No disponible en NVD,,,,,,,,,,,,0,
CVE-2023-28787,NUCLEI,False,True,No disponible en NVD,,,,,,,,,,,,0,
CVE-2023-29084,NUCLEI,False,True,No disponible en NVD,,,,,,,,,,,,0,
CVE-2023-29204,NUCLEI,False,True,No disponible en NVD,,,,,,,,,,,,0,
CVE-2023-29298,CISA + NUCLEI,True,True,No disponible en NVD,,,,,,,,,,,,0,
CVE-2023-29300,CISA + NUCLEI,True,True,No disponible en NVD,,,,,,,,,,,,0,
CVE-2023-29336,CISA,True,False,No disponible en NVD,,,,,,,,,,,,0,
CVE-2023-29357,CISA + NUCLEI,True,True,No disponible en NVD,,,,,,,,,,,,0,
CVE-2023-29360,CISA,True,False,No disponible en NVD,,,,,,,,,,,,0,
CVE-2023-29439,NUCLEI,False,True,No disponible en NVD,,,,,,,,,,,,0,
CVE-2023-2948,NUCLEI,False,True,No disponible en NVD,,,,,,,,,,,,0,
CVE-2023-29489,NUCLEI,False,True,No disponible en NVD,,,,,,,,,,,,0,
CVE-2023-2949,NUCLEI,False,True,No disponible en NVD,,,,,,,,,,,,0,
CVE-2023-29492,CISA,True,False,No disponible en NVD,,,,,,,,,,,,0,
CVE-2023-29506,NUCLEI,False,True,No disponible en NVD,,,,,,,,,,,,0,
CVE-2023-29552,CISA,True,False,No disponible en NVD,,,,,,,,,,,,0,
CVE-2023-29623,NUCLEI,False,True,No disponible en NVD,,,,,,,,,,,,0,
CVE-2023-2982,NUCLEI,False,True,No disponible en NVD,,,,,,,,,,,,0,
CVE-2023-29827,NUCLEI,False,True,No disponible en NVD,,,,,,,,,,,,0,
CVE-2023-29887,NUCLEI,False,True,No disponible en NVD,,,,,,,,,,,,0,
CVE-2023-29919,NUCLEI,False,True,No disponible en NVD,,,,,,,,,,,,0,
CVE-2023-29922,NUCLEI,False,True,No disponible en NVD,,,,,,,,,,,,0,
CVE-2023-29923,NUCLEI,False,True,No disponible en NVD,,,,,,,,,,,,0,
CVE-2023-30013,NUCLEI,False,True,No disponible en NVD,,,,,,,,,,,,0,
CVE-2023-30019,NUCLEI,False,True,No disponible en NVD,,,,,,,,,,,,0,
CVE-2023-30150,NUCLEI,False,True,No disponible en NVD,,,,,,,,,,,,0,
CVE-2023-30192,NUCLEI,False,True,No disponible en NVD,,,,,,,,,,,,0,
CVE-2023-30194,NUCLEI,False,True,No disponible en NVD,,,,,,,,,,,,0,
CVE-2023-30210,NUCLEI,False,True,No disponible en NVD,,,,,,,,,,,,0,
CVE-2023-30212,NUCLEI,False,True,No disponible en NVD,,,,,,,,,,,,0,
CVE-2023-30256,NUCLEI,False,True,No disponible en NVD,,,,,,,,,,,,0,
CVE-2023-30258,NUCLEI,False,True,No disponible en NVD,,,,,,,,,,,,0,
CVE-2023-30534,NUCLEI,False,True,No disponible en NVD,,,,,,,,,,,,0,
CVE-2023-30625,NUCLEI,False,True,No disponible en NVD,,,,,,,,,,,,0,
CVE-2023-3077,NUCLEI,False,True,No disponible en NVD,,,,,,,,,,,,0,
CVE-2023-30777,NUCLEI,False,True,No disponible en NVD,,,,,,,,,,,,0,
CVE-2023-3079,CISA,True,False,No disponible en NVD,,,,,,,,,,,,0,
CVE-2023-30868,NUCLEI,False,True,No disponible en NVD,,,,,,,,,,,,0,
CVE-2023-30869,NUCLEI,False,True,No disponible en NVD,,,,,,,,,,,,0,
CVE-2023-30943,NUCLEI,False,True,No disponible en NVD,,,,,,,,,,,,0,
CVE-2023-31059,NUCLEI,False,True,No disponible en NVD,,,,,,,,,,,,0,
CVE-2023-3139,NUCLEI,False,True,No disponible en NVD,,,,,,,,,,,,0,
CVE-2023-31446,NUCLEI,False,True,No disponible en NVD,,,,,,,,,,,,0,
CVE-2023-31465,NUCLEI,False,True,No disponible en NVD,,,,,,,,,,,,0,
CVE-2023-31478,NUCLEI,False,True,No disponible en NVD,,,,,,,,,,,,0,
CVE-2023-31548,NUCLEI,False,True,No disponible en NVD,,,,,,,,,,,,0,
CVE-2023-3169,NUCLEI,False,True,No disponible en NVD,,,,,,,,,,,,0,
CVE-2023-3188,NUCLEI,False,True,No disponible en NVD,,,,,,,,,,,,0,
CVE-2023-3197,NUCLEI,False,True,No disponible en NVD,,,,,,,,,,,,0,
CVE-2023-32046,CISA,True,False,No disponible en NVD,,,,,,,,,,,,0,
CVE-2023-32049,CISA,True,False,No disponible en NVD,,,,,,,,,,,,0,
CVE-2023-32068,NUCLEI,False,True,No disponible en NVD,,,,,,,,,,,,0,
CVE-2023-32077,NUCLEI,False,True,No disponible en NVD,,,,,,,,,,,,0,
CVE-2023-32117,NUCLEI,False,True,No disponible en NVD,,,,,,,,,,,,0,
CVE-2023-3219,NUCLEI,False,True,No disponible en NVD,,,,,,,,,,,,0,
CVE-2023-32235,NUCLEI,False,True,No disponible en NVD,,,,,,,,,,,,0,
CVE-2023-32243,NUCLEI,False,True,No disponible en NVD,,,,,,,,,,,,0,
CVE-2023-32315,CISA + NUCLEI,True,True,No disponible en NVD,,,,,,,,,,,,0,
CVE-2023-32373,CISA,True,False,No disponible en NVD,,,,,,,,,,,,0,
CVE-2023-32409,CISA,True,False,No disponible en NVD,,,,,,,,,,,,0,
CVE-2023-32434,CISA,True,False,No disponible en NVD,,,,,,,,,,,,0,
CVE-2023-32435,CISA,True,False,No disponible en NVD,,,,,,,,,,,,0,
CVE-2023-32439,CISA,True,False,No disponible en NVD,,,,,,,,,,,,0,
CVE-2023-32563,NUCLEI,False,True,No disponible en NVD,,,,,,,,,,,,0,
CVE-2023-32590,NUCLEI,False,True,No disponible en NVD,,,,,,,,,,,,0,
CVE-2023-3277,NUCLEI,False,True,No disponible en NVD,,,,,,,,,,,,0,
CVE-2023-33009,CISA,True,False,No disponible en NVD,,,,,,,,,,,,0,
CVE-2023-33010,CISA,True,False,No disponible en NVD,,,,,,,,,,,,0,
CVE-2023-33063,CISA,True,False,No disponible en NVD,,,,,,,,,,,,0,
CVE-2023-33106,CISA,True,False,No disponible en NVD,,,,,,,,,,,,0,
CVE-2023-33107,CISA,True,False,No disponible en NVD,,,,,,,,,,,,0,
CVE-2023-33193,NUCLEI,False,True,No disponible en NVD,,,,,,,,,,,,0,
CVE-2023-33246,CISA + NUCLEI,True,True,No disponible en NVD,,,,,,,,,,,,0,
CVE-2023-33338,NUCLEI,False,True,No disponible en NVD,,,,,,,,,,,,0,
CVE-2023-33405,NUCLEI,False,True,No disponible en NVD,,,,,,,,,,,,0,
CVE-2023-33439,NUCLEI,False,True,No disponible en NVD,,,,,,,,,,,,0,
CVE-2023-33440,NUCLEI,False,True,No disponible en NVD,,,,,,,,,,,,0,
CVE-2023-3345,NUCLEI,False,True,No disponible en NVD,,,,,,,,,,,,0,
CVE-2023-33510,NUCLEI,False,True,No disponible en NVD,,,,,,,,,,,,0,
CVE-2023-33538,CISA,True,False,No disponible en NVD,,,,,,,,,,,,0,
CVE-2023-33568,NUCLEI,False,True,No disponible en NVD,,,,,,,,,,,,0,
CVE-2023-33629,NUCLEI,False,True,No disponible en NVD,,,,,,,,,,,,0,
CVE-2023-3368,NUCLEI,False,True,No disponible en NVD,,,,,,,,,,,,0,
CVE-2023-3380,NUCLEI,False,True,No disponible en NVD,,,,,,,,,,,,0,
CVE-2023-33831,NUCLEI,False,True,No disponible en NVD,,,,,,,,,,,,0,
CVE-2023-3388,NUCLEI,False,True,No disponible en NVD,,,,,,,,,,,,0,
CVE-2023-33960,NUCLEI,False,True,No disponible en NVD,,,,,,,,,,,,0,
CVE-2023-34020,NUCLEI,False,True,No disponible en NVD,,,,,,,,,,,,0,
CVE-2023-34039,NUCLEI,False,True,No disponible en NVD,,,,,,,,,,,,0,
CVE-2023-34048,CISA + NUCLEI,True,True,No disponible en NVD,,,,,,,,,,,,0,
CVE-2023-34092,NUCLEI,False,True,No disponible en NVD,,,,,,,,,,,,0,
CVE-2023-34105,NUCLEI,False,True,No disponible en NVD,,,,,,,,,,,,0,
CVE-2023-34124,NUCLEI,False,True,No disponible en NVD,,,,,,,,,,,,0,
CVE-2023-34133,NUCLEI,False,True,No disponible en NVD,,,,,,,,,,,,0,
CVE-2023-34192,CISA + NUCLEI,True,True,No disponible en NVD,,,,,,,,,,,,0,
CVE-2023-34259,NUCLEI,False,True,No disponible en NVD,,,,,,,,,,,,0,
CVE-2023-34362,CISA + NUCLEI,True,True,No disponible en NVD,,,,,,,,,,,,0,
CVE-2023-3452,NUCLEI,False,True,No disponible en NVD,,,,,,,,,,,,0,
CVE-2023-34537,NUCLEI,False,True,No disponible en NVD,,,,,,,,,,,,0,
CVE-2023-34598,NUCLEI,False,True,No disponible en NVD,,,,,,,,,,,,0,
CVE-2023-34599,NUCLEI,False,True,No disponible en NVD,,,,,,,,,,,,0,
CVE-2023-3460,NUCLEI,False,True,No disponible en NVD,,,,,,,,,,,,0,
CVE-2023-34659,NUCLEI,False,True,No disponible en NVD,,,,,,,,,,,,0,
CVE-2023-34751,NUCLEI,False,True,No disponible en NVD,,,,,,,,,,,,0,
CVE-2023-34752,NUCLEI,False,True,No disponible en NVD,,,,,,,,,,,,0,
CVE-2023-34753,NUCLEI,False,True,No disponible en NVD,,,,,,,,,,,,0,
CVE-2023-34754,NUCLEI,False,True,No disponible en NVD,,,,,,,,,,,,0,
CVE-2023-34755,NUCLEI,False,True,No disponible en NVD,,,,,,,,,,,,0,
CVE-2023-34756,NUCLEI,False,True,No disponible en NVD,,,,,,,,,,,,0,
CVE-2023-3479,NUCLEI,False,True,No disponible en NVD,,,,,,,,,,,,0,
CVE-2023-34843,NUCLEI,False,True,No disponible en NVD,,,,,,,,,,,,0,
CVE-2023-34960,NUCLEI,False,True,No disponible en NVD,,,,,,,,,,,,0,
CVE-2023-34990,NUCLEI,False,True,No disponible en NVD,,,,,,,,,,,,0,
CVE-2023-34993,NUCLEI,False,True,No disponible en NVD,,,,,,,,,,,,0,
CVE-2023-35078,CISA + NUCLEI,True,True,No disponible en NVD,,,,,,,,,,,,0,
CVE-2023-35081,CISA,True,False,No disponible en NVD,,,,,,,,,,,,0,
CVE-2023-35082,CISA + NUCLEI,True,True,No disponible en NVD,,,,,,,,,,,,0,
CVE-2023-35155,NUCLEI,False,True,No disponible en NVD,,,,,,,,,,,,0,
CVE-2023-35156,NUCLEI,False,True,No disponible en NVD,,,,,,,,,,,,0,
CVE-2023-35158,NUCLEI,False,True,No disponible en NVD,,,,,,,,,,,,0,
CVE-2023-35159,NUCLEI,False,True,No disponible en NVD,,,,,,,,,,,,0,
CVE-2023-35160,NUCLEI,False,True,No disponible en NVD,,,,,,,,,,,,0,
CVE-2023-35161,NUCLEI,False,True,No disponible en NVD,,,,,,,,,,,,0,
CVE-2023-35162,NUCLEI,False,True,No disponible en NVD,,,,,,,,,,,,0,
CVE-2023-3519,CISA + NUCLEI,True,True,No disponible en NVD,,,,,,,,,,,,0,
CVE-2023-3521,NUCLEI,False,True,No disponible en NVD,,,,,,,,,,,,0,
CVE-2023-35311,CISA,True,False,No disponible en NVD,,,,,,,,,,,,0,
CVE-2023-35674,CISA,True,False,No disponible en NVD,,,,,,,,,,,,0,
CVE-2023-35708,NUCLEI,False,True,No disponible en NVD,,,,,,,,,,,,0,
CVE-2023-3578,NUCLEI,False,True,No disponible en NVD,,,,,,,,,,,,0,
CVE-2023-35813,NUCLEI,False,True,No disponible en NVD,,,,,,,,,,,,0,
CVE-2023-35843,NUCLEI,False,True,No disponible en NVD,,,,,,,,,,,,0,
CVE-2023-35844,NUCLEI,False,True,No disponible en NVD,,,,,,,,,,,,0,
CVE-2023-35885,NUCLEI,False,True,No disponible en NVD,,,,,,,,,,,,0,
CVE-2023-36025,CISA,True,False,No disponible en NVD,,,,,,,,,,,,0,
CVE-2023-36033,CISA,True,False,No disponible en NVD,,,,,,,,,,,,0,
CVE-2023-36036,CISA,True,False,No disponible en NVD,,,,,,,,,,,,0,
CVE-2023-36144,NUCLEI,False,True,No disponible en NVD,,,,,,,,,,,,0,
CVE-2023-36284,NUCLEI,False,True,No disponible en NVD,,,,,,,,,,,,0,
CVE-2023-36287,NUCLEI,False,True,No disponible en NVD,,,,,,,,,,,,0,
CVE-2023-36289,NUCLEI,False,True,No disponible en NVD,,,,,,,,,,,,0,
CVE-2023-36306,NUCLEI,False,True,No disponible en NVD,,,,,,,,,,,,0,
CVE-2023-36346,NUCLEI,False,True,No disponible en NVD,,,,,,,,,,,,0,
CVE-2023-36347,NUCLEI,False,True,No disponible en NVD,,,,,,,,,,,,0,
CVE-2023-36424,CISA,True,False,No disponible en NVD,,,,,,,,,,,,0,
CVE-2023-3643,NUCLEI,False,True,No disponible en NVD,,,,,,,,,,,,0,
CVE-2023-36563,CISA,True,False,No disponible en NVD,,,,,,,,,,,,0,
CVE-2023-36584,CISA,True,False,No disponible en NVD,,,,,,,,,,,,0,
CVE-2023-36761,CISA,True,False,No disponible en NVD,,,,,,,,,,,,0,
CVE-2023-36802,CISA,True,False,No disponible en NVD,,,,,,,,,,,,0,
CVE-2023-36844,CISA + NUCLEI,True,True,No disponible en NVD,,,,,,,,,,,,0,
CVE-2023-36845,CISA + NUCLEI,True,True,No disponible en NVD,,,,,,,,,,,,0,
CVE-2023-36846,CISA,True,False,No disponible en NVD,,,,,,,,,,,,0,
CVE-2023-36847,CISA,True,False,No disponible en NVD,,,,,,,,,,,,0,
CVE-2023-36851,CISA,True,False,No disponible en NVD,,,,,,,,,,,,0,
CVE-2023-36874,CISA,True,False,No disponible en NVD,,,,,,,,,,,,0,
CVE-2023-36884,CISA,True,False,No disponible en NVD,,,,,,,,,,,,0,
CVE-2023-36934,NUCLEI,False,True,No disponible en NVD,,,,,,,,,,,,0,
CVE-2023-3710,NUCLEI,False,True,No disponible en NVD,,,,,,,,,,,,0,
CVE-2023-3722,NUCLEI,False,True,No disponible en NVD,,,,,,,,,,,,0,
CVE-2023-37265,NUCLEI,False,True,No disponible en NVD,,,,,,,,,,,,0,
CVE-2023-37266,NUCLEI,False,True,No disponible en NVD,,,,,,,,,,,,0,
CVE-2023-37270,NUCLEI,False,True,No disponible en NVD,,,,,,,,,,,,0,
CVE-2023-37450,CISA,True,False,No disponible en NVD,,,,,,,,,,,,0,
CVE-2023-37462,NUCLEI,False,True,No disponible en NVD,,,,,,,,,,,,0,
CVE-2023-37474,NUCLEI,False,True,No disponible en NVD,,,,,,,,,,,,0,
CVE-2023-37580,CISA + NUCLEI,True,True,No disponible en NVD,,,,,,,,,,,,0,
CVE-2023-37582,NUCLEI,False,True,No disponible en NVD,,,,,,,,,,,,0,
CVE-2023-37599,NUCLEI,False,True,No disponible en NVD,,,,,,,,,,,,0,
CVE-2023-37629,NUCLEI,False,True,No disponible en NVD,,,,,,,,,,,,0,
CVE-2023-37645,NUCLEI,False,True,No disponible en NVD,,,,,,,,,,,,0,
CVE-2023-3765,NUCLEI,False,True,No disponible en NVD,,,,,,,,,,,,0,
CVE-2023-37679,NUCLEI,False,True,No disponible en NVD,,,,,,,,,,,,0,
CVE-2023-37728,NUCLEI,False,True,No disponible en NVD,,,,,,,,,,,,0,
CVE-2023-37979,NUCLEI,False,True,No disponible en NVD,,,,,,,,,,,,0,
CVE-2023-37988,NUCLEI,False,True,No disponible en NVD,,,,,,,,,,,,0,
CVE-2023-37999,NUCLEI,False,True,No disponible en NVD,,,,,,,,,,,,0,
CVE-2023-38035,CISA + NUCLEI,True,True,No disponible en NVD,,,,,,,,,,,,0,
CVE-2023-38040,NUCLEI,False,True,No disponible en NVD,,,,,,,,,,,,0,
CVE-2023-38180,CISA,True,False,No disponible en NVD,,,,,,,,,,,,0,
CVE-2023-38192,NUCLEI,False,True,No disponible en NVD,,,,,,,,,,,,0,
CVE-2023-38194,NUCLEI,False,True,No disponible en NVD,,,,,,,,,,,,0,
CVE-2023-38203,CISA + NUCLEI,True,True,No disponible en NVD,,,,,,,,,,,,0,
CVE-2023-38205,CISA + NUCLEI,True,True,No disponible en NVD,,,,,,,,,,,,0,
CVE-2023-3836,NUCLEI,False,True,No disponible en NVD,,,,,,,,,,,,0,
CVE-2023-3843,NUCLEI,False,True,No disponible en NVD,,,,,,,,,,,,0,
CVE-2023-38433,NUCLEI,False,True,No disponible en NVD,,,,,,,,,,,,0,
CVE-2023-3844,NUCLEI,False,True,No disponible en NVD,,,,,,,,,,,,0,
CVE-2023-3845,NUCLEI,False,True,No disponible en NVD,,,,,,,,,,,,0,
CVE-2023-3846,NUCLEI,False,True,No disponible en NVD,,,,,,,,,,,,0,
CVE-2023-3847,NUCLEI,False,True,No disponible en NVD,,,,,,,,,,,,0,
CVE-2023-3848,NUCLEI,False,True,No disponible en NVD,,,,,,,,,,,,0,
CVE-2023-3849,NUCLEI,False,True,No disponible en NVD,,,,,,,,,,,,0,
CVE-2023-38501,NUCLEI,False,True,No disponible en NVD,,,,,,,,,,,,0,
CVE-2023-38606,CISA,True,False,No disponible en NVD,,,,,,,,,,,,0,
CVE-2023-38646,NUCLEI,False,True,No disponible en NVD,,,,,,,,,,,,0,
CVE-2023-38831,CISA,True,False,No disponible en NVD,,,,,,,,,,,,0,
CVE-2023-38875,NUCLEI,False,True,No disponible en NVD,,,,,,,,,,,,0,
CVE-2023-38879,NUCLEI,False,True,No disponible en NVD,,,,,,,,,,,,0,
CVE-2023-38950,CISA + NUCLEI,True,True,No disponible en NVD,,,,,,,,,,,,0,
CVE-2023-38952,NUCLEI,False,True,No disponible en NVD,,,,,,,,,,,,0,
CVE-2023-38964,NUCLEI,False,True,No disponible en NVD,,,,,,,,,,,,0,
CVE-2023-38992,NUCLEI,False,True,No disponible en NVD,,,,,,,,,,,,0,
CVE-2023-39002,NUCLEI,False,True,No disponible en NVD,,,,,,,,,,,,0,
CVE-2023-39007,NUCLEI,False,True,No disponible en NVD,,,,,,,,,,,,0,
CVE-2023-39024,NUCLEI,False,True,No disponible en NVD,,,,,,,,,,,,0,
CVE-2023-39026,NUCLEI,False,True,No disponible en NVD,,,,,,,,,,,,0,
CVE-2023-39108,NUCLEI,False,True,No disponible en NVD,,,,,,,,,,,,0,
CVE-2023-39109,NUCLEI,False,True,No disponible en NVD,,,,,,,,,,,,0,
CVE-2023-39110,NUCLEI,False,True,No disponible en NVD,,,,,,,,,,,,0,
CVE-2023-39120,NUCLEI,False,True,No disponible en NVD,,,,,,,,,,,,0,
CVE-2023-39121,NUCLEI,False,True,No disponible en NVD,,,,,,,,,,,,0,
CVE-2023-39141,NUCLEI,False,True,No disponible en NVD,,,,,,,,,,,,0,
CVE-2023-39143,NUCLEI,False,True,No disponible en NVD,,,,,,,,,,,,0,
CVE-2023-3936,NUCLEI,False,True,No disponible en NVD,,,,,,,,,,,,0,
CVE-2023-39361,NUCLEI,False,True,No disponible en NVD,,,,,,,,,,,,0,
CVE-2023-39560,NUCLEI,False,True,No disponible en NVD,,,,,,,,,,,,0,
CVE-2023-39598,NUCLEI,False,True,No disponible en NVD,,,,,,,,,,,,0,
CVE-2023-39600,NUCLEI,False,True,No disponible en NVD,,,,,,,,,,,,0,
CVE-2023-39650,NUCLEI,False,True,No disponible en NVD,,,,,,,,,,,,0,
CVE-2023-39676,NUCLEI,False,True,No disponible en NVD,,,,,,,,,,,,0,
CVE-2023-39677,NUCLEI,False,True,No disponible en NVD,,,,,,,,,,,,0,
CVE-2023-39700,NUCLEI,False,True,No disponible en NVD,,,,,,,,,,,,0,
CVE-2023-39780,CISA,True,False,No disponible en NVD,,,,,,,,,,,,0,
CVE-2023-39796,NUCLEI,False,True,No disponible en NVD,,,,,,,,,,,,0,
CVE-2023-3990,NUCLEI,False,True,No disponible en NVD,,,,,,,,,,,,0,
CVE-2023-40000,NUCLEI,False,True,No disponible en NVD,,,,,,,,,,,,0,
CVE-2023-40044,CISA + NUCLEI,True,True,No disponible en NVD,,,,,,,,,,,,0,
CVE-2023-40208,NUCLEI,False,True,No disponible en NVD,,,,,,,,,,,,0,
CVE-2023-40211,NUCLEI,False,True,No disponible en NVD,,,,,,,,,,,,0,
CVE-2023-40355,NUCLEI,False,True,No disponible en NVD,,,,,,,,,,,,0,
CVE-2023-40504,NUCLEI,False,True,No disponible en NVD,,,,,,,,,,,,0,
CVE-2023-40600,NUCLEI,False,True,No disponible en NVD,,,,,,,,,,,,0,
CVE-2023-40748,NUCLEI,False,True,No disponible en NVD,,,,,,,,,,,,0,
CVE-2023-40749,NUCLEI,False,True,No disponible en NVD,,,,,,,,,,,,0,
CVE-2023-40750,NUCLEI,False,True,No disponible en NVD,,,,,,,,,,,,0,
CVE-2023-40751,NUCLEI,False,True,No disponible en NVD,,,,,,,,,,,,0,
CVE-2023-40752,NUCLEI,False,True,No disponible en NVD,,,,,,,,,,,,0,
CVE-2023-40753,NUCLEI,False,True,No disponible en NVD,,,,,,,,,,,,0,
CVE-2023-40755,NUCLEI,False,True,No disponible en NVD,,,,,,,,,,,,0,
CVE-2023-40779,NUCLEI,False,True,No disponible en NVD,,,,,,,,,,,,0,
CVE-2023-40924,NUCLEI,False,True,No disponible en NVD,,,,,,,,,,,,0,
CVE-2023-40931,NUCLEI,False,True,No disponible en NVD,,,,,,,,,,,,0,
CVE-2023-41061,CISA,True,False,No disponible en NVD,,,,,,,,,,,,0,
CVE-2023-41064,CISA,True,False,No disponible en NVD,,,,,,,,,,,,0,
CVE-2023-4110,NUCLEI,False,True,No disponible en NVD,,,,,,,,,,,,0,
CVE-2023-41109,NUCLEI,False,True,No disponible en NVD,,,,,,,,,,,,0,
CVE-2023-4111,NUCLEI,False,True,No disponible en NVD,,,,,,,,,,,,0,
CVE-2023-4112,NUCLEI,False,True,No disponible en NVD,,,,,,,,,,,,0,
CVE-2023-4113,NUCLEI,False,True,No disponible en NVD,,,,,,,,,,,,0,
CVE-2023-4114,NUCLEI,False,True,No disponible en NVD,,,,,,,,,,,,0,
CVE-2023-4115,NUCLEI,False,True,No disponible en NVD,,,,,,,,,,,,0,
CVE-2023-4116,NUCLEI,False,True,No disponible en NVD,,,,,,,,,,,,0,
CVE-2023-41179,CISA,True,False,No disponible en NVD,,,,,,,,,,,,0,
CVE-2023-41265,CISA + NUCLEI,True,True,No disponible en NVD,,,,,,,,,,,,0,
CVE-2023-41266,CISA + NUCLEI,True,True,No disponible en NVD,,,,,,,,,,,,0,
CVE-2023-4136,NUCLEI,False,True,No disponible en NVD,,,,,,,,,,,,0,
CVE-2023-4148,NUCLEI,False,True,No disponible en NVD,,,,,,,,,,,,0,
CVE-2023-4151,NUCLEI,False,True,No disponible en NVD,,,,,,,,,,,,0,
CVE-2023-41538,NUCLEI,False,True,No disponible en NVD,,,,,,,,,,,,0,
CVE-2023-41597,NUCLEI,False,True,No disponible en NVD,,,,,,,,,,,,0,
CVE-2023-41599,NUCLEI,False,True,No disponible en NVD,,,,,,,,,,,,0,
CVE-2023-41621,NUCLEI,False,True,No disponible en NVD,,,,,,,,,,,,0,
CVE-2023-41642,NUCLEI,False,True,No disponible en NVD,,,,,,,,,,,,0,
CVE-2023-4168,NUCLEI,False,True,No disponible en NVD,,,,,,,,,,,,0,
CVE-2023-4169,NUCLEI,False,True,No disponible en NVD,,,,,,,,,,,,0,
CVE-2023-4173,NUCLEI,False,True,No disponible en NVD,,,,,,,,,,,,0,
CVE-2023-4174,NUCLEI,False,True,No disponible en NVD,,,,,,,,,,,,0,
CVE-2023-41763,CISA + NUCLEI,True,True,No disponible en NVD,,,,,,,,,,,,0,
CVE-2023-41892,NUCLEI,False,True,No disponible en NVD,,,,,,,,,,,,0,
CVE-2023-41954,NUCLEI,False,True,No disponible en NVD,,,,,,,,,,,,0,
CVE-2023-41974,CISA,True,False,No disponible en NVD,,,,,,,,,,,,0,
CVE-2023-41990,CISA,True,False,No disponible en NVD,,,,,,,,,,,,0,
CVE-2023-41991,CISA,True,False,No disponible en NVD,,,,,,,,,,,,0,
CVE-2023-41992,CISA,True,False,No disponible en NVD,,,,,,,,,,,,0,
CVE-2023-41993,CISA,True,False,No disponible en NVD,,,,,,,,,,,,0,
CVE-2023-4211,CISA,True,False,No disponible en NVD,,,,,,,,,,,,0,
CVE-2023-4220,NUCLEI,False,True,No disponible en NVD,,,,,,,,,,,,0,
CVE-2023-42343,NUCLEI,False,True,No disponible en NVD,,,,,,,,,,,,0,
CVE-2023-42344,NUCLEI,False,True,No disponible en NVD,,,,,,,,,,,,0,
CVE-2023-42442,NUCLEI,False,True,No disponible en NVD,,,,,,,,,,,,0,
CVE-2023-42793,CISA + NUCLEI,True,True,No disponible en NVD,,,,,,,,,,,,0,
CVE-2023-42824,CISA,True,False,No disponible en NVD,,,,,,,,,,,,0,
CVE-2023-4284,NUCLEI,False,True,No disponible en NVD,,,,,,,,,,,,0,
CVE-2023-42916,CISA,True,False,No disponible en NVD,,,,,,,,,,,,0,
CVE-2023-42917,CISA,True,False,No disponible en NVD,,,,,,,,,,,,0,
CVE-2023-43000,CISA,True,False,No disponible en NVD,,,,,,,,,,,,0,
CVE-2023-43177,NUCLEI,False,True,No disponible en NVD,,,,,,,,,,,,0,
CVE-2023-43187,NUCLEI,False,True,No disponible en NVD,,,,,,,,,,,,0,
CVE-2023-43208,CISA + NUCLEI,True,True,No disponible en NVD,,,,,,,,,,,,0,
CVE-2023-43261,NUCLEI,False,True,No disponible en NVD,,,,,,,,,,,,0,
CVE-2023-43323,NUCLEI,False,True,No disponible en NVD,,,,,,,,,,,,0,
CVE-2023-43325,NUCLEI,False,True,No disponible en NVD,,,,,,,,,,,,0,
CVE-2023-43326,NUCLEI,False,True,No disponible en NVD,,,,,,,,,,,,0,
CVE-2023-43373,NUCLEI,False,True,No disponible en NVD,,,,,,,,,,,,0,
CVE-2023-43374,NUCLEI,False,True,No disponible en NVD,,,,,,,,,,,,0,
CVE-2023-43472,NUCLEI,False,True,No disponible en NVD,,,,,,,,,,,,0,
CVE-2023-43654,NUCLEI,False,True,No disponible en NVD,,,,,,,,,,,,0,
CVE-2023-43662,NUCLEI,False,True,No disponible en NVD,,,,,,,,,,,,0,
CVE-2023-43770,CISA,True,False,No disponible en NVD,,,,,,,,,,,,0,
CVE-2023-43795,NUCLEI,False,True,No disponible en NVD,,,,,,,,,,,,0,
CVE-2023-44012,NUCLEI,False,True,No disponible en NVD,,,,,,,,,,,,0,
CVE-2023-4415,NUCLEI,False,True,No disponible en NVD,,,,,,,,,,,,0,
CVE-2023-44221,CISA,True,False,No disponible en NVD,,,,,,,,,,,,0,
CVE-2023-44352,NUCLEI,False,True,No disponible en NVD,,,,,,,,,,,,0,
CVE-2023-44353,NUCLEI,False,True,No disponible en NVD,,,,,,,,,,,,0,
CVE-2023-44393,NUCLEI,False,True,No disponible en NVD,,,,,,,,,,,,0,
CVE-2023-44487,CISA,True,False,No disponible en NVD,,,,,,,,,,,,0,
CVE-2023-4450,NUCLEI,False,True,No disponible en NVD,,,,,,,,,,,,0,
CVE-2023-4451,NUCLEI,False,True,No disponible en NVD,,,,,,,,,,,,0,
CVE-2023-44812,NUCLEI,False,True,No disponible en NVD,,,,,,,,,,,,0,
CVE-2023-44813,NUCLEI,False,True,No disponible en NVD,,,,,,,,,,,,0,
CVE-2023-4490,NUCLEI,False,True,No disponible en NVD,,,,,,,,,,,,0,
CVE-2023-44982,NUCLEI,False,True,No disponible en NVD,,,,,,,,,,,,0,
CVE-2023-45038,NUCLEI,False,True,No disponible en NVD,,,,,,,,,,,,0,
CVE-2023-45136,NUCLEI,False,True,No disponible en NVD,,,,,,,,,,,,0,
CVE-2023-4521,NUCLEI,False,True,No disponible en NVD,,,,,,,,,,,,0,
CVE-2023-45249,CISA + NUCLEI,True,True,No disponible en NVD,,,,,,,,,,,,0,
CVE-2023-45375,NUCLEI,False,True,No disponible en NVD,,,,,,,,,,,,0,
CVE-2023-4542,NUCLEI,False,True,No disponible en NVD,,,,,,,,,,,,0,
CVE-2023-4547,NUCLEI,False,True,No disponible en NVD,,,,,,,,,,,,0,
CVE-2023-45542,NUCLEI,False,True,No disponible en NVD,,,,,,,,,,,,0,
CVE-2023-45648,NUCLEI,False,True,No disponible en NVD,,,,,,,,,,,,0,
CVE-2023-45671,NUCLEI,False,True,No disponible en NVD,,,,,,,,,,,,0,
CVE-2023-4568,NUCLEI,False,True,No disponible en NVD,,,,,,,,,,,,0,
CVE-2023-45727,CISA,True,False,No disponible en NVD,,,,,,,,,,,,0,
CVE-2023-45826,NUCLEI,False,True,No disponible en NVD,,,,,,,,,,,,0,
CVE-2023-45852,NUCLEI,False,True,No disponible en NVD,,,,,,,,,,,,0,
CVE-2023-45855,NUCLEI,False,True,No disponible en NVD,,,,,,,,,,,,0,
CVE-2023-45878,NUCLEI,False,True,No disponible en NVD,,,,,,,,,,,,0,
CVE-2023-4596,NUCLEI,False,True,No disponible en NVD,,,,,,,,,,,,0,
CVE-2023-4634,NUCLEI,False,True,No disponible en NVD,,,,,,,,,,,,0,
CVE-2023-46347,NUCLEI,False,True,No disponible en NVD,,,,,,,,,,,,0,
CVE-2023-46359,NUCLEI,False,True,No disponible en NVD,,,,,,,,,,,,0,
CVE-2023-46455,NUCLEI,False,True,No disponible en NVD,,,,,,,,,,,,0,
CVE-2023-46574,NUCLEI,False,True,No disponible en NVD,,,,,,,,,,,,0,
CVE-2023-46604,CISA + NUCLEI,True,True,No disponible en NVD,,,,,,,,,,,,0,
CVE-2023-4666,NUCLEI,False,True,No disponible en NVD,,,,,,,,,,,,0,
CVE-2023-46732,NUCLEI,False,True,No disponible en NVD,,,,,,,,,,,,0,
CVE-2023-46747,CISA + NUCLEI,True,True,No disponible en NVD,,,,,,,,,,,,0,
CVE-2023-46748,CISA,True,False,No disponible en NVD,,,,,,,,,,,,0,
CVE-2023-46805,CISA + NUCLEI,True,True,No disponible en NVD,,,,,,,,,,,,0,
CVE-2023-46818,NUCLEI,False,True,No disponible en NVD,,,,,,,,,,,,0,
CVE-2023-47105,NUCLEI,False,True,No disponible en NVD,,,,,,,,,,,,0,
CVE-2023-47115,NUCLEI,False,True,No disponible en NVD,,,,,,,,,,,,0,
CVE-2023-47117,NUCLEI,False,True,No disponible en NVD,,,,,,,,,,,,0,
CVE-2023-4714,NUCLEI,False,True,No disponible en NVD,,,,,,,,,,,,0,
CVE-2023-47211,NUCLEI,False,True,No disponible en NVD,,,,,,,,,,,,0,
CVE-2023-47218,NUCLEI,False,True,No disponible en NVD,,,,,,,,,,,,0,
CVE-2023-47246,CISA + NUCLEI,True,True,No disponible en NVD,,,,,,,,,,,,0,
CVE-2023-47248,NUCLEI,False,True,No disponible en NVD,,,,,,,,,,,,0,
CVE-2023-47253,NUCLEI,False,True,No disponible en NVD,,,,,,,,,,,,0,
CVE-2023-47565,CISA,True,False,No disponible en NVD,,,,,,,,,,,,0,
CVE-2023-4762,CISA,True,False,No disponible en NVD,,,,,,,,,,,,0,
CVE-2023-47643,NUCLEI,False,True,No disponible en NVD,,,,,,,,,,,,0,
CVE-2023-47684,NUCLEI,False,True,No disponible en NVD,,,,,,,,,,,,0,
CVE-2023-47873,NUCLEI,False,True,No disponible en NVD,,,,,,,,,,,,0,
CVE-2023-48022,NUCLEI,False,True,No disponible en NVD,,,,,,,,,,,,0,
CVE-2023-48023,NUCLEI,False,True,No disponible en NVD,,,,,,,,,,,,0,
CVE-2023-48084,NUCLEI,False,True,No disponible en NVD,,,,,,,,,,,,0,
CVE-2023-48241,NUCLEI,False,True,No disponible en NVD,,,,,,,,,,,,0,
CVE-2023-48365,CISA,True,False,No disponible en NVD,,,,,,,,,,,,0,
CVE-2023-4863,CISA,True,False,No disponible en NVD,,,,,,,,,,,,0,
CVE-2023-48728,NUCLEI,False,True,No disponible en NVD,,,,,,,,,,,,0,
CVE-2023-48777,NUCLEI,False,True,No disponible en NVD,,,,,,,,,,,,0,
CVE-2023-48788,CISA + NUCLEI,True,True,No disponible en NVD,,,,,,,,,,,,0,
CVE-2023-48795,NUCLEI,False,True,No disponible en NVD,,,,,,,,,,,,0,
CVE-2023-49070,NUCLEI,False,True,No disponible en NVD,,,,,,,,,,,,0,
CVE-2023-49103,CISA + NUCLEI,True,True,No disponible en NVD,,,,,,,,,,,,0,
CVE-2023-4911,CISA,True,False,No disponible en NVD,,,,,,,,,,,,0,
CVE-2023-49230,NUCLEI,False,True,No disponible en NVD,,,,,,,,,,,,0,
CVE-2023-49293,NUCLEI,False,True,No disponible en NVD,,,,,,,,,,,,0,
CVE-2023-49438,NUCLEI,False,True,No disponible en NVD,,,,,,,,,,,,0,
CVE-2023-49489,NUCLEI,False,True,No disponible en NVD,,,,,,,,,,,,0,
CVE-2023-49494,NUCLEI,False,True,No disponible en NVD,,,,,,,,,,,,0,
CVE-2023-4966,CISA + NUCLEI,True,True,No disponible en NVD,,,,,,,,,,,,0,
CVE-2023-4973,NUCLEI,False,True,No disponible en NVD,,,,,,,,,,,,0,
CVE-2023-4974,NUCLEI,False,True,No disponible en NVD,,,,,,,,,,,,0,
CVE-2023-49785,NUCLEI,False,True,No disponible en NVD,,,,,,,,,,,,0,
CVE-2023-49897,CISA,True,False,No disponible en NVD,,,,,,,,,,,,0,
CVE-2023-5003,NUCLEI,False,True,No disponible en NVD,,,,,,,,,,,,0,
CVE-2023-50094,NUCLEI,False,True,No disponible en NVD,,,,,,,,,,,,0,
CVE-2023-50224,CISA,True,False,No disponible en NVD,,,,,,,,,,,,0,
CVE-2023-50290,NUCLEI,False,True,No disponible en NVD,,,,,,,,,,,,0,
CVE-2023-50578,NUCLEI,False,True,No disponible en NVD,,,,,,,,,,,,0,
CVE-2023-50719,NUCLEI,False,True,No disponible en NVD,,,,,,,,,,,,0,
CVE-2023-50720,NUCLEI,False,True,No disponible en NVD,,,,,,,,,,,,0,
CVE-2023-5074,NUCLEI,False,True,No disponible en NVD,,,,,,,,,,,,0,
CVE-2023-50839,NUCLEI,False,True,No disponible en NVD,,,,,,,,,,,,0,
CVE-2023-5089,NUCLEI,False,True,No disponible en NVD,,,,,,,,,,,,0,
CVE-2023-50917,NUCLEI,False,True,No disponible en NVD,,,,,,,,,,,,0,
CVE-2023-50968,NUCLEI,False,True,No disponible en NVD,,,,,,,,,,,,0,
CVE-2023-51409,NUCLEI,False,True,No disponible en NVD,,,,,,,,,,,,0,
CVE-2023-51449,NUCLEI,False,True,No disponible en NVD,,,,,,,,,,,,0,
CVE-2023-51467,NUCLEI,False,True,No disponible en NVD,,,,,,,,,,,,0,
CVE-2023-51713,NUCLEI,False,True,No disponible en NVD,,,,,,,,,,,,0,
CVE-2023-5203,NUCLEI,False,True,No disponible en NVD,,,,,,,,,,,,0,
CVE-2023-5204,NUCLEI,False,True,No disponible en NVD,,,,,,,,,,,,0,
CVE-2023-52085,NUCLEI,False,True,No disponible en NVD,,,,,,,,,,,,0,
CVE-2023-52163,CISA + NUCLEI,True,True,No disponible en NVD,,,,,,,,,,,,0,
CVE-2023-5217,CISA,True,False,No disponible en NVD,,,,,,,,,,,,0,
CVE-2023-5222,NUCLEI,False,True,No disponible en NVD,,,,,,,,,,,,0,
CVE-2023-52251,NUCLEI,False,True,No disponible en NVD,,,,,,,,,,,,0,
CVE-2023-5244,NUCLEI,False,True,No disponible en NVD,,,,,,,,,,,,0,
CVE-2023-5360,NUCLEI,False,True,No disponible en NVD,,,,,,,,,,,,0,
CVE-2023-5375,NUCLEI,False,True,No disponible en NVD,,,,,,,,,,,,0,
CVE-2023-5556,NUCLEI,False,True,No disponible en NVD,,,,,,,,,,,,0,
CVE-2023-5558,NUCLEI,False,True,No disponible en NVD,,,,,,,,,,,,0,
CVE-2023-5559,NUCLEI,False,True,No disponible en NVD,,,,,,,,,,,,0,
CVE-2023-5561,NUCLEI,False,True,No disponible en NVD,,,,,,,,,,,,0,
CVE-2023-5631,CISA,True,False,No disponible en NVD,,,,,,,,,,,,0,
CVE-2023-5652,NUCLEI,False,True,No disponible en NVD,,,,,,,,,,,,0,
CVE-2023-5815,NUCLEI,False,True,No disponible en NVD,,,,,,,,,,,,0,
CVE-2023-5830,NUCLEI,False,True,No disponible en NVD,,,,,,,,,,,,0,
CVE-2023-5863,NUCLEI,False,True,No disponible en NVD,,,,,,,,,,,,0,
CVE-2023-5914,NUCLEI,False,True,No disponible en NVD,,,,,,,,,,,,0,
CVE-2023-5974,NUCLEI,False,True,No disponible en NVD,,,,,,,,,,,,0,
CVE-2023-5991,NUCLEI,False,True,No disponible en NVD,,,,,,,,,,,,0,
CVE-2023-6000,NUCLEI,False,True,No disponible en NVD,,,,,,,,,,,,0,
CVE-2023-6018,NUCLEI,False,True,No disponible en NVD,,,,,,,,,,,,0,
CVE-2023-6020,NUCLEI,False,True,No disponible en NVD,,,,,,,,,,,,0,
CVE-2023-6021,NUCLEI,False,True,No disponible en NVD,,,,,,,,,,,,0,
CVE-2023-6023,NUCLEI,False,True,No disponible en NVD,,,,,,,,,,,,0,
CVE-2023-6030,NUCLEI,False,True,No disponible en NVD,,,,,,,,,,,,0,
CVE-2023-6038,NUCLEI,False,True,No disponible en NVD,,,,,,,,,,,,0,
CVE-2023-6063,NUCLEI,False,True,No disponible en NVD,,,,,,,,,,,,0,
CVE-2023-6065,NUCLEI,False,True,No disponible en NVD,,,,,,,,,,,,0,
CVE-2023-6114,NUCLEI,False,True,No disponible en NVD,,,,,,,,,,,,0,
CVE-2023-6266,NUCLEI,False,True,No disponible en NVD,,,,,,,,,,,,0,
CVE-2023-6275,NUCLEI,False,True,No disponible en NVD,,,,,,,,,,,,0,
CVE-2023-6329,NUCLEI,False,True,No disponible en NVD,,,,,,,,,,,,0,
CVE-2023-6345,CISA,True,False,No disponible en NVD,,,,,,,,,,,,0,
CVE-2023-6360,NUCLEI,False,True,No disponible en NVD,,,,,,,,,,,,0,
CVE-2023-6379,NUCLEI,False,True,No disponible en NVD,,,,,,,,,,,,0,
CVE-2023-6380,NUCLEI,False,True,No disponible en NVD,,,,,,,,,,,,0,
CVE-2023-6389,NUCLEI,False,True,No disponible en NVD,,,,,,,,,,,,0,
CVE-2023-6421,NUCLEI,False,True,No disponible en NVD,,,,,,,,,,,,0,
CVE-2023-6444,NUCLEI,False,True,No disponible en NVD,,,,,,,,,,,,0,
CVE-2023-6448,CISA,True,False,No disponible en NVD,,,,,,,,,,,,0,
CVE-2023-6505,NUCLEI,False,True,No disponible en NVD,,,,,,,,,,,,0,
CVE-2023-6548,CISA,True,False,No disponible en NVD,,,,,,,,,,,,0,
CVE-2023-6549,CISA + NUCLEI,True,True,No disponible en NVD,,,,,,,,,,,,0,
CVE-2023-6553,NUCLEI,False,True,No disponible en NVD,,,,,,,,,,,,0,
CVE-2023-6567,NUCLEI,False,True,No disponible en NVD,,,,,,,,,,,,0,
CVE-2023-6568,NUCLEI,False,True,No disponible en NVD,,,,,,,,,,,,0,
CVE-2023-6592,NUCLEI,False,True,No disponible en NVD,,,,,,,,,,,,0,
CVE-2023-6623,NUCLEI,False,True,No disponible en NVD,,,,,,,,,,,,0,
CVE-2023-6634,NUCLEI,False,True,No disponible en NVD,,,,,,,,,,,,0,
CVE-2023-6655,NUCLEI,False,True,No disponible en NVD,,,,,,,,,,,,0,
CVE-2023-6697,NUCLEI,False,True,No disponible en NVD,,,,,,,,,,,,0,
CVE-2023-6750,NUCLEI,False,True,No disponible en NVD,,,,,,,,,,,,0,
CVE-2023-6786,NUCLEI,False,True,No disponible en NVD,,,,,,,,,,,,0,
CVE-2023-6825,NUCLEI,False,True,No disponible en NVD,,,,,,,,,,,,0,
CVE-2023-6831,NUCLEI,False,True,No disponible en NVD,,,,,,,,,,,,0,
CVE-2023-6875,NUCLEI,False,True,No disponible en NVD,,,,,,,,,,,,0,
CVE-2023-6895,NUCLEI,False,True,No disponible en NVD,,,,,,,,,,,,0,
CVE-2023-6909,NUCLEI,False,True,No disponible en NVD,,,,,,,,,,,,0,
CVE-2023-6933,NUCLEI,False,True,No disponible en NVD,,,,,,,,,,,,0,
CVE-2023-6970,NUCLEI,False,True,No disponible en NVD,,,,,,,,,,,,0,
CVE-2023-6977,NUCLEI,False,True,No disponible en NVD,,,,,,,,,,,,0,
CVE-2023-6989,NUCLEI,False,True,No disponible en NVD,,,,,,,,,,,,0,
CVE-2023-7024,CISA,True,False,No disponible en NVD,,,,,,,,,,,,0,
CVE-2023-7028,CISA + NUCLEI,True,True,No disponible en NVD,,,,,,,,,,,,0,
CVE-2023-7101,CISA,True,False,No disponible en NVD,,,,,,,,,,,,0,
CVE-2023-7116,NUCLEI,False,True,No disponible en NVD,,,,,,,,,,,,0,
CVE-2023-7164,NUCLEI,False,True,No disponible en NVD,,,,,,,,,,,,0,
CVE-2023-7165,NUCLEI,False,True,No disponible en NVD,,,,,,,,,,,,0,
CVE-2023-7246,NUCLEI,False,True,No disponible en NVD,,,,,,,,,,,,0,
CVE-2023-7337,NUCLEI,False,True,No disponible en NVD,,,,,,,,,,,,0,
CVE-2024-0012,CISA + NUCLEI,True,True,No disponible en NVD,,,,,,,,,,,,0,
CVE-2024-0195,NUCLEI,False,True,No disponible en NVD,,,,,,,,,,,,0,
CVE-2024-0200,NUCLEI,False,True,No disponible en NVD,,,,,,,,,,,,0,
CVE-2024-0204,NUCLEI,False,True,No disponible en NVD,,,,,,,,,,,,0,
CVE-2024-0235,NUCLEI,False,True,No disponible en NVD,,,,,,,,,,,,0,
CVE-2024-0250,NUCLEI,False,True,No disponible en NVD,,,,,,,,,,,,0,
CVE-2024-0305,NUCLEI,False,True,No disponible en NVD,,,,,,,,,,,,0,
CVE-2024-0337,NUCLEI,False,True,No disponible en NVD,,,,,,,,,,,,0,
CVE-2024-0352,NUCLEI,False,True,No disponible en NVD,,,,,,,,,,,,0,
CVE-2024-0519,CISA,True,False,No disponible en NVD,,,,,,,,,,,,0,
CVE-2024-0593,NUCLEI,False,True,No disponible en NVD,,,,,,,,,,,,0,
CVE-2024-0692,NUCLEI,False,True,No disponible en NVD,,,,,,,,,,,,0,
CVE-2024-0705,NUCLEI,False,True,No disponible en NVD,,,,,,,,,,,,0,
CVE-2024-0713,NUCLEI,False,True,No disponible en NVD,,,,,,,,,,,,0,
CVE-2024-0769,CISA,True,False,No disponible en NVD,,,,,,,,,,,,0,
CVE-2024-0799,NUCLEI,False,True,No disponible en NVD,,,,,,,,,,,,0,
CVE-2024-0801,NUCLEI,False,True,No disponible en NVD,,,,,,,,,,,,0,
CVE-2024-0881,NUCLEI,False,True,No disponible en NVD,,,,,,,,,,,,0,
CVE-2024-0939,NUCLEI,False,True,No disponible en NVD,,,,,,,,,,,,0,
CVE-2024-0986,NUCLEI,False,True,No disponible en NVD,,,,,,,,,,,,0,
CVE-2024-10081,NUCLEI,False,True,No disponible en NVD,,,,,,,,,,,,0,
CVE-2024-10146,NUCLEI,False,True,No disponible en NVD,,,,,,,,,,,,0,
CVE-2024-10152,NUCLEI,False,True,No disponible en NVD,,,,,,,,,,,,0,
CVE-2024-1021,NUCLEI,False,True,No disponible en NVD,,,,,,,,,,,,0,
CVE-2024-10400,NUCLEI,False,True,No disponible en NVD,,,,,,,,,,,,0,
CVE-2024-10486,NUCLEI,False,True,No disponible en NVD,,,,,,,,,,,,0,
CVE-2024-10516,NUCLEI,False,True,No disponible en NVD,,,,,,,,,,,,0,
CVE-2024-10571,NUCLEI,False,True,No disponible en NVD,,,,,,,,,,,,0,
CVE-2024-1061,NUCLEI,False,True,No disponible en NVD,,,,,,,,,,,,0,
CVE-2024-10708,NUCLEI,False,True,No disponible en NVD,,,,,,,,,,,,0,
CVE-2024-1071,NUCLEI,False,True,No disponible en NVD,,,,,,,,,,,,0,
CVE-2024-10763,NUCLEI,False,True,No disponible en NVD,,,,,,,,,,,,0,
CVE-2024-10783,NUCLEI,False,True,No disponible en NVD,,,,,,,,,,,,0,
CVE-2024-10812,NUCLEI,False,True,No disponible en NVD,,,,,,,,,,,,0,
CVE-2024-1086,CISA,True,False,No disponible en NVD,,,,,,,,,,,,0,
CVE-2024-10908,NUCLEI,False,True,No disponible en NVD,,,,,,,,,,,,0,
CVE-2024-10914,NUCLEI,False,True,No disponible en NVD,,,,,,,,,,,,0,
CVE-2024-10915,NUCLEI,False,True,No disponible en NVD,,,,,,,,,,,,0,
CVE-2024-10924,NUCLEI,False,True,No disponible en NVD,,,,,,,,,,,,0,
CVE-2024-11044,NUCLEI,False,True,No disponible en NVD,,,,,,,,,,,,0,
CVE-2024-11120,CISA,True,False,No disponible en NVD,,,,,,,,,,,,0,
CVE-2024-11182,CISA,True,False,No disponible en NVD,,,,,,,,,,,,0,
CVE-2024-11238,NUCLEI,False,True,No disponible en NVD,,,,,,,,,,,,0,
CVE-2024-11303,NUCLEI,False,True,No disponible en NVD,,,,,,,,,,,,0,
CVE-2024-11305,NUCLEI,False,True,No disponible en NVD,,,,,,,,,,,,0,
CVE-2024-11320,NUCLEI,False,True,No disponible en NVD,,,,,,,,,,,,0,
CVE-2024-11396,NUCLEI,False,True,No disponible en NVD,,,,,,,,,,,,0,
CVE-2024-11587,NUCLEI,False,True,No disponible en NVD,,,,,,,,,,,,0,
CVE-2024-11667,CISA,True,False,No disponible en NVD,,,,,,,,,,,,0,
CVE-2024-11680,CISA + NUCLEI,True,True,No disponible en NVD,,,,,,,,,,,,0,
CVE-2024-11728,NUCLEI,False,True,No disponible en NVD,,,,,,,,,,,,0,
CVE-2024-11740,NUCLEI,False,True,No disponible en NVD,,,,,,,,,,,,0,
CVE-2024-1183,NUCLEI,False,True,No disponible en NVD,,,,,,,,,,,,0,
CVE-2024-11868,NUCLEI,False,True,No disponible en NVD,,,,,,,,,,,,0,
CVE-2024-11921,NUCLEI,False,True,No disponible en NVD,,,,,,,,,,,,0,
CVE-2024-11972,NUCLEI,False,True,No disponible en NVD,,,,,,,,,,,,0,
CVE-2024-12025,NUCLEI,False,True,No disponible en NVD,,,,,,,,,,,,0,
CVE-2024-1208,NUCLEI,False,True,No disponible en NVD,,,,,,,,,,,,0,
CVE-2024-1209,NUCLEI,False,True,No disponible en NVD,,,,,,,,,,,,0,
CVE-2024-1210,NUCLEI,False,True,No disponible en NVD,,,,,,,,,,,,0,
CVE-2024-1212,CISA + NUCLEI,True,True,No disponible en NVD,,,,,,,,,,,,0,
CVE-2024-12209,NUCLEI,False,True,No disponible en NVD,,,,,,,,,,,,0,
CVE-2024-12356,CISA,True,False,No disponible en NVD,,,,,,,,,,,,0,
CVE-2024-12585,NUCLEI,False,True,No disponible en NVD,,,,,,,,,,,,0,
CVE-2024-12638,NUCLEI,False,True,No disponible en NVD,,,,,,,,,,,,0,
CVE-2024-12686,CISA,True,False,No disponible en NVD,,,,,,,,,,,,0,
CVE-2024-12724,NUCLEI,False,True,No disponible en NVD,,,,,,,,,,,,0,
CVE-2024-12732,NUCLEI,False,True,No disponible en NVD,,,,,,,,,,,,0,
CVE-2024-12734,NUCLEI,False,True,No disponible en NVD,,,,,,,,,,,,0,
CVE-2024-12737,NUCLEI,False,True,No disponible en NVD,,,,,,,,,,,,0,
CVE-2024-12749,NUCLEI,False,True,No disponible en NVD,,,,,,,,,,,,0,
CVE-2024-12760,NUCLEI,False,True,No disponible en NVD,,,,,,,,,,,,0,
CVE-2024-12824,NUCLEI,False,True,No disponible en NVD,,,,,,,,,,,,0,
CVE-2024-12849,NUCLEI,False,True,No disponible en NVD,,,,,,,,,,,,0,
CVE-2024-12873,NUCLEI,False,True,No disponible en NVD,,,,,,,,,,,,0,
CVE-2024-12878,NUCLEI,False,True,No disponible en NVD,,,,,,,,,,,,0,
CVE-2024-12987,CISA + NUCLEI,True,True,No disponible en NVD,,,,,,,,,,,,0,
CVE-2024-13055,NUCLEI,False,True,No disponible en NVD,,,,,,,,,,,,0,
CVE-2024-13094,NUCLEI,False,True,No disponible en NVD,,,,,,,,,,,,0,
CVE-2024-13097,NUCLEI,False,True,No disponible en NVD,,,,,,,,,,,,0,
CVE-2024-13098,NUCLEI,False,True,No disponible en NVD,,,,,,,,,,,,0,
CVE-2024-13099,NUCLEI,False,True,No disponible en NVD,,,,,,,,,,,,0,
CVE-2024-13112,NUCLEI,False,True,No disponible en NVD,,,,,,,,,,,,0,
CVE-2024-13114,NUCLEI,False,True,No disponible en NVD,,,,,,,,,,,,0,
CVE-2024-13126,NUCLEI,False,True,No disponible en NVD,,,,,,,,,,,,0,
CVE-2024-13159,CISA + NUCLEI,True,True,No disponible en NVD,,,,,,,,,,,,0,
CVE-2024-13160,CISA + NUCLEI,True,True,No disponible en NVD,,,,,,,,,,,,0,
CVE-2024-13161,CISA + NUCLEI,True,True,No disponible en NVD,,,,,,,,,,,,0,
CVE-2024-13219,NUCLEI,False,True,No disponible en NVD,,,,,,,,,,,,0,
CVE-2024-13220,NUCLEI,False,True,No disponible en NVD,,,,,,,,,,,,0,
CVE-2024-13221,NUCLEI,False,True,No disponible en NVD,,,,,,,,,,,,0,
CVE-2024-13222,NUCLEI,False,True,No disponible en NVD,,,,,,,,,,,,0,
CVE-2024-13224,NUCLEI,False,True,No disponible en NVD,,,,,,,,,,,,0,
CVE-2024-13225,NUCLEI,False,True,No disponible en NVD,,,,,,,,,,,,0,
CVE-2024-13226,NUCLEI,False,True,No disponible en NVD,,,,,,,,,,,,0,
CVE-2024-13322,NUCLEI,False,True,No disponible en NVD,,,,,,,,,,,,0,
CVE-2024-13325,NUCLEI,False,True,No disponible en NVD,,,,,,,,,,,,0,
CVE-2024-13326,NUCLEI,False,True,No disponible en NVD,,,,,,,,,,,,0,
CVE-2024-13327,NUCLEI,False,True,No disponible en NVD,,,,,,,,,,,,0,
CVE-2024-13328,NUCLEI,False,True,No disponible en NVD,,,,,,,,,,,,0,
CVE-2024-13330,NUCLEI,False,True,No disponible en NVD,,,,,,,,,,,,0,
CVE-2024-13331,NUCLEI,False,True,No disponible en NVD,,,,,,,,,,,,0,
CVE-2024-13352,NUCLEI,False,True,No disponible en NVD,,,,,,,,,,,,0,
CVE-2024-13492,NUCLEI,False,True,No disponible en NVD,,,,,,,,,,,,0,
CVE-2024-13496,NUCLEI,False,True,No disponible en NVD,,,,,,,,,,,,0,
CVE-2024-13543,NUCLEI,False,True,No disponible en NVD,,,,,,,,,,,,0,
CVE-2024-13569,NUCLEI,False,True,No disponible en NVD,,,,,,,,,,,,0,
CVE-2024-13570,NUCLEI,False,True,No disponible en NVD,,,,,,,,,,,,0,
CVE-2024-13609,NUCLEI,False,True,No disponible en NVD,,,,,,,,,,,,0,
CVE-2024-13619,NUCLEI,False,True,No disponible en NVD,,,,,,,,,,,,0,
CVE-2024-13624,NUCLEI,False,True,No disponible en NVD,,,,,,,,,,,,0,
CVE-2024-13625,NUCLEI,False,True,No disponible en NVD,,,,,,,,,,,,0,
CVE-2024-13627,NUCLEI,False,True,No disponible en NVD,,,,,,,,,,,,0,
CVE-2024-13628,NUCLEI,False,True,No disponible en NVD,,,,,,,,,,,,0,
CVE-2024-13630,NUCLEI,False,True,No disponible en NVD,,,,,,,,,,,,0,
CVE-2024-13634,NUCLEI,False,True,No disponible en NVD,,,,,,,,,,,,0,
CVE-2024-13726,NUCLEI,False,True,No disponible en NVD,,,,,,,,,,,,0,
CVE-2024-13727,NUCLEI,False,True,No disponible en NVD,,,,,,,,,,,,0,
CVE-2024-1380,NUCLEI,False,True,No disponible en NVD,,,,,,,,,,,,0,
CVE-2024-13853,NUCLEI,False,True,No disponible en NVD,,,,,,,,,,,,0,
CVE-2024-13888,NUCLEI,False,True,No disponible en NVD,,,,,,,,,,,,0,
CVE-2024-13979,NUCLEI,False,True,No disponible en NVD,,,,,,,,,,,,0,
CVE-2024-14015,NUCLEI,False,True,No disponible en NVD,,,,,,,,,,,,0,
CVE-2024-1483,NUCLEI,False,True,No disponible en NVD,,,,,,,,,,,,0,
CVE-2024-1512,NUCLEI,False,True,No disponible en NVD,,,,,,,,,,,,0,
CVE-2024-1561,NUCLEI,False,True,No disponible en NVD,,,,,,,,,,,,0,
CVE-2024-1698,NUCLEI,False,True,No disponible en NVD,,,,,,,,,,,,0,
CVE-2024-1708,CISA,True,False,No disponible en NVD,,,,,,,,,,,,0,
CVE-2024-1709,CISA + NUCLEI,True,True,No disponible en NVD,,,,,,,,,,,,0,
CVE-2024-1728,NUCLEI,False,True,No disponible en NVD,,,,,,,,,,,,0,
CVE-2024-1751,NUCLEI,False,True,No disponible en NVD,,,,,,,,,,,,0,
CVE-2024-20353,CISA,True,False,No disponible en NVD,,,,,,,,,,,,0,
CVE-2024-20359,CISA,True,False,No disponible en NVD,,,,,,,,,,,,0,
CVE-2024-20399,CISA,True,False,No disponible en NVD,,,,,,,,,,,,0,
CVE-2024-20404,NUCLEI,False,True,No disponible en NVD,,,,,,,,,,,,0,
CVE-2024-20419,NUCLEI,False,True,No disponible en NVD,,,,,,,,,,,,0,
CVE-2024-20439,CISA + NUCLEI,True,True,No disponible en NVD,,,,,,,,,,,,0,
CVE-2024-20440,NUCLEI,False,True,No disponible en NVD,,,,,,,,,,,,0,
CVE-2024-20481,CISA,True,False,No disponible en NVD,,,,,,,,,,,,0,
CVE-2024-2053,NUCLEI,False,True,No disponible en NVD,,,,,,,,,,,,0,
CVE-2024-20767,CISA + NUCLEI,True,True,No disponible en NVD,,,,,,,,,,,,0,
CVE-2024-20953,CISA,True,False,No disponible en NVD,,,,,,,,,,,,0,
CVE-2024-21136,NUCLEI,False,True,No disponible en NVD,,,,,,,,,,,,0,
CVE-2024-21287,CISA,True,False,No disponible en NVD,,,,,,,,,,,,0,
CVE-2024-21338,CISA,True,False,No disponible en NVD,,,,,,,,,,,,0,
CVE-2024-21351,CISA,True,False,No disponible en NVD,,,,,,,,,,,,0,
CVE-2024-21410,CISA,True,False,No disponible en NVD,,,,,,,,,,,,0,
CVE-2024-21412,CISA,True,False,No disponible en NVD,,,,,,,,,,,,0,
CVE-2024-21413,CISA,True,False,No disponible en NVD,,,,,,,,,,,,0,
CVE-2024-21485,NUCLEI,False,True,No disponible en NVD,,,,,,,,,,,,0,
CVE-2024-21633,NUCLEI,False,True,No disponible en NVD,,,,,,,,,,,,0,
CVE-2024-21641,NUCLEI,False,True,No disponible en NVD,,,,,,,,,,,,0,
CVE-2024-21644,NUCLEI,False,True,No disponible en NVD,,,,,,,,,,,,0,
CVE-2024-21645,NUCLEI,False,True,No disponible en NVD,,,,,,,,,,,,0,
CVE-2024-21650,NUCLEI,False,True,No disponible en NVD,,,,,,,,,,,,0,
CVE-2024-21683,NUCLEI,False,True,No disponible en NVD,,,,,,,,,,,,0,
CVE-2024-21762,CISA,True,False,No disponible en NVD,,,,,,,,,,,,0,
CVE-2024-21887,CISA + NUCLEI,True,True,No disponible en NVD,,,,,,,,,,,,0,
CVE-2024-21893,CISA + NUCLEI,True,True,No disponible en NVD,,,,,,,,,,,,0,
CVE-2024-22024,NUCLEI,False,True,No disponible en NVD,,,,,,,,,,,,0,
CVE-2024-22207,NUCLEI,False,True,No disponible en NVD,,,,,,,,,,,,0,
CVE-2024-22319,NUCLEI,False,True,No disponible en NVD,,,,,,,,,,,,0,
CVE-2024-22320,NUCLEI,False,True,No disponible en NVD,,,,,,,,,,,,0,
CVE-2024-22476,NUCLEI,False,True,No disponible en NVD,,,,,,,,,,,,0,
CVE-2024-22729,NUCLEI,False,True,No disponible en NVD,,,,,,,,,,,,0,
CVE-2024-22927,NUCLEI,False,True,No disponible en NVD,,,,,,,,,,,,0,
CVE-2024-23055,NUCLEI,False,True,No disponible en NVD,,,,,,,,,,,,0,
CVE-2024-23108,NUCLEI,False,True,No disponible en NVD,,,,,,,,,,,,0,
CVE-2024-23113,CISA,True,False,No disponible en NVD,,,,,,,,,,,,0,
CVE-2024-23163,NUCLEI,False,True,No disponible en NVD,,,,,,,,,,,,0,
CVE-2024-23167,NUCLEI,False,True,No disponible en NVD,,,,,,,,,,,,0,
CVE-2024-23222,CISA,True,False,No disponible en NVD,,,,,,,,,,,,0,
CVE-2024-23225,CISA,True,False,No disponible en NVD,,,,,,,,,,,,0,
CVE-2024-23296,CISA,True,False,No disponible en NVD,,,,,,,,,,,,0,
CVE-2024-2330,NUCLEI,False,True,No disponible en NVD,,,,,,,,,,,,0,
CVE-2024-23334,NUCLEI,False,True,No disponible en NVD,,,,,,,,,,,,0,
CVE-2024-2340,NUCLEI,False,True,No disponible en NVD,,,,,,,,,,,,0,
CVE-2024-23692,CISA + NUCLEI,True,True,No disponible en NVD,,,,,,,,,,,,0,
CVE-2024-2389,NUCLEI,False,True,No disponible en NVD,,,,,,,,,,,,0,
CVE-2024-23897,CISA + NUCLEI,True,True,No disponible en NVD,,,,,,,,,,,,0,
CVE-2024-23917,NUCLEI,False,True,No disponible en NVD,,,,,,,,,,,,0,
CVE-2024-24112,NUCLEI,False,True,No disponible en NVD,,,,,,,,,,,,0,
CVE-2024-24116,NUCLEI,False,True,No disponible en NVD,,,,,,,,,,,,0,
CVE-2024-24131,NUCLEI,False,True,No disponible en NVD,,,,,,,,,,,,0,
CVE-2024-24328,NUCLEI,False,True,No disponible en NVD,,,,,,,,,,,,0,
CVE-2024-24329,NUCLEI,False,True,No disponible en NVD,,,,,,,,,,,,0,
CVE-2024-24565,NUCLEI,False,True,No disponible en NVD,,,,,,,,,,,,0,
CVE-2024-2473,NUCLEI,False,True,No disponible en NVD,,,,,,,,,,,,0,
CVE-2024-24759,NUCLEI,False,True,No disponible en NVD,,,,,,,,,,,,0,
CVE-2024-24763,NUCLEI,False,True,No disponible en NVD,,,,,,,,,,,,0,
CVE-2024-24809,NUCLEI,False,True,No disponible en NVD,,,,,,,,,,,,0,
CVE-2024-24882,NUCLEI,False,True,No disponible en NVD,,,,,,,,,,,,0,
CVE-2024-24919,CISA + NUCLEI,True,True,No disponible en NVD,,,,,,,,,,,,0,
CVE-2024-25600,NUCLEI,False,True,No disponible en NVD,,,,,,,,,,,,0,
CVE-2024-25608,NUCLEI,False,True,No disponible en NVD,,,,,,,,,,,,0,
CVE-2024-25669,NUCLEI,False,True,No disponible en NVD,,,,,,,,,,,,0,
CVE-2024-25723,NUCLEI,False,True,No disponible en NVD,,,,,,,,,,,,0,
CVE-2024-25735,NUCLEI,False,True,No disponible en NVD,,,,,,,,,,,,0,
CVE-2024-25852,NUCLEI,False,True,No disponible en NVD,,,,,,,,,,,,0,
CVE-2024-26169,CISA,True,False,No disponible en NVD,,,,,,,,,,,,0,
CVE-2024-2621,NUCLEI,False,True,No disponible en NVD,,,,,,,,,,,,0,
CVE-2024-26291,NUCLEI,False,True,No disponible en NVD,,,,,,,,,,,,0,
CVE-2024-26331,NUCLEI,False,True,No disponible en NVD,,,,,,,,,,,,0,
CVE-2024-2667,NUCLEI,False,True,No disponible en NVD,,,,,,,,,,,,0,
CVE-2024-27115,NUCLEI,False,True,No disponible en NVD,,,,,,,,,,,,0,
CVE-2024-27198,CISA + NUCLEI,True,True,No disponible en NVD,,,,,,,,,,,,0,
CVE-2024-27199,CISA + NUCLEI,True,True,No disponible en NVD,,,,,,,,,,,,0,
CVE-2024-27292,NUCLEI,False,True,No disponible en NVD,,,,,,,,,,,,0,
CVE-2024-27348,CISA + NUCLEI,True,True,No disponible en NVD,,,,,,,,,,,,0,
CVE-2024-27443,CISA + NUCLEI,True,True,No disponible en NVD,,,,,,,,,,,,0,
CVE-2024-27497,NUCLEI,False,True,No disponible en NVD,,,,,,,,,,,,0,
CVE-2024-27564,NUCLEI,False,True,No disponible en NVD,,,,,,,,,,,,0,
CVE-2024-2771,NUCLEI,False,True,No disponible en NVD,,,,,,,,,,,,0,
CVE-2024-27718,NUCLEI,False,True,No disponible en NVD,,,,,,,,,,,,0,
CVE-2024-2782,NUCLEI,False,True,No disponible en NVD,,,,,,,,,,,,0,
CVE-2024-27954,NUCLEI,False,True,No disponible en NVD,,,,,,,,,,,,0,
CVE-2024-27956,NUCLEI,False,True,No disponible en NVD,,,,,,,,,,,,0,
CVE-2024-28000,NUCLEI,False,True,No disponible en NVD,,,,,,,,,,,,0,
CVE-2024-28200,NUCLEI,False,True,No disponible en NVD,,,,,,,,,,,,0,
CVE-2024-28253,NUCLEI,False,True,No disponible en NVD,,,,,,,,,,,,0,
CVE-2024-28255,NUCLEI,False,True,No disponible en NVD,,,,,,,,,,,,0,
CVE-2024-28397,NUCLEI,False,True,No disponible en NVD,,,,,,,,,,,,0,
CVE-2024-2862,NUCLEI,False,True,No disponible en NVD,,,,,,,,,,,,0,
CVE-2024-28623,NUCLEI,False,True,No disponible en NVD,,,,,,,,,,,,0,
CVE-2024-2863,NUCLEI,False,True,No disponible en NVD,,,,,,,,,,,,0,
CVE-2024-28734,NUCLEI,False,True,No disponible en NVD,,,,,,,,,,,,0,
CVE-2024-28752,NUCLEI,False,True,No disponible en NVD,,,,,,,,,,,,0,
CVE-2024-2876,NUCLEI,False,True,No disponible en NVD,,,,,,,,,,,,0,
CVE-2024-2879,NUCLEI,False,True,No disponible en NVD,,,,,,,,,,,,0,
CVE-2024-28986,CISA + NUCLEI,True,True,No disponible en NVD,,,,,,,,,,,,0,
CVE-2024-28987,CISA + NUCLEI,True,True,No disponible en NVD,,,,,,,,,,,,0,
CVE-2024-28995,CISA + NUCLEI,True,True,No disponible en NVD,,,,,,,,,,,,0,
CVE-2024-29028,NUCLEI,False,True,No disponible en NVD,,,,,,,,,,,,0,
CVE-2024-29029,NUCLEI,False,True,No disponible en NVD,,,,,,,,,,,,0,
CVE-2024-29030,NUCLEI,False,True,No disponible en NVD,,,,,,,,,,,,0,
CVE-2024-29059,CISA + NUCLEI,True,True,No disponible en NVD,,,,,,,,,,,,0,
CVE-2024-29137,NUCLEI,False,True,No disponible en NVD,,,,,,,,,,,,0,
CVE-2024-29138,NUCLEI,False,True,No disponible en NVD,,,,,,,,,,,,0,
CVE-2024-29198,NUCLEI,False,True,No disponible en NVD,,,,,,,,,,,,0,
CVE-2024-29269,NUCLEI,False,True,No disponible en NVD,,,,,,,,,,,,0,
CVE-2024-29272,NUCLEI,False,True,No disponible en NVD,,,,,,,,,,,,0,
CVE-2024-2928,NUCLEI,False,True,No disponible en NVD,,,,,,,,,,,,0,
CVE-2024-29745,CISA,True,False,No disponible en NVD,,,,,,,,,,,,0,
CVE-2024-29748,CISA,True,False,No disponible en NVD,,,,,,,,,,,,0,
CVE-2024-29792,NUCLEI,False,True,No disponible en NVD,,,,,,,,,,,,0,
CVE-2024-29824,CISA + NUCLEI,True,True,No disponible en NVD,,,,,,,,,,,,0,
CVE-2024-29868,NUCLEI,False,True,No disponible en NVD,,,,,,,,,,,,0,
CVE-2024-29889,NUCLEI,False,True,No disponible en NVD,,,,,,,,,,,,0,
CVE-2024-29895,NUCLEI,False,True,No disponible en NVD,,,,,,,,,,,,0,
CVE-2024-29931,NUCLEI,False,True,No disponible en NVD,,,,,,,,,,,,0,
CVE-2024-29972,NUCLEI,False,True,No disponible en NVD,,,,,,,,,,,,0,
CVE-2024-29973,NUCLEI,False,True,No disponible en NVD,,,,,,,,,,,,0,
CVE-2024-29988,CISA,True,False,No disponible en NVD,,,,,,,,,,,,0,
CVE-2024-30040,CISA,True,False,No disponible en NVD,,,,,,,,,,,,0,
CVE-2024-30051,CISA,True,False,No disponible en NVD,,,,,,,,,,,,0,
CVE-2024-30088,CISA,True,False,No disponible en NVD,,,,,,,,,,,,0,
CVE-2024-30163,NUCLEI,False,True,No disponible en NVD,,,,,,,,,,,,0,
CVE-2024-30188,NUCLEI,False,True,No disponible en NVD,,,,,,,,,,,,0,
CVE-2024-30194,NUCLEI,False,True,No disponible en NVD,,,,,,,,,,,,0,
CVE-2024-30269,NUCLEI,False,True,No disponible en NVD,,,,,,,,,,,,0,
CVE-2024-3032,NUCLEI,False,True,No disponible en NVD,,,,,,,,,,,,0,
CVE-2024-30464,NUCLEI,False,True,No disponible en NVD,,,,,,,,,,,,0,
CVE-2024-30490,NUCLEI,False,True,No disponible en NVD,,,,,,,,,,,,0,
CVE-2024-30498,NUCLEI,False,True,No disponible en NVD,,,,,,,,,,,,0,
CVE-2024-30502,NUCLEI,False,True,No disponible en NVD,,,,,,,,,,,,0,
CVE-2024-30568,NUCLEI,False,True,No disponible en NVD,,,,,,,,,,,,0,
CVE-2024-30569,NUCLEI,False,True,No disponible en NVD,,,,,,,,,,,,0,
CVE-2024-30570,NUCLEI,False,True,No disponible en NVD,,,,,,,,,,,,0,
CVE-2024-3080,NUCLEI,False,True,No disponible en NVD,,,,,,,,,,,,0,
CVE-2024-3097,NUCLEI,False,True,No disponible en NVD,,,,,,,,,,,,0,
CVE-2024-31223,NUCLEI,False,True,No disponible en NVD,,,,,,,,,,,,0,
CVE-2024-3136,NUCLEI,False,True,No disponible en NVD,,,,,,,,,,,,0,
CVE-2024-31621,NUCLEI,False,True,No disponible en NVD,,,,,,,,,,,,0,
CVE-2024-31750,NUCLEI,False,True,No disponible en NVD,,,,,,,,,,,,0,
CVE-2024-31839,NUCLEI,False,True,No disponible en NVD,,,,,,,,,,,,0,
CVE-2024-31848,NUCLEI,False,True,No disponible en NVD,,,,,,,,,,,,0,
CVE-2024-31849,NUCLEI,False,True,No disponible en NVD,,,,,,,,,,,,0,
CVE-2024-31850,NUCLEI,False,True,No disponible en NVD,,,,,,,,,,,,0,
CVE-2024-31851,NUCLEI,False,True,No disponible en NVD,,,,,,,,,,,,0,
CVE-2024-31982,NUCLEI,False,True,No disponible en NVD,,,,,,,,,,,,0,
CVE-2024-32113,CISA + NUCLEI,True,True,No disponible en NVD,,,,,,,,,,,,0,
CVE-2024-32114,NUCLEI,False,True,No disponible en NVD,,,,,,,,,,,,0,
CVE-2024-32128,NUCLEI,False,True,No disponible en NVD,,,,,,,,,,,,0,
CVE-2024-32231,NUCLEI,False,True,No disponible en NVD,,,,,,,,,,,,0,
CVE-2024-32238,NUCLEI,False,True,No disponible en NVD,,,,,,,,,,,,0,
CVE-2024-3231,NUCLEI,False,True,No disponible en NVD,,,,,,,,,,,,0,
CVE-2024-3234,NUCLEI,False,True,No disponible en NVD,,,,,,,,,,,,0,
CVE-2024-32399,NUCLEI,False,True,No disponible en NVD,,,,,,,,,,,,0,
CVE-2024-32640,NUCLEI,False,True,No disponible en NVD,,,,,,,,,,,,0,
CVE-2024-32651,NUCLEI,False,True,No disponible en NVD,,,,,,,,,,,,0,
CVE-2024-32709,NUCLEI,False,True,No disponible en NVD,,,,,,,,,,,,0,
CVE-2024-3272,CISA + NUCLEI,True,True,No disponible en NVD,,,,,,,,,,,,0,
CVE-2024-3273,CISA + NUCLEI,True,True,No disponible en NVD,,,,,,,,,,,,0,
CVE-2024-32735,NUCLEI,False,True,No disponible en NVD,,,,,,,,,,,,0,
CVE-2024-32736,NUCLEI,False,True,No disponible en NVD,,,,,,,,,,,,0,
CVE-2024-32737,NUCLEI,False,True,No disponible en NVD,,,,,,,,,,,,0,
CVE-2024-32738,NUCLEI,False,True,No disponible en NVD,,,,,,,,,,,,0,
CVE-2024-32739,NUCLEI,False,True,No disponible en NVD,,,,,,,,,,,,0,
CVE-2024-3274,NUCLEI,False,True,No disponible en NVD,,,,,,,,,,,,0,
CVE-2024-32825,NUCLEI,False,True,No disponible en NVD,,,,,,,,,,,,0,
CVE-2024-32870,NUCLEI,False,True,No disponible en NVD,,,,,,,,,,,,0,
CVE-2024-32896,CISA,True,False,No disponible en NVD,,,,,,,,,,,,0,
CVE-2024-32964,NUCLEI,False,True,No disponible en NVD,,,,,,,,,,,,0,
CVE-2024-3300,NUCLEI,False,True,No disponible en NVD,,,,,,,,,,,,0,
CVE-2024-33113,NUCLEI,False,True,No disponible en NVD,,,,,,,,,,,,0,
CVE-2024-33288,NUCLEI,False,True,No disponible en NVD,,,,,,,,,,,,0,
CVE-2024-33326,NUCLEI,False,True,No disponible en NVD,,,,,,,,,,,,0,
CVE-2024-33575,NUCLEI,False,True,No disponible en NVD,,,,,,,,,,,,0,
CVE-2024-33605,NUCLEI,False,True,No disponible en NVD,,,,,,,,,,,,0,
CVE-2024-33610,NUCLEI,False,True,No disponible en NVD,,,,,,,,,,,,0,
CVE-2024-33724,NUCLEI,False,True,No disponible en NVD,,,,,,,,,,,,0,
CVE-2024-3378,NUCLEI,False,True,No disponible en NVD,,,,,,,,,,,,0,
CVE-2024-33832,NUCLEI,False,True,No disponible en NVD,,,,,,,,,,,,0,
CVE-2024-3393,CISA,True,False,No disponible en NVD,,,,,,,,,,,,0,
CVE-2024-33939,NUCLEI,False,True,No disponible en NVD,,,,,,,,,,,,0,
CVE-2024-3400,CISA + NUCLEI,True,True,No disponible en NVD,,,,,,,,,,,,0,
CVE-2024-34061,NUCLEI,False,True,No disponible en NVD,,,,,,,,,,,,0,
CVE-2024-3408,NUCLEI,False,True,No disponible en NVD,,,,,,,,,,,,0,
CVE-2024-34102,CISA + NUCLEI,True,True,No disponible en NVD,,,,,,,,,,,,0,
CVE-2024-34257,NUCLEI,False,True,No disponible en NVD,,,,,,,,,,,,0,
CVE-2024-34351,NUCLEI,False,True,No disponible en NVD,,,,,,,,,,,,0,
CVE-2024-34470,NUCLEI,False,True,No disponible en NVD,,,,,,,,,,,,0,
CVE-2024-3469,NUCLEI,False,True,No disponible en NVD,,,,,,,,,,,,0,
CVE-2024-3495,NUCLEI,False,True,No disponible en NVD,,,,,,,,,,,,0,
CVE-2024-34982,NUCLEI,False,True,No disponible en NVD,,,,,,,,,,,,0,
CVE-2024-35219,NUCLEI,False,True,No disponible en NVD,,,,,,,,,,,,0,
CVE-2024-35250,CISA,True,False,No disponible en NVD,,,,,,,,,,,,0,
CVE-2024-35286,NUCLEI,False,True,No disponible en NVD,,,,,,,,,,,,0,
CVE-2024-3552,NUCLEI,False,True,No disponible en NVD,,,,,,,,,,,,0,
CVE-2024-35584,NUCLEI,False,True,No disponible en NVD,,,,,,,,,,,,0,
CVE-2024-35627,NUCLEI,False,True,No disponible en NVD,,,,,,,,,,,,0,
CVE-2024-35693,NUCLEI,False,True,No disponible en NVD,,,,,,,,,,,,0,
CVE-2024-35694,NUCLEI,False,True,No disponible en NVD,,,,,,,,,,,,0,
CVE-2024-3605,NUCLEI,False,True,No disponible en NVD,,,,,,,,,,,,0,
CVE-2024-36104,NUCLEI,False,True,No disponible en NVD,,,,,,,,,,,,0,
CVE-2024-36117,NUCLEI,False,True,No disponible en NVD,,,,,,,,,,,,0,
CVE-2024-36401,CISA + NUCLEI,True,True,No disponible en NVD,,,,,,,,,,,,0,
CVE-2024-36404,NUCLEI,False,True,No disponible en NVD,,,,,,,,,,,,0,
CVE-2024-36412,NUCLEI,False,True,No disponible en NVD,,,,,,,,,,,,0,
CVE-2024-36527,NUCLEI,False,True,No disponible en NVD,,,,,,,,,,,,0,
CVE-2024-3656,NUCLEI,False,True,No disponible en NVD,,,,,,,,,,,,0,
CVE-2024-36675,NUCLEI,False,True,No disponible en NVD,,,,,,,,,,,,0,
CVE-2024-36683,NUCLEI,False,True,No disponible en NVD,,,,,,,,,,,,0,
CVE-2024-3673,NUCLEI,False,True,No disponible en NVD,,,,,,,,,,,,0,
CVE-2024-36837,NUCLEI,False,True,No disponible en NVD,,,,,,,,,,,,0,
CVE-2024-36857,NUCLEI,False,True,No disponible en NVD,,,,,,,,,,,,0,
CVE-2024-36858,NUCLEI,False,True,No disponible en NVD,,,,,,,,,,,,0,
CVE-2024-36971,CISA,True,False,No disponible en NVD,,,,,,,,,,,,0,
CVE-2024-36991,NUCLEI,False,True,No disponible en NVD,,,,,,,,,,,,0,
CVE-2024-37032,NUCLEI,False,True,No disponible en NVD,,,,,,,,,,,,0,
CVE-2024-37079,CISA,True,False,No disponible en NVD,,,,,,,,,,,,0,
CVE-2024-37085,CISA,True,False,No disponible en NVD,,,,,,,,,,,,0,
CVE-2024-37152,NUCLEI,False,True,No disponible en NVD,,,,,,,,,,,,0,
CVE-2024-37259,NUCLEI,False,True,No disponible en NVD,,,,,,,,,,,,0,
CVE-2024-37261,NUCLEI,False,True,No disponible en NVD,,,,,,,,,,,,0,
CVE-2024-37383,CISA,True,False,No disponible en NVD,,,,,,,,,,,,0,
CVE-2024-37393,NUCLEI,False,True,No disponible en NVD,,,,,,,,,,,,0,
CVE-2024-3742,NUCLEI,False,True,No disponible en NVD,,,,,,,,,,,,0,
CVE-2024-3753,NUCLEI,False,True,No disponible en NVD,,,,,,,,,,,,0,
CVE-2024-37656,NUCLEI,False,True,No disponible en NVD,,,,,,,,,,,,0,
CVE-2024-37728,NUCLEI,False,True,No disponible en NVD,,,,,,,,,,,,0,
CVE-2024-37843,NUCLEI,False,True,No disponible en NVD,,,,,,,,,,,,0,
CVE-2024-37881,NUCLEI,False,True,No disponible en NVD,,,,,,,,,,,,0,
CVE-2024-38014,CISA,True,False,No disponible en NVD,,,,,,,,,,,,0,
CVE-2024-38080,CISA,True,False,No disponible en NVD,,,,,,,,,,,,0,
CVE-2024-38094,CISA,True,False,No disponible en NVD,,,,,,,,,,,,0,
CVE-2024-38106,CISA,True,False,No disponible en NVD,,,,,,,,,,,,0,
CVE-2024-38107,CISA,True,False,No disponible en NVD,,,,,,,,,,,,0,
CVE-2024-38112,CISA,True,False,No disponible en NVD,,,,,,,,,,,,0,
CVE-2024-38178,CISA,True,False,No disponible en NVD,,,,,,,,,,,,0,
CVE-2024-38189,CISA,True,False,No disponible en NVD,,,,,,,,,,,,0,
CVE-2024-38193,CISA,True,False,No disponible en NVD,,,,,,,,,,,,0,
CVE-2024-38213,CISA,True,False,No disponible en NVD,,,,,,,,,,,,0,
CVE-2024-38217,CISA,True,False,No disponible en NVD,,,,,,,,,,,,0,
CVE-2024-3822,NUCLEI,False,True,No disponible en NVD,,,,,,,,,,,,0,
CVE-2024-38226,CISA,True,False,No disponible en NVD,,,,,,,,,,,,0,
CVE-2024-38288,NUCLEI,False,True,No disponible en NVD,,,,,,,,,,,,0,
CVE-2024-38289,NUCLEI,False,True,No disponible en NVD,,,,,,,,,,,,0,
CVE-2024-38353,NUCLEI,False,True,No disponible en NVD,,,,,,,,,,,,0,
CVE-2024-38472,NUCLEI,False,True,No disponible en NVD,,,,,,,,,,,,0,
CVE-2024-38473,NUCLEI,False,True,No disponible en NVD,,,,,,,,,,,,0,
CVE-2024-38475,CISA + NUCLEI,True,True,No disponible en NVD,,,,,,,,,,,,0,
CVE-2024-3848,NUCLEI,False,True,No disponible en NVD,,,,,,,,,,,,0,
CVE-2024-3850,NUCLEI,False,True,No disponible en NVD,,,,,,,,,,,,0,
CVE-2024-38514,NUCLEI,False,True,No disponible en NVD,,,,,,,,,,,,0,
CVE-2024-38653,NUCLEI,False,True,No disponible en NVD,,,,,,,,,,,,0,
CVE-2024-38773,NUCLEI,False,True,No disponible en NVD,,,,,,,,,,,,0,
CVE-2024-38812,CISA,True,False,No disponible en NVD,,,,,,,,,,,,0,
CVE-2024-38813,CISA,True,False,No disponible en NVD,,,,,,,,,,,,0,
CVE-2024-38816,NUCLEI,False,True,No disponible en NVD,,,,,,,,,,,,0,
CVE-2024-38819,NUCLEI,False,True,No disponible en NVD,,,,,,,,,,,,0,
CVE-2024-38856,CISA + NUCLEI,True,True,No disponible en NVD,,,,,,,,,,,,0,
CVE-2024-3922,NUCLEI,False,True,No disponible en NVD,,,,,,,,,,,,0,
CVE-2024-39250,NUCLEI,False,True,No disponible en NVD,,,,,,,,,,,,0,
CVE-2024-39646,NUCLEI,False,True,No disponible en NVD,,,,,,,,,,,,0,
CVE-2024-39713,NUCLEI,False,True,No disponible en NVD,,,,,,,,,,,,0,
CVE-2024-39717,CISA,True,False,No disponible en NVD,,,,,,,,,,,,0,
CVE-2024-39887,NUCLEI,False,True,No disponible en NVD,,,,,,,,,,,,0,
CVE-2024-39891,CISA,True,False,No disponible en NVD,,,,,,,,,,,,0,
CVE-2024-39903,NUCLEI,False,True,No disponible en NVD,,,,,,,,,,,,0,
CVE-2024-39907,NUCLEI,False,True,No disponible en NVD,,,,,,,,,,,,0,
CVE-2024-39914,NUCLEI,False,True,No disponible en NVD,,,,,,,,,,,,0,
CVE-2024-40348,NUCLEI,False,True,No disponible en NVD,,,,,,,,,,,,0,
CVE-2024-4040,CISA + NUCLEI,True,True,No disponible en NVD,,,,,,,,,,,,0,
CVE-2024-40422,NUCLEI,False,True,No disponible en NVD,,,,,,,,,,,,0,
CVE-2024-40711,CISA + NUCLEI,True,True,No disponible en NVD,,,,,,,,,,,,0,
CVE-2024-40766,CISA,True,False,No disponible en NVD,,,,,,,,,,,,0,
CVE-2024-40890,CISA,True,False,No disponible en NVD,,,,,,,,,,,,0,
CVE-2024-40891,CISA,True,False,No disponible en NVD,,,,,,,,,,,,0,
CVE-2024-41107,NUCLEI,False,True,No disponible en NVD,,,,,,,,,,,,0,
CVE-2024-41628,NUCLEI,False,True,No disponible en NVD,,,,,,,,,,,,0,
CVE-2024-41667,NUCLEI,False,True,No disponible en NVD,,,,,,,,,,,,0,
CVE-2024-41710,CISA,True,False,No disponible en NVD,,,,,,,,,,,,0,
CVE-2024-41713,CISA + NUCLEI,True,True,No disponible en NVD,,,,,,,,,,,,0,
CVE-2024-4180,NUCLEI,False,True,No disponible en NVD,,,,,,,,,,,,0,
CVE-2024-41810,NUCLEI,False,True,No disponible en NVD,,,,,,,,,,,,0,
CVE-2024-41955,NUCLEI,False,True,No disponible en NVD,,,,,,,,,,,,0,
CVE-2024-42009,CISA + NUCLEI,True,True,No disponible en NVD,,,,,,,,,,,,0,
CVE-2024-4257,NUCLEI,False,True,No disponible en NVD,,,,,,,,,,,,0,
CVE-2024-42640,NUCLEI,False,True,No disponible en NVD,,,,,,,,,,,,0,
CVE-2024-42852,NUCLEI,False,True,No disponible en NVD,,,,,,,,,,,,0,
CVE-2024-4295,NUCLEI,False,True,No disponible en NVD,,,,,,,,,,,,0,
CVE-2024-43047,CISA,True,False,No disponible en NVD,,,,,,,,,,,,0,
CVE-2024-43093,CISA,True,False,No disponible en NVD,,,,,,,,,,,,0,
CVE-2024-43144,NUCLEI,False,True,No disponible en NVD,,,,,,,,,,,,0,
CVE-2024-43160,NUCLEI,False,True,No disponible en NVD,,,,,,,,,,,,0,
CVE-2024-4322,NUCLEI,False,True,No disponible en NVD,,,,,,,,,,,,0,
CVE-2024-4325,NUCLEI,False,True,No disponible en NVD,,,,,,,,,,,,0,
CVE-2024-43283,NUCLEI,False,True,No disponible en NVD,,,,,,,,,,,,0,
CVE-2024-43360,NUCLEI,False,True,No disponible en NVD,,,,,,,,,,,,0,
CVE-2024-43425,NUCLEI,False,True,No disponible en NVD,,,,,,,,,,,,0,
CVE-2024-43441,NUCLEI,False,True,No disponible en NVD,,,,,,,,,,,,0,
CVE-2024-43451,CISA,True,False,No disponible en NVD,,,,,,,,,,,,0,
CVE-2024-43461,CISA,True,False,No disponible en NVD,,,,,,,,,,,,0,
CVE-2024-43468,CISA,True,False,No disponible en NVD,,,,,,,,,,,,0,
CVE-2024-4348,NUCLEI,False,True,No disponible en NVD,,,,,,,,,,,,0,
CVE-2024-43572,CISA,True,False,No disponible en NVD,,,,,,,,,,,,0,
CVE-2024-43573,CISA,True,False,No disponible en NVD,,,,,,,,,,,,0,
CVE-2024-4358,CISA + NUCLEI,True,True,No disponible en NVD,,,,,,,,,,,,0,
CVE-2024-43917,NUCLEI,False,True,No disponible en NVD,,,,,,,,,,,,0,
CVE-2024-43919,NUCLEI,False,True,No disponible en NVD,,,,,,,,,,,,0,
CVE-2024-43965,NUCLEI,False,True,No disponible en NVD,,,,,,,,,,,,0,
CVE-2024-43971,NUCLEI,False,True,No disponible en NVD,,,,,,,,,,,,0,
CVE-2024-4399,NUCLEI,False,True,No disponible en NVD,,,,,,,,,,,,0,
CVE-2024-44000,NUCLEI,False,True,No disponible en NVD,,,,,,,,,,,,0,
CVE-2024-44308,CISA,True,False,No disponible en NVD,,,,,,,,,,,,0,
CVE-2024-44309,CISA,True,False,No disponible en NVD,,,,,,,,,,,,0,
CVE-2024-4434,NUCLEI,False,True,No disponible en NVD,,,,,,,,,,,,0,
CVE-2024-44349,NUCLEI,False,True,No disponible en NVD,,,,,,,,,,,,0,
CVE-2024-4439,NUCLEI,False,True,No disponible en NVD,,,,,,,,,,,,0,
CVE-2024-4443,NUCLEI,False,True,No disponible en NVD,,,,,,,,,,,,0,
CVE-2024-4455,NUCLEI,False,True,No disponible en NVD,,,,,,,,,,,,0,
CVE-2024-44762,NUCLEI,False,True,No disponible en NVD,,,,,,,,,,,,0,
CVE-2024-44849,NUCLEI,False,True,No disponible en NVD,,,,,,,,,,,,0,
CVE-2024-45195,CISA + NUCLEI,True,True,No disponible en NVD,,,,,,,,,,,,0,
CVE-2024-45216,NUCLEI,False,True,No disponible en NVD,,,,,,,,,,,,0,
CVE-2024-45241,NUCLEI,False,True,No disponible en NVD,,,,,,,,,,,,0,
CVE-2024-45293,NUCLEI,False,True,No disponible en NVD,,,,,,,,,,,,0,
CVE-2024-45309,NUCLEI,False,True,No disponible en NVD,,,,,,,,,,,,0,
CVE-2024-45388,NUCLEI,False,True,No disponible en NVD,,,,,,,,,,,,0,
CVE-2024-45440,NUCLEI,False,True,No disponible en NVD,,,,,,,,,,,,0,
CVE-2024-45488,NUCLEI,False,True,No disponible en NVD,,,,,,,,,,,,0,
CVE-2024-45507,NUCLEI,False,True,No disponible en NVD,,,,,,,,,,,,0,
CVE-2024-45519,CISA + NUCLEI,True,True,No disponible en NVD,,,,,,,,,,,,0,
CVE-2024-45591,NUCLEI,False,True,No disponible en NVD,,,,,,,,,,,,0,
CVE-2024-45622,NUCLEI,False,True,No disponible en NVD,,,,,,,,,,,,0,
CVE-2024-4577,CISA + NUCLEI,True,True,No disponible en NVD,,,,,,,,,,,,0,
CVE-2024-4610,CISA,True,False,No disponible en NVD,,,,,,,,,,,,0,
CVE-2024-4620,NUCLEI,False,True,No disponible en NVD,,,,,,,,,,,,0,
CVE-2024-46310,NUCLEI,False,True,No disponible en NVD,,,,,,,,,,,,0,
CVE-2024-46506,NUCLEI,False,True,No disponible en NVD,,,,,,,,,,,,0,
CVE-2024-46507,NUCLEI,False,True,No disponible en NVD,,,,,,,,,,,,0,
CVE-2024-46627,NUCLEI,False,True,No disponible en NVD,,,,,,,,,,,,0,
CVE-2024-4671,CISA,True,False,No disponible en NVD,,,,,,,,,,,,0,
CVE-2024-46938,NUCLEI,False,True,No disponible en NVD,,,,,,,,,,,,0,
CVE-2024-46986,NUCLEI,False,True,No disponible en NVD,,,,,,,,,,,,0,
CVE-2024-47062,NUCLEI,False,True,No disponible en NVD,,,,,,,,,,,,0,
CVE-2024-47073,NUCLEI,False,True,No disponible en NVD,,,,,,,,,,,,0,
CVE-2024-47176,NUCLEI,False,True,No disponible en NVD,,,,,,,,,,,,0,
CVE-2024-47308,NUCLEI,False,True,No disponible en NVD,,,,,,,,,,,,0,
CVE-2024-47374,NUCLEI,False,True,No disponible en NVD,,,,,,,,,,,,0,
CVE-2024-47533,NUCLEI,False,True,No disponible en NVD,,,,,,,,,,,,0,
CVE-2024-47575,CISA,True,False,No disponible en NVD,,,,,,,,,,,,0,
CVE-2024-4761,CISA,True,False,No disponible en NVD,,,,,,,,,,,,0,
CVE-2024-48208,NUCLEI,False,True,No disponible en NVD,,,,,,,,,,,,0,
CVE-2024-48248,CISA + NUCLEI,True,True,No disponible en NVD,,,,,,,,,,,,0,
CVE-2024-48259,NUCLEI,False,True,No disponible en NVD,,,,,,,,,,,,0,
CVE-2024-48307,NUCLEI,False,True,No disponible en NVD,,,,,,,,,,,,0,
CVE-2024-4836,NUCLEI,False,True,No disponible en NVD,,,,,,,,,,,,0,
CVE-2024-48360,NUCLEI,False,True,No disponible en NVD,,,,,,,,,,,,0,
CVE-2024-4841,NUCLEI,False,True,No disponible en NVD,,,,,,,,,,,,0,
CVE-2024-48455,NUCLEI,False,True,No disponible en NVD,,,,,,,,,,,,0,
CVE-2024-48651,NUCLEI,False,True,No disponible en NVD,,,,,,,,,,,,0,
CVE-2024-48766,NUCLEI,False,True,No disponible en NVD,,,,,,,,,,,,0,
CVE-2024-4879,CISA + NUCLEI,True,True,No disponible en NVD,,,,,,,,,,,,0,
CVE-2024-4885,CISA + NUCLEI,True,True,No disponible en NVD,,,,,,,,,,,,0,
CVE-2024-48914,NUCLEI,False,True,No disponible en NVD,,,,,,,,,,,,0,
CVE-2024-4898,NUCLEI,False,True,No disponible en NVD,,,,,,,,,,,,0,
CVE-2024-49035,CISA,True,False,No disponible en NVD,,,,,,,,,,,,0,
CVE-2024-49039,CISA,True,False,No disponible en NVD,,,,,,,,,,,,0,
CVE-2024-49138,CISA,True,False,No disponible en NVD,,,,,,,,,,,,0,
CVE-2024-49357,NUCLEI,False,True,No disponible en NVD,,,,,,,,,,,,0,
CVE-2024-49380,NUCLEI,False,True,No disponible en NVD,,,,,,,,,,,,0,
CVE-2024-4940,NUCLEI,False,True,No disponible en NVD,,,,,,,,,,,,0,
CVE-2024-4947,CISA,True,False,No disponible en NVD,,,,,,,,,,,,0,
CVE-2024-4956,NUCLEI,False,True,No disponible en NVD,,,,,,,,,,,,0,
CVE-2024-49757,NUCLEI,False,True,No disponible en NVD,,,,,,,,,,,,0,
CVE-2024-4978,CISA,True,False,No disponible en NVD,,,,,,,,,,,,0,
CVE-2024-50302,CISA,True,False,No disponible en NVD,,,,,,,,,,,,0,
CVE-2024-50334,NUCLEI,False,True,No disponible en NVD,,,,,,,,,,,,0,
CVE-2024-50340,NUCLEI,False,True,No disponible en NVD,,,,,,,,,,,,0,
CVE-2024-50477,NUCLEI,False,True,No disponible en NVD,,,,,,,,,,,,0,
CVE-2024-50498,NUCLEI,False,True,No disponible en NVD,,,,,,,,,,,,0,
CVE-2024-5057,NUCLEI,False,True,No disponible en NVD,,,,,,,,,,,,0,
CVE-2024-50603,CISA + NUCLEI,True,True,No disponible en NVD,,,,,,,,,,,,0,
CVE-2024-50623,CISA + NUCLEI,True,True,No disponible en NVD,,,,,,,,,,,,0,
CVE-2024-5082,NUCLEI,False,True,No disponible en NVD,,,,,,,,,,,,0,
CVE-2024-5084,NUCLEI,False,True,No disponible en NVD,,,,,,,,,,,,0,
CVE-2024-50857,NUCLEI,False,True,No disponible en NVD,,,,,,,,,,,,0,
CVE-2024-50967,NUCLEI,False,True,No disponible en NVD,,,,,,,,,,,,0,
CVE-2024-51211,NUCLEI,False,True,No disponible en NVD,,,,,,,,,,,,0,
CVE-2024-51228,NUCLEI,False,True,No disponible en NVD,,,,,,,,,,,,0,
CVE-2024-51378,CISA + NUCLEI,True,True,No disponible en NVD,,,,,,,,,,,,0,
CVE-2024-51482,NUCLEI,False,True,No disponible en NVD,,,,,,,,,,,,0,
CVE-2024-51483,NUCLEI,False,True,No disponible en NVD,,,,,,,,,,,,0,
CVE-2024-51567,CISA + NUCLEI,True,True,No disponible en NVD,,,,,,,,,,,,0,
CVE-2024-51568,NUCLEI,False,True,No disponible en NVD,,,,,,,,,,,,0,
CVE-2024-51739,NUCLEI,False,True,No disponible en NVD,,,,,,,,,,,,0,
CVE-2024-51977,NUCLEI,False,True,No disponible en NVD,,,,,,,,,,,,0,
CVE-2024-51978,NUCLEI,False,True,No disponible en NVD,,,,,,,,,,,,0,
CVE-2024-5217,CISA + NUCLEI,True,True,No disponible en NVD,,,,,,,,,,,,0,
CVE-2024-5230,NUCLEI,False,True,No disponible en NVD,,,,,,,,,,,,0,
CVE-2024-52433,NUCLEI,False,True,No disponible en NVD,,,,,,,,,,,,0,
CVE-2024-5274,CISA,True,False,No disponible en NVD,,,,,,,,,,,,0,
CVE-2024-5276,NUCLEI,False,True,No disponible en NVD,,,,,,,,,,,,0,
CVE-2024-52762,NUCLEI,False,True,No disponible en NVD,,,,,,,,,,,,0,
CVE-2024-52763,NUCLEI,False,True,No disponible en NVD,,,,,,,,,,,,0,
CVE-2024-52875,NUCLEI,False,True,No disponible en NVD,,,,,,,,,,,,0,
CVE-2024-53104,CISA,True,False,No disponible en NVD,,,,,,,,,,,,0,
CVE-2024-5315,NUCLEI,False,True,No disponible en NVD,,,,,,,,,,,,0,
CVE-2024-53150,CISA,True,False,No disponible en NVD,,,,,,,,,,,,0,
CVE-2024-53197,CISA,True,False,No disponible en NVD,,,,,,,,,,,,0,
CVE-2024-5333,NUCLEI,False,True,No disponible en NVD,,,,,,,,,,,,0,
CVE-2024-5334,NUCLEI,False,True,No disponible en NVD,,,,,,,,,,,,0,
CVE-2024-53704,CISA + NUCLEI,True,True,No disponible en NVD,,,,,,,,,,,,0,
CVE-2024-53900,NUCLEI,False,True,No disponible en NVD,,,,,,,,,,,,0,
CVE-2024-53991,NUCLEI,False,True,No disponible en NVD,,,,,,,,,,,,0,
CVE-2024-53995,NUCLEI,False,True,No disponible en NVD,,,,,,,,,,,,0,
CVE-2024-54085,CISA,True,False,No disponible en NVD,,,,,,,,,,,,0,
CVE-2024-5420,NUCLEI,False,True,No disponible en NVD,,,,,,,,,,,,0,
CVE-2024-5421,NUCLEI,False,True,No disponible en NVD,,,,,,,,,,,,0,
CVE-2024-54330,NUCLEI,False,True,No disponible en NVD,,,,,,,,,,,,0,
CVE-2024-54385,NUCLEI,False,True,No disponible en NVD,,,,,,,,,,,,0,
CVE-2024-54763,NUCLEI,False,True,No disponible en NVD,,,,,,,,,,,,0,
CVE-2024-54764,NUCLEI,False,True,No disponible en NVD,,,,,,,,,,,,0,
CVE-2024-54767,NUCLEI,False,True,No disponible en NVD,,,,,,,,,,,,0,
CVE-2024-5483,NUCLEI,False,True,No disponible en NVD,,,,,,,,,,,,0,
CVE-2024-5488,NUCLEI,False,True,No disponible en NVD,,,,,,,,,,,,0,
CVE-2024-55218,NUCLEI,False,True,No disponible en NVD,,,,,,,,,,,,0,
CVE-2024-5522,NUCLEI,False,True,No disponible en NVD,,,,,,,,,,,,0,
CVE-2024-55415,NUCLEI,False,True,No disponible en NVD,,,,,,,,,,,,0,
CVE-2024-55416,NUCLEI,False,True,No disponible en NVD,,,,,,,,,,,,0,
CVE-2024-55417,NUCLEI,False,True,No disponible en NVD,,,,,,,,,,,,0,
CVE-2024-55457,NUCLEI,False,True,No disponible en NVD,,,,,,,,,,,,0,
CVE-2024-55550,CISA + NUCLEI,True,True,No disponible en NVD,,,,,,,,,,,,0,
CVE-2024-55591,CISA + NUCLEI,True,True,No disponible en NVD,,,,,,,,,,,,0,
CVE-2024-55956,CISA + NUCLEI,True,True,No disponible en NVD,,,,,,,,,,,,0,
CVE-2024-56145,CISA + NUCLEI,True,True,No disponible en NVD,,,,,,,,,,,,0,
CVE-2024-56159,NUCLEI,False,True,No disponible en NVD,,,,,,,,,,,,0,
CVE-2024-56325,NUCLEI,False,True,No disponible en NVD,,,,,,,,,,,,0,
CVE-2024-56512,NUCLEI,False,True,No disponible en NVD,,,,,,,,,,,,0,
CVE-2024-57045,NUCLEI,False,True,No disponible en NVD,,,,,,,,,,,,0,
CVE-2024-57046,NUCLEI,False,True,No disponible en NVD,,,,,,,,,,,,0,
CVE-2024-57049,NUCLEI,False,True,No disponible en NVD,,,,,,,,,,,,0,
CVE-2024-57050,NUCLEI,False,True,No disponible en NVD,,,,,,,,,,,,0,
CVE-2024-57241,NUCLEI,False,True,No disponible en NVD,,,,,,,,,,,,0,
CVE-2024-57514,NUCLEI,False,True,No disponible en NVD,,,,,,,,,,,,0,
CVE-2024-5765,NUCLEI,False,True,No disponible en NVD,,,,,,,,,,,,0,
CVE-2024-57726,CISA,True,False,No disponible en NVD,,,,,,,,,,,,0,
CVE-2024-57727,CISA + NUCLEI,True,True,No disponible en NVD,,,,,,,,,,,,0,
CVE-2024-57728,CISA,True,False,No disponible en NVD,,,,,,,,,,,,0,
CVE-2024-57968,CISA,True,False,No disponible en NVD,,,,,,,,,,,,0,
CVE-2024-58136,CISA + NUCLEI,True,True,No disponible en NVD,,,,,,,,,,,,0,
CVE-2024-5827,NUCLEI,False,True,No disponible en NVD,,,,,,,,,,,,0,
CVE-2024-5910,CISA + NUCLEI,True,True,No disponible en NVD,,,,,,,,,,,,0,
CVE-2024-5932,NUCLEI,False,True,No disponible en NVD,,,,,,,,,,,,0,
CVE-2024-5936,NUCLEI,False,True,No disponible en NVD,,,,,,,,,,,,0,
CVE-2024-5947,NUCLEI,False,True,No disponible en NVD,,,,,,,,,,,,0,
CVE-2024-5975,NUCLEI,False,True,No disponible en NVD,,,,,,,,,,,,0,
CVE-2024-6028,NUCLEI,False,True,No disponible en NVD,,,,,,,,,,,,0,
CVE-2024-6047,CISA,True,False,No disponible en NVD,,,,,,,,,,,,0,
CVE-2024-6049,NUCLEI,False,True,No disponible en NVD,,,,,,,,,,,,0,
CVE-2024-6095,NUCLEI,False,True,No disponible en NVD,,,,,,,,,,,,0,
CVE-2024-6159,NUCLEI,False,True,No disponible en NVD,,,,,,,,,,,,0,
CVE-2024-6188,NUCLEI,False,True,No disponible en NVD,,,,,,,,,,,,0,
CVE-2024-6205,NUCLEI,False,True,No disponible en NVD,,,,,,,,,,,,0,
CVE-2024-6220,NUCLEI,False,True,No disponible en NVD,,,,,,,,,,,,0,
CVE-2024-6235,NUCLEI,False,True,No disponible en NVD,,,,,,,,,,,,0,
CVE-2024-6250,NUCLEI,False,True,No disponible en NVD,,,,,,,,,,,,0,
CVE-2024-6265,NUCLEI,False,True,No disponible en NVD,,,,,,,,,,,,0,
CVE-2024-6289,NUCLEI,False,True,No disponible en NVD,,,,,,,,,,,,0,
CVE-2024-6366,NUCLEI,False,True,No disponible en NVD,,,,,,,,,,,,0,
CVE-2024-6396,NUCLEI,False,True,No disponible en NVD,,,,,,,,,,,,0,
CVE-2024-6420,NUCLEI,False,True,No disponible en NVD,,,,,,,,,,,,0,
CVE-2024-6460,NUCLEI,False,True,No disponible en NVD,,,,,,,,,,,,0,
CVE-2024-6517,NUCLEI,False,True,No disponible en NVD,,,,,,,,,,,,0,
CVE-2024-6555,NUCLEI,False,True,No disponible en NVD,,,,,,,,,,,,0,
CVE-2024-6586,NUCLEI,False,True,No disponible en NVD,,,,,,,,,,,,0,
CVE-2024-6587,NUCLEI,False,True,No disponible en NVD,,,,,,,,,,,,0,
CVE-2024-6646,NUCLEI,False,True,No disponible en NVD,,,,,,,,,,,,0,
CVE-2024-6651,NUCLEI,False,True,No disponible en NVD,,,,,,,,,,,,0,
CVE-2024-6670,CISA + NUCLEI,True,True,No disponible en NVD,,,,,,,,,,,,0,
CVE-2024-6671,NUCLEI,False,True,No disponible en NVD,,,,,,,,,,,,0,
CVE-2024-6690,NUCLEI,False,True,No disponible en NVD,,,,,,,,,,,,0,
CVE-2024-6746,NUCLEI,False,True,No disponible en NVD,,,,,,,,,,,,0,
CVE-2024-6753,NUCLEI,False,True,No disponible en NVD,,,,,,,,,,,,0,
CVE-2024-6781,NUCLEI,False,True,No disponible en NVD,,,,,,,,,,,,0,
CVE-2024-6782,NUCLEI,False,True,No disponible en NVD,,,,,,,,,,,,0,
CVE-2024-6842,NUCLEI,False,True,No disponible en NVD,,,,,,,,,,,,0,
CVE-2024-6845,NUCLEI,False,True,No disponible en NVD,,,,,,,,,,,,0,
CVE-2024-6846,NUCLEI,False,True,No disponible en NVD,,,,,,,,,,,,0,
CVE-2024-6886,NUCLEI,False,True,No disponible en NVD,,,,,,,,,,,,0,
CVE-2024-6892,NUCLEI,False,True,No disponible en NVD,,,,,,,,,,,,0,
CVE-2024-6893,NUCLEI,False,True,No disponible en NVD,,,,,,,,,,,,0,
CVE-2024-6911,NUCLEI,False,True,No disponible en NVD,,,,,,,,,,,,0,
CVE-2024-6922,NUCLEI,False,True,No disponible en NVD,,,,,,,,,,,,0,
CVE-2024-6924,NUCLEI,False,True,No disponible en NVD,,,,,,,,,,,,0,
CVE-2024-6926,NUCLEI,False,True,No disponible en NVD,,,,,,,,,,,,0,
CVE-2024-6928,NUCLEI,False,True,No disponible en NVD,,,,,,,,,,,,0,
CVE-2024-7008,NUCLEI,False,True,No disponible en NVD,,,,,,,,,,,,0,
CVE-2024-7029,NUCLEI,False,True,No disponible en NVD,,,,,,,,,,,,0,
CVE-2024-7097,NUCLEI,False,True,No disponible en NVD,,,,,,,,,,,,0,
CVE-2024-7120,NUCLEI,False,True,No disponible en NVD,,,,,,,,,,,,0,
CVE-2024-7188,NUCLEI,False,True,No disponible en NVD,,,,,,,,,,,,0,
CVE-2024-7262,CISA,True,False,No disponible en NVD,,,,,,,,,,,,0,
CVE-2024-7313,NUCLEI,False,True,No disponible en NVD,,,,,,,,,,,,0,
CVE-2024-7314,NUCLEI,False,True,No disponible en NVD,,,,,,,,,,,,0,
CVE-2024-7332,NUCLEI,False,True,No disponible en NVD,,,,,,,,,,,,0,
CVE-2024-7339,NUCLEI,False,True,No disponible en NVD,,,,,,,,,,,,0,
CVE-2024-7340,NUCLEI,False,True,No disponible en NVD,,,,,,,,,,,,0,
CVE-2024-7354,NUCLEI,False,True,No disponible en NVD,,,,,,,,,,,,0,
CVE-2024-7399,CISA + NUCLEI,True,True,No disponible en NVD,,,,,,,,,,,,0,
CVE-2024-7591,NUCLEI,False,True,No disponible en NVD,,,,,,,,,,,,0,
CVE-2024-7593,CISA + NUCLEI,True,True,No disponible en NVD,,,,,,,,,,,,0,
CVE-2024-7694,CISA,True,False,No disponible en NVD,,,,,,,,,,,,0,
CVE-2024-7714,NUCLEI,False,True,No disponible en NVD,,,,,,,,,,,,0,
CVE-2024-7786,NUCLEI,False,True,No disponible en NVD,,,,,,,,,,,,0,
CVE-2024-7854,NUCLEI,False,True,No disponible en NVD,,,,,,,,,,,,0,
CVE-2024-7928,NUCLEI,False,True,No disponible en NVD,,,,,,,,,,,,0,
CVE-2024-7954,NUCLEI,False,True,No disponible en NVD,,,,,,,,,,,,0,
CVE-2024-7965,CISA,True,False,No disponible en NVD,,,,,,,,,,,,0,
CVE-2024-7971,CISA,True,False,No disponible en NVD,,,,,,,,,,,,0,
CVE-2024-8021,NUCLEI,False,True,No disponible en NVD,,,,,,,,,,,,0,
CVE-2024-8068,CISA,True,False,No disponible en NVD,,,,,,,,,,,,0,
CVE-2024-8069,CISA,True,False,No disponible en NVD,,,,,,,,,,,,0,
CVE-2024-8181,NUCLEI,False,True,No disponible en NVD,,,,,,,,,,,,0,
CVE-2024-8190,CISA,True,False,No disponible en NVD,,,,,,,,,,,,0,
CVE-2024-8252,NUCLEI,False,True,No disponible en NVD,,,,,,,,,,,,0,
CVE-2024-8353,NUCLEI,False,True,No disponible en NVD,,,,,,,,,,,,0,
CVE-2024-8425,NUCLEI,False,True,No disponible en NVD,,,,,,,,,,,,0,
CVE-2024-8484,NUCLEI,False,True,No disponible en NVD,,,,,,,,,,,,0,
CVE-2024-8503,NUCLEI,False,True,No disponible en NVD,,,,,,,,,,,,0,
CVE-2024-8517,NUCLEI,False,True,No disponible en NVD,,,,,,,,,,,,0,
CVE-2024-8522,NUCLEI,False,True,No disponible en NVD,,,,,,,,,,,,0,
CVE-2024-8529,NUCLEI,False,True,No disponible en NVD,,,,,,,,,,,,0,
CVE-2024-8625,NUCLEI,False,True,No disponible en NVD,,,,,,,,,,,,0,
CVE-2024-8673,NUCLEI,False,True,No disponible en NVD,,,,,,,,,,,,0,
CVE-2024-8698,NUCLEI,False,True,No disponible en NVD,,,,,,,,,,,,0,
CVE-2024-8752,NUCLEI,False,True,No disponible en NVD,,,,,,,,,,,,0,
CVE-2024-8852,NUCLEI,False,True,No disponible en NVD,,,,,,,,,,,,0,
CVE-2024-8856,NUCLEI,False,True,No disponible en NVD,,,,,,,,,,,,0,
CVE-2024-8859,NUCLEI,False,True,No disponible en NVD,,,,,,,,,,,,0,
CVE-2024-8877,NUCLEI,False,True,No disponible en NVD,,,,,,,,,,,,0,
CVE-2024-8883,NUCLEI,False,True,No disponible en NVD,,,,,,,,,,,,0,
CVE-2024-8911,NUCLEI,False,True,No disponible en NVD,,,,,,,,,,,,0,
CVE-2024-8943,NUCLEI,False,True,No disponible en NVD,,,,,,,,,,,,0,
CVE-2024-8956,CISA,True,False,No disponible en NVD,,,,,,,,,,,,0,
CVE-2024-8957,CISA,True,False,No disponible en NVD,,,,,,,,,,,,0,
CVE-2024-8963,CISA + NUCLEI,True,True,No disponible en NVD,,,,,,,,,,,,0,
CVE-2024-9007,NUCLEI,False,True,No disponible en NVD,,,,,,,,,,,,0,
CVE-2024-9014,NUCLEI,False,True,No disponible en NVD,,,,,,,,,,,,0,
CVE-2024-9047,NUCLEI,False,True,No disponible en NVD,,,,,,,,,,,,0,
CVE-2024-9061,NUCLEI,False,True,No disponible en NVD,,,,,,,,,,,,0,
CVE-2024-9161,NUCLEI,False,True,No disponible en NVD,,,,,,,,,,,,0,
CVE-2024-9166,NUCLEI,False,True,No disponible en NVD,,,,,,,,,,,,0,
CVE-2024-9186,NUCLEI,False,True,No disponible en NVD,,,,,,,,,,,,0,
CVE-2024-9193,NUCLEI,False,True,No disponible en NVD,,,,,,,,,,,,0,
CVE-2024-9234,NUCLEI,False,True,No disponible en NVD,,,,,,,,,,,,0,
CVE-2024-9264,NUCLEI,False,True,No disponible en NVD,,,,,,,,,,,,0,
CVE-2024-9379,CISA,True,False,No disponible en NVD,,,,,,,,,,,,0,
CVE-2024-9380,CISA,True,False,No disponible en NVD,,,,,,,,,,,,0,
CVE-2024-9463,CISA + NUCLEI,True,True,No disponible en NVD,,,,,,,,,,,,0,
CVE-2024-9465,CISA + NUCLEI,True,True,No disponible en NVD,,,,,,,,,,,,0,
CVE-2024-9474,CISA + NUCLEI,True,True,No disponible en NVD,,,,,,,,,,,,0,
CVE-2024-9537,CISA,True,False,No disponible en NVD,,,,,,,,,,,,0,
CVE-2024-9593,NUCLEI,False,True,No disponible en NVD,,,,,,,,,,,,0,
CVE-2024-9617,NUCLEI,False,True,No disponible en NVD,,,,,,,,,,,,0,
CVE-2024-9643,NUCLEI,False,True,No disponible en NVD,,,,,,,,,,,,0,
CVE-2024-9680,CISA,True,False,No disponible en NVD,,,,,,,,,,,,0,
CVE-2024-9707,NUCLEI,False,True,No disponible en NVD,,,,,,,,,,,,0,
CVE-2024-9765,NUCLEI,False,True,No disponible en NVD,,,,,,,,,,,,0,
CVE-2024-9772,NUCLEI,False,True,No disponible en NVD,,,,,,,,,,,,0,
CVE-2024-9796,NUCLEI,False,True,No disponible en NVD,,,,,,,,,,,,0,
CVE-2024-9916,NUCLEI,False,True,No disponible en NVD,,,,,,,,,,,,0,
CVE-2024-9935,NUCLEI,False,True,No disponible en NVD,,,,,,,,,,,,0,
CVE-2024-9989,NUCLEI,False,True,No disponible en NVD,,,,,,,,,,,,0,
CVE-2025-0107,NUCLEI,False,True,No disponible en NVD,,,,,,,,,,,,0,
CVE-2025-0108,CISA + NUCLEI,True,True,No disponible en NVD,,,,,,,,,,,,0,
CVE-2025-0111,CISA,True,False,No disponible en NVD,,,,,,,,,,,,0,
CVE-2025-0133,NUCLEI,False,True,No disponible en NVD,,,,,,,,,,,,0,
CVE-2025-0282,CISA + NUCLEI,True,True,No disponible en NVD,,,,,,,,,,,,0,
CVE-2025-0411,CISA,True,False,No disponible en NVD,,,,,,,,,,,,0,
CVE-2025-0674,NUCLEI,False,True,No disponible en NVD,,,,,,,,,,,,0,
CVE-2025-0868,NUCLEI,False,True,No disponible en NVD,,,,,,,,,,,,0,
CVE-2025-0994,CISA,True,False,No disponible en NVD,,,,,,,,,,,,0,
CVE-2025-10035,CISA + NUCLEI,True,True,No disponible en NVD,,,,,,,,,,,,0,
CVE-2025-10090,NUCLEI,False,True,No disponible en NVD,,,,,,,,,,,,0,
CVE-2025-10162,NUCLEI,False,True,No disponible en NVD,,,,,,,,,,,,0,
CVE-2025-10204,NUCLEI,False,True,No disponible en NVD,,,,,,,,,,,,0,
CVE-2025-10210,NUCLEI,False,True,No disponible en NVD,,,,,,,,,,,,0,
CVE-2025-10211,NUCLEI,False,True,No disponible en NVD,,,,,,,,,,,,0,
CVE-2025-1023,NUCLEI,False,True,No disponible en NVD,,,,,,,,,,,,0,
CVE-2025-1025,NUCLEI,False,True,No disponible en NVD,,,,,,,,,,,,0,
CVE-2025-1035,NUCLEI,False,True,No disponible en NVD,,,,,,,,,,,,0,
CVE-2025-10353,NUCLEI,False,True,No disponible en NVD,,,,,,,,,,,,0,
CVE-2025-10585,CISA,True,False,No disponible en NVD,,,,,,,,,,,,0,
CVE-2025-10897,NUCLEI,False,True,No disponible en NVD,,,,,,,,,,,,0,
CVE-2025-1097,NUCLEI,False,True,No disponible en NVD,,,,,,,,,,,,0,
CVE-2025-1098,NUCLEI,False,True,No disponible en NVD,,,,,,,,,,,,0,
CVE-2025-11307,NUCLEI,False,True,No disponible en NVD,,,,,,,,,,,,0,
CVE-2025-11368,NUCLEI,False,True,No disponible en NVD,,,,,,,,,,,,0,
CVE-2025-11371,CISA + NUCLEI,True,True,No disponible en NVD,,,,,,,,,,,,0,
CVE-2025-11580,NUCLEI,False,True,No disponible en NVD,,,,,,,,,,,,0,
CVE-2025-11693,NUCLEI,False,True,No disponible en NVD,,,,,,,,,,,,0,
CVE-2025-11700,NUCLEI,False,True,No disponible en NVD,,,,,,,,,,,,0,
CVE-2025-11749,NUCLEI,False,True,No disponible en NVD,,,,,,,,,,,,0,
CVE-2025-11750,NUCLEI,False,True,No disponible en NVD,,,,,,,,,,,,0,
CVE-2025-11833,NUCLEI,False,True,No disponible en NVD,,,,,,,,,,,,0,
CVE-2025-11953,CISA,True,False,No disponible en NVD,,,,,,,,,,,,0,
CVE-2025-12055,NUCLEI,False,True,No disponible en NVD,,,,,,,,,,,,0,
CVE-2025-12101,NUCLEI,False,True,No disponible en NVD,,,,,,,,,,,,0,
CVE-2025-12139,NUCLEI,False,True,No disponible en NVD,,,,,,,,,,,,0,
CVE-2025-1232,NUCLEI,False,True,No disponible en NVD,,,,,,,,,,,,0,
CVE-2025-12480,CISA + NUCLEI,True,True,No disponible en NVD,,,,,,,,,,,,0,
CVE-2025-12536,NUCLEI,False,True,No disponible en NVD,,,,,,,,,,,,0,
CVE-2025-1302,NUCLEI,False,True,No disponible en NVD,,,,,,,,,,,,0,
CVE-2025-1303,NUCLEI,False,True,No disponible en NVD,,,,,,,,,,,,0,
CVE-2025-13138,NUCLEI,False,True,No disponible en NVD,,,,,,,,,,,,0,
CVE-2025-1316,CISA,True,False,No disponible en NVD,,,,,,,,,,,,0,
CVE-2025-13223,CISA,True,False,No disponible en NVD,,,,,,,,,,,,0,
CVE-2025-1323,NUCLEI,False,True,No disponible en NVD,,,,,,,,,,,,0,
CVE-2025-13315,NUCLEI,False,True,No disponible en NVD,,,,,,,,,,,,0,
CVE-2025-1338,NUCLEI,False,True,No disponible en NVD,,,,,,,,,,,,0,
CVE-2025-13390,NUCLEI,False,True,No disponible en NVD,,,,,,,,,,,,0,
CVE-2025-13418,NUCLEI,False,True,No disponible en NVD,,,,,,,,,,,,0,
CVE-2025-13486,NUCLEI,False,True,No disponible en NVD,,,,,,,,,,,,0,
CVE-2025-1361,NUCLEI,False,True,No disponible en NVD,,,,,,,,,,,,0,
CVE-2025-13652,NUCLEI,False,True,No disponible en NVD,,,,,,,,,,,,0,
CVE-2025-13801,NUCLEI,False,True,No disponible en NVD,,,,,,,,,,,,0,
CVE-2025-13920,NUCLEI,False,True,No disponible en NVD,,,,,,,,,,,,0,
CVE-2025-13956,NUCLEI,False,True,No disponible en NVD,,,,,,,,,,,,0,
CVE-2025-14124,NUCLEI,False,True,No disponible en NVD,,,,,,,,,,,,0,
CVE-2025-14155,NUCLEI,False,True,No disponible en NVD,,,,,,,,,,,,0,
CVE-2025-14174,CISA,True,False,No disponible en NVD,,,,,,,,,,,,0,
CVE-2025-14340,NUCLEI,False,True,No disponible en NVD,,,,,,,,,,,,0,
CVE-2025-14437,NUCLEI,False,True,No disponible en NVD,,,,,,,,,,,,0,
CVE-2025-14528,NUCLEI,False,True,No disponible en NVD,,,,,,,,,,,,0,
CVE-2025-14611,CISA + NUCLEI,True,True,No disponible en NVD,,,,,,,,,,,,0,
CVE-2025-14726,NUCLEI,False,True,No disponible en NVD,,,,,,,,,,,,0,
CVE-2025-14733,CISA,True,False,No disponible en NVD,,,,,,,,,,,,0,
CVE-2025-14847,CISA + NUCLEI,True,True,No disponible en NVD,,,,,,,,,,,,0,
CVE-2025-15503,NUCLEI,False,True,No disponible en NVD,,,,,,,,,,,,0,
CVE-2025-15556,CISA,True,False,No disponible en NVD,,,,,,,,,,,,0,
CVE-2025-1562,NUCLEI,False,True,No disponible en NVD,,,,,,,,,,,,0,
CVE-2025-1595,NUCLEI,False,True,No disponible en NVD,,,,,,,,,,,,0,
CVE-2025-1661,NUCLEI,False,True,No disponible en NVD,,,,,,,,,,,,0,
CVE-2025-1743,NUCLEI,False,True,No disponible en NVD,,,,,,,,,,,,0,
CVE-2025-1974,NUCLEI,False,True,No disponible en NVD,,,,,,,,,,,,0,
CVE-2025-1976,CISA,True,False,No disponible en NVD,,,,,,,,,,,,0,
CVE-2025-2010,NUCLEI,False,True,No disponible en NVD,,,,,,,,,,,,0,
CVE-2025-2011,NUCLEI,False,True,No disponible en NVD,,,,,,,,,,,,0,
CVE-2025-20188,NUCLEI,False,True,No disponible en NVD,,,,,,,,,,,,0,
CVE-2025-20281,CISA + NUCLEI,True,True,No disponible en NVD,,,,,,,,,,,,0,
CVE-2025-20333,CISA,True,False,No disponible en NVD,,,,,,,,,,,,0,
CVE-2025-20337,CISA,True,False,No disponible en NVD,,,,,,,,,,,,0,
CVE-2025-20352,CISA,True,False,No disponible en NVD,,,,,,,,,,,,0,
CVE-2025-20362,CISA + NUCLEI,True,True,No disponible en NVD,,,,,,,,,,,,0,
CVE-2025-20393,CISA,True,False,No disponible en NVD,,,,,,,,,,,,0,
CVE-2025-2075,NUCLEI,False,True,No disponible en NVD,,,,,,,,,,,,0,
CVE-2025-21042,CISA,True,False,No disponible en NVD,,,,,,,,,,,,0,
CVE-2025-21043,CISA,True,False,No disponible en NVD,,,,,,,,,,,,0,
CVE-2025-2127,NUCLEI,False,True,No disponible en NVD,,,,,,,,,,,,0,
CVE-2025-2129,NUCLEI,False,True,No disponible en NVD,,,,,,,,,,,,0,
CVE-2025-21333,CISA,True,False,No disponible en NVD,,,,,,,,,,,,0,
CVE-2025-21334,CISA,True,False,No disponible en NVD,,,,,,,,,,,,0,
CVE-2025-21335,CISA,True,False,No disponible en NVD,,,,,,,,,,,,0,
CVE-2025-21391,CISA,True,False,No disponible en NVD,,,,,,,,,,,,0,
CVE-2025-21418,CISA,True,False,No disponible en NVD,,,,,,,,,,,,0,
CVE-2025-21479,CISA,True,False,No disponible en NVD,,,,,,,,,,,,0,
CVE-2025-21480,CISA,True,False,No disponible en NVD,,,,,,,,,,,,0,
CVE-2025-21590,CISA,True,False,No disponible en NVD,,,,,,,,,,,,0,
CVE-2025-2221,NUCLEI,False,True,No disponible en NVD,,,,,,,,,,,,0,
CVE-2025-22214,NUCLEI,False,True,No disponible en NVD,,,,,,,,,,,,0,
CVE-2025-22224,CISA,True,False,No disponible en NVD,,,,,,,,,,,,0,
CVE-2025-22225,CISA,True,False,No disponible en NVD,,,,,,,,,,,,0,
CVE-2025-22226,CISA,True,False,No disponible en NVD,,,,,,,,,,,,0,
CVE-2025-22457,CISA,True,False,No disponible en NVD,,,,,,,,,,,,0,
CVE-2025-2264,NUCLEI,False,True,No disponible en NVD,,,,,,,,,,,,0,
CVE-2025-22785,NUCLEI,False,True,No disponible en NVD,,,,,,,,,,,,0,
CVE-2025-2294,NUCLEI,False,True,No disponible en NVD,,,,,,,,,,,,0,
CVE-2025-22952,NUCLEI,False,True,No disponible en NVD,,,,,,,,,,,,0,
CVE-2025-23006,CISA,True,False,No disponible en NVD,,,,,,,,,,,,0,
CVE-2025-23061,NUCLEI,False,True,No disponible en NVD,,,,,,,,,,,,0,
CVE-2025-23209,CISA,True,False,No disponible en NVD,,,,,,,,,,,,0,
CVE-2025-23211,NUCLEI,False,True,No disponible en NVD,,,,,,,,,,,,0,
CVE-2025-24016,CISA + NUCLEI,True,True,No disponible en NVD,,,,,,,,,,,,0,
CVE-2025-24054,CISA,True,False,No disponible en NVD,,,,,,,,,,,,0,
CVE-2025-24085,CISA,True,False,No disponible en NVD,,,,,,,,,,,,0,
CVE-2025-24200,CISA,True,False,No disponible en NVD,,,,,,,,,,,,0,
CVE-2025-24201,CISA,True,False,No disponible en NVD,,,,,,,,,,,,0,
CVE-2025-24354,NUCLEI,False,True,No disponible en NVD,,,,,,,,,,,,0,
CVE-2025-24472,CISA,True,False,No disponible en NVD,,,,,,,,,,,,0,
CVE-2025-24514,NUCLEI,False,True,No disponible en NVD,,,,,,,,,,,,0,
CVE-2025-24582,NUCLEI,False,True,No disponible en NVD,,,,,,,,,,,,0,
CVE-2025-2473,NUCLEI,False,True,No disponible en NVD,,,,,,,,,,,,0,
CVE-2025-24786,NUCLEI,False,True,No disponible en NVD,,,,,,,,,,,,0,
CVE-2025-24799,NUCLEI,False,True,No disponible en NVD,,,,,,,,,,,,0,
CVE-2025-24813,CISA + NUCLEI,True,True,No disponible en NVD,,,,,,,,,,,,0,
CVE-2025-24893,CISA + NUCLEI,True,True,No disponible en NVD,,,,,,,,,,,,0,
CVE-2025-24963,NUCLEI,False,True,No disponible en NVD,,,,,,,,,,,,0,
CVE-2025-24983,CISA,True,False,No disponible en NVD,,,,,,,,,,,,0,
CVE-2025-24984,CISA,True,False,No disponible en NVD,,,,,,,,,,,,0,
CVE-2025-24985,CISA,True,False,No disponible en NVD,,,,,,,,,,,,0,
CVE-2025-24989,CISA,True,False,No disponible en NVD,,,,,,,,,,,,0,
CVE-2025-24990,CISA,True,False,No disponible en NVD,,,,,,,,,,,,0,
CVE-2025-24991,CISA,True,False,No disponible en NVD,,,,,,,,,,,,0,
CVE-2025-24993,CISA,True,False,No disponible en NVD,,,,,,,,,,,,0,
CVE-2025-25034,NUCLEI,False,True,No disponible en NVD,,,,,,,,,,,,0,
CVE-2025-25037,NUCLEI,False,True,No disponible en NVD,,,,,,,,,,,,0,
CVE-2025-25181,CISA,True,False,No disponible en NVD,,,,,,,,,,,,0,
CVE-2025-25231,NUCLEI,False,True,No disponible en NVD,,,,,,,,,,,,0,
CVE-2025-25256,NUCLEI,False,True,No disponible en NVD,,,,,,,,,,,,0,
CVE-2025-25257,CISA + NUCLEI,True,True,No disponible en NVD,,,,,,,,,,,,0,
CVE-2025-2539,NUCLEI,False,True,No disponible en NVD,,,,,,,,,,,,0,
CVE-2025-25570,NUCLEI,False,True,No disponible en NVD,,,,,,,,,,,,0,
CVE-2025-2558,NUCLEI,False,True,No disponible en NVD,,,,,,,,,,,,0,
CVE-2025-2563,NUCLEI,False,True,No disponible en NVD,,,,,,,,,,,,0,
CVE-2025-2609,NUCLEI,False,True,No disponible en NVD,,,,,,,,,,,,0,
CVE-2025-2610,NUCLEI,False,True,No disponible en NVD,,,,,,,,,,,,0,
CVE-2025-2611,NUCLEI,False,True,No disponible en NVD,,,,,,,,,,,,0,
CVE-2025-26319,NUCLEI,False,True,No disponible en NVD,,,,,,,,,,,,0,
CVE-2025-2636,NUCLEI,False,True,No disponible en NVD,,,,,,,,,,,,0,
CVE-2025-26399,CISA,True,False,No disponible en NVD,,,,,,,,,,,,0,
CVE-2025-26633,CISA,True,False,No disponible en NVD,,,,,,,,,,,,0,
CVE-2025-26793,NUCLEI,False,True,No disponible en NVD,,,,,,,,,,,,0,
CVE-2025-27007,NUCLEI,False,True,No disponible en NVD,,,,,,,,,,,,0,
CVE-2025-27038,CISA,True,False,No disponible en NVD,,,,,,,,,,,,0,
CVE-2025-2709,NUCLEI,False,True,No disponible en NVD,,,,,,,,,,,,0,
CVE-2025-2710,NUCLEI,False,True,No disponible en NVD,,,,,,,,,,,,0,
CVE-2025-2711,NUCLEI,False,True,No disponible en NVD,,,,,,,,,,,,0,
CVE-2025-27112,NUCLEI,False,True,No disponible en NVD,,,,,,,,,,,,0,
CVE-2025-2712,NUCLEI,False,True,No disponible en NVD,,,,,,,,,,,,0,
CVE-2025-27134,NUCLEI,False,True,No disponible en NVD,,,,,,,,,,,,0,
CVE-2025-27218,NUCLEI,False,True,No disponible en NVD,,,,,,,,,,,,0,
CVE-2025-27222,NUCLEI,False,True,No disponible en NVD,,,,,,,,,,,,0,
CVE-2025-27223,NUCLEI,False,True,No disponible en NVD,,,,,,,,,,,,0,
CVE-2025-27225,NUCLEI,False,True,No disponible en NVD,,,,,,,,,,,,0,
CVE-2025-27363,CISA,True,False,No disponible en NVD,,,,,,,,,,,,0,
CVE-2025-2746,CISA + NUCLEI,True,True,No disponible en NVD,,,,,,,,,,,,0,
CVE-2025-2747,CISA + NUCLEI,True,True,No disponible en NVD,,,,,,,,,,,,0,
CVE-2025-2748,NUCLEI,False,True,No disponible en NVD,,,,,,,,,,,,0,
CVE-2025-2749,CISA,True,False,No disponible en NVD,,,,,,,,,,,,0,
CVE-2025-27505,NUCLEI,False,True,No disponible en NVD,,,,,,,,,,,,0,
CVE-2025-27506,NUCLEI,False,True,No disponible en NVD,,,,,,,,,,,,0,
CVE-2025-2775,CISA + NUCLEI,True,True,No disponible en NVD,,,,,,,,,,,,0,
CVE-2025-2776,CISA + NUCLEI,True,True,No disponible en NVD,,,,,,,,,,,,0,
CVE-2025-2777,NUCLEI,False,True,No disponible en NVD,,,,,,,,,,,,0,
CVE-2025-27817,NUCLEI,False,True,No disponible en NVD,,,,,,,,,,,,0,
CVE-2025-2783,CISA,True,False,No disponible en NVD,,,,,,,,,,,,0,
CVE-2025-27888,NUCLEI,False,True,No disponible en NVD,,,,,,,,,,,,0,
CVE-2025-27892,NUCLEI,False,True,No disponible en NVD,,,,,,,,,,,,0,
CVE-2025-27915,CISA + NUCLEI,True,True,No disponible en NVD,,,,,,,,,,,,0,
CVE-2025-27920,CISA,True,False,No disponible en NVD,,,,,,,,,,,,0,
CVE-2025-28228,NUCLEI,False,True,No disponible en NVD,,,,,,,,,,,,0,
CVE-2025-28242,NUCLEI,False,True,No disponible en NVD,,,,,,,,,,,,0,
CVE-2025-28367,NUCLEI,False,True,No disponible en NVD,,,,,,,,,,,,0,
CVE-2025-28906,NUCLEI,False,True,No disponible en NVD,,,,,,,,,,,,0,
CVE-2025-2907,NUCLEI,False,True,No disponible en NVD,,,,,,,,,,,,0,
CVE-2025-29085,NUCLEI,False,True,No disponible en NVD,,,,,,,,,,,,0,
CVE-2025-29306,NUCLEI,False,True,No disponible en NVD,,,,,,,,,,,,0,
CVE-2025-29635,CISA,True,False,No disponible en NVD,,,,,,,,,,,,0,
CVE-2025-29824,CISA,True,False,No disponible en NVD,,,,,,,,,,,,0,
CVE-2025-29925,NUCLEI,False,True,No disponible en NVD,,,,,,,,,,,,0,
CVE-2025-29927,NUCLEI,False,True,No disponible en NVD,,,,,,,,,,,,0,
CVE-2025-30066,CISA,True,False,No disponible en NVD,,,,,,,,,,,,0,
CVE-2025-30154,CISA,True,False,No disponible en NVD,,,,,,,,,,,,0,
CVE-2025-30208,NUCLEI,False,True,No disponible en NVD,,,,,,,,,,,,0,
CVE-2025-30220,NUCLEI,False,True,No disponible en NVD,,,,,,,,,,,,0,
CVE-2025-30397,CISA,True,False,No disponible en NVD,,,,,,,,,,,,0,
CVE-2025-30400,CISA,True,False,No disponible en NVD,,,,,,,,,,,,0,
CVE-2025-30406,CISA + NUCLEI,True,True,No disponible en NVD,,,,,,,,,,,,0,
CVE-2025-30567,NUCLEI,False,True,No disponible en NVD,,,,,,,,,,,,0,
CVE-2025-3102,NUCLEI,False,True,No disponible en NVD,,,,,,,,,,,,0,
CVE-2025-31125,CISA + NUCLEI,True,True,No disponible en NVD,,,,,,,,,,,,0,
CVE-2025-31131,NUCLEI,False,True,No disponible en NVD,,,,,,,,,,,,0,
CVE-2025-31161,CISA + NUCLEI,True,True,No disponible en NVD,,,,,,,,,,,,0,
CVE-2025-31200,CISA,True,False,No disponible en NVD,,,,,,,,,,,,0,
CVE-2025-31201,CISA,True,False,No disponible en NVD,,,,,,,,,,,,0,
CVE-2025-31277,CISA,True,False,No disponible en NVD,,,,,,,,,,,,0,
CVE-2025-31324,CISA + NUCLEI,True,True,No disponible en NVD,,,,,,,,,,,,0,
CVE-2025-31486,NUCLEI,False,True,No disponible en NVD,,,,,,,,,,,,0,
CVE-2025-31489,NUCLEI,False,True,No disponible en NVD,,,,,,,,,,,,0,
CVE-2025-32101,NUCLEI,False,True,No disponible en NVD,,,,,,,,,,,,0,
CVE-2025-32257,NUCLEI,False,True,No disponible en NVD,,,,,,,,,,,,0,
CVE-2025-32355,NUCLEI,False,True,No disponible en NVD,,,,,,,,,,,,0,
CVE-2025-32395,NUCLEI,False,True,No disponible en NVD,,,,,,,,,,,,0,
CVE-2025-32429,NUCLEI,False,True,No disponible en NVD,,,,,,,,,,,,0,
CVE-2025-32430,NUCLEI,False,True,No disponible en NVD,,,,,,,,,,,,0,
CVE-2025-32432,CISA + NUCLEI,True,True,No disponible en NVD,,,,,,,,,,,,0,
CVE-2025-32433,CISA,True,False,No disponible en NVD,,,,,,,,,,,,0,
CVE-2025-32463,CISA,True,False,No disponible en NVD,,,,,,,,,,,,0,
CVE-2025-3248,CISA + NUCLEI,True,True,No disponible en NVD,,,,,,,,,,,,0,
CVE-2025-32614,NUCLEI,False,True,No disponible en NVD,,,,,,,,,,,,0,
CVE-2025-32701,CISA,True,False,No disponible en NVD,,,,,,,,,,,,0,
CVE-2025-32706,CISA,True,False,No disponible en NVD,,,,,,,,,,,,0,
CVE-2025-32709,CISA,True,False,No disponible en NVD,,,,,,,,,,,,0,
CVE-2025-32756,CISA,True,False,No disponible en NVD,,,,,,,,,,,,0,
CVE-2025-32813,NUCLEI,False,True,No disponible en NVD,,,,,,,,,,,,0,
CVE-2025-32814,NUCLEI,False,True,No disponible en NVD,,,,,,,,,,,,0,
CVE-2025-32815,NUCLEI,False,True,No disponible en NVD,,,,,,,,,,,,0,
CVE-2025-32966,NUCLEI,False,True,No disponible en NVD,,,,,,,,,,,,0,
CVE-2025-32969,NUCLEI,False,True,No disponible en NVD,,,,,,,,,,,,0,
CVE-2025-32970,NUCLEI,False,True,No disponible en NVD,,,,,,,,,,,,0,
CVE-2025-32975,CISA,True,False,No disponible en NVD,,,,,,,,,,,,0,
CVE-2025-33053,CISA,True,False,No disponible en NVD,,,,,,,,,,,,0,
CVE-2025-33073,CISA,True,False,No disponible en NVD,,,,,,,,,,,,0,
CVE-2025-34023,NUCLEI,False,True,No disponible en NVD,,,,,,,,,,,,0,
CVE-2025-34026,CISA + NUCLEI,True,True,No disponible en NVD,,,,,,,,,,,,0,
CVE-2025-34027,NUCLEI,False,True,No disponible en NVD,,,,,,,,,,,,0,
CVE-2025-34028,CISA + NUCLEI,True,True,No disponible en NVD,,,,,,,,,,,,0,
CVE-2025-34031,NUCLEI,False,True,No disponible en NVD,,,,,,,,,,,,0,
CVE-2025-34032,NUCLEI,False,True,No disponible en NVD,,,,,,,,,,,,0,
CVE-2025-34035,NUCLEI,False,True,No disponible en NVD,,,,,,,,,,,,0,
CVE-2025-34038,NUCLEI,False,True,No disponible en NVD,,,,,,,,,,,,0,
CVE-2025-34040,NUCLEI,False,True,No disponible en NVD,,,,,,,,,,,,0,
CVE-2025-34045,NUCLEI,False,True,No disponible en NVD,,,,,,,,,,,,0,
CVE-2025-34073,NUCLEI,False,True,No disponible en NVD,,,,,,,,,,,,0,
CVE-2025-34077,NUCLEI,False,True,No disponible en NVD,,,,,,,,,,,,0,
CVE-2025-34085,NUCLEI,False,True,No disponible en NVD,,,,,,,,,,,,0,
CVE-2025-34141,NUCLEI,False,True,No disponible en NVD,,,,,,,,,,,,0,
CVE-2025-34143,NUCLEI,False,True,No disponible en NVD,,,,,,,,,,,,0,
CVE-2025-3415,NUCLEI,False,True,No disponible en NVD,,,,,,,,,,,,0,
CVE-2025-34152,NUCLEI,False,True,No disponible en NVD,,,,,,,,,,,,0,
CVE-2025-34291,NUCLEI,False,True,No disponible en NVD,,,,,,,,,,,,0,
CVE-2025-34299,NUCLEI,False,True,No disponible en NVD,,,,,,,,,,,,0,
CVE-2025-34300,NUCLEI,False,True,No disponible en NVD,,,,,,,,,,,,0,
CVE-2025-34509,NUCLEI,False,True,No disponible en NVD,,,,,,,,,,,,0,
CVE-2025-3472,NUCLEI,False,True,No disponible en NVD,,,,,,,,,,,,0,
CVE-2025-3515,NUCLEI,False,True,No disponible en NVD,,,,,,,,,,,,0,
CVE-2025-35939,CISA,True,False,No disponible en NVD,,,,,,,,,,,,0,
CVE-2025-3605,NUCLEI,False,True,No disponible en NVD,,,,,,,,,,,,0,
CVE-2025-36604,NUCLEI,False,True,No disponible en NVD,,,,,,,,,,,,0,
CVE-2025-36845,NUCLEI,False,True,No disponible en NVD,,,,,,,,,,,,0,
CVE-2025-37164,CISA + NUCLEI,True,True,No disponible en NVD,,,,,,,,,,,,0,
CVE-2025-38352,CISA,True,False,No disponible en NVD,,,,,,,,,,,,0,
CVE-2025-3928,CISA,True,False,No disponible en NVD,,,,,,,,,,,,0,
CVE-2025-3935,CISA,True,False,No disponible en NVD,,,,,,,,,,,,0,
CVE-2025-4008,CISA + NUCLEI,True,True,No disponible en NVD,,,,,,,,,,,,0,
CVE-2025-4009,NUCLEI,False,True,No disponible en NVD,,,,,,,,,,,,0,
CVE-2025-40536,CISA + NUCLEI,True,True,No disponible en NVD,,,,,,,,,,,,0,
CVE-2025-40551,CISA + NUCLEI,True,True,No disponible en NVD,,,,,,,,,,,,0,
CVE-2025-40552,NUCLEI,False,True,No disponible en NVD,,,,,,,,,,,,0,
CVE-2025-40554,NUCLEI,False,True,No disponible en NVD,,,,,,,,,,,,0,
CVE-2025-40602,CISA,True,False,No disponible en NVD,,,,,,,,,,,,0,
CVE-2025-40630,NUCLEI,False,True,No disponible en NVD,,,,,,,,,,,,0,
CVE-2025-4078,NUCLEI,False,True,No disponible en NVD,,,,,,,,,,,,0,
CVE-2025-4123,NUCLEI,False,True,No disponible en NVD,,,,,,,,,,,,0,
CVE-2025-41242,NUCLEI,False,True,No disponible en NVD,,,,,,,,,,,,0,
CVE-2025-41243,NUCLEI,False,True,No disponible en NVD,,,,,,,,,,,,0,
CVE-2025-41244,CISA,True,False,No disponible en NVD,,,,,,,,,,,,0,
CVE-2025-41393,NUCLEI,False,True,No disponible en NVD,,,,,,,,,,,,0,
CVE-2025-41646,NUCLEI,False,True,No disponible en NVD,,,,,,,,,,,,0,
CVE-2025-4210,NUCLEI,False,True,No disponible en NVD,,,,,,,,,,,,0,
CVE-2025-42599,CISA,True,False,No disponible en NVD,,,,,,,,,,,,0,
CVE-2025-42999,CISA,True,False,No disponible en NVD,,,,,,,,,,,,0,
CVE-2025-4302,NUCLEI,False,True,No disponible en NVD,,,,,,,,,,,,0,
CVE-2025-43200,CISA,True,False,No disponible en NVD,,,,,,,,,,,,0,
CVE-2025-4322,NUCLEI,False,True,No disponible en NVD,,,,,,,,,,,,0,
CVE-2025-43300,CISA,True,False,No disponible en NVD,,,,,,,,,,,,0,
CVE-2025-4334,NUCLEI,False,True,No disponible en NVD,,,,,,,,,,,,0,
CVE-2025-43510,CISA,True,False,No disponible en NVD,,,,,,,,,,,,0,
CVE-2025-43520,CISA,True,False,No disponible en NVD,,,,,,,,,,,,0,
CVE-2025-43529,CISA,True,False,No disponible en NVD,,,,,,,,,,,,0,
CVE-2025-4380,NUCLEI,False,True,No disponible en NVD,,,,,,,,,,,,0,
CVE-2025-4388,NUCLEI,False,True,No disponible en NVD,,,,,,,,,,,,0,
CVE-2025-4396,NUCLEI,False,True,No disponible en NVD,,,,,,,,,,,,0,
CVE-2025-44136,NUCLEI,False,True,No disponible en NVD,,,,,,,,,,,,0,
CVE-2025-44137,NUCLEI,False,True,No disponible en NVD,,,,,,,,,,,,0,
CVE-2025-44148,NUCLEI,False,True,No disponible en NVD,,,,,,,,,,,,0,
CVE-2025-44177,NUCLEI,False,True,No disponible en NVD,,,,,,,,,,,,0,
CVE-2025-4427,CISA + NUCLEI,True,True,No disponible en NVD,,,,,,,,,,,,0,
CVE-2025-4428,CISA,True,False,No disponible en NVD,,,,,,,,,,,,0,
CVE-2025-4524,NUCLEI,False,True,No disponible en NVD,,,,,,,,,,,,0,
CVE-2025-4576,NUCLEI,False,True,No disponible en NVD,,,,,,,,,,,,0,
CVE-2025-45854,NUCLEI,False,True,No disponible en NVD,,,,,,,,,,,,0,
CVE-2025-45985,NUCLEI,False,True,No disponible en NVD,,,,,,,,,,,,0,
CVE-2025-4632,CISA + NUCLEI,True,True,No disponible en NVD,,,,,,,,,,,,0,
CVE-2025-46349,NUCLEI,False,True,No disponible en NVD,,,,,,,,,,,,0,
CVE-2025-4652,NUCLEI,False,True,No disponible en NVD,,,,,,,,,,,,0,
CVE-2025-46549,NUCLEI,False,True,No disponible en NVD,,,,,,,,,,,,0,
CVE-2025-46550,NUCLEI,False,True,No disponible en NVD,,,,,,,,,,,,0,
CVE-2025-46554,NUCLEI,False,True,No disponible en NVD,,,,,,,,,,,,0,
CVE-2025-46565,NUCLEI,False,True,No disponible en NVD,,,,,,,,,,,,0,
CVE-2025-46817,NUCLEI,False,True,No disponible en NVD,,,,,,,,,,,,0,
CVE-2025-46818,NUCLEI,False,True,No disponible en NVD,,,,,,,,,,,,0,
CVE-2025-46819,NUCLEI,False,True,No disponible en NVD,,,,,,,,,,,,0,
CVE-2025-46822,NUCLEI,False,True,No disponible en NVD,,,,,,,,,,,,0,
CVE-2025-47188,NUCLEI,False,True,No disponible en NVD,,,,,,,,,,,,0,
CVE-2025-47204,NUCLEI,False,True,No disponible en NVD,,,,,,,,,,,,0,
CVE-2025-47423,NUCLEI,False,True,No disponible en NVD,,,,,,,,,,,,0,
CVE-2025-47445,NUCLEI,False,True,No disponible en NVD,,,,,,,,,,,,0,
CVE-2025-47539,NUCLEI,False,True,No disponible en NVD,,,,,,,,,,,,0,
CVE-2025-47577,NUCLEI,False,True,No disponible en NVD,,,,,,,,,,,,0,
CVE-2025-47646,NUCLEI,False,True,No disponible en NVD,,,,,,,,,,,,0,
CVE-2025-47729,CISA,True,False,No disponible en NVD,,,,,,,,,,,,0,
CVE-2025-47812,CISA + NUCLEI,True,True,No disponible en NVD,,,,,,,,,,,,0,
CVE-2025-47813,CISA + NUCLEI,True,True,No disponible en NVD,,,,,,,,,,,,0,
CVE-2025-47827,CISA,True,False,No disponible en NVD,,,,,,,,,,,,0,
CVE-2025-47916,NUCLEI,False,True,No disponible en NVD,,,,,,,,,,,,0,
CVE-2025-48157,NUCLEI,False,True,No disponible en NVD,,,,,,,,,,,,0,
CVE-2025-48281,NUCLEI,False,True,No disponible en NVD,,,,,,,,,,,,0,
CVE-2025-48384,CISA,True,False,No disponible en NVD,,,,,,,,,,,,0,
CVE-2025-48543,CISA,True,False,No disponible en NVD,,,,,,,,,,,,0,
CVE-2025-48572,CISA,True,False,No disponible en NVD,,,,,,,,,,,,0,
CVE-2025-48633,CISA,True,False,No disponible en NVD,,,,,,,,,,,,0,
CVE-2025-48700,CISA,True,False,No disponible en NVD,,,,,,,,,,,,0,
CVE-2025-48703,CISA + NUCLEI,True,True,No disponible en NVD,,,,,,,,,,,,0,
CVE-2025-48827,NUCLEI,False,True,No disponible en NVD,,,,,,,,,,,,0,
CVE-2025-48828,NUCLEI,False,True,No disponible en NVD,,,,,,,,,,,,0,
CVE-2025-48927,CISA,True,False,No disponible en NVD,,,,,,,,,,,,0,
CVE-2025-48928,CISA,True,False,No disponible en NVD,,,,,,,,,,,,0,
CVE-2025-48954,NUCLEI,False,True,No disponible en NVD,,,,,,,,,,,,0,
CVE-2025-49002,NUCLEI,False,True,No disponible en NVD,,,,,,,,,,,,0,
CVE-2025-49029,NUCLEI,False,True,No disponible en NVD,,,,,,,,,,,,0,
CVE-2025-49113,CISA + NUCLEI,True,True,No disponible en NVD,,,,,,,,,,,,0,
CVE-2025-49132,NUCLEI,False,True,No disponible en NVD,,,,,,,,,,,,0,
CVE-2025-49493,NUCLEI,False,True,No disponible en NVD,,,,,,,,,,,,0,
CVE-2025-49533,NUCLEI,False,True,No disponible en NVD,,,,,,,,,,,,0,
CVE-2025-49596,NUCLEI,False,True,No disponible en NVD,,,,,,,,,,,,0,
CVE-2025-49704,CISA,True,False,No disponible en NVD,,,,,,,,,,,,0,
CVE-2025-49706,CISA + NUCLEI,True,True,No disponible en NVD,,,,,,,,,,,,0,
CVE-2025-49825,NUCLEI,False,True,No disponible en NVD,,,,,,,,,,,,0,
CVE-2025-49844,NUCLEI,False,True,No disponible en NVD,,,,,,,,,,,,0,
CVE-2025-50578,NUCLEI,False,True,No disponible en NVD,,,,,,,,,,,,0,
CVE-2025-5086,CISA + NUCLEI,True,True,No disponible en NVD,,,,,,,,,,,,0,
CVE-2025-51482,NUCLEI,False,True,No disponible en NVD,,,,,,,,,,,,0,
CVE-2025-51501,NUCLEI,False,True,No disponible en NVD,,,,,,,,,,,,0,
CVE-2025-51502,NUCLEI,False,True,No disponible en NVD,,,,,,,,,,,,0,
CVE-2025-51586,NUCLEI,False,True,No disponible en NVD,,,,,,,,,,,,0,
CVE-2025-51990,NUCLEI,False,True,No disponible en NVD,,,,,,,,,,,,0,
CVE-2025-51991,NUCLEI,False,True,No disponible en NVD,,,,,,,,,,,,0,
CVE-2025-52207,NUCLEI,False,True,No disponible en NVD,,,,,,,,,,,,0,
CVE-2025-52472,NUCLEI,False,True,No disponible en NVD,,,,,,,,,,,,0,
CVE-2025-52488,NUCLEI,False,True,No disponible en NVD,,,,,,,,,,,,0,
CVE-2025-52665,NUCLEI,False,True,No disponible en NVD,,,,,,,,,,,,0,
CVE-2025-52691,CISA + NUCLEI,True,True,No disponible en NVD,,,,,,,,,,,,0,
CVE-2025-52694,NUCLEI,False,True,No disponible en NVD,,,,,,,,,,,,0,
CVE-2025-5287,NUCLEI,False,True,No disponible en NVD,,,,,,,,,,,,0,
CVE-2025-52970,NUCLEI,False,True,No disponible en NVD,,,,,,,,,,,,0,
CVE-2025-5301,NUCLEI,False,True,No disponible en NVD,,,,,,,,,,,,0,
CVE-2025-53118,NUCLEI,False,True,No disponible en NVD,,,,,,,,,,,,0,
CVE-2025-53364,NUCLEI,False,True,No disponible en NVD,,,,,,,,,,,,0,
CVE-2025-5350,NUCLEI,False,True,No disponible en NVD,,,,,,,,,,,,0,
CVE-2025-53521,CISA,True,False,No disponible en NVD,,,,,,,,,,,,0,
CVE-2025-53533,NUCLEI,False,True,No disponible en NVD,,,,,,,,,,,,0,
CVE-2025-53558,NUCLEI,False,True,No disponible en NVD,,,,,,,,,,,,0,
CVE-2025-53624,NUCLEI,False,True,No disponible en NVD,,,,,,,,,,,,0,
CVE-2025-53690,CISA,True,False,No disponible en NVD,,,,,,,,,,,,0,
CVE-2025-53770,CISA + NUCLEI,True,True,No disponible en NVD,,,,,,,,,,,,0,
CVE-2025-53771,NUCLEI,False,True,No disponible en NVD,,,,,,,,,,,,0,
CVE-2025-53833,NUCLEI,False,True,No disponible en NVD,,,,,,,,,,,,0,
CVE-2025-5394,NUCLEI,False,True,No disponible en NVD,,,,,,,,,,,,0,
CVE-2025-54068,CISA + NUCLEI,True,True,No disponible en NVD,,,,,,,,,,,,0,
CVE-2025-54123,NUCLEI,False,True,No disponible en NVD,,,,,,,,,,,,0,
CVE-2025-54125,NUCLEI,False,True,No disponible en NVD,,,,,,,,,,,,0,
CVE-2025-5419,CISA,True,False,No disponible en NVD,,,,,,,,,,,,0,
CVE-2025-54236,CISA + NUCLEI,True,True,No disponible en NVD,,,,,,,,,,,,0,
CVE-2025-54249,NUCLEI,False,True,No disponible en NVD,,,,,,,,,,,,0,
CVE-2025-54251,NUCLEI,False,True,No disponible en NVD,,,,,,,,,,,,0,
CVE-2025-54253,CISA,True,False,No disponible en NVD,,,,,,,,,,,,0,
CVE-2025-54309,CISA,True,False,No disponible en NVD,,,,,,,,,,,,0,
CVE-2025-54313,CISA,True,False,No disponible en NVD,,,,,,,,,,,,0,
CVE-2025-54589,NUCLEI,False,True,No disponible en NVD,,,,,,,,,,,,0,
CVE-2025-54597,NUCLEI,False,True,No disponible en NVD,,,,,,,,,,,,0,
CVE-2025-54726,NUCLEI,False,True,No disponible en NVD,,,,,,,,,,,,0,
CVE-2025-54782,NUCLEI,False,True,No disponible en NVD,,,,,,,,,,,,0,
CVE-2025-54793,NUCLEI,False,True,No disponible en NVD,,,,,,,,,,,,0,
CVE-2025-54948,CISA,True,False,No disponible en NVD,,,,,,,,,,,,0,
CVE-2025-55150,NUCLEI,False,True,No disponible en NVD,,,,,,,,,,,,0,
CVE-2025-55161,NUCLEI,False,True,No disponible en NVD,,,,,,,,,,,,0,
CVE-2025-55169,NUCLEI,False,True,No disponible en NVD,,,,,,,,,,,,0,
CVE-2025-55177,CISA,True,False,No disponible en NVD,,,,,,,,,,,,0,
CVE-2025-55182,CISA + NUCLEI,True,True,No disponible en NVD,,,,,,,,,,,,0,
CVE-2025-55184,NUCLEI,False,True,No disponible en NVD,,,,,,,,,,,,0,
CVE-2025-55190,NUCLEI,False,True,No disponible en NVD,,,,,,,,,,,,0,
CVE-2025-55303,NUCLEI,False,True,No disponible en NVD,,,,,,,,,,,,0,
CVE-2025-55523,NUCLEI,False,True,No disponible en NVD,,,,,,,,,,,,0,
CVE-2025-5569,NUCLEI,False,True,No disponible en NVD,,,,,,,,,,,,0,
CVE-2025-55747,NUCLEI,False,True,No disponible en NVD,,,,,,,,,,,,0,
CVE-2025-55748,NUCLEI,False,True,No disponible en NVD,,,,,,,,,,,,0,
CVE-2025-55749,NUCLEI,False,True,No disponible en NVD,,,,,,,,,,,,0,
CVE-2025-5605,NUCLEI,False,True,No disponible en NVD,,,,,,,,,,,,0,
CVE-2025-56132,NUCLEI,False,True,No disponible en NVD,,,,,,,,,,,,0,
CVE-2025-56266,NUCLEI,False,True,No disponible en NVD,,,,,,,,,,,,0,
CVE-2025-56520,NUCLEI,False,True,No disponible en NVD,,,,,,,,,,,,0,
CVE-2025-56819,NUCLEI,False,True,No disponible en NVD,,,,,,,,,,,,0,
CVE-2025-5701,NUCLEI,False,True,No disponible en NVD,,,,,,,,,,,,0,
CVE-2025-5777,CISA + NUCLEI,True,True,No disponible en NVD,,,,,,,,,,,,0,
CVE-2025-57788,NUCLEI,False,True,No disponible en NVD,,,,,,,,,,,,0,
CVE-2025-57789,NUCLEI,False,True,No disponible en NVD,,,,,,,,,,,,0,
CVE-2025-57808,NUCLEI,False,True,No disponible en NVD,,,,,,,,,,,,0,
CVE-2025-57819,CISA + NUCLEI,True,True,No disponible en NVD,,,,,,,,,,,,0,
CVE-2025-57822,NUCLEI,False,True,No disponible en NVD,,,,,,,,,,,,0,
CVE-2025-58034,CISA,True,False,No disponible en NVD,,,,,,,,,,,,0,
CVE-2025-58044,NUCLEI,False,True,No disponible en NVD,,,,,,,,,,,,0,
CVE-2025-58179,NUCLEI,False,True,No disponible en NVD,,,,,,,,,,,,0,
CVE-2025-58226,NUCLEI,False,True,No disponible en NVD,,,,,,,,,,,,0,
CVE-2025-58360,CISA + NUCLEI,True,True,No disponible en NVD,,,,,,,,,,,,0,
CVE-2025-58434,NUCLEI,False,True,No disponible en NVD,,,,,,,,,,,,0,
CVE-2025-58443,NUCLEI,False,True,No disponible en NVD,,,,,,,,,,,,0,
CVE-2025-58751,NUCLEI,False,True,No disponible en NVD,,,,,,,,,,,,0,
CVE-2025-59049,NUCLEI,False,True,No disponible en NVD,,,,,,,,,,,,0,
CVE-2025-59136,NUCLEI,False,True,No disponible en NVD,,,,,,,,,,,,0,
CVE-2025-59230,CISA,True,False,No disponible en NVD,,,,,,,,,,,,0,
CVE-2025-59287,CISA + NUCLEI,True,True,No disponible en NVD,,,,,,,,,,,,0,
CVE-2025-59341,NUCLEI,False,True,No disponible en NVD,,,,,,,,,,,,0,
CVE-2025-59342,NUCLEI,False,True,No disponible en NVD,,,,,,,,,,,,0,
CVE-2025-59374,CISA,True,False,No disponible en NVD,,,,,,,,,,,,0,
CVE-2025-5947,NUCLEI,False,True,No disponible en NVD,,,,,,,,,,,,0,
CVE-2025-59474,NUCLEI,False,True,No disponible en NVD,,,,,,,,,,,,0,
CVE-2025-59528,NUCLEI,False,True,No disponible en NVD,,,,,,,,,,,,0,
CVE-2025-59582,NUCLEI,False,True,No disponible en NVD,,,,,,,,,,,,0,
CVE-2025-5961,NUCLEI,False,True,No disponible en NVD,,,,,,,,,,,,0,
CVE-2025-59689,CISA,True,False,No disponible en NVD,,,,,,,,,,,,0,
CVE-2025-59716,NUCLEI,False,True,No disponible en NVD,,,,,,,,,,,,0,
CVE-2025-59718,CISA,True,False,No disponible en NVD,,,,,,,,,,,,0,
CVE-2025-60188,NUCLEI,False,True,No disponible en NVD,,,,,,,,,,,,0,
CVE-2025-6058,NUCLEI,False,True,No disponible en NVD,,,,,,,,,,,,0,
CVE-2025-60710,CISA,True,False,No disponible en NVD,,,,,,,,,,,,0,
CVE-2025-61666,NUCLEI,False,True,No disponible en NVD,,,,,,,,,,,,0,
CVE-2025-6174,NUCLEI,False,True,No disponible en NVD,,,,,,,,,,,,0,
CVE-2025-61757,CISA + NUCLEI,True,True,No disponible en NVD,,,,,,,,,,,,0,
CVE-2025-61882,CISA + NUCLEI,True,True,No disponible en NVD,,,,,,,,,,,,0,
CVE-2025-61884,CISA + NUCLEI,True,True,No disponible en NVD,,,,,,,,,,,,0,
CVE-2025-61932,CISA,True,False,No disponible en NVD,,,,,,,,,,,,0,
CVE-2025-6197,NUCLEI,False,True,No disponible en NVD,,,,,,,,,,,,0,
CVE-2025-62039,NUCLEI,False,True,No disponible en NVD,,,,,,,,,,,,0,
CVE-2025-6204,CISA + NUCLEI,True,True,No disponible en NVD,,,,,,,,,,,,0,
CVE-2025-6205,CISA + NUCLEI,True,True,No disponible en NVD,,,,,,,,,,,,0,
CVE-2025-62126,NUCLEI,False,True,No disponible en NVD,,,,,,,,,,,,0,
CVE-2025-6218,CISA,True,False,No disponible en NVD,,,,,,,,,,,,0,
CVE-2025-62215,CISA,True,False,No disponible en NVD,,,,,,,,,,,,0,
CVE-2025-62221,CISA,True,False,No disponible en NVD,,,,,,,,,,,,0,
CVE-2025-62512,NUCLEI,False,True,No disponible en NVD,,,,,,,,,,,,0,
CVE-2025-62522,NUCLEI,False,True,No disponible en NVD,,,,,,,,,,,,0,
CVE-2025-62613,NUCLEI,False,True,No disponible en NVD,,,,,,,,,,,,0,
CVE-2025-62780,NUCLEI,False,True,No disponible en NVD,,,,,,,,,,,,0,
CVE-2025-63387,NUCLEI,False,True,No disponible en NVD,,,,,,,,,,,,0,
CVE-2025-6403,NUCLEI,False,True,No disponible en NVD,,,,,,,,,,,,0,
CVE-2025-64095,NUCLEI,False,True,No disponible en NVD,,,,,,,,,,,,0,
CVE-2025-64328,CISA + NUCLEI,True,True,No disponible en NVD,,,,,,,,,,,,0,
CVE-2025-64446,CISA + NUCLEI,True,True,No disponible en NVD,,,,,,,,,,,,0,
CVE-2025-64500,NUCLEI,False,True,No disponible en NVD,,,,,,,,,,,,0,
CVE-2025-64525,NUCLEI,False,True,No disponible en NVD,,,,,,,,,,,,0,
CVE-2025-64764,NUCLEI,False,True,No disponible en NVD,,,,,,,,,,,,0,
CVE-2025-6543,CISA,True,False,No disponible en NVD,,,,,,,,,,,,0,
CVE-2025-6554,CISA,True,False,No disponible en NVD,,,,,,,,,,,,0,
CVE-2025-6558,CISA,True,False,No disponible en NVD,,,,,,,,,,,,0,
CVE-2025-66376,CISA,True,False,No disponible en NVD,,,,,,,,,,,,0,
CVE-2025-66472,NUCLEI,False,True,No disponible en NVD,,,,,,,,,,,,0,
CVE-2025-66516,NUCLEI,False,True,No disponible en NVD,,,,,,,,,,,,0,
CVE-2025-66644,CISA,True,False,No disponible en NVD,,,,,,,,,,,,0,
CVE-2025-66744,NUCLEI,False,True,No disponible en NVD,,,,,,,,,,,,0,
CVE-2025-67303,NUCLEI,False,True,No disponible en NVD,,,,,,,,,,,,0,
CVE-2025-68043,NUCLEI,False,True,No disponible en NVD,,,,,,,,,,,,0,
CVE-2025-68461,CISA,True,False,No disponible en NVD,,,,,,,,,,,,0,
CVE-2025-68509,NUCLEI,False,True,No disponible en NVD,,,,,,,,,,,,0,
CVE-2025-6851,NUCLEI,False,True,No disponible en NVD,,,,,,,,,,,,0,
CVE-2025-68602,NUCLEI,False,True,No disponible en NVD,,,,,,,,,,,,0,
CVE-2025-68613,CISA + NUCLEI,True,True,No disponible en NVD,,,,,,,,,,,,0,
CVE-2025-68645,CISA + NUCLEI,True,True,No disponible en NVD,,,,,,,,,,,,0,
CVE-2025-69200,NUCLEI,False,True,No disponible en NVD,,,,,,,,,,,,0,
CVE-2025-6934,NUCLEI,False,True,No disponible en NVD,,,,,,,,,,,,0,
CVE-2025-69411,NUCLEI,False,True,No disponible en NVD,,,,,,,,,,,,0,
CVE-2025-6970,NUCLEI,False,True,No disponible en NVD,,,,,,,,,,,,0,
CVE-2025-69971,NUCLEI,False,True,No disponible en NVD,,,,,,,,,,,,0,
CVE-2025-71243,NUCLEI,False,True,No disponible en NVD,,,,,,,,,,,,0,
CVE-2025-71257,NUCLEI,False,True,No disponible en NVD,,,,,,,,,,,,0,
CVE-2025-71258,NUCLEI,False,True,No disponible en NVD,,,,,,,,,,,,0,
CVE-2025-71259,NUCLEI,False,True,No disponible en NVD,,,,,,,,,,,,0,
CVE-2025-7160,NUCLEI,False,True,No disponible en NVD,,,,,,,,,,,,0,
CVE-2025-7775,CISA,True,False,No disponible en NVD,,,,,,,,,,,,0,
CVE-2025-8085,NUCLEI,False,True,No disponible en NVD,,,,,,,,,,,,0,
CVE-2025-8088,CISA,True,False,No disponible en NVD,,,,,,,,,,,,0,
CVE-2025-8110,CISA + NUCLEI,True,True,No disponible en NVD,,,,,,,,,,,,0,
CVE-2025-8266,NUCLEI,False,True,No disponible en NVD,,,,,,,,,,,,0,
CVE-2025-8286,NUCLEI,False,True,No disponible en NVD,,,,,,,,,,,,0,
CVE-2025-8848,NUCLEI,False,True,No disponible en NVD,,,,,,,,,,,,0,
CVE-2025-8868,NUCLEI,False,True,No disponible en NVD,,,,,,,,,,,,0,
CVE-2025-8875,CISA,True,False,No disponible en NVD,,,,,,,,,,,,0,
CVE-2025-8876,CISA,True,False,No disponible en NVD,,,,,,,,,,,,0,
CVE-2025-8943,NUCLEI,False,True,No disponible en NVD,,,,,,,,,,,,0,
CVE-2025-9196,NUCLEI,False,True,No disponible en NVD,,,,,,,,,,,,0,
CVE-2025-9209,NUCLEI,False,True,No disponible en NVD,,,,,,,,,,,,0,
CVE-2025-9242,CISA,True,False,No disponible en NVD,,,,,,,,,,,,0,
CVE-2025-9316,NUCLEI,False,True,No disponible en NVD,,,,,,,,,,,,0,
CVE-2025-9377,CISA,True,False,No disponible en NVD,,,,,,,,,,,,0,
CVE-2025-9744,NUCLEI,False,True,No disponible en NVD,,,,,,,,,,,,0,
CVE-2025-9808,NUCLEI,False,True,No disponible en NVD,,,,,,,,,,,,0,
CVE-2025-9985,NUCLEI,False,True,No disponible en NVD,,,,,,,,,,,,0,
CVE-2026-0300,CISA,True,False,No disponible en NVD,,,,,,,,,,,,0,
CVE-2026-0545,NUCLEI,False,True,No disponible en NVD,,,,,,,,,,,,0,
CVE-2026-0560,NUCLEI,False,True,No disponible en NVD,,,,,,,,,,,,0,
CVE-2026-0594,NUCLEI,False,True,No disponible en NVD,,,,,,,,,,,,0,
CVE-2026-0770,NUCLEI,False,True,No disponible en NVD,,,,,,,,,,,,0,
CVE-2026-0829,NUCLEI,False,True,No disponible en NVD,,,,,,,,,,,,0,
CVE-2026-0926,NUCLEI,False,True,No disponible en NVD,,,,,,,,,,,,0,
CVE-2026-1207,NUCLEI,False,True,No disponible en NVD,,,,,,,,,,,,0,
CVE-2026-1277,NUCLEI,False,True,No disponible en NVD,,,,,,,,,,,,0,
CVE-2026-1281,CISA,True,False,No disponible en NVD,,,,,,,,,,,,0,
CVE-2026-1296,NUCLEI,False,True,No disponible en NVD,,,,,,,,,,,,0,
CVE-2026-1306,NUCLEI,False,True,No disponible en NVD,,,,,,,,,,,,0,
CVE-2026-1314,NUCLEI,False,True,No disponible en NVD,,,,,,,,,,,,0,
CVE-2026-1340,CISA,True,False,No disponible en NVD,,,,,,,,,,,,0,
CVE-2026-1357,NUCLEI,False,True,No disponible en NVD,,,,,,,,,,,,0,
CVE-2026-1368,NUCLEI,False,True,No disponible en NVD,,,,,,,,,,,,0,
CVE-2026-1405,NUCLEI,False,True,No disponible en NVD,,,,,,,,,,,,0,
CVE-2026-1492,NUCLEI,False,True,No disponible en NVD,,,,,,,,,,,,0,
CVE-2026-1557,NUCLEI,False,True,No disponible en NVD,,,,,,,,,,,,0,
CVE-2026-1581,NUCLEI,False,True,No disponible en NVD,,,,,,,,,,,,0,
CVE-2026-1603,CISA + NUCLEI,True,True,No disponible en NVD,,,,,,,,,,,,0,
CVE-2026-1731,CISA + NUCLEI,True,True,No disponible en NVD,,,,,,,,,,,,0,
CVE-2026-20045,CISA,True,False,No disponible en NVD,,,,,,,,,,,,0,
CVE-2026-20079,NUCLEI,False,True,No disponible en NVD,,,,,,,,,,,,0,
CVE-2026-20122,CISA,True,False,No disponible en NVD,,,,,,,,,,,,0,
CVE-2026-20127,CISA,True,False,No disponible en NVD,,,,,,,,,,,,0,
CVE-2026-20128,CISA,True,False,No disponible en NVD,,,,,,,,,,,,0,
CVE-2026-20131,CISA,True,False,No disponible en NVD,,,,,,,,,,,,0,
CVE-2026-20133,CISA,True,False,No disponible en NVD,,,,,,,,,,,,0,
CVE-2026-2025,NUCLEI,False,True,No disponible en NVD,,,,,,,,,,,,0,
CVE-2026-20700,CISA,True,False,No disponible en NVD,,,,,,,,,,,,0,
CVE-2026-20805,CISA,True,False,No disponible en NVD,,,,,,,,,,,,0,
CVE-2026-20963,CISA,True,False,No disponible en NVD,,,,,,,,,,,,0,
CVE-2026-21385,CISA,True,False,No disponible en NVD,,,,,,,,,,,,0,
CVE-2026-21445,NUCLEI,False,True,No disponible en NVD,,,,,,,,,,,,0,
CVE-2026-21484,NUCLEI,False,True,No disponible en NVD,,,,,,,,,,,,0,
CVE-2026-21509,CISA,True,False,No disponible en NVD,,,,,,,,,,,,0,
CVE-2026-21510,CISA,True,False,No disponible en NVD,,,,,,,,,,,,0,
CVE-2026-21513,CISA,True,False,No disponible en NVD,,,,,,,,,,,,0,
CVE-2026-21514,CISA,True,False,No disponible en NVD,,,,,,,,,,,,0,
CVE-2026-21519,CISA,True,False,No disponible en NVD,,,,,,,,,,,,0,
CVE-2026-21525,CISA,True,False,No disponible en NVD,,,,,,,,,,,,0,
CVE-2026-21533,CISA,True,False,No disponible en NVD,,,,,,,,,,,,0,
CVE-2026-21643,CISA + NUCLEI,True,True,No disponible en NVD,,,,,,,,,,,,0,
CVE-2026-21858,NUCLEI,False,True,No disponible en NVD,,,,,,,,,,,,0,
CVE-2026-21859,NUCLEI,False,True,No disponible en NVD,,,,,,,,,,,,0,
CVE-2026-21877,NUCLEI,False,True,No disponible en NVD,,,,,,,,,,,,0,
CVE-2026-21891,NUCLEI,False,True,No disponible en NVD,,,,,,,,,,,,0,
CVE-2026-22200,NUCLEI,False,True,No disponible en NVD,,,,,,,,,,,,0,
CVE-2026-2262,NUCLEI,False,True,No disponible en NVD,,,,,,,,,,,,0,
CVE-2026-22719,CISA,True,False,No disponible en NVD,,,,,,,,,,,,0,
CVE-2026-22739,NUCLEI,False,True,No disponible en NVD,,,,,,,,,,,,0,
CVE-2026-22769,CISA,True,False,No disponible en NVD,,,,,,,,,,,,0,
CVE-2026-22812,NUCLEI,False,True,No disponible en NVD,,,,,,,,,,,,0,
CVE-2026-23482,NUCLEI,False,True,No disponible en NVD,,,,,,,,,,,,0,
CVE-2026-23483,NUCLEI,False,True,No disponible en NVD,,,,,,,,,,,,0,
CVE-2026-23486,NUCLEI,False,True,No disponible en NVD,,,,,,,,,,,,0,
CVE-2026-23550,NUCLEI,False,True,No disponible en NVD,,,,,,,,,,,,0,
CVE-2026-23744,NUCLEI,False,True,No disponible en NVD,,,,,,,,,,,,0,
CVE-2026-23760,CISA + NUCLEI,True,True,No disponible en NVD,,,,,,,,,,,,0,
CVE-2026-23829,NUCLEI,False,True,No disponible en NVD,,,,,,,,,,,,0,
CVE-2026-24061,CISA,True,False,No disponible en NVD,,,,,,,,,,,,0,
CVE-2026-24128,NUCLEI,False,True,No disponible en NVD,,,,,,,,,,,,0,
CVE-2026-2413,NUCLEI,False,True,No disponible en NVD,,,,,,,,,,,,0,
CVE-2026-2416,NUCLEI,False,True,No disponible en NVD,,,,,,,,,,,,0,
CVE-2026-2441,CISA,True,False,No disponible en NVD,,,,,,,,,,,,0,
CVE-2026-24423,CISA + NUCLEI,True,True,No disponible en NVD,,,,,,,,,,,,0,
CVE-2026-24477,NUCLEI,False,True,No disponible en NVD,,,,,,,,,,,,0,
CVE-2026-24858,CISA,True,False,No disponible en NVD,,,,,,,,,,,,0,
CVE-2026-25108,CISA,True,False,No disponible en NVD,,,,,,,,,,,,0,
CVE-2026-25512,NUCLEI,False,True,No disponible en NVD,,,,,,,,,,,,0,
CVE-2026-25545,NUCLEI,False,True,No disponible en NVD,,,,,,,,,,,,0,
CVE-2026-25616,NUCLEI,False,True,No disponible en NVD,,,,,,,,,,,,0,
CVE-2026-25892,NUCLEI,False,True,No disponible en NVD,,,,,,,,,,,,0,
CVE-2026-26341,NUCLEI,False,True,No disponible en NVD,,,,,,,,,,,,0,
CVE-2026-26980,NUCLEI,False,True,No disponible en NVD,,,,,,,,,,,,0,
CVE-2026-2699,NUCLEI,False,True,No disponible en NVD,,,,,,,,,,,,0,
CVE-2026-27174,NUCLEI,False,True,No disponible en NVD,,,,,,,,,,,,0,
CVE-2026-27176,NUCLEI,False,True,No disponible en NVD,,,,,,,,,,,,0,
CVE-2026-27483,NUCLEI,False,True,No disponible en NVD,,,,,,,,,,,,0,
CVE-2026-27645,NUCLEI,False,True,No disponible en NVD,,,,,,,,,,,,0,
CVE-2026-27944,NUCLEI,False,True,No disponible en NVD,,,,,,,,,,,,0,
CVE-2026-27971,NUCLEI,False,True,No disponible en NVD,,,,,,,,,,,,0,
CVE-2026-28288,NUCLEI,False,True,No disponible en NVD,,,,,,,,,,,,0,
CVE-2026-28358,NUCLEI,False,True,No disponible en NVD,,,,,,,,,,,,0,
CVE-2026-28409,NUCLEI,False,True,No disponible en NVD,,,,,,,,,,,,0,
CVE-2026-28414,NUCLEI,False,True,No disponible en NVD,,,,,,,,,,,,0,
CVE-2026-29014,NUCLEI,False,True,No disponible en NVD,,,,,,,,,,,,0,
CVE-2026-29066,NUCLEI,False,True,No disponible en NVD,,,,,,,,,,,,0,
CVE-2026-29183,NUCLEI,False,True,No disponible en NVD,,,,,,,,,,,,0,
CVE-2026-3055,CISA + NUCLEI,True,True,No disponible en NVD,,,,,,,,,,,,0,
CVE-2026-30824,NUCLEI,False,True,No disponible en NVD,,,,,,,,,,,,0,
CVE-2026-30928,NUCLEI,False,True,No disponible en NVD,,,,,,,,,,,,0,
CVE-2026-31431,CISA,True,False,No disponible en NVD,,,,,,,,,,,,0,
CVE-2026-31807,NUCLEI,False,True,No disponible en NVD,,,,,,,,,,,,0,
CVE-2026-31809,NUCLEI,False,True,No disponible en NVD,,,,,,,,,,,,0,
CVE-2026-31816,NUCLEI,False,True,No disponible en NVD,,,,,,,,,,,,0,
CVE-2026-32201,CISA,True,False,No disponible en NVD,,,,,,,,,,,,0,
CVE-2026-32202,CISA,True,False,No disponible en NVD,,,,,,,,,,,,0,
CVE-2026-32583,NUCLEI,False,True,No disponible en NVD,,,,,,,,,,,,0,
CVE-2026-32596,NUCLEI,False,True,No disponible en NVD,,,,,,,,,,,,0,
CVE-2026-33017,CISA + NUCLEI,True,True,No disponible en NVD,,,,,,,,,,,,0,
CVE-2026-33032,NUCLEI,False,True,No disponible en NVD,,,,,,,,,,,,0,
CVE-2026-33057,NUCLEI,False,True,No disponible en NVD,,,,,,,,,,,,0,
CVE-2026-33340,NUCLEI,False,True,No disponible en NVD,,,,,,,,,,,,0,
CVE-2026-33439,NUCLEI,False,True,No disponible en NVD,,,,,,,,,,,,0,
CVE-2026-33478,NUCLEI,False,True,No disponible en NVD,,,,,,,,,,,,0,
CVE-2026-33534,NUCLEI,False,True,No disponible en NVD,,,,,,,,,,,,0,
CVE-2026-33626,NUCLEI,False,True,No disponible en NVD,,,,,,,,,,,,0,
CVE-2026-33634,CISA,True,False,No disponible en NVD,,,,,,,,,,,,0,
CVE-2026-33825,CISA,True,False,No disponible en NVD,,,,,,,,,,,,0,
CVE-2026-33868,NUCLEI,False,True,No disponible en NVD,,,,,,,,,,,,0,
CVE-2026-3396,NUCLEI,False,True,No disponible en NVD,,,,,,,,,,,,0,
CVE-2026-34156,NUCLEI,False,True,No disponible en NVD,,,,,,,,,,,,0,
CVE-2026-34197,CISA + NUCLEI,True,True,No disponible en NVD,,,,,,,,,,,,0,
CVE-2026-34453,NUCLEI,False,True,No disponible en NVD,,,,,,,,,,,,0,
CVE-2026-34605,NUCLEI,False,True,No disponible en NVD,,,,,,,,,,,,0,
CVE-2026-34621,CISA,True,False,No disponible en NVD,,,,,,,,,,,,0,
CVE-2026-34847,NUCLEI,False,True,No disponible en NVD,,,,,,,,,,,,0,
CVE-2026-34885,NUCLEI,False,True,No disponible en NVD,,,,,,,,,,,,0,
CVE-2026-3502,CISA,True,False,No disponible en NVD,,,,,,,,,,,,0,
CVE-2026-35029,NUCLEI,False,True,No disponible en NVD,,,,,,,,,,,,0,
CVE-2026-35616,CISA + NUCLEI,True,True,No disponible en NVD,,,,,,,,,,,,0,
CVE-2026-3584,NUCLEI,False,True,No disponible en NVD,,,,,,,,,,,,0,
CVE-2026-38360,NUCLEI,False,True,No disponible en NVD,,,,,,,,,,,,0,
CVE-2026-38361,NUCLEI,False,True,No disponible en NVD,,,,,,,,,,,,0,
CVE-2026-3844,NUCLEI,False,True,No disponible en NVD,,,,,,,,,,,,0,
CVE-2026-3909,CISA,True,False,No disponible en NVD,,,,,,,,,,,,0,
CVE-2026-3910,CISA,True,False,No disponible en NVD,,,,,,,,,,,,0,
CVE-2026-39339,NUCLEI,False,True,No disponible en NVD,,,,,,,,,,,,0,
CVE-2026-39363,NUCLEI,False,True,No disponible en NVD,,,,,,,,,,,,0,
CVE-2026-39364,NUCLEI,False,True,No disponible en NVD,,,,,,,,,,,,0,
CVE-2026-39365,NUCLEI,False,True,No disponible en NVD,,,,,,,,,,,,0,
CVE-2026-39808,NUCLEI,False,True,No disponible en NVD,,,,,,,,,,,,0,
CVE-2026-39987,CISA + NUCLEI,True,True,No disponible en NVD,,,,,,,,,,,,0,
CVE-2026-40105,NUCLEI,False,True,No disponible en NVD,,,,,,,,,,,,0,
CVE-2026-4020,NUCLEI,False,True,No disponible en NVD,,,,,,,,,,,,0,
CVE-2026-40242,NUCLEI,False,True,No disponible en NVD,,,,,,,,,,,,0,
CVE-2026-40308,NUCLEI,False,True,No disponible en NVD,,,,,,,,,,,,0,
CVE-2026-40466,NUCLEI,False,True,No disponible en NVD,,,,,,,,,,,,0,
CVE-2026-40878,NUCLEI,False,True,No disponible en NVD,,,,,,,,,,,,0,
CVE-2026-40887,NUCLEI,False,True,No disponible en NVD,,,,,,,,,,,,0,
CVE-2026-4106,NUCLEI,False,True,No disponible en NVD,,,,,,,,,,,,0,
CVE-2026-41176,NUCLEI,False,True,No disponible en NVD,,,,,,,,,,,,0,
CVE-2026-41179,NUCLEI,False,True,No disponible en NVD,,,,,,,,,,,,0,
CVE-2026-41640,NUCLEI,False,True,No disponible en NVD,,,,,,,,,,,,0,
CVE-2026-41641,NUCLEI,False,True,No disponible en NVD,,,,,,,,,,,,0,
CVE-2026-41940,CISA + NUCLEI,True,True,No disponible en NVD,,,,,,,,,,,,0,
CVE-2026-42031,NUCLEI,False,True,No disponible en NVD,,,,,,,,,,,,0,
CVE-2026-42167,NUCLEI,False,True,No disponible en NVD,,,,,,,,,,,,0,
CVE-2026-42208,CISA,True,False,No disponible en NVD,,,,,,,,,,,,0,
CVE-2026-4257,NUCLEI,False,True,No disponible en NVD,,,,,,,,,,,,0,
CVE-2026-4631,NUCLEI,False,True,No disponible en NVD,,,,,,,,,,,,0,
CVE-2026-4810,NUCLEI,False,True,No disponible en NVD,,,,,,,,,,,,0,
CVE-2026-5281,CISA,True,False,No disponible en NVD,,,,,,,,,,,,0,
CVE-2026-5615,NUCLEI,False,True,No disponible en NVD,,,,,,,,,,,,0,
CVE-2026-6118,NUCLEI,False,True,No disponible en NVD,,,,,,,,,,,,0,
CVE-2026-6203,NUCLEI,False,True,No disponible en NVD,,,,,,,,,,,,0,
CVE-2026-6973,CISA,True,False,No disponible en NVD,,,,,,,,,,,,0,
